[Tue Dec  2 14:25:21 2025] >> [t:  0] (r:-0.033), [f:   100/1000], inf[2.7e+13], comp[2.6e+13](128, 4, 8), Q(874, 2, 0, 0), Trans[(128, 4, 8)]
[Tue Dec  2 14:25:21 2025] >> [t:  1] (r:-0.033), [f:   100/1000], inf[2.7e+13], comp[2.6e+13](128, 4, 8), Q(874, 1, 0, 0), Trans[(128, 4, 8)]
[Tue Dec  2 14:25:21 2025] >> [t:  2] (r:-0.033), [f:   100/1000], inf[2.7e+13], comp[2.6e+13](128, 4, 8), Q(872, 2, 0, 0), Trans[(128, 4, 8)]
[Tue Dec  2 14:25:21 2025] >> [t:  3] (r:-0.033), [f:   100/1000], inf[2.7e+13], comp[2.6e+13](128, 4, 8), Q(871, 2, 0, 0), Trans[(128, 4, 8)]
[Tue Dec  2 14:25:21 2025] >> [t:  4] (r:-0.033), [f:   100/1000], inf[2.7e+13], comp[2.6e+13](128, 4, 8), Q(871, 1, 0, 0), Trans[(128, 4, 8)]
[Tue Dec  2 14:25:21 2025] >> [t:  5] (r:-0.033), [f:   100/1000], inf[2.7e+13], comp[2.6e+13](128, 4, 8), Q(871, 0, 0, 0), Trans[(128, 4, 8)]
[Tue Dec  2 14:25:21 2025] >> [t:  6] (r:-0.033), [f:   100/1000], inf[2.7e+13], comp[2.6e+13](128, 4, 8), Q(871, 0, 0, 0), Trans[(128, 4, 8)]
[Tue Dec  2 14:25:21 2025] >> [t:  7] (r:-0.033), [f:   100/1000], inf[2.7e+13], comp[2.6e+13](128, 4, 8), Q(870, 1, 0, 0), Trans[(128, 4, 8)]
[Tue Dec  2 14:25:21 2025] >> [t:  8] (r:-0.033), [f:   100/1000], inf[2.7e+13], comp[2.6e+13](128, 4, 8), Q(869, 1, 0, 0), Trans[(128, 4, 8)]
[Tue Dec  2 14:25:21 2025] >> [t:  9] (r:-0.033), [f:   100/1000], inf[2.7e+13], comp[2.6e+13](128, 4, 8), Q(868, 1, 0, 0), Trans[(128, 4, 8)]
[Tue Dec  2 14:25:21 2025] >> [t: 10] (r:-0.033), [f:   100/1000], inf[2.7e+13], comp[2.6e+13](128, 4, 8), Q(866, 2, 0, 0), Trans[(128, 4, 8)]
[Tue Dec  2 14:25:21 2025] >> [t: 11] (r:-0.033), [f:   100/1000], inf[2.7e+13], comp[2.6e+13](128, 4, 8), Q(866, 1, 0, 0), Trans[(128, 4, 8)]
[Tue Dec  2 14:25:21 2025] >> [t: 12] (r:-0.033), [f:   100/1000], inf[2.7e+13], comp[2.6e+13](128, 4, 8), Q(866, 0, 0, 0), Trans[(128, 4, 8)]
[Tue Dec  2 14:25:21 2025] >> [t: 13] (r:-0.033), [f:   100/1000], inf[2.7e+13], comp[2.6e+13](128, 4, 8), Q(865, 1, 0, 0), Trans[(128, 4, 8)]
[Tue Dec  2 14:25:21 2025] >> [t: 14] (r:-0.033), [f:   100/1000], inf[2.7e+13], comp[2.6e+13](128, 4, 8), Q(865, 0, 0, 0), Trans[(128, 4, 8)]
[Tue Dec  2 14:25:21 2025] >> [t: 15] (r:-0.033), [f:   100/1000], inf[2.7e+13], comp[2.6e+13](128, 4, 8), Q(863, 2, 0, 0), Trans[(128, 4, 8)]
[Tue Dec  2 14:25:21 2025] >> [t: 16] (r:-0.033), [f:   100/1000], inf[2.7e+13], comp[2.6e+13](128, 4, 8), Q(860, 4, 0, 0), Trans[(128, 4, 8)]
[Tue Dec  2 14:25:21 2025] >> [t: 17] (r:-0.238), [f:   500/1000], inf[8.0e+12], comp[1.3e+14](128, 1, 8), Q(858, 0, 0, 0), Trans[(128, 1, 8)]
[Tue Dec  2 14:25:21 2025] >> [t: 18] (r:-0.033), [f:   100/1000], inf[8.0e+12], comp[2.6e+13](128, 1, 8), Q(856, 0, 0, 0), Trans[(128, 1, 8)]
[Tue Dec  2 14:25:21 2025] >> [t: 19] (r:-0.033), [f:   100/1000], inf[8.0e+12], comp[2.6e+13](128, 1, 8), Q(854, 0, 0, 0), Trans[(128, 1, 8)]
[Tue Dec  2 14:25:21 2025] >> [t: 20] (r:-0.033), [f:   100/1000], inf[8.0e+12], comp[2.6e+13](128, 1, 8), Q(854, 0, 0, 0), Trans[(128, 1, 8)]
[Tue Dec  2 14:25:21 2025] >> [t: 21] (r:-0.033), [f:   100/1000], inf[8.0e+12], comp[2.6e+13](128, 1, 8), Q(853, 0, 0, 0), Trans[(128, 1, 8)]
[Tue Dec  2 14:25:21 2025] >> [t: 22] (r:-0.033), [f:   100/1000], inf[8.0e+12], comp[2.6e+13](128, 1, 8), Q(853, 0, 0, 0), Trans[(128, 1, 8)]
[Tue Dec  2 14:25:21 2025] >> [t: 23] (r:-0.033), [f:   100/1000], inf[8.0e+12], comp[2.6e+13](128, 1, 8), Q(852, 0, 0, 0), Trans[(128, 1, 8)]
[Tue Dec  2 14:25:21 2025] >> [t: 24] (r:-0.033), [f:   100/1000], inf[8.0e+12], comp[2.6e+13](128, 1, 8), Q(852, 0, 0, 0), Trans[(128, 1, 8)]
[Tue Dec  2 14:25:21 2025] >> [t: 25] (r:-0.033), [f:   100/1000], inf[8.0e+12], comp[2.6e+13](128, 1, 8), Q(849, 0, 0, 0), Trans[(128, 1, 8)]
[Tue Dec  2 14:25:21 2025] >> [t: 26] (r:-0.033), [f:   100/1000], inf[8.0e+12], comp[2.6e+13](128, 1, 8), Q(848, 0, 0, 0), Trans[(128, 1, 8)]
[Tue Dec  2 14:25:21 2025] >> [t: 27] (r:-0.033), [f:   100/1000], inf[8.0e+12], comp[2.6e+13](128, 1, 8), Q(848, 0, 0, 0), Trans[(128, 1, 8)]
[Tue Dec  2 14:25:21 2025] >> [t: 28] (r:-0.033), [f:   100/1000], inf[8.0e+12], comp[2.6e+13](128, 1, 8), Q(847, 0, 0, 0), Trans[(128, 1, 8)]
[Tue Dec  2 14:25:21 2025] >> [t: 29] (r:-0.033), [f:   100/1000], inf[8.0e+12], comp[2.6e+13](128, 1, 8), Q(846, 0, 0, 0), Trans[(128, 1, 8)]
[Tue Dec  2 14:25:21 2025] >> [t: 30] (r:-0.033), [f:   100/1000], inf[8.0e+12], comp[2.6e+13](128, 1, 8), Q(845, 0, 0, 0), Trans[(128, 1, 8)]
[Tue Dec  2 14:25:21 2025] >> [t: 31] (r:-0.033), [f:   100/1000], inf[8.0e+12], comp[2.6e+13](128, 1, 8), Q(845, 0, 0, 0), Trans[(128, 1, 8)]
[Tue Dec  2 14:25:21 2025] >> [t: 32] (r:-0.033), [f:   100/1000], inf[8.0e+12], comp[2.6e+13](128, 1, 8), Q(844, 0, 0, 0), Trans[(128, 1, 8)]
[Tue Dec  2 14:25:21 2025] >> [t: 33] (r:-0.033), [f:   100/1000], inf[8.0e+12], comp[2.6e+13](128, 1, 8), Q(844, 0, 0, 0), Trans[(128, 1, 8)]
[Tue Dec  2 14:25:21 2025] >> [t: 34] (r:-0.033), [f:   100/1000], inf[8.0e+12], comp[2.6e+13](128, 1, 8), Q(843, 0, 0, 0), Trans[(128, 1, 8)]
[Tue Dec  2 14:25:21 2025] >> [t: 35] (r:-0.033), [f:   100/1000], inf[8.0e+12], comp[2.6e+13](128, 1, 8), Q(841, 0, 0, 0), Trans[(128, 1, 8)]
[Tue Dec  2 14:25:21 2025] >> [t: 36] (r:-0.033), [f:   100/1000], inf[8.0e+12], comp[2.6e+13](128, 1, 8), Q(841, 0, 0, 0), Trans[(128, 1, 8)]
[Tue Dec  2 14:25:21 2025] >> [t: 37] (r:-0.033), [f:   100/1000], inf[8.0e+12], comp[2.6e+13](128, 1, 8), Q(839, 0, 0, 0), Trans[(128, 1, 8)]
[Tue Dec  2 14:25:21 2025] >> [t: 38] (r:-0.033), [f:   100/1000], inf[8.0e+12], comp[2.6e+13](128, 1, 8), Q(838, 0, 0, 0), Trans[(128, 1, 8)]
[Tue Dec  2 14:25:21 2025] >> [t: 39] (r:-0.033), [f:   100/1000], inf[8.0e+12], comp[2.6e+13](128, 1, 8), Q(838, 0, 0, 0), Trans[(128, 1, 8)]
[Tue Dec  2 14:25:21 2025] >> [t: 40] (r:-0.033), [f:   100/1000], inf[8.0e+12], comp[2.6e+13](128, 1, 8), Q(838, 0, 0, 0), Trans[(128, 1, 8)]
[Tue Dec  2 14:25:21 2025] >> [t: 41] (r:-0.033), [f:   100/1000], inf[8.0e+12], comp[2.6e+13](128, 1, 8), Q(837, 0, 0, 0), Trans[(128, 1, 8)]
[Tue Dec  2 14:25:21 2025] >> [t: 42] (r:-0.033), [f:   100/1000], inf[8.0e+12], comp[2.6e+13](128, 1, 8), Q(837, 0, 0, 0), Trans[(128, 1, 8)]
[Tue Dec  2 14:25:21 2025] >> [t: 43] (r:-0.033), [f:   100/1000], inf[8.0e+12], comp[2.6e+13](128, 1, 8), Q(837, 0, 0, 0), Trans[(128, 1, 8)]
[Tue Dec  2 14:25:21 2025] >> [t: 44] (r:-0.033), [f:   100/1000], inf[8.0e+12], comp[2.6e+13](128, 1, 8), Q(837, 0, 0, 0), Trans[(128, 1, 8)]
[Tue Dec  2 14:25:21 2025] >> [t: 45] (r:-0.033), [f:   100/1000], inf[8.0e+12], comp[2.6e+13](128, 1, 8), Q(836, 0, 0, 0), Trans[(128, 1, 8)]
[Tue Dec  2 14:25:21 2025] >> [t: 46] (r:-0.033), [f:   100/1000], inf[8.0e+12], comp[2.6e+13](128, 1, 8), Q(836, 0, 0, 0), Trans[(128, 1, 8)]
[Tue Dec  2 14:25:21 2025] >> [t: 47] (r:-0.033), [f:   100/1000], inf[8.0e+12], comp[2.6e+13](128, 1, 8), Q(834, 0, 0, 0), Trans[(128, 1, 8)]
[Tue Dec  2 14:25:21 2025] >> [t: 48] (r:-0.033), [f:   100/1000], inf[8.0e+12], comp[2.6e+13](128, 1, 8), Q(832, 0, 0, 0), Trans[(128, 1, 8)]
[Tue Dec  2 14:25:21 2025] >> [t: 49] (r:-0.033), [f:   100/1000], inf[8.0e+12], comp[2.6e+13](128, 1, 8), Q(832, 0, 0, 0), Trans[(128, 1, 8)]
[Tue Dec  2 14:25:21 2025] >> [t: 50] (r:-0.033), [f:   100/1000], inf[8.0e+12], comp[2.6e+13](128, 1, 8), Q(832, 0, 0, 0), Trans[(128, 1, 8)]
[Tue Dec  2 14:25:21 2025] >> [t: 51] (r:-0.033), [f:   100/1000], inf[8.0e+12], comp[2.6e+13](128, 1, 8), Q(831, 0, 0, 0), Trans[(128, 1, 8)]
[Tue Dec  2 14:25:21 2025] >> [t: 52] (r:-0.033), [f:   100/1000], inf[8.0e+12], comp[2.6e+13](128, 1, 8), Q(830, 0, 0, 0), Trans[(128, 1, 8)]
[Tue Dec  2 14:25:21 2025] >> [t: 53] (r:-0.033), [f:   100/1000], inf[8.0e+12], comp[2.6e+13](128, 1, 8), Q(828, 0, 0, 0), Trans[(128, 1, 8)]
[Tue Dec  2 14:25:21 2025] >> [t: 54] (r:-0.033), [f:   100/1000], inf[8.0e+12], comp[2.6e+13](128, 1, 8), Q(828, 0, 0, 0), Trans[(128, 1, 8)]
[Tue Dec  2 14:25:21 2025] >> [t: 55] (r:-0.033), [f:   100/1000], inf[8.0e+12], comp[2.6e+13](128, 1, 8), Q(826, 0, 0, 0), Trans[(128, 1, 8)]
[Tue Dec  2 14:25:21 2025] >> [t: 56] (r:-0.033), [f:   100/1000], inf[8.0e+12], comp[2.6e+13](128, 1, 8), Q(826, 0, 0, 0), Trans[(128, 1, 8)]
[Tue Dec  2 14:25:21 2025] >> [t: 57] (r:-0.033), [f:   100/1000], inf[8.0e+12], comp[2.6e+13](128, 1, 8), Q(824, 0, 0, 0), Trans[(128, 1, 8)]
[Tue Dec  2 14:25:21 2025] >> [t: 58] (r:-0.033), [f:   100/1000], inf[8.0e+12], comp[2.6e+13](128, 1, 8), Q(824, 0, 0, 0), Trans[(128, 1, 8)]
[Tue Dec  2 14:25:21 2025] >> [t: 59] (r:-0.033), [f:   100/1000], inf[8.0e+12], comp[2.6e+13](128, 1, 8), Q(824, 0, 0, 0), Trans[(128, 1, 8)]
[Tue Dec  2 14:25:21 2025] >> [t: 60] (r:-0.033), [f:   100/1000], inf[8.0e+12], comp[2.6e+13](128, 1, 8), Q(822, 0, 0, 0), Trans[(128, 1, 8)]
[Tue Dec  2 14:25:21 2025] >> [t: 61] (r:-0.033), [f:   100/1000], inf[8.0e+12], comp[2.6e+13](128, 1, 8), Q(819, 0, 0, 0), Trans[(128, 1, 8)]
[Tue Dec  2 14:25:21 2025] >> [t: 62] (r:-0.033), [f:   100/1000], inf[8.0e+12], comp[2.6e+13](128, 1, 8), Q(817, 0, 0, 0), Trans[(128, 1, 8)]
[Tue Dec  2 14:25:21 2025] >> [t: 63] (r:-0.033), [f:   100/1000], inf[8.0e+12], comp[2.6e+13](128, 1, 8), Q(816, 0, 0, 0), Trans[(128, 1, 8)]
[Tue Dec  2 14:25:21 2025] >> [t: 64] (r:-0.033), [f:   100/1000], inf[8.0e+12], comp[2.6e+13](128, 1, 8), Q(816, 0, 0, 0), Trans[(128, 1, 8)]
[Tue Dec  2 14:25:21 2025] >> [t: 65] (r:-0.033), [f:   100/1000], inf[8.0e+12], comp[2.6e+13](128, 1, 8), Q(815, 0, 0, 0), Trans[(128, 1, 8)]
[Tue Dec  2 14:25:21 2025] >> [t: 66] (r:-0.033), [f:   100/1000], inf[8.0e+12], comp[2.6e+13](128, 1, 8), Q(815, 0, 0, 0), Trans[(128, 1, 8)]
[Tue Dec  2 14:25:21 2025] >> [t: 67] (r:-0.033), [f:   100/1000], inf[8.0e+12], comp[2.6e+13](128, 1, 8), Q(814, 0, 0, 0), Trans[(128, 1, 8)]
[Tue Dec  2 14:25:21 2025] >> [t: 68] (r:-0.033), [f:   100/1000], inf[8.0e+12], comp[2.6e+13](128, 1, 8), Q(813, 0, 0, 0), Trans[(128, 1, 8)]
[Tue Dec  2 14:25:21 2025] >> [t: 69] (r:-0.033), [f:   100/1000], inf[8.0e+12], comp[2.6e+13](128, 1, 8), Q(813, 0, 0, 0), Trans[(128, 1, 8)]
[Tue Dec  2 14:25:21 2025] >> [t: 70] (r:-0.033), [f:   100/1000], inf[8.0e+12], comp[2.6e+13](128, 1, 8), Q(812, 0, 0, 0), Trans[(128, 1, 8)]
[Tue Dec  2 14:25:22 2025] >> [t: 71] (r:-0.033), [f:   100/1000], inf[8.0e+12], comp[2.6e+13](128, 1, 8), Q(812, 0, 0, 0), Trans[(128, 1, 8)]
[Tue Dec  2 14:25:22 2025] >> [t: 72] (r:-0.033), [f:   100/1000], inf[8.0e+12], comp[2.6e+13](128, 1, 8), Q(812, 0, 0, 0), Trans[(128, 1, 8)]
[Tue Dec  2 14:25:22 2025] >> [t: 73] (r:-0.033), [f:   100/1000], inf[8.0e+12], comp[2.6e+13](128, 1, 8), Q(811, 0, 0, 0), Trans[(128, 1, 8)]
[Tue Dec  2 14:25:22 2025] >> [t: 74] (r:-0.033), [f:   100/1000], inf[8.0e+12], comp[2.6e+13](128, 1, 8), Q(810, 0, 0, 0), Trans[(128, 1, 8)]
[Tue Dec  2 14:25:22 2025] >> [t: 75] (r:-0.033), [f:   100/1000], inf[8.0e+12], comp[2.6e+13](128, 1, 8), Q(809, 0, 0, 0), Trans[(128, 1, 8)]
[Tue Dec  2 14:25:22 2025] >> [t: 76] (r:-0.033), [f:   100/1000], inf[8.0e+12], comp[2.6e+13](128, 1, 8), Q(807, 0, 0, 0), Trans[(128, 1, 8)]
[Tue Dec  2 14:25:22 2025] >> [t: 77] (r:-0.033), [f:   100/1000], inf[8.0e+12], comp[2.6e+13](128, 1, 8), Q(806, 0, 0, 0), Trans[(128, 1, 8)]
[Tue Dec  2 14:25:22 2025] >> [t: 78] (r:-0.033), [f:   100/1000], inf[8.0e+12], comp[2.6e+13](128, 1, 8), Q(805, 0, 0, 0), Trans[(128, 1, 8)]
[Tue Dec  2 14:25:22 2025] >> [t: 79] (r:-0.033), [f:   100/1000], inf[8.0e+12], comp[2.6e+13](128, 1, 8), Q(802, 0, 0, 0), Trans[(128, 1, 8)]
[Tue Dec  2 14:25:22 2025] >> [t: 80] (r:-0.033), [f:   100/1000], inf[8.0e+12], comp[2.6e+13](128, 1, 8), Q(799, 0, 0, 0), Trans[(128, 1, 8)]
[Tue Dec  2 14:25:22 2025] >> [t: 81] (r:-0.033), [f:   100/1000], inf[8.0e+12], comp[2.6e+13](128, 1, 8), Q(798, 0, 0, 0), Trans[(128, 1, 8)]
[Tue Dec  2 14:25:22 2025] >> [t: 82] (r:-0.033), [f:   100/1000], inf[8.0e+12], comp[2.6e+13](128, 1, 8), Q(795, 0, 0, 0), Trans[(128, 1, 8)]
[Tue Dec  2 14:25:22 2025] >> [t: 83] (r:-0.033), [f:   100/1000], inf[8.0e+12], comp[2.6e+13](128, 1, 8), Q(790, 2, 0, 0), Trans[(128, 1, 8)]
[Tue Dec  2 14:25:22 2025] >> [t: 84] (r:-0.033), [f:   100/1000], inf[2.7e+13], comp[2.6e+13](128, 4, 8), Q(789, 1, 0, 0), Trans[(128, 4, 8)]
[Tue Dec  2 14:25:22 2025] >> [t: 85] (r:-0.033), [f:   100/1000], inf[2.7e+13], comp[2.6e+13](128, 4, 8), Q(786, 3, 0, 0), Trans[(128, 4, 8)]
[Tue Dec  2 14:25:22 2025] >> [t: 86] (r:-0.033), [f:   100/1000], inf[2.7e+13], comp[2.6e+13](128, 4, 8), Q(785, 3, 0, 0), Trans[(128, 4, 8)]
[Tue Dec  2 14:25:22 2025] >> [t: 87] (r:-0.033), [f:   100/1000], inf[2.7e+13], comp[2.6e+13](128, 4, 8), Q(785, 2, 0, 0), Trans[(128, 4, 8)]
[Tue Dec  2 14:25:22 2025] >> [t: 88] (r:-0.033), [f:   100/1000], inf[2.7e+13], comp[2.6e+13](128, 4, 8), Q(785, 1, 0, 0), Trans[(128, 4, 8)]
[Tue Dec  2 14:25:22 2025] >> [t: 89] (r:-0.033), [f:   100/1000], inf[2.7e+13], comp[2.6e+13](128, 4, 8), Q(784, 1, 0, 0), Trans[(128, 4, 8)]
[Tue Dec  2 14:25:22 2025] >> [t: 90] (r:-0.033), [f:   100/1000], inf[2.7e+13], comp[2.6e+13](128, 4, 8), Q(782, 2, 0, 0), Trans[(128, 4, 8)]
[Tue Dec  2 14:25:22 2025] >> [t: 91] (r:-0.033), [f:   100/1000], inf[2.7e+13], comp[2.6e+13](128, 4, 8), Q(782, 1, 0, 0), Trans[(128, 4, 8)]
[Tue Dec  2 14:25:22 2025] >> [t: 92] (r:-0.033), [f:   100/1000], inf[2.7e+13], comp[2.6e+13](128, 4, 8), Q(781, 1, 0, 0), Trans[(128, 4, 8)]
[Tue Dec  2 14:25:22 2025] >> [t: 93] (r:-0.033), [f:   100/1000], inf[2.7e+13], comp[2.6e+13](128, 4, 8), Q(780, 1, 0, 0), Trans[(128, 4, 8)]
[Tue Dec  2 14:25:22 2025] >> [t: 94] (r:-0.033), [f:   100/1000], inf[2.7e+13], comp[2.6e+13](128, 4, 8), Q(779, 1, 0, 0), Trans[(128, 4, 8)]
[Tue Dec  2 14:25:22 2025] >> [t: 95] (r:-0.033), [f:   100/1000], inf[2.7e+13], comp[2.6e+13](128, 4, 8), Q(778, 1, 0, 0), Trans[(128, 4, 8)]
[Tue Dec  2 14:25:22 2025] >> [t: 96] (r:-0.033), [f:   100/1000], inf[2.7e+13], comp[2.6e+13](128, 4, 8), Q(778, 0, 0, 0), Trans[(128, 4, 8)]
[Tue Dec  2 14:25:22 2025] >> [t: 97] (r:-0.033), [f:   100/1000], inf[2.7e+13], comp[2.6e+13](128, 4, 8), Q(778, 0, 0, 0), Trans[(128, 4, 8)]
[Tue Dec  2 14:25:22 2025] >> [t: 98] (r:-0.033), [f:   100/1000], inf[2.7e+13], comp[2.6e+13](128, 4, 8), Q(777, 1, 0, 0), Trans[(128, 4, 8)]
[Tue Dec  2 14:25:22 2025] >> [t: 99] (r:-0.033), [f:   100/1000], inf[2.7e+13], comp[2.6e+13](128, 4, 8), Q(777, 0, 0, 0), Trans[(128, 4, 8)]
[Tue Dec  2 14:25:22 2025] >> [t:100] (r:-0.033), [f:   100/1000], inf[2.7e+13], comp[2.6e+13](128, 4, 8), Q(776, 1, 0, 0), Trans[(128, 4, 8)]
[Tue Dec  2 14:25:22 2025] >> [t:101] (r:-0.033), [f:   100/1000], inf[2.7e+13], comp[2.6e+13](128, 4, 8), Q(775, 1, 0, 0), Trans[(128, 4, 8)]
[Tue Dec  2 14:25:22 2025] >> [t:102] (r:-0.033), [f:   100/1000], inf[2.7e+13], comp[2.6e+13](128, 4, 8), Q(774, 1, 0, 0), Trans[(128, 4, 8)]
[Tue Dec  2 14:25:22 2025] >> [t:103] (r:-0.033), [f:   100/1000], inf[2.7e+13], comp[2.6e+13](128, 4, 8), Q(774, 0, 0, 0), Trans[(128, 4, 8)]
[Tue Dec  2 14:25:22 2025] >> [t:104] (r:-0.033), [f:   100/1000], inf[2.7e+13], comp[2.6e+13](128, 4, 8), Q(771, 3, 0, 0), Trans[(128, 4, 8)]
[Tue Dec  2 14:25:22 2025] >> [t:105] (r:-0.033), [f:   100/1000], inf[2.7e+13], comp[2.6e+13](128, 4, 8), Q(771, 2, 0, 0), Trans[(128, 4, 8)]
[Tue Dec  2 14:25:22 2025] >> [t:106] (r:-0.033), [f:   100/1000], inf[2.7e+13], comp[2.6e+13](128, 4, 8), Q(771, 1, 0, 0), Trans[(128, 4, 8)]
[Tue Dec  2 14:25:22 2025] >> [t:107] (r:-0.033), [f:   100/1000], inf[2.7e+13], comp[2.6e+13](128, 4, 8), Q(771, 0, 0, 0), Trans[(128, 4, 8)]
[Tue Dec  2 14:25:22 2025] >> [t:108] (r:-0.033), [f:   100/1000], inf[2.7e+13], comp[2.6e+13](128, 4, 8), Q(769, 2, 0, 0), Trans[(128, 4, 8)]
[Tue Dec  2 14:25:22 2025] >> [t:109] (r:-0.033), [f:   100/1000], inf[2.7e+13], comp[2.6e+13](128, 4, 8), Q(769, 1, 0, 0), Trans[(128, 4, 8)]
[Tue Dec  2 14:25:22 2025] >> [t:110] (r:-0.033), [f:   100/1000], inf[2.7e+13], comp[2.6e+13](128, 4, 8), Q(768, 1, 0, 0), Trans[(128, 4, 8)]
[Tue Dec  2 14:25:22 2025] >> [t:111] (r:-0.033), [f:   100/1000], inf[2.7e+13], comp[2.6e+13](128, 4, 8), Q(766, 2, 0, 0), Trans[(128, 4, 8)]
[Tue Dec  2 14:25:22 2025] >> [t:112] (r:-0.033), [f:   100/1000], inf[2.7e+13], comp[2.6e+13](128, 4, 8), Q(765, 2, 0, 0), Trans[(128, 4, 8)]
[Tue Dec  2 14:25:22 2025] >> [t:113] (r:-0.033), [f:   100/1000], inf[2.7e+13], comp[2.6e+13](128, 4, 8), Q(763, 3, 0, 0), Trans[(128, 4, 8)]
[Tue Dec  2 14:25:22 2025] >> [t:114] (r:-0.033), [f:   100/1000], inf[2.7e+13], comp[2.6e+13](128, 4, 8), Q(763, 2, 0, 0), Trans[(128, 4, 8)]
[Tue Dec  2 14:25:22 2025] >> [t:115] (r:-0.033), [f:   100/1000], inf[2.7e+13], comp[2.6e+13](128, 4, 8), Q(763, 1, 0, 0), Trans[(128, 4, 8)]
[Tue Dec  2 14:25:22 2025] >> [t:116] (r:-0.033), [f:   100/1000], inf[2.7e+13], comp[2.6e+13](128, 4, 8), Q(762, 1, 0, 0), Trans[(128, 4, 8)]
[Tue Dec  2 14:25:22 2025] >> [t:117] (r:-0.033), [f:   100/1000], inf[2.7e+13], comp[2.6e+13](128, 4, 8), Q(761, 1, 0, 0), Trans[(128, 4, 8)]
[Tue Dec  2 14:25:22 2025] >> [t:118] (r:-0.033), [f:   100/1000], inf[2.7e+13], comp[2.6e+13](128, 4, 8), Q(761, 0, 0, 0), Trans[(128, 4, 8)]
[Tue Dec  2 14:25:22 2025] >> [t:119] (r:-0.033), [f:   100/1000], inf[2.7e+13], comp[2.6e+13](128, 4, 8), Q(760, 1, 0, 0), Trans[(128, 4, 8)]
[Tue Dec  2 14:25:22 2025] >> [t:120] (r:-0.033), [f:   100/1000], inf[2.7e+13], comp[2.6e+13](128, 4, 8), Q(757, 3, 0, 0), Trans[(128, 4, 8)]
[Tue Dec  2 14:25:22 2025] >> [t:121] (r:-0.033), [f:   100/1000], inf[2.7e+13], comp[2.6e+13](128, 4, 8), Q(756, 3, 0, 0), Trans[(128, 4, 8)]
[Tue Dec  2 14:25:22 2025] >> [t:122] (r:-0.033), [f:   100/1000], inf[2.7e+13], comp[2.6e+13](128, 4, 8), Q(756, 2, 0, 0), Trans[(128, 4, 8)]
[Tue Dec  2 14:25:22 2025] >> [t:123] (r:-0.033), [f:   100/1000], inf[2.7e+13], comp[2.6e+13](128, 4, 8), Q(754, 3, 0, 0), Trans[(128, 4, 8)]
[Tue Dec  2 14:25:22 2025] >> [t:124] (r:-0.033), [f:   100/1000], inf[2.7e+13], comp[2.6e+13](128, 4, 8), Q(753, 3, 0, 0), Trans[(128, 4, 8)]
[Tue Dec  2 14:25:22 2025] >> [t:125] (r:-0.033), [f:   100/1000], inf[2.7e+13], comp[2.6e+13](128, 4, 8), Q(753, 2, 0, 0), Trans[(128, 4, 8)]
[Tue Dec  2 14:25:22 2025] >> [t:126] (r:-0.033), [f:   100/1000], inf[2.7e+13], comp[2.6e+13](128, 4, 8), Q(750, 4, 0, 0), Trans[(128, 4, 8)]
[Tue Dec  2 14:25:22 2025] >> [t:127] (r:-0.238), [f:   500/1000], inf[8.0e+12], comp[1.3e+14](128, 1, 8), Q(749, 0, 0, 0), Trans[(128, 1, 8)]
[Tue Dec  2 14:25:22 2025] >> [t:128] (r:-0.033), [f:   100/1000], inf[8.0e+12], comp[2.6e+13](128, 1, 8), Q(749, 0, 0, 0), Trans[(128, 1, 8)]
[Tue Dec  2 14:25:22 2025] >> [t:129] (r:-0.033), [f:   100/1000], inf[8.0e+12], comp[2.6e+13](128, 1, 8), Q(749, 0, 0, 0), Trans[(128, 1, 8)]
[Tue Dec  2 14:25:22 2025] >> [t:130] (r:-0.033), [f:   100/1000], inf[8.0e+12], comp[2.6e+13](128, 1, 8), Q(749, 0, 0, 0), Trans[(128, 1, 8)]
[Tue Dec  2 14:25:22 2025] >> [t:131] (r:-0.033), [f:   100/1000], inf[8.0e+12], comp[2.6e+13](128, 1, 8), Q(749, 0, 0, 0), Trans[(128, 1, 8)]
[Tue Dec  2 14:25:22 2025] >> [t:132] (r:-0.033), [f:   100/1000], inf[8.0e+12], comp[2.6e+13](128, 1, 8), Q(747, 0, 0, 0), Trans[(128, 1, 8)]
[Tue Dec  2 14:25:22 2025] >> [t:133] (r:-0.033), [f:   100/1000], inf[8.0e+12], comp[2.6e+13](128, 1, 8), Q(746, 0, 0, 0), Trans[(128, 1, 8)]
[Tue Dec  2 14:25:22 2025] >> [t:134] (r:-0.033), [f:   100/1000], inf[8.0e+12], comp[2.6e+13](128, 1, 8), Q(745, 0, 0, 0), Trans[(128, 1, 8)]
[Tue Dec  2 14:25:22 2025] >> [t:135] (r:-0.033), [f:   100/1000], inf[8.0e+12], comp[2.6e+13](128, 1, 8), Q(744, 0, 0, 0), Trans[(128, 1, 8)]
[Tue Dec  2 14:25:22 2025] >> [t:136] (r:-0.033), [f:   100/1000], inf[8.0e+12], comp[2.6e+13](128, 1, 8), Q(743, 0, 0, 0), Trans[(128, 1, 8)]
[Tue Dec  2 14:25:22 2025] >> [t:137] (r:-0.033), [f:   100/1000], inf[8.0e+12], comp[2.6e+13](128, 1, 8), Q(741, 0, 0, 0), Trans[(128, 1, 8)]
[Tue Dec  2 14:25:22 2025] >> [t:138] (r:-0.033), [f:   100/1000], inf[8.0e+12], comp[2.6e+13](128, 1, 8), Q(741, 0, 0, 0), Trans[(128, 1, 8)]
[Tue Dec  2 14:25:22 2025] >> [t:139] (r:-0.033), [f:   100/1000], inf[8.0e+12], comp[2.6e+13](128, 1, 8), Q(741, 0, 0, 0), Trans[(128, 1, 8)]
[Tue Dec  2 14:25:22 2025] >> [t:140] (r:-0.033), [f:   100/1000], inf[8.0e+12], comp[2.6e+13](128, 1, 8), Q(740, 0, 0, 0), Trans[(128, 1, 8)]
[Tue Dec  2 14:25:22 2025] >> [t:141] (r:-0.033), [f:   100/1000], inf[8.0e+12], comp[2.6e+13](128, 1, 8), Q(739, 0, 0, 0), Trans[(128, 1, 8)]
[Tue Dec  2 14:25:22 2025] >> [t:142] (r:-0.033), [f:   100/1000], inf[8.0e+12], comp[2.6e+13](128, 1, 8), Q(738, 0, 0, 0), Trans[(128, 1, 8)]
[Tue Dec  2 14:25:22 2025] >> [t:143] (r:-0.033), [f:   100/1000], inf[8.0e+12], comp[2.6e+13](128, 1, 8), Q(736, 0, 0, 0), Trans[(128, 1, 8)]
[Tue Dec  2 14:25:22 2025] >> [t:144] (r:-0.033), [f:   100/1000], inf[8.0e+12], comp[2.6e+13](128, 1, 8), Q(735, 0, 0, 0), Trans[(128, 1, 8)]
[Tue Dec  2 14:25:22 2025] >> [t:145] (r:-0.033), [f:   100/1000], inf[8.0e+12], comp[2.6e+13](128, 1, 8), Q(734, 0, 0, 0), Trans[(128, 1, 8)]
[Tue Dec  2 14:25:22 2025] >> [t:146] (r:-0.033), [f:   100/1000], inf[8.0e+12], comp[2.6e+13](128, 1, 8), Q(734, 0, 0, 0), Trans[(128, 1, 8)]
[Tue Dec  2 14:25:22 2025] >> [t:147] (r:-0.033), [f:   100/1000], inf[8.0e+12], comp[2.6e+13](128, 1, 8), Q(734, 0, 0, 0), Trans[(128, 1, 8)]
[Tue Dec  2 14:25:22 2025] >> [t:148] (r:-0.033), [f:   100/1000], inf[8.0e+12], comp[2.6e+13](128, 1, 8), Q(732, 0, 0, 0), Trans[(128, 1, 8)]
[Tue Dec  2 14:25:22 2025] >> [t:149] (r:-0.033), [f:   100/1000], inf[8.0e+12], comp[2.6e+13](128, 1, 8), Q(730, 0, 0, 0), Trans[(128, 1, 8)]
[Tue Dec  2 14:25:22 2025] >> [t:150] (r:-0.033), [f:   100/1000], inf[8.0e+12], comp[2.6e+13](128, 1, 8), Q(728, 0, 0, 0), Trans[(128, 1, 8)]
[Tue Dec  2 14:25:22 2025] >> [t:151] (r:-0.033), [f:   100/1000], inf[8.0e+12], comp[2.6e+13](128, 1, 8), Q(728, 0, 0, 0), Trans[(128, 1, 8)]
[Tue Dec  2 14:25:22 2025] >> [t:152] (r:-0.033), [f:   100/1000], inf[8.0e+12], comp[2.6e+13](128, 1, 8), Q(728, 0, 0, 0), Trans[(128, 1, 8)]
[Tue Dec  2 14:25:22 2025] >> [t:153] (r:-0.033), [f:   100/1000], inf[8.0e+12], comp[2.6e+13](128, 1, 8), Q(727, 0, 0, 0), Trans[(128, 1, 8)]
[Tue Dec  2 14:25:22 2025] >> [t:154] (r:-0.033), [f:   100/1000], inf[8.0e+12], comp[2.6e+13](128, 1, 8), Q(726, 0, 0, 0), Trans[(128, 1, 8)]
[Tue Dec  2 14:25:22 2025] >> [t:155] (r:-0.033), [f:   100/1000], inf[8.0e+12], comp[2.6e+13](128, 1, 8), Q(726, 0, 0, 0), Trans[(128, 1, 8)]
[Tue Dec  2 14:25:22 2025] >> [t:156] (r:-0.033), [f:   100/1000], inf[8.0e+12], comp[2.6e+13](128, 1, 8), Q(726, 0, 0, 0), Trans[(128, 1, 8)]
[Tue Dec  2 14:25:22 2025] >> [t:157] (r:-0.033), [f:   100/1000], inf[8.0e+12], comp[2.6e+13](128, 1, 8), Q(724, 0, 0, 0), Trans[(128, 1, 8)]
[Tue Dec  2 14:25:22 2025] >> [t:158] (r:-0.033), [f:   100/1000], inf[8.0e+12], comp[2.6e+13](128, 1, 8), Q(723, 0, 0, 0), Trans[(128, 1, 8)]
[Tue Dec  2 14:25:22 2025] >> [t:159] (r:-0.033), [f:   100/1000], inf[8.0e+12], comp[2.6e+13](128, 1, 8), Q(722, 0, 0, 0), Trans[(128, 1, 8)]
[Tue Dec  2 14:25:22 2025] >> [t:160] (r:-0.033), [f:   100/1000], inf[8.0e+12], comp[2.6e+13](128, 1, 8), Q(722, 0, 0, 0), Trans[(128, 1, 8)]
[Tue Dec  2 14:25:22 2025] >> [t:161] (r:-0.033), [f:   100/1000], inf[8.0e+12], comp[2.6e+13](128, 1, 8), Q(722, 0, 0, 0), Trans[(128, 1, 8)]
[Tue Dec  2 14:25:22 2025] >> [t:162] (r:-0.033), [f:   100/1000], inf[8.0e+12], comp[2.6e+13](128, 1, 8), Q(722, 0, 0, 0), Trans[(128, 1, 8)]
[Tue Dec  2 14:25:22 2025] >> [t:163] (r:-0.033), [f:   100/1000], inf[8.0e+12], comp[2.6e+13](128, 1, 8), Q(722, 0, 0, 0), Trans[(128, 1, 8)]
[Tue Dec  2 14:25:22 2025] >> [t:164] (r:-0.033), [f:   100/1000], inf[8.0e+12], comp[2.6e+13](128, 1, 8), Q(722, 0, 0, 0), Trans[(128, 1, 8)]
[Tue Dec  2 14:25:22 2025] >> [t:165] (r:-0.033), [f:   100/1000], inf[8.0e+12], comp[2.6e+13](128, 1, 8), Q(722, 0, 0, 0), Trans[(128, 1, 8)]
[Tue Dec  2 14:25:22 2025] >> [t:166] (r:-0.033), [f:   100/1000], inf[8.0e+12], comp[2.6e+13](128, 1, 8), Q(722, 0, 0, 0), Trans[(128, 1, 8)]
[Tue Dec  2 14:25:22 2025] >> [t:167] (r:-0.033), [f:   100/1000], inf[8.0e+12], comp[2.6e+13](128, 1, 8), Q(719, 0, 0, 0), Trans[(128, 1, 8)]
[Tue Dec  2 14:25:22 2025] >> [t:168] (r:-0.033), [f:   100/1000], inf[8.0e+12], comp[2.6e+13](128, 1, 8), Q(719, 0, 0, 0), Trans[(128, 1, 8)]
[Tue Dec  2 14:25:22 2025] >> [t:169] (r:-0.033), [f:   100/1000], inf[8.0e+12], comp[2.6e+13](128, 1, 8), Q(718, 0, 0, 0), Trans[(128, 1, 8)]
[Tue Dec  2 14:25:22 2025] >> [t:170] (r:-0.033), [f:   100/1000], inf[8.0e+12], comp[2.6e+13](128, 1, 8), Q(715, 0, 0, 0), Trans[(128, 1, 8)]
[Tue Dec  2 14:25:22 2025] >> [t:171] (r:-0.033), [f:   100/1000], inf[8.0e+12], comp[2.6e+13](128, 1, 8), Q(714, 0, 0, 0), Trans[(128, 1, 8)]
[Tue Dec  2 14:25:22 2025] >> [t:172] (r:-0.033), [f:   100/1000], inf[8.0e+12], comp[2.6e+13](128, 1, 8), Q(714, 0, 0, 0), Trans[(128, 1, 8)]
[Tue Dec  2 14:25:22 2025] >> [t:173] (r:-0.033), [f:   100/1000], inf[8.0e+12], comp[2.6e+13](128, 1, 8), Q(714, 0, 0, 0), Trans[(128, 1, 8)]
[Tue Dec  2 14:25:22 2025] >> [t:174] (r:-0.033), [f:   100/1000], inf[8.0e+12], comp[2.6e+13](128, 1, 8), Q(713, 0, 0, 0), Trans[(128, 1, 8)]
[Tue Dec  2 14:25:22 2025] >> [t:175] (r:-0.033), [f:   100/1000], inf[8.0e+12], comp[2.6e+13](128, 1, 8), Q(712, 0, 0, 0), Trans[(128, 1, 8)]
[Tue Dec  2 14:25:22 2025] >> [t:176] (r:-0.033), [f:   100/1000], inf[8.0e+12], comp[2.6e+13](128, 1, 8), Q(712, 0, 0, 0), Trans[(128, 1, 8)]
[Tue Dec  2 14:25:22 2025] >> [t:177] (r:-0.033), [f:   100/1000], inf[8.0e+12], comp[2.6e+13](128, 1, 8), Q(711, 0, 0, 0), Trans[(128, 1, 8)]
[Tue Dec  2 14:25:22 2025] >> [t:178] (r:-0.033), [f:   100/1000], inf[8.0e+12], comp[2.6e+13](128, 1, 8), Q(711, 0, 0, 0), Trans[(128, 1, 8)]
[Tue Dec  2 14:25:22 2025] >> [t:179] (r:-0.033), [f:   100/1000], inf[8.0e+12], comp[2.6e+13](128, 1, 8), Q(710, 0, 0, 0), Trans[(128, 1, 8)]
[Tue Dec  2 14:25:22 2025] >> [t:180] (r:-0.033), [f:   100/1000], inf[8.0e+12], comp[2.6e+13](128, 1, 8), Q(710, 0, 0, 0), Trans[(128, 1, 8)]
[Tue Dec  2 14:25:22 2025] >> [t:181] (r:-0.033), [f:   100/1000], inf[8.0e+12], comp[2.6e+13](128, 1, 8), Q(709, 0, 0, 0), Trans[(128, 1, 8)]
[Tue Dec  2 14:25:22 2025] >> [t:182] (r:-0.033), [f:   100/1000], inf[8.0e+12], comp[2.6e+13](128, 1, 8), Q(709, 0, 0, 0), Trans[(128, 1, 8)]
[Tue Dec  2 14:25:22 2025] >> [t:183] (r:-0.033), [f:   100/1000], inf[8.0e+12], comp[2.6e+13](128, 1, 8), Q(708, 0, 0, 0), Trans[(128, 1, 8)]
[Tue Dec  2 14:25:22 2025] >> [t:184] (r:-0.033), [f:   100/1000], inf[8.0e+12], comp[2.6e+13](128, 1, 8), Q(706, 0, 0, 0), Trans[(128, 1, 8)]
[Tue Dec  2 14:25:22 2025] >> [t:185] (r:-0.033), [f:   100/1000], inf[8.0e+12], comp[2.6e+13](128, 1, 8), Q(704, 0, 0, 0), Trans[(128, 1, 8)]
[Tue Dec  2 14:25:22 2025] >> [t:186] (r:-0.033), [f:   100/1000], inf[8.0e+12], comp[2.6e+13](128, 1, 8), Q(704, 0, 0, 0), Trans[(128, 1, 8)]
[Tue Dec  2 14:25:22 2025] >> [t:187] (r:-0.033), [f:   100/1000], inf[8.0e+12], comp[2.6e+13](128, 1, 8), Q(703, 0, 0, 0), Trans[(128, 1, 8)]
[Tue Dec  2 14:25:22 2025] >> [t:188] (r:-0.033), [f:   100/1000], inf[8.0e+12], comp[2.6e+13](128, 1, 8), Q(702, 0, 0, 0), Trans[(128, 1, 8)]
[Tue Dec  2 14:25:22 2025] >> [t:189] (r:-0.033), [f:   100/1000], inf[8.0e+12], comp[2.6e+13](128, 1, 8), Q(700, 0, 0, 0), Trans[(128, 1, 8)]
[Tue Dec  2 14:25:22 2025] >> [t:190] (r:-0.033), [f:   100/1000], inf[8.0e+12], comp[2.6e+13](128, 1, 8), Q(697, 0, 0, 0), Trans[(128, 1, 8)]
[Tue Dec  2 14:25:22 2025] >> [t:191] (r:-0.033), [f:   100/1000], inf[8.0e+12], comp[2.6e+13](128, 1, 8), Q(695, 0, 0, 0), Trans[(128, 1, 8)]
[Tue Dec  2 14:25:22 2025] >> [t:192] (r:-0.033), [f:   100/1000], inf[8.0e+12], comp[2.6e+13](128, 1, 8), Q(694, 0, 0, 0), Trans[(128, 1, 8)]
[Tue Dec  2 14:25:22 2025] >> [t:193] (r:-0.033), [f:   100/1000], inf[8.0e+12], comp[2.6e+13](128, 1, 8), Q(694, 0, 0, 0), Trans[(128, 1, 8)]
[Tue Dec  2 14:25:22 2025] >> [t:194] (r:-0.033), [f:   100/1000], inf[8.0e+12], comp[2.6e+13](128, 1, 8), Q(692, 0, 0, 0), Trans[(128, 1, 8)]
[Tue Dec  2 14:25:22 2025] >> [t:195] (r:-0.033), [f:   100/1000], inf[8.0e+12], comp[2.6e+13](128, 1, 8), Q(690, 0, 0, 0), Trans[(128, 1, 8)]
[Tue Dec  2 14:25:22 2025] >> [t:196] (r:-0.033), [f:   100/1000], inf[8.0e+12], comp[2.6e+13](128, 1, 8), Q(688, 0, 0, 0), Trans[(128, 1, 8)]
[Tue Dec  2 14:25:22 2025] >> [t:197] (r:-0.033), [f:   100/1000], inf[8.0e+12], comp[2.6e+13](128, 1, 8), Q(685, 0, 0, 0), Trans[(128, 1, 8)]
[Tue Dec  2 14:25:22 2025] >> [t:198] (r:-0.033), [f:   100/1000], inf[8.0e+12], comp[2.6e+13](128, 1, 8), Q(685, 0, 0, 0), Trans[(128, 1, 8)]
[Tue Dec  2 14:25:22 2025] >> [t:199] (r:-0.033), [f:   100/1000], inf[8.0e+12], comp[2.6e+13](128, 1, 8), Q(684, 0, 0, 0), Trans[(128, 1, 8)]
[Tue Dec  2 14:25:22 2025] >> [t:200] (r:-0.033), [f:   100/1000], inf[8.0e+12], comp[2.6e+13](128, 1, 8), Q(683, 0, 0, 0), Trans[(128, 1, 8)]
[Tue Dec  2 14:25:22 2025] >> [t:201] (r:-0.033), [f:   100/1000], inf[8.0e+12], comp[2.6e+13](128, 1, 8), Q(683, 0, 0, 0), Trans[(128, 1, 8)]
[Tue Dec  2 14:25:22 2025] >> [t:202] (r:-0.033), [f:   100/1000], inf[8.0e+12], comp[2.6e+13](128, 1, 8), Q(683, 0, 0, 0), Trans[(128, 1, 8)]
[Tue Dec  2 14:25:22 2025] >> [t:203] (r:-0.033), [f:   100/1000], inf[8.0e+12], comp[2.6e+13](128, 1, 8), Q(680, 0, 0, 0), Trans[(128, 1, 8)]
[Tue Dec  2 14:25:22 2025] >> [t:204] (r:-0.033), [f:   100/1000], inf[8.0e+12], comp[2.6e+13](128, 1, 8), Q(679, 0, 0, 0), Trans[(128, 1, 8)]
[Tue Dec  2 14:25:22 2025] >> [t:205] (r:-0.033), [f:   100/1000], inf[8.0e+12], comp[2.6e+13](128, 1, 8), Q(675, 1, 0, 0), Trans[(128, 1, 8)]
[Tue Dec  2 14:25:22 2025] >> [t:206] (r:-0.033), [f:   100/1000], inf[2.7e+13], comp[2.6e+13](128, 4, 8), Q(668, 7, 0, 0), Trans[(128, 4, 8)]
[Tue Dec  2 14:25:22 2025] >> [t:207] (r:-0.286), [f:   600/1000], inf[5.3e+13], comp[1.6e+14](128, 8, 8), Q(668, 1, 0, 0), Trans[(128, 8, 8)]
[Tue Dec  2 14:25:22 2025] >> [t:208] (r:-0.033), [f:   100/1000], inf[2.7e+13], comp[2.6e+13](128, 4, 8), Q(667, 1, 0, 0), Trans[(128, 4, 8)]
[Tue Dec  2 14:25:22 2025] >> [t:209] (r:-0.033), [f:   100/1000], inf[2.7e+13], comp[2.6e+13](128, 4, 8), Q(664, 3, 0, 0), Trans[(128, 4, 8)]
[Tue Dec  2 14:25:22 2025] >> [t:210] (r:-0.033), [f:   100/1000], inf[2.7e+13], comp[2.6e+13](128, 4, 8), Q(663, 3, 0, 0), Trans[(128, 4, 8)]
[Tue Dec  2 14:25:22 2025] >> [t:211] (r:-0.033), [f:   100/1000], inf[2.7e+13], comp[2.6e+13](128, 4, 8), Q(661, 4, 0, 0), Trans[(128, 4, 8)]
[Tue Dec  2 14:25:22 2025] >> [t:212] (r:-0.238), [f:   500/1000], inf[8.0e+12], comp[1.3e+14](128, 1, 8), Q(660, 0, 0, 0), Trans[(128, 1, 8)]
[Tue Dec  2 14:25:22 2025] >> [t:213] (r:-0.033), [f:   100/1000], inf[8.0e+12], comp[2.6e+13](128, 1, 8), Q(659, 0, 0, 0), Trans[(128, 1, 8)]
[Tue Dec  2 14:25:22 2025] >> [t:214] (r:-0.033), [f:   100/1000], inf[8.0e+12], comp[2.6e+13](128, 1, 8), Q(657, 0, 0, 0), Trans[(128, 1, 8)]
[Tue Dec  2 14:25:22 2025] >> [t:215] (r:-0.033), [f:   100/1000], inf[8.0e+12], comp[2.6e+13](128, 1, 8), Q(657, 0, 0, 0), Trans[(128, 1, 8)]
[Tue Dec  2 14:25:22 2025] >> [t:216] (r:-0.033), [f:   100/1000], inf[8.0e+12], comp[2.6e+13](128, 1, 8), Q(657, 0, 0, 0), Trans[(128, 1, 8)]
[Tue Dec  2 14:25:22 2025] >> [t:217] (r:-0.033), [f:   100/1000], inf[8.0e+12], comp[2.6e+13](128, 1, 8), Q(656, 0, 0, 0), Trans[(128, 1, 8)]
[Tue Dec  2 14:25:22 2025] >> [t:218] (r:-0.033), [f:   100/1000], inf[8.0e+12], comp[2.6e+13](128, 1, 8), Q(655, 0, 0, 0), Trans[(128, 1, 8)]
[Tue Dec  2 14:25:22 2025] >> [t:219] (r:-0.033), [f:   100/1000], inf[8.0e+12], comp[2.6e+13](128, 1, 8), Q(654, 0, 0, 0), Trans[(128, 1, 8)]
[Tue Dec  2 14:25:22 2025] >> [t:220] (r:-0.033), [f:   100/1000], inf[8.0e+12], comp[2.6e+13](128, 1, 8), Q(654, 0, 0, 0), Trans[(128, 1, 8)]
[Tue Dec  2 14:25:22 2025] >> [t:221] (r:-0.033), [f:   100/1000], inf[8.0e+12], comp[2.6e+13](128, 1, 8), Q(652, 0, 0, 0), Trans[(128, 1, 8)]
[Tue Dec  2 14:25:22 2025] >> [t:222] (r:-0.033), [f:   100/1000], inf[8.0e+12], comp[2.6e+13](128, 1, 8), Q(650, 0, 0, 0), Trans[(128, 1, 8)]
[Tue Dec  2 14:25:22 2025] >> [t:223] (r:-0.033), [f:   100/1000], inf[8.0e+12], comp[2.6e+13](128, 1, 8), Q(649, 0, 0, 0), Trans[(128, 1, 8)]
[Tue Dec  2 14:25:22 2025] >> [t:224] (r:-0.033), [f:   100/1000], inf[8.0e+12], comp[2.6e+13](128, 1, 8), Q(648, 0, 0, 0), Trans[(128, 1, 8)]
[Tue Dec  2 14:25:22 2025] >> [t:225] (r:-0.033), [f:   100/1000], inf[8.0e+12], comp[2.6e+13](128, 1, 8), Q(647, 0, 0, 0), Trans[(128, 1, 8)]
[Tue Dec  2 14:25:22 2025] >> [t:226] (r:-0.033), [f:   100/1000], inf[8.0e+12], comp[2.6e+13](128, 1, 8), Q(645, 0, 0, 0), Trans[(128, 1, 8)]
[Tue Dec  2 14:25:22 2025] >> [t:227] (r:-0.033), [f:   100/1000], inf[8.0e+12], comp[2.6e+13](128, 1, 8), Q(643, 0, 0, 0), Trans[(128, 1, 8)]
[Tue Dec  2 14:25:22 2025] >> [t:228] (r:-0.033), [f:   100/1000], inf[8.0e+12], comp[2.6e+13](128, 1, 8), Q(642, 0, 0, 0), Trans[(128, 1, 8)]
[Tue Dec  2 14:25:22 2025] >> [t:229] (r:-0.033), [f:   100/1000], inf[8.0e+12], comp[2.6e+13](128, 1, 8), Q(642, 0, 0, 0), Trans[(128, 1, 8)]
[Tue Dec  2 14:25:22 2025] >> [t:230] (r:-0.033), [f:   100/1000], inf[8.0e+12], comp[2.6e+13](128, 1, 8), Q(641, 0, 0, 0), Trans[(128, 1, 8)]
[Tue Dec  2 14:25:22 2025] >> [t:231] (r:-0.033), [f:   100/1000], inf[8.0e+12], comp[2.6e+13](128, 1, 8), Q(639, 0, 0, 0), Trans[(128, 1, 8)]
[Tue Dec  2 14:25:22 2025] >> [t:232] (r:-0.033), [f:   100/1000], inf[8.0e+12], comp[2.6e+13](128, 1, 8), Q(637, 0, 0, 0), Trans[(128, 1, 8)]
[Tue Dec  2 14:25:22 2025] >> [t:233] (r:-0.033), [f:   100/1000], inf[8.0e+12], comp[2.6e+13](128, 1, 8), Q(635, 0, 0, 0), Trans[(128, 1, 8)]
[Tue Dec  2 14:25:22 2025] >> [t:234] (r:-0.033), [f:   100/1000], inf[8.0e+12], comp[2.6e+13](128, 1, 8), Q(635, 0, 0, 0), Trans[(128, 1, 8)]
[Tue Dec  2 14:25:22 2025] >> [t:235] (r:-0.033), [f:   100/1000], inf[8.0e+12], comp[2.6e+13](128, 1, 8), Q(635, 0, 0, 0), Trans[(128, 1, 8)]
[Tue Dec  2 14:25:22 2025] >> [t:236] (r:-0.033), [f:   100/1000], inf[8.0e+12], comp[2.6e+13](128, 1, 8), Q(633, 0, 0, 0), Trans[(128, 1, 8)]
[Tue Dec  2 14:25:22 2025] >> [t:237] (r:-0.033), [f:   100/1000], inf[8.0e+12], comp[2.6e+13](128, 1, 8), Q(627, 3, 0, 0), Trans[(128, 1, 8)]
[Tue Dec  2 14:25:22 2025] >> [t:238] (r:-0.066), [f:   200/1000], inf[4.0e+13], comp[5.2e+13](128, 6, 8), Q(627, 0, 0, 0), Trans[(128, 6, 8)]
[Tue Dec  2 14:25:22 2025] >> [t:239] (r:-0.033), [f:   100/1000], inf[2.7e+13], comp[2.6e+13](128, 4, 8), Q(625, 2, 0, 0), Trans[(128, 4, 8)]
[Tue Dec  2 14:25:22 2025] >> [t:240] (r:-0.033), [f:   100/1000], inf[2.7e+13], comp[2.6e+13](128, 4, 8), Q(623, 3, 0, 0), Trans[(128, 4, 8)]
[Tue Dec  2 14:25:22 2025] >> [t:241] (r:-0.033), [f:   100/1000], inf[2.7e+13], comp[2.6e+13](128, 4, 8), Q(623, 2, 0, 0), Trans[(128, 4, 8)]
[Tue Dec  2 14:25:22 2025] >> [t:242] (r:-0.033), [f:   100/1000], inf[2.7e+13], comp[2.6e+13](128, 4, 8), Q(623, 1, 0, 0), Trans[(128, 4, 8)]
[Tue Dec  2 14:25:22 2025] >> [t:243] (r:-0.033), [f:   100/1000], inf[2.7e+13], comp[2.6e+13](128, 4, 8), Q(621, 2, 0, 0), Trans[(128, 4, 8)]
[Tue Dec  2 14:25:22 2025] >> [t:244] (r:-0.033), [f:   100/1000], inf[2.7e+13], comp[2.6e+13](128, 4, 8), Q(621, 1, 0, 0), Trans[(128, 4, 8)]
[Tue Dec  2 14:25:22 2025] >> [t:245] (r:-0.033), [f:   100/1000], inf[2.7e+13], comp[2.6e+13](128, 4, 8), Q(621, 0, 0, 0), Trans[(128, 4, 8)]
[Tue Dec  2 14:25:22 2025] >> [t:246] (r:-0.033), [f:   100/1000], inf[2.7e+13], comp[2.6e+13](128, 4, 8), Q(621, 0, 0, 0), Trans[(128, 4, 8)]
[Tue Dec  2 14:25:22 2025] >> [t:247] (r:-0.033), [f:   100/1000], inf[2.7e+13], comp[2.6e+13](128, 4, 8), Q(621, 0, 0, 0), Trans[(128, 4, 8)]
[Tue Dec  2 14:25:22 2025] >> [t:248] (r:-0.033), [f:   100/1000], inf[2.7e+13], comp[2.6e+13](128, 4, 8), Q(621, 0, 0, 0), Trans[(128, 4, 8)]
[Tue Dec  2 14:25:22 2025] >> [t:249] (r:-0.033), [f:   100/1000], inf[2.7e+13], comp[2.6e+13](128, 4, 8), Q(618, 3, 0, 0), Trans[(128, 4, 8)]
[Tue Dec  2 14:25:22 2025] >> [t:250] (r:-0.033), [f:   100/1000], inf[2.7e+13], comp[2.6e+13](128, 4, 8), Q(617, 3, 0, 0), Trans[(128, 4, 8)]
[Tue Dec  2 14:25:22 2025] >> [t:251] (r:-0.033), [f:   100/1000], inf[2.7e+13], comp[2.6e+13](128, 4, 8), Q(616, 3, 0, 0), Trans[(128, 4, 8)]
[Tue Dec  2 14:25:22 2025] >> [t:252] (r:-0.033), [f:   100/1000], inf[2.7e+13], comp[2.6e+13](128, 4, 8), Q(616, 2, 0, 0), Trans[(128, 4, 8)]
[Tue Dec  2 14:25:22 2025] >> [t:253] (r:-0.033), [f:   100/1000], inf[2.7e+13], comp[2.6e+13](128, 4, 8), Q(616, 1, 0, 0), Trans[(128, 4, 8)]
[Tue Dec  2 14:25:22 2025] >> [t:254] (r:-0.033), [f:   100/1000], inf[2.7e+13], comp[2.6e+13](128, 4, 8), Q(615, 1, 0, 0), Trans[(128, 4, 8)]
[Tue Dec  2 14:25:22 2025] >> [t:255] (r:-0.033), [f:   100/1000], inf[2.7e+13], comp[2.6e+13](128, 4, 8), Q(615, 0, 0, 0), Trans[(128, 4, 8)]
[Tue Dec  2 14:25:22 2025] >> [t:256] (r:-0.033), [f:   100/1000], inf[2.7e+13], comp[2.6e+13](128, 4, 8), Q(615, 0, 0, 0), Trans[(128, 4, 8)]
[Tue Dec  2 14:25:22 2025] >> [t:257] (r:-0.033), [f:   100/1000], inf[2.7e+13], comp[2.6e+13](128, 4, 8), Q(615, 0, 0, 0), Trans[(128, 4, 8)]
[Tue Dec  2 14:25:22 2025] >> [t:258] (r:-0.033), [f:   100/1000], inf[2.7e+13], comp[2.6e+13](128, 4, 8), Q(614, 1, 0, 0), Trans[(128, 4, 8)]
[Tue Dec  2 14:25:22 2025] >> [t:259] (r:-0.033), [f:   100/1000], inf[2.7e+13], comp[2.6e+13](128, 4, 8), Q(611, 3, 0, 0), Trans[(128, 4, 8)]
[Tue Dec  2 14:25:22 2025] >> [t:260] (r:-0.033), [f:   100/1000], inf[2.7e+13], comp[2.6e+13](128, 4, 8), Q(611, 2, 0, 0), Trans[(128, 4, 8)]
[Tue Dec  2 14:25:22 2025] >> [t:261] (r:-0.033), [f:   100/1000], inf[2.7e+13], comp[2.6e+13](128, 4, 8), Q(610, 2, 0, 0), Trans[(128, 4, 8)]
[Tue Dec  2 14:25:22 2025] >> [t:262] (r:-0.033), [f:   100/1000], inf[2.7e+13], comp[2.6e+13](128, 4, 8), Q(608, 3, 0, 0), Trans[(128, 4, 8)]
[Tue Dec  2 14:25:22 2025] >> [t:263] (r:-0.033), [f:   100/1000], inf[2.7e+13], comp[2.6e+13](128, 4, 8), Q(607, 3, 0, 0), Trans[(128, 4, 8)]
[Tue Dec  2 14:25:22 2025] >> [t:264] (r:-0.033), [f:   100/1000], inf[2.7e+13], comp[2.6e+13](128, 4, 8), Q(605, 4, 0, 0), Trans[(128, 4, 8)]
[Tue Dec  2 14:25:22 2025] >> [t:265] (r:-0.238), [f:   500/1000], inf[8.0e+12], comp[1.3e+14](128, 1, 8), Q(605, 0, 0, 0), Trans[(128, 1, 8)]
[Tue Dec  2 14:25:22 2025] >> [t:266] (r:-0.033), [f:   100/1000], inf[8.0e+12], comp[2.6e+13](128, 1, 8), Q(605, 0, 0, 0), Trans[(128, 1, 8)]
[Tue Dec  2 14:25:22 2025] >> [t:267] (r:-0.033), [f:   100/1000], inf[8.0e+12], comp[2.6e+13](128, 1, 8), Q(604, 0, 0, 0), Trans[(128, 1, 8)]
[Tue Dec  2 14:25:22 2025] >> [t:268] (r:-0.033), [f:   100/1000], inf[8.0e+12], comp[2.6e+13](128, 1, 8), Q(604, 0, 0, 0), Trans[(128, 1, 8)]
[Tue Dec  2 14:25:22 2025] >> [t:269] (r:-0.033), [f:   100/1000], inf[8.0e+12], comp[2.6e+13](128, 1, 8), Q(604, 0, 0, 0), Trans[(128, 1, 8)]
[Tue Dec  2 14:25:22 2025] >> [t:270] (r:-0.033), [f:   100/1000], inf[8.0e+12], comp[2.6e+13](128, 1, 8), Q(602, 0, 0, 0), Trans[(128, 1, 8)]
[Tue Dec  2 14:25:22 2025] >> [t:271] (r:-0.033), [f:   100/1000], inf[8.0e+12], comp[2.6e+13](128, 1, 8), Q(601, 0, 0, 0), Trans[(128, 1, 8)]
[Tue Dec  2 14:25:22 2025] >> [t:272] (r:-0.033), [f:   100/1000], inf[8.0e+12], comp[2.6e+13](128, 1, 8), Q(600, 0, 0, 0), Trans[(128, 1, 8)]
[Tue Dec  2 14:25:22 2025] >> [t:273] (r:-0.033), [f:   100/1000], inf[8.0e+12], comp[2.6e+13](128, 1, 8), Q(599, 0, 0, 0), Trans[(128, 1, 8)]
[Tue Dec  2 14:25:22 2025] >> [t:274] (r:-0.033), [f:   100/1000], inf[8.0e+12], comp[2.6e+13](128, 1, 8), Q(597, 0, 0, 0), Trans[(128, 1, 8)]
[Tue Dec  2 14:25:22 2025] >> [t:275] (r:-0.033), [f:   100/1000], inf[8.0e+12], comp[2.6e+13](128, 1, 8), Q(596, 0, 0, 0), Trans[(128, 1, 8)]
[Tue Dec  2 14:25:22 2025] >> [t:276] (r:-0.033), [f:   100/1000], inf[8.0e+12], comp[2.6e+13](128, 1, 8), Q(596, 0, 0, 0), Trans[(128, 1, 8)]
[Tue Dec  2 14:25:22 2025] >> [t:277] (r:-0.033), [f:   100/1000], inf[8.0e+12], comp[2.6e+13](128, 1, 8), Q(595, 0, 0, 0), Trans[(128, 1, 8)]
[Tue Dec  2 14:25:22 2025] >> [t:278] (r:-0.033), [f:   100/1000], inf[8.0e+12], comp[2.6e+13](128, 1, 8), Q(593, 0, 0, 0), Trans[(128, 1, 8)]
[Tue Dec  2 14:25:22 2025] >> [t:279] (r:-0.033), [f:   100/1000], inf[8.0e+12], comp[2.6e+13](128, 1, 8), Q(593, 0, 0, 0), Trans[(128, 1, 8)]
[Tue Dec  2 14:25:22 2025] >> [t:280] (r:-0.033), [f:   100/1000], inf[8.0e+12], comp[2.6e+13](128, 1, 8), Q(592, 0, 0, 0), Trans[(128, 1, 8)]
[Tue Dec  2 14:25:22 2025] >> [t:281] (r:-0.033), [f:   100/1000], inf[8.0e+12], comp[2.6e+13](128, 1, 8), Q(592, 0, 0, 0), Trans[(128, 1, 8)]
[Tue Dec  2 14:25:22 2025] >> [t:282] (r:-0.033), [f:   100/1000], inf[8.0e+12], comp[2.6e+13](128, 1, 8), Q(591, 0, 0, 0), Trans[(128, 1, 8)]
[Tue Dec  2 14:25:22 2025] >> [t:283] (r:-0.033), [f:   100/1000], inf[8.0e+12], comp[2.6e+13](128, 1, 8), Q(589, 0, 0, 0), Trans[(128, 1, 8)]
[Tue Dec  2 14:25:22 2025] >> [t:284] (r:-0.033), [f:   100/1000], inf[8.0e+12], comp[2.6e+13](128, 1, 8), Q(589, 0, 0, 0), Trans[(128, 1, 8)]
[Tue Dec  2 14:25:22 2025] >> [t:285] (r:-0.033), [f:   100/1000], inf[8.0e+12], comp[2.6e+13](128, 1, 8), Q(586, 0, 0, 0), Trans[(128, 1, 8)]
[Tue Dec  2 14:25:22 2025] >> [t:286] (r:-0.033), [f:   100/1000], inf[8.0e+12], comp[2.6e+13](128, 1, 8), Q(585, 0, 0, 0), Trans[(128, 1, 8)]
[Tue Dec  2 14:25:22 2025] >> [t:287] (r:-0.033), [f:   100/1000], inf[8.0e+12], comp[2.6e+13](128, 1, 8), Q(584, 0, 0, 0), Trans[(128, 1, 8)]
[Tue Dec  2 14:25:22 2025] >> [t:288] (r:-0.033), [f:   100/1000], inf[8.0e+12], comp[2.6e+13](128, 1, 8), Q(583, 0, 0, 0), Trans[(128, 1, 8)]
[Tue Dec  2 14:25:22 2025] >> [t:289] (r:-0.033), [f:   100/1000], inf[8.0e+12], comp[2.6e+13](128, 1, 8), Q(582, 0, 0, 0), Trans[(128, 1, 8)]
[Tue Dec  2 14:25:22 2025] >> [t:290] (r:-0.033), [f:   100/1000], inf[8.0e+12], comp[2.6e+13](128, 1, 8), Q(582, 0, 0, 0), Trans[(128, 1, 8)]
[Tue Dec  2 14:25:22 2025] >> [t:291] (r:-0.033), [f:   100/1000], inf[8.0e+12], comp[2.6e+13](128, 1, 8), Q(580, 0, 0, 0), Trans[(128, 1, 8)]
[Tue Dec  2 14:25:22 2025] >> [t:292] (r:-0.033), [f:   100/1000], inf[8.0e+12], comp[2.6e+13](128, 1, 8), Q(579, 0, 0, 0), Trans[(128, 1, 8)]
[Tue Dec  2 14:25:22 2025] >> [t:293] (r:-0.033), [f:   100/1000], inf[8.0e+12], comp[2.6e+13](128, 1, 8), Q(578, 0, 0, 0), Trans[(128, 1, 8)]
[Tue Dec  2 14:25:22 2025] >> [t:294] (r:-0.033), [f:   100/1000], inf[8.0e+12], comp[2.6e+13](128, 1, 8), Q(576, 0, 0, 0), Trans[(128, 1, 8)]
[Tue Dec  2 14:25:22 2025] >> [t:295] (r:-0.033), [f:   100/1000], inf[8.0e+12], comp[2.6e+13](128, 1, 8), Q(575, 0, 0, 0), Trans[(128, 1, 8)]
[Tue Dec  2 14:25:22 2025] >> [t:296] (r:-0.033), [f:   100/1000], inf[8.0e+12], comp[2.6e+13](128, 1, 8), Q(572, 0, 0, 0), Trans[(128, 1, 8)]
[Tue Dec  2 14:25:22 2025] >> [t:297] (r:-0.033), [f:   100/1000], inf[8.0e+12], comp[2.6e+13](128, 1, 8), Q(572, 0, 0, 0), Trans[(128, 1, 8)]
[Tue Dec  2 14:25:22 2025] >> [t:298] (r:-0.033), [f:   100/1000], inf[8.0e+12], comp[2.6e+13](128, 1, 8), Q(571, 0, 0, 0), Trans[(128, 1, 8)]
[Tue Dec  2 14:25:22 2025] >> [t:299] (r:-0.033), [f:   100/1000], inf[8.0e+12], comp[2.6e+13](128, 1, 8), Q(570, 0, 0, 0), Trans[(128, 1, 8)]
[Tue Dec  2 14:25:22 2025] >> [t:300] (r:-0.033), [f:   100/1000], inf[8.0e+12], comp[2.6e+13](128, 1, 8), Q(569, 0, 0, 0), Trans[(128, 1, 8)]
[Tue Dec  2 14:25:22 2025] >> [t:301] (r:-0.033), [f:   100/1000], inf[8.0e+12], comp[2.6e+13](128, 1, 8), Q(566, 0, 0, 0), Trans[(128, 1, 8)]
[Tue Dec  2 14:25:22 2025] >> [t:302] (r:-0.033), [f:   100/1000], inf[8.0e+12], comp[2.6e+13](128, 1, 8), Q(564, 0, 0, 0), Trans[(128, 1, 8)]
[Tue Dec  2 14:25:22 2025] >> [t:303] (r:-0.033), [f:   100/1000], inf[8.0e+12], comp[2.6e+13](128, 1, 8), Q(564, 0, 0, 0), Trans[(128, 1, 8)]
[Tue Dec  2 14:25:22 2025] >> [t:304] (r:-0.033), [f:   100/1000], inf[8.0e+12], comp[2.6e+13](128, 1, 8), Q(564, 0, 0, 0), Trans[(128, 1, 8)]
[Tue Dec  2 14:25:22 2025] >> [t:305] (r:-0.033), [f:   100/1000], inf[8.0e+12], comp[2.6e+13](128, 1, 8), Q(564, 0, 0, 0), Trans[(128, 1, 8)]
[Tue Dec  2 14:25:22 2025] >> [t:306] (r:-0.033), [f:   100/1000], inf[8.0e+12], comp[2.6e+13](128, 1, 8), Q(564, 0, 0, 0), Trans[(128, 1, 8)]
[Tue Dec  2 14:25:22 2025] >> [t:307] (r:-0.033), [f:   100/1000], inf[8.0e+12], comp[2.6e+13](128, 1, 8), Q(564, 0, 0, 0), Trans[(128, 1, 8)]
[Tue Dec  2 14:25:22 2025] >> [t:308] (r:-0.033), [f:   100/1000], inf[8.0e+12], comp[2.6e+13](128, 1, 8), Q(563, 0, 0, 0), Trans[(128, 1, 8)]
[Tue Dec  2 14:25:22 2025] >> [t:309] (r:-0.033), [f:   100/1000], inf[8.0e+12], comp[2.6e+13](128, 1, 8), Q(563, 0, 0, 0), Trans[(128, 1, 8)]
[Tue Dec  2 14:25:22 2025] >> [t:310] (r:-0.033), [f:   100/1000], inf[8.0e+12], comp[2.6e+13](128, 1, 8), Q(563, 0, 0, 0), Trans[(128, 1, 8)]
[Tue Dec  2 14:25:22 2025] >> [t:311] (r:-0.033), [f:   100/1000], inf[8.0e+12], comp[2.6e+13](128, 1, 8), Q(561, 0, 0, 0), Trans[(128, 1, 8)]
[Tue Dec  2 14:25:22 2025] >> [t:312] (r:-0.033), [f:   100/1000], inf[8.0e+12], comp[2.6e+13](128, 1, 8), Q(560, 0, 0, 0), Trans[(128, 1, 8)]
[Tue Dec  2 14:25:22 2025] >> [t:313] (r:-0.033), [f:   100/1000], inf[8.0e+12], comp[2.6e+13](128, 1, 8), Q(560, 0, 0, 0), Trans[(128, 1, 8)]
[Tue Dec  2 14:25:22 2025] >> [t:314] (r:-0.033), [f:   100/1000], inf[8.0e+12], comp[2.6e+13](128, 1, 8), Q(558, 0, 0, 0), Trans[(128, 1, 8)]
[Tue Dec  2 14:25:22 2025] >> [t:315] (r:-0.033), [f:   100/1000], inf[8.0e+12], comp[2.6e+13](128, 1, 8), Q(558, 0, 0, 0), Trans[(128, 1, 8)]
[Tue Dec  2 14:25:22 2025] >> [t:316] (r:-0.033), [f:   100/1000], inf[8.0e+12], comp[2.6e+13](128, 1, 8), Q(556, 0, 0, 0), Trans[(128, 1, 8)]
[Tue Dec  2 14:25:22 2025] >> [t:317] (r:-0.033), [f:   100/1000], inf[8.0e+12], comp[2.6e+13](128, 1, 8), Q(555, 0, 0, 0), Trans[(128, 1, 8)]
[Tue Dec  2 14:25:22 2025] >> [t:318] (r:-0.033), [f:   100/1000], inf[8.0e+12], comp[2.6e+13](128, 1, 8), Q(554, 0, 0, 0), Trans[(128, 1, 8)]
[Tue Dec  2 14:25:22 2025] >> [t:319] (r:-0.033), [f:   100/1000], inf[8.0e+12], comp[2.6e+13](128, 1, 8), Q(552, 0, 0, 0), Trans[(128, 1, 8)]
[Tue Dec  2 14:25:22 2025] >> [t:320] (r:-0.033), [f:   100/1000], inf[8.0e+12], comp[2.6e+13](128, 1, 8), Q(551, 0, 0, 0), Trans[(128, 1, 8)]
[Tue Dec  2 14:25:22 2025] >> [t:321] (r:-0.033), [f:   100/1000], inf[8.0e+12], comp[2.6e+13](128, 1, 8), Q(549, 0, 0, 0), Trans[(128, 1, 8)]
[Tue Dec  2 14:25:22 2025] >> [t:322] (r:-0.033), [f:   100/1000], inf[8.0e+12], comp[2.6e+13](128, 1, 8), Q(549, 0, 0, 0), Trans[(128, 1, 8)]
[Tue Dec  2 14:25:22 2025] >> [t:323] (r:-0.033), [f:   100/1000], inf[8.0e+12], comp[2.6e+13](128, 1, 8), Q(549, 0, 0, 0), Trans[(128, 1, 8)]
[Tue Dec  2 14:25:22 2025] >> [t:324] (r:-0.033), [f:   100/1000], inf[8.0e+12], comp[2.6e+13](128, 1, 8), Q(546, 0, 0, 0), Trans[(128, 1, 8)]
[Tue Dec  2 14:25:22 2025] >> [t:325] (r:-0.033), [f:   100/1000], inf[8.0e+12], comp[2.6e+13](128, 1, 8), Q(542, 1, 0, 0), Trans[(128, 1, 8)]
[Tue Dec  2 14:25:22 2025] >> [t:326] (r:-0.033), [f:   100/1000], inf[2.7e+13], comp[2.6e+13](128, 4, 8), Q(541, 1, 0, 0), Trans[(128, 4, 8)]
[Tue Dec  2 14:25:22 2025] >> [t:327] (r:-0.033), [f:   100/1000], inf[2.7e+13], comp[2.6e+13](128, 4, 8), Q(540, 1, 0, 0), Trans[(128, 4, 8)]
[Tue Dec  2 14:25:22 2025] >> [t:328] (r:-0.033), [f:   100/1000], inf[2.7e+13], comp[2.6e+13](128, 4, 8), Q(539, 1, 0, 0), Trans[(128, 4, 8)]
[Tue Dec  2 14:25:22 2025] >> [t:329] (r:-0.033), [f:   100/1000], inf[2.7e+13], comp[2.6e+13](128, 4, 8), Q(538, 1, 0, 0), Trans[(128, 4, 8)]
[Tue Dec  2 14:25:22 2025] >> [t:330] (r:-0.033), [f:   100/1000], inf[2.7e+13], comp[2.6e+13](128, 4, 8), Q(536, 2, 0, 0), Trans[(128, 4, 8)]
[Tue Dec  2 14:25:22 2025] >> [t:331] (r:-0.033), [f:   100/1000], inf[2.7e+13], comp[2.6e+13](128, 4, 8), Q(536, 1, 0, 0), Trans[(128, 4, 8)]
[Tue Dec  2 14:25:22 2025] >> [t:332] (r:-0.033), [f:   100/1000], inf[2.7e+13], comp[2.6e+13](128, 4, 8), Q(535, 1, 0, 0), Trans[(128, 4, 8)]
[Tue Dec  2 14:25:22 2025] >> [t:333] (r:-0.033), [f:   100/1000], inf[2.7e+13], comp[2.6e+13](128, 4, 8), Q(532, 3, 0, 0), Trans[(128, 4, 8)]
[Tue Dec  2 14:25:22 2025] >> [t:334] (r:-0.033), [f:   100/1000], inf[2.7e+13], comp[2.6e+13](128, 4, 8), Q(532, 2, 0, 0), Trans[(128, 4, 8)]
[Tue Dec  2 14:25:22 2025] >> [t:335] (r:-0.033), [f:   100/1000], inf[2.7e+13], comp[2.6e+13](128, 4, 8), Q(529, 4, 0, 0), Trans[(128, 4, 8)]
[Tue Dec  2 14:25:22 2025] >> [t:336] (r:-0.238), [f:   500/1000], inf[8.0e+12], comp[1.3e+14](128, 1, 8), Q(529, 0, 0, 0), Trans[(128, 1, 8)]
[Tue Dec  2 14:25:22 2025] >> [t:337] (r:-0.033), [f:   100/1000], inf[8.0e+12], comp[2.6e+13](128, 1, 8), Q(527, 0, 0, 0), Trans[(128, 1, 8)]
[Tue Dec  2 14:25:22 2025] >> [t:338] (r:-0.033), [f:   100/1000], inf[8.0e+12], comp[2.6e+13](128, 1, 8), Q(526, 0, 0, 0), Trans[(128, 1, 8)]
[Tue Dec  2 14:25:22 2025] >> [t:339] (r:-0.033), [f:   100/1000], inf[8.0e+12], comp[2.6e+13](128, 1, 8), Q(526, 0, 0, 0), Trans[(128, 1, 8)]
[Tue Dec  2 14:25:22 2025] >> [t:340] (r:-0.033), [f:   100/1000], inf[8.0e+12], comp[2.6e+13](128, 1, 8), Q(525, 0, 0, 0), Trans[(128, 1, 8)]
[Tue Dec  2 14:25:22 2025] >> [t:341] (r:-0.033), [f:   100/1000], inf[8.0e+12], comp[2.6e+13](128, 1, 8), Q(525, 0, 0, 0), Trans[(128, 1, 8)]
[Tue Dec  2 14:25:22 2025] >> [t:342] (r:-0.033), [f:   100/1000], inf[8.0e+12], comp[2.6e+13](128, 1, 8), Q(523, 0, 0, 0), Trans[(128, 1, 8)]
[Tue Dec  2 14:25:22 2025] >> [t:343] (r:-0.033), [f:   100/1000], inf[8.0e+12], comp[2.6e+13](128, 1, 8), Q(523, 0, 0, 0), Trans[(128, 1, 8)]
[Tue Dec  2 14:25:22 2025] >> [t:344] (r:-0.033), [f:   100/1000], inf[8.0e+12], comp[2.6e+13](128, 1, 8), Q(522, 0, 0, 0), Trans[(128, 1, 8)]
[Tue Dec  2 14:25:22 2025] >> [t:345] (r:-0.033), [f:   100/1000], inf[8.0e+12], comp[2.6e+13](128, 1, 8), Q(522, 0, 0, 0), Trans[(128, 1, 8)]
[Tue Dec  2 14:25:22 2025] >> [t:346] (r:-0.033), [f:   100/1000], inf[8.0e+12], comp[2.6e+13](128, 1, 8), Q(522, 0, 0, 0), Trans[(128, 1, 8)]
[Tue Dec  2 14:25:22 2025] >> [t:347] (r:-0.033), [f:   100/1000], inf[8.0e+12], comp[2.6e+13](128, 1, 8), Q(521, 0, 0, 0), Trans[(128, 1, 8)]
[Tue Dec  2 14:25:22 2025] >> [t:348] (r:-0.033), [f:   100/1000], inf[8.0e+12], comp[2.6e+13](128, 1, 8), Q(520, 0, 0, 0), Trans[(128, 1, 8)]
[Tue Dec  2 14:25:22 2025] >> [t:349] (r:-0.033), [f:   100/1000], inf[8.0e+12], comp[2.6e+13](128, 1, 8), Q(520, 0, 0, 0), Trans[(128, 1, 8)]
[Tue Dec  2 14:25:22 2025] >> [t:350] (r:-0.033), [f:   100/1000], inf[8.0e+12], comp[2.6e+13](128, 1, 8), Q(520, 0, 0, 0), Trans[(128, 1, 8)]
[Tue Dec  2 14:25:22 2025] >> [t:351] (r:-0.033), [f:   100/1000], inf[8.0e+12], comp[2.6e+13](128, 1, 8), Q(520, 0, 0, 0), Trans[(128, 1, 8)]
[Tue Dec  2 14:25:22 2025] >> [t:352] (r:-0.033), [f:   100/1000], inf[8.0e+12], comp[2.6e+13](128, 1, 8), Q(519, 0, 0, 0), Trans[(128, 1, 8)]
[Tue Dec  2 14:25:22 2025] >> [t:353] (r:-0.033), [f:   100/1000], inf[8.0e+12], comp[2.6e+13](128, 1, 8), Q(516, 0, 0, 0), Trans[(128, 1, 8)]
[Tue Dec  2 14:25:22 2025] >> [t:354] (r:-0.033), [f:   100/1000], inf[8.0e+12], comp[2.6e+13](128, 1, 8), Q(513, 0, 0, 0), Trans[(128, 1, 8)]
[Tue Dec  2 14:25:22 2025] >> [t:355] (r:-0.033), [f:   100/1000], inf[8.0e+12], comp[2.6e+13](128, 1, 8), Q(513, 0, 0, 0), Trans[(128, 1, 8)]
[Tue Dec  2 14:25:22 2025] >> [t:356] (r:-0.033), [f:   100/1000], inf[8.0e+12], comp[2.6e+13](128, 1, 8), Q(510, 0, 0, 0), Trans[(128, 1, 8)]
[Tue Dec  2 14:25:22 2025] >> [t:357] (r:-0.033), [f:   100/1000], inf[8.0e+12], comp[2.6e+13](128, 1, 8), Q(508, 0, 0, 0), Trans[(128, 1, 8)]
[Tue Dec  2 14:25:22 2025] >> [t:358] (r:-0.033), [f:   100/1000], inf[8.0e+12], comp[2.6e+13](128, 1, 8), Q(508, 0, 0, 0), Trans[(128, 1, 8)]
[Tue Dec  2 14:25:22 2025] >> [t:359] (r:-0.033), [f:   100/1000], inf[8.0e+12], comp[2.6e+13](128, 1, 8), Q(507, 0, 0, 0), Trans[(128, 1, 8)]
[Tue Dec  2 14:25:22 2025] >> [t:360] (r:-0.033), [f:   100/1000], inf[8.0e+12], comp[2.6e+13](128, 1, 8), Q(507, 0, 0, 0), Trans[(128, 1, 8)]
[Tue Dec  2 14:25:22 2025] >> [t:361] (r:-0.033), [f:   100/1000], inf[8.0e+12], comp[2.6e+13](128, 1, 8), Q(504, 0, 0, 0), Trans[(128, 1, 8)]
[Tue Dec  2 14:25:22 2025] >> [t:362] (r:-0.033), [f:   100/1000], inf[8.0e+12], comp[2.6e+13](128, 1, 8), Q(504, 0, 0, 0), Trans[(128, 1, 8)]
[Tue Dec  2 14:25:22 2025] >> [t:363] (r:-0.033), [f:   100/1000], inf[8.0e+12], comp[2.6e+13](128, 1, 8), Q(503, 0, 0, 0), Trans[(128, 1, 8)]
[Tue Dec  2 14:25:22 2025] >> [t:364] (r:-0.033), [f:   100/1000], inf[8.0e+12], comp[2.6e+13](128, 1, 8), Q(503, 0, 0, 0), Trans[(128, 1, 8)]
[Tue Dec  2 14:25:22 2025] >> [t:365] (r:-0.033), [f:   100/1000], inf[8.0e+12], comp[2.6e+13](128, 1, 8), Q(503, 0, 0, 0), Trans[(128, 1, 8)]
[Tue Dec  2 14:25:22 2025] >> [t:366] (r:-0.033), [f:   100/1000], inf[8.0e+12], comp[2.6e+13](128, 1, 8), Q(501, 0, 0, 0), Trans[(128, 1, 8)]
[Tue Dec  2 14:25:22 2025] >> [t:367] (r:-0.033), [f:   100/1000], inf[8.0e+12], comp[2.6e+13](128, 1, 8), Q(501, 0, 0, 0), Trans[(128, 1, 8)]
[Tue Dec  2 14:25:22 2025] >> [t:368] (r:-0.033), [f:   100/1000], inf[8.0e+12], comp[2.6e+13](128, 1, 8), Q(499, 0, 0, 0), Trans[(128, 1, 8)]
[Tue Dec  2 14:25:22 2025] >> [t:369] (r:-0.033), [f:   100/1000], inf[8.0e+12], comp[2.6e+13](128, 1, 8), Q(499, 0, 0, 0), Trans[(128, 1, 8)]
[Tue Dec  2 14:25:22 2025] >> [t:370] (r:-0.033), [f:   100/1000], inf[8.0e+12], comp[2.6e+13](128, 1, 8), Q(496, 0, 0, 0), Trans[(128, 1, 8)]
[Tue Dec  2 14:25:22 2025] >> [t:371] (r:-0.033), [f:   100/1000], inf[8.0e+12], comp[2.6e+13](128, 1, 8), Q(496, 0, 0, 0), Trans[(128, 1, 8)]
[Tue Dec  2 14:25:22 2025] >> [t:372] (r:-0.033), [f:   100/1000], inf[8.0e+12], comp[2.6e+13](128, 1, 8), Q(495, 0, 0, 0), Trans[(128, 1, 8)]
[Tue Dec  2 14:25:22 2025] >> [t:373] (r:-0.033), [f:   100/1000], inf[8.0e+12], comp[2.6e+13](128, 1, 8), Q(493, 0, 0, 0), Trans[(128, 1, 8)]
[Tue Dec  2 14:25:22 2025] >> [t:374] (r:-0.033), [f:   100/1000], inf[8.0e+12], comp[2.6e+13](128, 1, 8), Q(493, 0, 0, 0), Trans[(128, 1, 8)]
[Tue Dec  2 14:25:22 2025] >> [t:375] (r:-0.033), [f:   100/1000], inf[8.0e+12], comp[2.6e+13](128, 1, 8), Q(492, 0, 0, 0), Trans[(128, 1, 8)]
[Tue Dec  2 14:25:22 2025] >> [t:376] (r:-0.033), [f:   100/1000], inf[8.0e+12], comp[2.6e+13](128, 1, 8), Q(492, 0, 0, 0), Trans[(128, 1, 8)]
[Tue Dec  2 14:25:22 2025] >> [t:377] (r:-0.033), [f:   100/1000], inf[8.0e+12], comp[2.6e+13](128, 1, 8), Q(491, 0, 0, 0), Trans[(128, 1, 8)]
[Tue Dec  2 14:25:22 2025] >> [t:378] (r:-0.033), [f:   100/1000], inf[8.0e+12], comp[2.6e+13](128, 1, 8), Q(491, 0, 0, 0), Trans[(128, 1, 8)]
[Tue Dec  2 14:25:22 2025] >> [t:379] (r:-0.033), [f:   100/1000], inf[8.0e+12], comp[2.6e+13](128, 1, 8), Q(490, 0, 0, 0), Trans[(128, 1, 8)]
[Tue Dec  2 14:25:22 2025] >> [t:380] (r:-0.033), [f:   100/1000], inf[8.0e+12], comp[2.6e+13](128, 1, 8), Q(490, 0, 0, 0), Trans[(128, 1, 8)]
[Tue Dec  2 14:25:22 2025] >> [t:381] (r:-0.033), [f:   100/1000], inf[8.0e+12], comp[2.6e+13](128, 1, 8), Q(490, 0, 0, 0), Trans[(128, 1, 8)]
[Tue Dec  2 14:25:22 2025] >> [t:382] (r:-0.033), [f:   100/1000], inf[8.0e+12], comp[2.6e+13](128, 1, 8), Q(488, 0, 0, 0), Trans[(128, 1, 8)]
[Tue Dec  2 14:25:22 2025] >> [t:383] (r:-0.033), [f:   100/1000], inf[8.0e+12], comp[2.6e+13](128, 1, 8), Q(488, 0, 0, 0), Trans[(128, 1, 8)]
[Tue Dec  2 14:25:22 2025] >> [t:384] (r:-0.033), [f:   100/1000], inf[8.0e+12], comp[2.6e+13](128, 1, 8), Q(487, 0, 0, 0), Trans[(128, 1, 8)]
[Tue Dec  2 14:25:22 2025] >> [t:385] (r:-0.033), [f:   100/1000], inf[8.0e+12], comp[2.6e+13](128, 1, 8), Q(486, 0, 0, 0), Trans[(128, 1, 8)]
[Tue Dec  2 14:25:22 2025] >> [t:386] (r:-0.033), [f:   100/1000], inf[8.0e+12], comp[2.6e+13](128, 1, 8), Q(486, 0, 0, 0), Trans[(128, 1, 8)]
[Tue Dec  2 14:25:22 2025] >> [t:387] (r:-0.033), [f:   100/1000], inf[8.0e+12], comp[2.6e+13](128, 1, 8), Q(486, 0, 0, 0), Trans[(128, 1, 8)]
[Tue Dec  2 14:25:22 2025] >> [t:388] (r:-0.033), [f:   100/1000], inf[8.0e+12], comp[2.6e+13](128, 1, 8), Q(484, 0, 0, 0), Trans[(128, 1, 8)]
[Tue Dec  2 14:25:22 2025] >> [t:389] (r:-0.033), [f:   100/1000], inf[8.0e+12], comp[2.6e+13](128, 1, 8), Q(484, 0, 0, 0), Trans[(128, 1, 8)]
[Tue Dec  2 14:25:22 2025] >> [t:390] (r:-0.033), [f:   100/1000], inf[8.0e+12], comp[2.6e+13](128, 1, 8), Q(483, 0, 0, 0), Trans[(128, 1, 8)]
[Tue Dec  2 14:25:22 2025] >> [t:391] (r:-0.033), [f:   100/1000], inf[8.0e+12], comp[2.6e+13](128, 1, 8), Q(482, 0, 0, 0), Trans[(128, 1, 8)]
[Tue Dec  2 14:25:22 2025] >> [t:392] (r:-0.033), [f:   100/1000], inf[8.0e+12], comp[2.6e+13](128, 1, 8), Q(481, 0, 0, 0), Trans[(128, 1, 8)]
[Tue Dec  2 14:25:22 2025] >> [t:393] (r:-0.033), [f:   100/1000], inf[8.0e+12], comp[2.6e+13](128, 1, 8), Q(481, 0, 0, 0), Trans[(128, 1, 8)]
[Tue Dec  2 14:25:22 2025] >> [t:394] (r:-0.033), [f:   100/1000], inf[8.0e+12], comp[2.6e+13](128, 1, 8), Q(481, 0, 0, 0), Trans[(128, 1, 8)]
[Tue Dec  2 14:25:22 2025] >> [t:395] (r:-0.033), [f:   100/1000], inf[8.0e+12], comp[2.6e+13](128, 1, 8), Q(481, 0, 0, 0), Trans[(128, 1, 8)]
[Tue Dec  2 14:25:22 2025] >> [t:396] (r:-0.033), [f:   100/1000], inf[8.0e+12], comp[2.6e+13](128, 1, 8), Q(479, 0, 0, 0), Trans[(128, 1, 8)]
[Tue Dec  2 14:25:22 2025] >> [t:397] (r:-0.033), [f:   100/1000], inf[8.0e+12], comp[2.6e+13](128, 1, 8), Q(479, 0, 0, 0), Trans[(128, 1, 8)]
[Tue Dec  2 14:25:22 2025] >> [t:398] (r:-0.033), [f:   100/1000], inf[8.0e+12], comp[2.6e+13](128, 1, 8), Q(478, 0, 0, 0), Trans[(128, 1, 8)]
[Tue Dec  2 14:25:22 2025] >> [t:399] (r:-0.033), [f:   100/1000], inf[8.0e+12], comp[2.6e+13](128, 1, 8), Q(478, 0, 0, 0), Trans[(128, 1, 8)]
[Tue Dec  2 14:25:22 2025] >> [t:400] (r:-0.033), [f:   100/1000], inf[8.0e+12], comp[2.6e+13](128, 1, 8), Q(477, 0, 0, 0), Trans[(128, 1, 8)]
[Tue Dec  2 14:25:22 2025] >> [t:401] (r:-0.033), [f:   100/1000], inf[8.0e+12], comp[2.6e+13](128, 1, 8), Q(476, 0, 0, 0), Trans[(128, 1, 8)]
[Tue Dec  2 14:25:22 2025] >> [t:402] (r:-0.033), [f:   100/1000], inf[8.0e+12], comp[2.6e+13](128, 1, 8), Q(475, 0, 0, 0), Trans[(128, 1, 8)]
[Tue Dec  2 14:25:22 2025] >> [t:403] (r:-0.033), [f:   100/1000], inf[8.0e+12], comp[2.6e+13](128, 1, 8), Q(474, 0, 0, 0), Trans[(128, 1, 8)]
[Tue Dec  2 14:25:22 2025] >> [t:404] (r:-0.033), [f:   100/1000], inf[8.0e+12], comp[2.6e+13](128, 1, 8), Q(473, 0, 0, 0), Trans[(128, 1, 8)]
[Tue Dec  2 14:25:22 2025] >> [t:405] (r:-0.033), [f:   100/1000], inf[8.0e+12], comp[2.6e+13](128, 1, 8), Q(471, 0, 0, 0), Trans[(128, 1, 8)]
[Tue Dec  2 14:25:22 2025] >> [t:406] (r:-0.033), [f:   100/1000], inf[8.0e+12], comp[2.6e+13](128, 1, 8), Q(471, 0, 0, 0), Trans[(128, 1, 8)]
[Tue Dec  2 14:25:22 2025] >> [t:407] (r:-0.033), [f:   100/1000], inf[8.0e+12], comp[2.6e+13](128, 1, 8), Q(470, 0, 0, 0), Trans[(128, 1, 8)]
[Tue Dec  2 14:25:22 2025] >> [t:408] (r:-0.033), [f:   100/1000], inf[8.0e+12], comp[2.6e+13](128, 1, 8), Q(469, 0, 0, 0), Trans[(128, 1, 8)]
[Tue Dec  2 14:25:22 2025] >> [t:409] (r:-0.033), [f:   100/1000], inf[8.0e+12], comp[2.6e+13](128, 1, 8), Q(466, 0, 0, 0), Trans[(128, 1, 8)]
[Tue Dec  2 14:25:22 2025] >> [t:410] (r:-0.033), [f:   100/1000], inf[8.0e+12], comp[2.6e+13](128, 1, 8), Q(463, 0, 0, 0), Trans[(128, 1, 8)]
[Tue Dec  2 14:25:22 2025] >> [t:411] (r:-0.033), [f:   100/1000], inf[8.0e+12], comp[2.6e+13](128, 1, 8), Q(462, 0, 0, 0), Trans[(128, 1, 8)]
[Tue Dec  2 14:25:22 2025] >> [t:412] (r:-0.033), [f:   100/1000], inf[8.0e+12], comp[2.6e+13](128, 1, 8), Q(462, 0, 0, 0), Trans[(128, 1, 8)]
[Tue Dec  2 14:25:22 2025] >> [t:413] (r:-0.033), [f:   100/1000], inf[8.0e+12], comp[2.6e+13](128, 1, 8), Q(460, 0, 0, 0), Trans[(128, 1, 8)]
[Tue Dec  2 14:25:22 2025] >> [t:414] (r:-0.033), [f:   100/1000], inf[8.0e+12], comp[2.6e+13](128, 1, 8), Q(460, 0, 0, 0), Trans[(128, 1, 8)]
[Tue Dec  2 14:25:22 2025] >> [t:415] (r:-0.033), [f:   100/1000], inf[8.0e+12], comp[2.6e+13](128, 1, 8), Q(459, 0, 0, 0), Trans[(128, 1, 8)]
[Tue Dec  2 14:25:22 2025] >> [t:416] (r:-0.033), [f:   100/1000], inf[8.0e+12], comp[2.6e+13](128, 1, 8), Q(458, 0, 0, 0), Trans[(128, 1, 8)]
[Tue Dec  2 14:25:22 2025] >> [t:417] (r:-0.033), [f:   100/1000], inf[8.0e+12], comp[2.6e+13](128, 1, 8), Q(457, 0, 0, 0), Trans[(128, 1, 8)]
[Tue Dec  2 14:25:22 2025] >> [t:418] (r:-0.033), [f:   100/1000], inf[8.0e+12], comp[2.6e+13](128, 1, 8), Q(453, 1, 0, 0), Trans[(128, 1, 8)]
[Tue Dec  2 14:25:22 2025] >> [t:419] (r:-0.033), [f:   100/1000], inf[2.7e+13], comp[2.6e+13](128, 4, 8), Q(453, 0, 0, 0), Trans[(128, 4, 8)]
[Tue Dec  2 14:25:22 2025] >> [t:420] (r:-0.033), [f:   100/1000], inf[2.7e+13], comp[2.6e+13](128, 4, 8), Q(453, 0, 0, 0), Trans[(128, 4, 8)]
[Tue Dec  2 14:25:22 2025] >> [t:421] (r:-0.033), [f:   100/1000], inf[2.7e+13], comp[2.6e+13](128, 4, 8), Q(453, 0, 0, 0), Trans[(128, 4, 8)]
[Tue Dec  2 14:25:22 2025] >> [t:422] (r:-0.033), [f:   100/1000], inf[2.7e+13], comp[2.6e+13](128, 4, 8), Q(453, 0, 0, 0), Trans[(128, 4, 8)]
[Tue Dec  2 14:25:22 2025] >> [t:423] (r:-0.033), [f:   100/1000], inf[2.7e+13], comp[2.6e+13](128, 4, 8), Q(452, 1, 0, 0), Trans[(128, 4, 8)]
[Tue Dec  2 14:25:22 2025] >> [t:424] (r:-0.033), [f:   100/1000], inf[2.7e+13], comp[2.6e+13](128, 4, 8), Q(451, 1, 0, 0), Trans[(128, 4, 8)]
[Tue Dec  2 14:25:22 2025] >> [t:425] (r:-0.033), [f:   100/1000], inf[2.7e+13], comp[2.6e+13](128, 4, 8), Q(449, 2, 0, 0), Trans[(128, 4, 8)]
[Tue Dec  2 14:25:22 2025] >> [t:426] (r:-0.033), [f:   100/1000], inf[2.7e+13], comp[2.6e+13](128, 4, 8), Q(448, 2, 0, 0), Trans[(128, 4, 8)]
[Tue Dec  2 14:25:22 2025] >> [t:427] (r:-0.033), [f:   100/1000], inf[2.7e+13], comp[2.6e+13](128, 4, 8), Q(445, 4, 0, 0), Trans[(128, 4, 8)]
[Tue Dec  2 14:25:22 2025] >> [t:428] (r:-0.238), [f:   500/1000], inf[8.0e+12], comp[1.3e+14](128, 1, 8), Q(445, 0, 0, 0), Trans[(128, 1, 8)]
[Tue Dec  2 14:25:22 2025] >> [t:429] (r:-0.033), [f:   100/1000], inf[8.0e+12], comp[2.6e+13](128, 1, 8), Q(445, 0, 0, 0), Trans[(128, 1, 8)]
[Tue Dec  2 14:25:22 2025] >> [t:430] (r:-0.033), [f:   100/1000], inf[8.0e+12], comp[2.6e+13](128, 1, 8), Q(444, 0, 0, 0), Trans[(128, 1, 8)]
[Tue Dec  2 14:25:22 2025] >> [t:431] (r:-0.033), [f:   100/1000], inf[8.0e+12], comp[2.6e+13](128, 1, 8), Q(444, 0, 0, 0), Trans[(128, 1, 8)]
[Tue Dec  2 14:25:22 2025] >> [t:432] (r:-0.033), [f:   100/1000], inf[8.0e+12], comp[2.6e+13](128, 1, 8), Q(443, 0, 0, 0), Trans[(128, 1, 8)]
[Tue Dec  2 14:25:22 2025] >> [t:433] (r:-0.033), [f:   100/1000], inf[8.0e+12], comp[2.6e+13](128, 1, 8), Q(441, 0, 0, 0), Trans[(128, 1, 8)]
[Tue Dec  2 14:25:22 2025] >> [t:434] (r:-0.033), [f:   100/1000], inf[8.0e+12], comp[2.6e+13](128, 1, 8), Q(441, 0, 0, 0), Trans[(128, 1, 8)]
[Tue Dec  2 14:25:22 2025] >> [t:435] (r:-0.033), [f:   100/1000], inf[8.0e+12], comp[2.6e+13](128, 1, 8), Q(441, 0, 0, 0), Trans[(128, 1, 8)]
[Tue Dec  2 14:25:22 2025] >> [t:436] (r:-0.033), [f:   100/1000], inf[8.0e+12], comp[2.6e+13](128, 1, 8), Q(441, 0, 0, 0), Trans[(128, 1, 8)]
[Tue Dec  2 14:25:22 2025] >> [t:437] (r:-0.033), [f:   100/1000], inf[8.0e+12], comp[2.6e+13](128, 1, 8), Q(441, 0, 0, 0), Trans[(128, 1, 8)]
[Tue Dec  2 14:25:22 2025] >> [t:438] (r:-0.033), [f:   100/1000], inf[8.0e+12], comp[2.6e+13](128, 1, 8), Q(440, 0, 0, 0), Trans[(128, 1, 8)]
[Tue Dec  2 14:25:22 2025] >> [t:439] (r:-0.033), [f:   100/1000], inf[8.0e+12], comp[2.6e+13](128, 1, 8), Q(440, 0, 0, 0), Trans[(128, 1, 8)]
[Tue Dec  2 14:25:22 2025] >> [t:440] (r:-0.033), [f:   100/1000], inf[8.0e+12], comp[2.6e+13](128, 1, 8), Q(437, 0, 0, 0), Trans[(128, 1, 8)]
[Tue Dec  2 14:25:22 2025] >> [t:441] (r:-0.033), [f:   100/1000], inf[8.0e+12], comp[2.6e+13](128, 1, 8), Q(436, 0, 0, 0), Trans[(128, 1, 8)]
[Tue Dec  2 14:25:22 2025] >> [t:442] (r:-0.033), [f:   100/1000], inf[8.0e+12], comp[2.6e+13](128, 1, 8), Q(434, 0, 0, 0), Trans[(128, 1, 8)]
[Tue Dec  2 14:25:22 2025] >> [t:443] (r:-0.033), [f:   100/1000], inf[8.0e+12], comp[2.6e+13](128, 1, 8), Q(433, 0, 0, 0), Trans[(128, 1, 8)]
[Tue Dec  2 14:25:22 2025] >> [t:444] (r:-0.033), [f:   100/1000], inf[8.0e+12], comp[2.6e+13](128, 1, 8), Q(432, 0, 0, 0), Trans[(128, 1, 8)]
[Tue Dec  2 14:25:22 2025] >> [t:445] (r:-0.033), [f:   100/1000], inf[8.0e+12], comp[2.6e+13](128, 1, 8), Q(431, 0, 0, 0), Trans[(128, 1, 8)]
[Tue Dec  2 14:25:22 2025] >> [t:446] (r:-0.033), [f:   100/1000], inf[8.0e+12], comp[2.6e+13](128, 1, 8), Q(431, 0, 0, 0), Trans[(128, 1, 8)]
[Tue Dec  2 14:25:22 2025] >> [t:447] (r:-0.033), [f:   100/1000], inf[8.0e+12], comp[2.6e+13](128, 1, 8), Q(431, 0, 0, 0), Trans[(128, 1, 8)]
[Tue Dec  2 14:25:22 2025] >> [t:448] (r:-0.033), [f:   100/1000], inf[8.0e+12], comp[2.6e+13](128, 1, 8), Q(429, 0, 0, 0), Trans[(128, 1, 8)]
[Tue Dec  2 14:25:22 2025] >> [t:449] (r:-0.033), [f:   100/1000], inf[8.0e+12], comp[2.6e+13](128, 1, 8), Q(429, 0, 0, 0), Trans[(128, 1, 8)]
[Tue Dec  2 14:25:22 2025] >> [t:450] (r:-0.033), [f:   100/1000], inf[8.0e+12], comp[2.6e+13](128, 1, 8), Q(427, 0, 0, 0), Trans[(128, 1, 8)]
[Tue Dec  2 14:25:22 2025] >> [t:451] (r:-0.033), [f:   100/1000], inf[8.0e+12], comp[2.6e+13](128, 1, 8), Q(426, 0, 0, 0), Trans[(128, 1, 8)]
[Tue Dec  2 14:25:22 2025] >> [t:452] (r:-0.033), [f:   100/1000], inf[8.0e+12], comp[2.6e+13](128, 1, 8), Q(426, 0, 0, 0), Trans[(128, 1, 8)]
[Tue Dec  2 14:25:22 2025] >> [t:453] (r:-0.033), [f:   100/1000], inf[8.0e+12], comp[2.6e+13](128, 1, 8), Q(424, 0, 0, 0), Trans[(128, 1, 8)]
[Tue Dec  2 14:25:22 2025] >> [t:454] (r:-0.033), [f:   100/1000], inf[8.0e+12], comp[2.6e+13](128, 1, 8), Q(424, 0, 0, 0), Trans[(128, 1, 8)]
[Tue Dec  2 14:25:22 2025] >> [t:455] (r:-0.033), [f:   100/1000], inf[8.0e+12], comp[2.6e+13](128, 1, 8), Q(424, 0, 0, 0), Trans[(128, 1, 8)]
[Tue Dec  2 14:25:22 2025] >> [t:456] (r:-0.033), [f:   100/1000], inf[8.0e+12], comp[2.6e+13](128, 1, 8), Q(422, 0, 0, 0), Trans[(128, 1, 8)]
[Tue Dec  2 14:25:22 2025] >> [t:457] (r:-0.033), [f:   100/1000], inf[8.0e+12], comp[2.6e+13](128, 1, 8), Q(422, 0, 0, 0), Trans[(128, 1, 8)]
[Tue Dec  2 14:25:22 2025] >> [t:458] (r:-0.033), [f:   100/1000], inf[8.0e+12], comp[2.6e+13](128, 1, 8), Q(420, 0, 0, 0), Trans[(128, 1, 8)]
[Tue Dec  2 14:25:22 2025] >> [t:459] (r:-0.033), [f:   100/1000], inf[8.0e+12], comp[2.6e+13](128, 1, 8), Q(419, 0, 0, 0), Trans[(128, 1, 8)]
[Tue Dec  2 14:25:22 2025] >> [t:460] (r:-0.033), [f:   100/1000], inf[8.0e+12], comp[2.6e+13](128, 1, 8), Q(419, 0, 0, 0), Trans[(128, 1, 8)]
[Tue Dec  2 14:25:22 2025] >> [t:461] (r:-0.033), [f:   100/1000], inf[8.0e+12], comp[2.6e+13](128, 1, 8), Q(418, 0, 0, 0), Trans[(128, 1, 8)]
[Tue Dec  2 14:25:22 2025] >> [t:462] (r:-0.033), [f:   100/1000], inf[8.0e+12], comp[2.6e+13](128, 1, 8), Q(417, 0, 0, 0), Trans[(128, 1, 8)]
[Tue Dec  2 14:25:22 2025] >> [t:463] (r:-0.033), [f:   100/1000], inf[8.0e+12], comp[2.6e+13](128, 1, 8), Q(416, 0, 0, 0), Trans[(128, 1, 8)]
[Tue Dec  2 14:25:22 2025] >> [t:464] (r:-0.033), [f:   100/1000], inf[8.0e+12], comp[2.6e+13](128, 1, 8), Q(414, 0, 0, 0), Trans[(128, 1, 8)]
[Tue Dec  2 14:25:22 2025] >> [t:465] (r:-0.033), [f:   100/1000], inf[8.0e+12], comp[2.6e+13](128, 1, 8), Q(412, 0, 0, 0), Trans[(128, 1, 8)]
[Tue Dec  2 14:25:22 2025] >> [t:466] (r:-0.033), [f:   100/1000], inf[8.0e+12], comp[2.6e+13](128, 1, 8), Q(412, 0, 0, 0), Trans[(128, 1, 8)]
[Tue Dec  2 14:25:22 2025] >> [t:467] (r:-0.033), [f:   100/1000], inf[8.0e+12], comp[2.6e+13](128, 1, 8), Q(412, 0, 0, 0), Trans[(128, 1, 8)]
[Tue Dec  2 14:25:22 2025] >> [t:468] (r:-0.033), [f:   100/1000], inf[8.0e+12], comp[2.6e+13](128, 1, 8), Q(412, 0, 0, 0), Trans[(128, 1, 8)]
[Tue Dec  2 14:25:22 2025] >> [t:469] (r:-0.033), [f:   100/1000], inf[8.0e+12], comp[2.6e+13](128, 1, 8), Q(412, 0, 0, 0), Trans[(128, 1, 8)]
[Tue Dec  2 14:25:22 2025] >> [t:470] (r:-0.033), [f:   100/1000], inf[8.0e+12], comp[2.6e+13](128, 1, 8), Q(412, 0, 0, 0), Trans[(128, 1, 8)]
[Tue Dec  2 14:25:22 2025] >> [t:471] (r:-0.033), [f:   100/1000], inf[8.0e+12], comp[2.6e+13](128, 1, 8), Q(411, 0, 0, 0), Trans[(128, 1, 8)]
[Tue Dec  2 14:25:22 2025] >> [t:472] (r:-0.033), [f:   100/1000], inf[8.0e+12], comp[2.6e+13](128, 1, 8), Q(410, 0, 0, 0), Trans[(128, 1, 8)]
[Tue Dec  2 14:25:22 2025] >> [t:473] (r:-0.033), [f:   100/1000], inf[8.0e+12], comp[2.6e+13](128, 1, 8), Q(408, 0, 0, 0), Trans[(128, 1, 8)]
[Tue Dec  2 14:25:22 2025] >> [t:474] (r:-0.033), [f:   100/1000], inf[8.0e+12], comp[2.6e+13](128, 1, 8), Q(407, 0, 0, 0), Trans[(128, 1, 8)]
[Tue Dec  2 14:25:22 2025] >> [t:475] (r:-0.033), [f:   100/1000], inf[8.0e+12], comp[2.6e+13](128, 1, 8), Q(405, 0, 0, 0), Trans[(128, 1, 8)]
[Tue Dec  2 14:25:22 2025] >> [t:476] (r:-0.033), [f:   100/1000], inf[8.0e+12], comp[2.6e+13](128, 1, 8), Q(404, 0, 0, 0), Trans[(128, 1, 8)]
[Tue Dec  2 14:25:22 2025] >> [t:477] (r:-0.033), [f:   100/1000], inf[8.0e+12], comp[2.6e+13](128, 1, 8), Q(404, 0, 0, 0), Trans[(128, 1, 8)]
[Tue Dec  2 14:25:22 2025] >> [t:478] (r:-0.033), [f:   100/1000], inf[8.0e+12], comp[2.6e+13](128, 1, 8), Q(403, 0, 0, 0), Trans[(128, 1, 8)]
[Tue Dec  2 14:25:22 2025] >> [t:479] (r:-0.033), [f:   100/1000], inf[8.0e+12], comp[2.6e+13](128, 1, 8), Q(403, 0, 0, 0), Trans[(128, 1, 8)]
[Tue Dec  2 14:25:22 2025] >> [t:480] (r:-0.033), [f:   100/1000], inf[8.0e+12], comp[2.6e+13](128, 1, 8), Q(401, 0, 0, 0), Trans[(128, 1, 8)]
[Tue Dec  2 14:25:22 2025] >> [t:481] (r:-0.033), [f:   100/1000], inf[8.0e+12], comp[2.6e+13](128, 1, 8), Q(398, 0, 0, 0), Trans[(128, 1, 8)]
[Tue Dec  2 14:25:22 2025] >> [t:482] (r:-0.033), [f:   100/1000], inf[8.0e+12], comp[2.6e+13](128, 1, 8), Q(398, 0, 0, 0), Trans[(128, 1, 8)]
[Tue Dec  2 14:25:22 2025] >> [t:483] (r:-0.033), [f:   100/1000], inf[8.0e+12], comp[2.6e+13](128, 1, 8), Q(398, 0, 0, 0), Trans[(128, 1, 8)]
[Tue Dec  2 14:25:22 2025] >> [t:484] (r:-0.033), [f:   100/1000], inf[8.0e+12], comp[2.6e+13](128, 1, 8), Q(397, 0, 0, 0), Trans[(128, 1, 8)]
[Tue Dec  2 14:25:22 2025] >> [t:485] (r:-0.033), [f:   100/1000], inf[8.0e+12], comp[2.6e+13](128, 1, 8), Q(397, 0, 0, 0), Trans[(128, 1, 8)]
[Tue Dec  2 14:25:22 2025] >> [t:486] (r:-0.033), [f:   100/1000], inf[8.0e+12], comp[2.6e+13](128, 1, 8), Q(396, 0, 0, 0), Trans[(128, 1, 8)]
[Tue Dec  2 14:25:22 2025] >> [t:487] (r:-0.033), [f:   100/1000], inf[8.0e+12], comp[2.6e+13](128, 1, 8), Q(396, 0, 0, 0), Trans[(128, 1, 8)]
[Tue Dec  2 14:25:22 2025] >> [t:488] (r:-0.033), [f:   100/1000], inf[8.0e+12], comp[2.6e+13](128, 1, 8), Q(394, 0, 0, 0), Trans[(128, 1, 8)]
[Tue Dec  2 14:25:22 2025] >> [t:489] (r:-0.033), [f:   100/1000], inf[8.0e+12], comp[2.6e+13](128, 1, 8), Q(393, 0, 0, 0), Trans[(128, 1, 8)]
[Tue Dec  2 14:25:22 2025] >> [t:490] (r:-0.033), [f:   100/1000], inf[8.0e+12], comp[2.6e+13](128, 1, 8), Q(393, 0, 0, 0), Trans[(128, 1, 8)]
[Tue Dec  2 14:25:22 2025] >> [t:491] (r:-0.033), [f:   100/1000], inf[8.0e+12], comp[2.6e+13](128, 1, 8), Q(391, 0, 0, 0), Trans[(128, 1, 8)]
[Tue Dec  2 14:25:22 2025] >> [t:492] (r:-0.033), [f:   100/1000], inf[8.0e+12], comp[2.6e+13](128, 1, 8), Q(391, 0, 0, 0), Trans[(128, 1, 8)]
[Tue Dec  2 14:25:22 2025] >> [t:493] (r:-0.033), [f:   100/1000], inf[8.0e+12], comp[2.6e+13](128, 1, 8), Q(390, 0, 0, 0), Trans[(128, 1, 8)]
[Tue Dec  2 14:25:22 2025] >> [t:494] (r:-0.033), [f:   100/1000], inf[8.0e+12], comp[2.6e+13](128, 1, 8), Q(390, 0, 0, 0), Trans[(128, 1, 8)]
[Tue Dec  2 14:25:22 2025] >> [t:495] (r:-0.033), [f:   100/1000], inf[8.0e+12], comp[2.6e+13](128, 1, 8), Q(389, 0, 0, 0), Trans[(128, 1, 8)]
[Tue Dec  2 14:25:22 2025] >> [t:496] (r:-0.033), [f:   100/1000], inf[8.0e+12], comp[2.6e+13](128, 1, 8), Q(388, 0, 0, 0), Trans[(128, 1, 8)]
[Tue Dec  2 14:25:22 2025] >> [t:497] (r:-0.033), [f:   100/1000], inf[8.0e+12], comp[2.6e+13](128, 1, 8), Q(388, 0, 0, 0), Trans[(128, 1, 8)]
[Tue Dec  2 14:25:22 2025] >> [t:498] (r:-0.033), [f:   100/1000], inf[8.0e+12], comp[2.6e+13](128, 1, 8), Q(387, 0, 0, 0), Trans[(128, 1, 8)]
[Tue Dec  2 14:25:22 2025] >> [t:499] (r:-0.033), [f:   100/1000], inf[8.0e+12], comp[2.6e+13](128, 1, 8), Q(387, 0, 0, 0), Trans[(128, 1, 8)]
[Tue Dec  2 14:25:22 2025] >> [t:500] (r:-0.033), [f:   100/1000], inf[8.0e+12], comp[2.6e+13](128, 1, 8), Q(387, 0, 0, 0), Trans[(128, 1, 8)]
[Tue Dec  2 14:25:22 2025] >> [t:501] (r:-0.033), [f:   100/1000], inf[8.0e+12], comp[2.6e+13](128, 1, 8), Q(387, 0, 0, 0), Trans[(128, 1, 8)]
[Tue Dec  2 14:25:22 2025] >> [t:502] (r:-0.033), [f:   100/1000], inf[8.0e+12], comp[2.6e+13](128, 1, 8), Q(386, 0, 0, 0), Trans[(128, 1, 8)]
[Tue Dec  2 14:25:22 2025] >> [t:503] (r:-0.033), [f:   100/1000], inf[8.0e+12], comp[2.6e+13](128, 1, 8), Q(386, 0, 0, 0), Trans[(128, 1, 8)]
[Tue Dec  2 14:25:22 2025] >> [t:504] (r:-0.033), [f:   100/1000], inf[8.0e+12], comp[2.6e+13](128, 1, 8), Q(386, 0, 0, 0), Trans[(128, 1, 8)]
[Tue Dec  2 14:25:22 2025] >> [t:505] (r:-0.033), [f:   100/1000], inf[8.0e+12], comp[2.6e+13](128, 1, 8), Q(386, 0, 0, 0), Trans[(128, 1, 8)]
[Tue Dec  2 14:25:22 2025] >> [t:506] (r:-0.033), [f:   100/1000], inf[8.0e+12], comp[2.6e+13](128, 1, 8), Q(383, 0, 0, 0), Trans[(128, 1, 8)]
[Tue Dec  2 14:25:22 2025] >> [t:507] (r:-0.033), [f:   100/1000], inf[8.0e+12], comp[2.6e+13](128, 1, 8), Q(383, 0, 0, 0), Trans[(128, 1, 8)]
[Tue Dec  2 14:25:22 2025] >> [t:508] (r:-0.033), [f:   100/1000], inf[8.0e+12], comp[2.6e+13](128, 1, 8), Q(382, 0, 0, 0), Trans[(128, 1, 8)]
[Tue Dec  2 14:25:22 2025] >> [t:509] (r:-0.033), [f:   100/1000], inf[8.0e+12], comp[2.6e+13](128, 1, 8), Q(382, 0, 0, 0), Trans[(128, 1, 8)]
[Tue Dec  2 14:25:22 2025] >> [t:510] (r:-0.033), [f:   100/1000], inf[8.0e+12], comp[2.6e+13](128, 1, 8), Q(382, 0, 0, 0), Trans[(128, 1, 8)]
[Tue Dec  2 14:25:22 2025] >> [t:511] (r:-0.033), [f:   100/1000], inf[8.0e+12], comp[2.6e+13](128, 1, 8), Q(381, 0, 0, 0), Trans[(128, 1, 8)]
[Tue Dec  2 14:25:22 2025] >> [t:512] (r:-0.033), [f:   100/1000], inf[8.0e+12], comp[2.6e+13](128, 1, 8), Q(381, 0, 0, 0), Trans[(128, 1, 8)]
[Tue Dec  2 14:25:22 2025] >> [t:513] (r:-0.033), [f:   100/1000], inf[8.0e+12], comp[2.6e+13](128, 1, 8), Q(381, 0, 0, 0), Trans[(128, 1, 8)]
[Tue Dec  2 14:25:22 2025] >> [t:514] (r:-0.033), [f:   100/1000], inf[8.0e+12], comp[2.6e+13](128, 1, 8), Q(381, 0, 0, 0), Trans[(128, 1, 8)]
[Tue Dec  2 14:25:22 2025] >> [t:515] (r:-0.033), [f:   100/1000], inf[8.0e+12], comp[2.6e+13](128, 1, 8), Q(381, 0, 0, 0), Trans[(128, 1, 8)]
[Tue Dec  2 14:25:22 2025] >> [t:516] (r:-0.033), [f:   100/1000], inf[8.0e+12], comp[2.6e+13](128, 1, 8), Q(381, 0, 0, 0), Trans[(128, 1, 8)]
[Tue Dec  2 14:25:22 2025] >> [t:517] (r:-0.033), [f:   100/1000], inf[8.0e+12], comp[2.6e+13](128, 1, 8), Q(378, 0, 0, 0), Trans[(128, 1, 8)]
[Tue Dec  2 14:25:22 2025] >> [t:518] (r:-0.033), [f:   100/1000], inf[8.0e+12], comp[2.6e+13](128, 1, 8), Q(377, 0, 0, 0), Trans[(128, 1, 8)]
[Tue Dec  2 14:25:22 2025] >> [t:519] (r:-0.033), [f:   100/1000], inf[8.0e+12], comp[2.6e+13](128, 1, 8), Q(376, 0, 0, 0), Trans[(128, 1, 8)]
[Tue Dec  2 14:25:22 2025] >> [t:520] (r:-0.033), [f:   100/1000], inf[8.0e+12], comp[2.6e+13](128, 1, 8), Q(375, 0, 0, 0), Trans[(128, 1, 8)]
[Tue Dec  2 14:25:22 2025] >> [t:521] (r:-0.033), [f:   100/1000], inf[8.0e+12], comp[2.6e+13](128, 1, 8), Q(374, 0, 0, 0), Trans[(128, 1, 8)]
[Tue Dec  2 14:25:22 2025] >> [t:522] (r:-0.033), [f:   100/1000], inf[8.0e+12], comp[2.6e+13](128, 1, 8), Q(372, 0, 0, 0), Trans[(128, 1, 8)]
[Tue Dec  2 14:25:22 2025] >> [t:523] (r:-0.033), [f:   100/1000], inf[8.0e+12], comp[2.6e+13](128, 1, 8), Q(372, 0, 0, 0), Trans[(128, 1, 8)]
[Tue Dec  2 14:25:22 2025] >> [t:524] (r:-0.033), [f:   100/1000], inf[8.0e+12], comp[2.6e+13](128, 1, 8), Q(371, 0, 0, 0), Trans[(128, 1, 8)]
[Tue Dec  2 14:25:22 2025] >> [t:525] (r:-0.033), [f:   100/1000], inf[8.0e+12], comp[2.6e+13](128, 1, 8), Q(370, 0, 0, 0), Trans[(128, 1, 8)]
[Tue Dec  2 14:25:22 2025] >> [t:526] (r:-0.033), [f:   100/1000], inf[8.0e+12], comp[2.6e+13](128, 1, 8), Q(370, 0, 0, 0), Trans[(128, 1, 8)]
[Tue Dec  2 14:25:22 2025] >> [t:527] (r:-0.033), [f:   100/1000], inf[8.0e+12], comp[2.6e+13](128, 1, 8), Q(366, 1, 0, 0), Trans[(128, 1, 8)]
[Tue Dec  2 14:25:22 2025] >> [t:528] (r:-0.033), [f:   100/1000], inf[2.7e+13], comp[2.6e+13](128, 4, 8), Q(362, 4, 0, 0), Trans[(128, 4, 8)]
[Tue Dec  2 14:25:22 2025] >> [t:529] (r:-0.238), [f:   500/1000], inf[8.0e+12], comp[1.3e+14](128, 1, 8), Q(360, 0, 0, 0), Trans[(128, 1, 8)]
[Tue Dec  2 14:25:22 2025] >> [t:530] (r:-0.033), [f:   100/1000], inf[8.0e+12], comp[2.6e+13](128, 1, 8), Q(358, 0, 0, 0), Trans[(128, 1, 8)]
[Tue Dec  2 14:25:22 2025] >> [t:531] (r:-0.033), [f:   100/1000], inf[8.0e+12], comp[2.6e+13](128, 1, 8), Q(358, 0, 0, 0), Trans[(128, 1, 8)]
[Tue Dec  2 14:25:22 2025] >> [t:532] (r:-0.033), [f:   100/1000], inf[8.0e+12], comp[2.6e+13](128, 1, 8), Q(355, 0, 0, 0), Trans[(128, 1, 8)]
[Tue Dec  2 14:25:22 2025] >> [t:533] (r:-0.033), [f:   100/1000], inf[8.0e+12], comp[2.6e+13](128, 1, 8), Q(354, 0, 0, 0), Trans[(128, 1, 8)]
[Tue Dec  2 14:25:22 2025] >> [t:534] (r:-0.033), [f:   100/1000], inf[8.0e+12], comp[2.6e+13](128, 1, 8), Q(351, 0, 0, 0), Trans[(128, 1, 8)]
[Tue Dec  2 14:25:22 2025] >> [t:535] (r:-0.033), [f:   100/1000], inf[8.0e+12], comp[2.6e+13](128, 1, 8), Q(350, 0, 0, 0), Trans[(128, 1, 8)]
[Tue Dec  2 14:25:22 2025] >> [t:536] (r:-0.033), [f:   100/1000], inf[8.0e+12], comp[2.6e+13](128, 1, 8), Q(349, 0, 0, 0), Trans[(128, 1, 8)]
[Tue Dec  2 14:25:22 2025] >> [t:537] (r:-0.033), [f:   100/1000], inf[8.0e+12], comp[2.6e+13](128, 1, 8), Q(349, 0, 0, 0), Trans[(128, 1, 8)]
[Tue Dec  2 14:25:22 2025] >> [t:538] (r:-0.033), [f:   100/1000], inf[8.0e+12], comp[2.6e+13](128, 1, 8), Q(349, 0, 0, 0), Trans[(128, 1, 8)]
[Tue Dec  2 14:25:22 2025] >> [t:539] (r:-0.033), [f:   100/1000], inf[8.0e+12], comp[2.6e+13](128, 1, 8), Q(349, 0, 0, 0), Trans[(128, 1, 8)]
[Tue Dec  2 14:25:22 2025] >> [t:540] (r:-0.033), [f:   100/1000], inf[8.0e+12], comp[2.6e+13](128, 1, 8), Q(349, 0, 0, 0), Trans[(128, 1, 8)]
[Tue Dec  2 14:25:22 2025] >> [t:541] (r:-0.033), [f:   100/1000], inf[8.0e+12], comp[2.6e+13](128, 1, 8), Q(348, 0, 0, 0), Trans[(128, 1, 8)]
[Tue Dec  2 14:25:22 2025] >> [t:542] (r:-0.033), [f:   100/1000], inf[8.0e+12], comp[2.6e+13](128, 1, 8), Q(348, 0, 0, 0), Trans[(128, 1, 8)]
[Tue Dec  2 14:25:22 2025] >> [t:543] (r:-0.033), [f:   100/1000], inf[8.0e+12], comp[2.6e+13](128, 1, 8), Q(348, 0, 0, 0), Trans[(128, 1, 8)]
[Tue Dec  2 14:25:22 2025] >> [t:544] (r:-0.033), [f:   100/1000], inf[8.0e+12], comp[2.6e+13](128, 1, 8), Q(347, 0, 0, 0), Trans[(128, 1, 8)]
[Tue Dec  2 14:25:22 2025] >> [t:545] (r:-0.033), [f:   100/1000], inf[8.0e+12], comp[2.6e+13](128, 1, 8), Q(346, 0, 0, 0), Trans[(128, 1, 8)]
[Tue Dec  2 14:25:22 2025] >> [t:546] (r:-0.033), [f:   100/1000], inf[8.0e+12], comp[2.6e+13](128, 1, 8), Q(344, 0, 0, 0), Trans[(128, 1, 8)]
[Tue Dec  2 14:25:22 2025] >> [t:547] (r:-0.033), [f:   100/1000], inf[8.0e+12], comp[2.6e+13](128, 1, 8), Q(344, 0, 0, 0), Trans[(128, 1, 8)]
[Tue Dec  2 14:25:22 2025] >> [t:548] (r:-0.033), [f:   100/1000], inf[8.0e+12], comp[2.6e+13](128, 1, 8), Q(342, 0, 0, 0), Trans[(128, 1, 8)]
[Tue Dec  2 14:25:22 2025] >> [t:549] (r:-0.033), [f:   100/1000], inf[8.0e+12], comp[2.6e+13](128, 1, 8), Q(342, 0, 0, 0), Trans[(128, 1, 8)]
[Tue Dec  2 14:25:22 2025] >> [t:550] (r:-0.033), [f:   100/1000], inf[8.0e+12], comp[2.6e+13](128, 1, 8), Q(342, 0, 0, 0), Trans[(128, 1, 8)]
[Tue Dec  2 14:25:22 2025] >> [t:551] (r:-0.033), [f:   100/1000], inf[8.0e+12], comp[2.6e+13](128, 1, 8), Q(339, 0, 0, 0), Trans[(128, 1, 8)]
[Tue Dec  2 14:25:22 2025] >> [t:552] (r:-0.033), [f:   100/1000], inf[8.0e+12], comp[2.6e+13](128, 1, 8), Q(337, 0, 0, 0), Trans[(128, 1, 8)]
[Tue Dec  2 14:25:22 2025] >> [t:553] (r:-0.033), [f:   100/1000], inf[8.0e+12], comp[2.6e+13](128, 1, 8), Q(336, 0, 0, 0), Trans[(128, 1, 8)]
[Tue Dec  2 14:25:22 2025] >> [t:554] (r:-0.033), [f:   100/1000], inf[8.0e+12], comp[2.6e+13](128, 1, 8), Q(336, 0, 0, 0), Trans[(128, 1, 8)]
[Tue Dec  2 14:25:22 2025] >> [t:555] (r:-0.033), [f:   100/1000], inf[8.0e+12], comp[2.6e+13](128, 1, 8), Q(336, 0, 0, 0), Trans[(128, 1, 8)]
[Tue Dec  2 14:25:22 2025] >> [t:556] (r:-0.033), [f:   100/1000], inf[8.0e+12], comp[2.6e+13](128, 1, 8), Q(336, 0, 0, 0), Trans[(128, 1, 8)]
[Tue Dec  2 14:25:22 2025] >> [t:557] (r:-0.033), [f:   100/1000], inf[8.0e+12], comp[2.6e+13](128, 1, 8), Q(335, 0, 0, 0), Trans[(128, 1, 8)]
[Tue Dec  2 14:25:22 2025] >> [t:558] (r:-0.033), [f:   100/1000], inf[8.0e+12], comp[2.6e+13](128, 1, 8), Q(333, 0, 0, 0), Trans[(128, 1, 8)]
[Tue Dec  2 14:25:22 2025] >> [t:559] (r:-0.033), [f:   100/1000], inf[8.0e+12], comp[2.6e+13](128, 1, 8), Q(333, 0, 0, 0), Trans[(128, 1, 8)]
[Tue Dec  2 14:25:22 2025] >> [t:560] (r:-0.033), [f:   100/1000], inf[8.0e+12], comp[2.6e+13](128, 1, 8), Q(329, 1, 0, 0), Trans[(128, 1, 8)]
[Tue Dec  2 14:25:22 2025] >> [t:561] (r:-0.033), [f:   100/1000], inf[2.7e+13], comp[2.6e+13](128, 4, 8), Q(329, 0, 0, 0), Trans[(128, 4, 8)]
[Tue Dec  2 14:25:22 2025] >> [t:562] (r:-0.033), [f:   100/1000], inf[2.7e+13], comp[2.6e+13](128, 4, 8), Q(328, 1, 0, 0), Trans[(128, 4, 8)]
[Tue Dec  2 14:25:22 2025] >> [t:563] (r:-0.033), [f:   100/1000], inf[2.7e+13], comp[2.6e+13](128, 4, 8), Q(328, 0, 0, 0), Trans[(128, 4, 8)]
[Tue Dec  2 14:25:22 2025] >> [t:564] (r:-0.033), [f:   100/1000], inf[2.7e+13], comp[2.6e+13](128, 4, 8), Q(328, 0, 0, 0), Trans[(128, 4, 8)]
[Tue Dec  2 14:25:22 2025] >> [t:565] (r:-0.033), [f:   100/1000], inf[2.7e+13], comp[2.6e+13](128, 4, 8), Q(327, 1, 0, 0), Trans[(128, 4, 8)]
[Tue Dec  2 14:25:22 2025] >> [t:566] (r:-0.033), [f:   100/1000], inf[2.7e+13], comp[2.6e+13](128, 4, 8), Q(326, 1, 0, 0), Trans[(128, 4, 8)]
[Tue Dec  2 14:25:22 2025] >> [t:567] (r:-0.033), [f:   100/1000], inf[2.7e+13], comp[2.6e+13](128, 4, 8), Q(326, 0, 0, 0), Trans[(128, 4, 8)]
[Tue Dec  2 14:25:22 2025] >> [t:568] (r:-0.033), [f:   100/1000], inf[2.7e+13], comp[2.6e+13](128, 4, 8), Q(325, 1, 0, 0), Trans[(128, 4, 8)]
[Tue Dec  2 14:25:22 2025] >> [t:569] (r:-0.033), [f:   100/1000], inf[2.7e+13], comp[2.6e+13](128, 4, 8), Q(325, 0, 0, 0), Trans[(128, 4, 8)]
[Tue Dec  2 14:25:22 2025] >> [t:570] (r:-0.033), [f:   100/1000], inf[2.7e+13], comp[2.6e+13](128, 4, 8), Q(324, 1, 0, 0), Trans[(128, 4, 8)]
[Tue Dec  2 14:25:22 2025] >> [t:571] (r:-0.033), [f:   100/1000], inf[2.7e+13], comp[2.6e+13](128, 4, 8), Q(323, 1, 0, 0), Trans[(128, 4, 8)]
[Tue Dec  2 14:25:22 2025] >> [t:572] (r:-0.033), [f:   100/1000], inf[2.7e+13], comp[2.6e+13](128, 4, 8), Q(323, 0, 0, 0), Trans[(128, 4, 8)]
[Tue Dec  2 14:25:22 2025] >> [t:573] (r:-0.033), [f:   100/1000], inf[2.7e+13], comp[2.6e+13](128, 4, 8), Q(323, 0, 0, 0), Trans[(128, 4, 8)]
[Tue Dec  2 14:25:22 2025] >> [t:574] (r:-0.033), [f:   100/1000], inf[2.7e+13], comp[2.6e+13](128, 4, 8), Q(323, 0, 0, 0), Trans[(128, 4, 8)]
[Tue Dec  2 14:25:22 2025] >> [t:575] (r:-0.033), [f:   100/1000], inf[2.7e+13], comp[2.6e+13](128, 4, 8), Q(321, 2, 0, 0), Trans[(128, 4, 8)]
[Tue Dec  2 14:25:22 2025] >> [t:576] (r:-0.033), [f:   100/1000], inf[2.7e+13], comp[2.6e+13](128, 4, 8), Q(321, 1, 0, 0), Trans[(128, 4, 8)]
[Tue Dec  2 14:25:22 2025] >> [t:577] (r:-0.033), [f:   100/1000], inf[2.7e+13], comp[2.6e+13](128, 4, 8), Q(319, 2, 0, 0), Trans[(128, 4, 8)]
[Tue Dec  2 14:25:22 2025] >> [t:578] (r:-0.033), [f:   100/1000], inf[2.7e+13], comp[2.6e+13](128, 4, 8), Q(318, 2, 0, 0), Trans[(128, 4, 8)]
[Tue Dec  2 14:25:22 2025] >> [t:579] (r:-0.033), [f:   100/1000], inf[2.7e+13], comp[2.6e+13](128, 4, 8), Q(318, 1, 0, 0), Trans[(128, 4, 8)]
[Tue Dec  2 14:25:22 2025] >> [t:580] (r:-0.033), [f:   100/1000], inf[2.7e+13], comp[2.6e+13](128, 4, 8), Q(318, 0, 0, 0), Trans[(128, 4, 8)]
[Tue Dec  2 14:25:22 2025] >> [t:581] (r:-0.033), [f:   100/1000], inf[2.7e+13], comp[2.6e+13](128, 4, 8), Q(317, 1, 0, 0), Trans[(128, 4, 8)]
[Tue Dec  2 14:25:22 2025] >> [t:582] (r:-0.033), [f:   100/1000], inf[2.7e+13], comp[2.6e+13](128, 4, 8), Q(316, 1, 0, 0), Trans[(128, 4, 8)]
[Tue Dec  2 14:25:22 2025] >> [t:583] (r:-0.033), [f:   100/1000], inf[2.7e+13], comp[2.6e+13](128, 4, 8), Q(314, 2, 0, 0), Trans[(128, 4, 8)]
[Tue Dec  2 14:25:22 2025] >> [t:584] (r:-0.033), [f:   100/1000], inf[2.7e+13], comp[2.6e+13](128, 4, 8), Q(313, 2, 0, 0), Trans[(128, 4, 8)]
[Tue Dec  2 14:25:22 2025] >> [t:585] (r:-0.033), [f:   100/1000], inf[2.7e+13], comp[2.6e+13](128, 4, 8), Q(313, 1, 0, 0), Trans[(128, 4, 8)]
[Tue Dec  2 14:25:22 2025] >> [t:586] (r:-0.033), [f:   100/1000], inf[2.7e+13], comp[2.6e+13](128, 4, 8), Q(313, 0, 0, 0), Trans[(128, 4, 8)]
[Tue Dec  2 14:25:22 2025] >> [t:587] (r:-0.033), [f:   100/1000], inf[2.7e+13], comp[2.6e+13](128, 4, 8), Q(310, 3, 0, 0), Trans[(128, 4, 8)]
[Tue Dec  2 14:25:22 2025] >> [t:588] (r:-0.033), [f:   100/1000], inf[2.7e+13], comp[2.6e+13](128, 4, 8), Q(309, 3, 0, 0), Trans[(128, 4, 8)]
[Tue Dec  2 14:25:22 2025] >> [t:589] (r:-0.033), [f:   100/1000], inf[2.7e+13], comp[2.6e+13](128, 4, 8), Q(309, 2, 0, 0), Trans[(128, 4, 8)]
[Tue Dec  2 14:25:22 2025] >> [t:590] (r:-0.033), [f:   100/1000], inf[2.7e+13], comp[2.6e+13](128, 4, 8), Q(307, 3, 0, 0), Trans[(128, 4, 8)]
[Tue Dec  2 14:25:22 2025] >> [t:591] (r:-0.033), [f:   100/1000], inf[2.7e+13], comp[2.6e+13](128, 4, 8), Q(307, 2, 0, 0), Trans[(128, 4, 8)]
[Tue Dec  2 14:25:22 2025] >> [t:592] (r:-0.033), [f:   100/1000], inf[2.7e+13], comp[2.6e+13](128, 4, 8), Q(307, 1, 0, 0), Trans[(128, 4, 8)]
[Tue Dec  2 14:25:22 2025] >> [t:593] (r:-0.033), [f:   100/1000], inf[2.7e+13], comp[2.6e+13](128, 4, 8), Q(306, 1, 0, 0), Trans[(128, 4, 8)]
[Tue Dec  2 14:25:22 2025] >> [t:594] (r:-0.033), [f:   100/1000], inf[2.7e+13], comp[2.6e+13](128, 4, 8), Q(306, 0, 0, 0), Trans[(128, 4, 8)]
[Tue Dec  2 14:25:22 2025] >> [t:595] (r:-0.033), [f:   100/1000], inf[2.7e+13], comp[2.6e+13](128, 4, 8), Q(304, 2, 0, 0), Trans[(128, 4, 8)]
[Tue Dec  2 14:25:22 2025] >> [t:596] (r:-0.033), [f:   100/1000], inf[2.7e+13], comp[2.6e+13](128, 4, 8), Q(304, 1, 0, 0), Trans[(128, 4, 8)]
[Tue Dec  2 14:25:22 2025] >> [t:597] (r:-0.033), [f:   100/1000], inf[2.7e+13], comp[2.6e+13](128, 4, 8), Q(301, 3, 0, 0), Trans[(128, 4, 8)]
[Tue Dec  2 14:25:22 2025] >> [t:598] (r:-0.033), [f:   100/1000], inf[2.7e+13], comp[2.6e+13](128, 4, 8), Q(301, 2, 0, 0), Trans[(128, 4, 8)]
[Tue Dec  2 14:25:22 2025] >> [t:599] (r:-0.033), [f:   100/1000], inf[2.7e+13], comp[2.6e+13](128, 4, 8), Q(301, 1, 0, 0), Trans[(128, 4, 8)]
[Tue Dec  2 14:25:22 2025] >> [t:600] (r:-0.033), [f:   100/1000], inf[2.7e+13], comp[2.6e+13](128, 4, 8), Q(299, 2, 0, 0), Trans[(128, 4, 8)]
[Tue Dec  2 14:25:22 2025] >> [t:601] (r:-0.033), [f:   100/1000], inf[2.7e+13], comp[2.6e+13](128, 4, 8), Q(296, 4, 0, 0), Trans[(128, 4, 8)]
[Tue Dec  2 14:25:22 2025] >> [t:602] (r:-0.238), [f:   500/1000], inf[8.0e+12], comp[1.3e+14](128, 1, 8), Q(296, 0, 0, 0), Trans[(128, 1, 8)]
[Tue Dec  2 14:25:22 2025] >> [t:603] (r:-0.033), [f:   100/1000], inf[8.0e+12], comp[2.6e+13](128, 1, 8), Q(296, 0, 0, 0), Trans[(128, 1, 8)]
[Tue Dec  2 14:25:22 2025] >> [t:604] (r:-0.033), [f:   100/1000], inf[8.0e+12], comp[2.6e+13](128, 1, 8), Q(295, 0, 0, 0), Trans[(128, 1, 8)]
[Tue Dec  2 14:25:22 2025] >> [t:605] (r:-0.033), [f:   100/1000], inf[8.0e+12], comp[2.6e+13](128, 1, 8), Q(295, 0, 0, 0), Trans[(128, 1, 8)]
[Tue Dec  2 14:25:22 2025] >> [t:606] (r:-0.033), [f:   100/1000], inf[8.0e+12], comp[2.6e+13](128, 1, 8), Q(293, 0, 0, 0), Trans[(128, 1, 8)]
[Tue Dec  2 14:25:22 2025] >> [t:607] (r:-0.033), [f:   100/1000], inf[8.0e+12], comp[2.6e+13](128, 1, 8), Q(292, 0, 0, 0), Trans[(128, 1, 8)]
[Tue Dec  2 14:25:22 2025] >> [t:608] (r:-0.033), [f:   100/1000], inf[8.0e+12], comp[2.6e+13](128, 1, 8), Q(292, 0, 0, 0), Trans[(128, 1, 8)]
[Tue Dec  2 14:25:22 2025] >> [t:609] (r:-0.033), [f:   100/1000], inf[8.0e+12], comp[2.6e+13](128, 1, 8), Q(290, 0, 0, 0), Trans[(128, 1, 8)]
[Tue Dec  2 14:25:22 2025] >> [t:610] (r:-0.033), [f:   100/1000], inf[8.0e+12], comp[2.6e+13](128, 1, 8), Q(288, 0, 0, 0), Trans[(128, 1, 8)]
[Tue Dec  2 14:25:22 2025] >> [t:611] (r:-0.033), [f:   100/1000], inf[8.0e+12], comp[2.6e+13](128, 1, 8), Q(287, 0, 0, 0), Trans[(128, 1, 8)]
[Tue Dec  2 14:25:22 2025] >> [t:612] (r:-0.033), [f:   100/1000], inf[8.0e+12], comp[2.6e+13](128, 1, 8), Q(283, 1, 0, 0), Trans[(128, 1, 8)]
[Tue Dec  2 14:25:22 2025] >> [t:613] (r:-0.033), [f:   100/1000], inf[2.7e+13], comp[2.6e+13](128, 4, 8), Q(283, 0, 0, 0), Trans[(128, 4, 8)]
[Tue Dec  2 14:25:22 2025] >> [t:614] (r:-0.033), [f:   100/1000], inf[2.7e+13], comp[2.6e+13](128, 4, 8), Q(283, 0, 0, 0), Trans[(128, 4, 8)]
[Tue Dec  2 14:25:22 2025] >> [t:615] (r:-0.033), [f:   100/1000], inf[2.7e+13], comp[2.6e+13](128, 4, 8), Q(281, 2, 0, 0), Trans[(128, 4, 8)]
[Tue Dec  2 14:25:22 2025] >> [t:616] (r:-0.033), [f:   100/1000], inf[2.7e+13], comp[2.6e+13](128, 4, 8), Q(281, 1, 0, 0), Trans[(128, 4, 8)]
[Tue Dec  2 14:25:22 2025] >> [t:617] (r:-0.033), [f:   100/1000], inf[2.7e+13], comp[2.6e+13](128, 4, 8), Q(280, 1, 0, 0), Trans[(128, 4, 8)]
[Tue Dec  2 14:25:22 2025] >> [t:618] (r:-0.033), [f:   100/1000], inf[2.7e+13], comp[2.6e+13](128, 4, 8), Q(280, 0, 0, 0), Trans[(128, 4, 8)]
[Tue Dec  2 14:25:22 2025] >> [t:619] (r:-0.033), [f:   100/1000], inf[2.7e+13], comp[2.6e+13](128, 4, 8), Q(279, 1, 0, 0), Trans[(128, 4, 8)]
[Tue Dec  2 14:25:22 2025] >> [t:620] (r:-0.033), [f:   100/1000], inf[2.7e+13], comp[2.6e+13](128, 4, 8), Q(279, 0, 0, 0), Trans[(128, 4, 8)]
[Tue Dec  2 14:25:22 2025] >> [t:621] (r:-0.033), [f:   100/1000], inf[2.7e+13], comp[2.6e+13](128, 4, 8), Q(277, 2, 0, 0), Trans[(128, 4, 8)]
[Tue Dec  2 14:25:22 2025] >> [t:622] (r:-0.033), [f:   100/1000], inf[2.7e+13], comp[2.6e+13](128, 4, 8), Q(277, 1, 0, 0), Trans[(128, 4, 8)]
[Tue Dec  2 14:25:22 2025] >> [t:623] (r:-0.033), [f:   100/1000], inf[2.7e+13], comp[2.6e+13](128, 4, 8), Q(276, 1, 0, 0), Trans[(128, 4, 8)]
[Tue Dec  2 14:25:22 2025] >> [t:624] (r:-0.033), [f:   100/1000], inf[2.7e+13], comp[2.6e+13](128, 4, 8), Q(274, 2, 0, 0), Trans[(128, 4, 8)]
[Tue Dec  2 14:25:22 2025] >> [t:625] (r:-0.033), [f:   100/1000], inf[2.7e+13], comp[2.6e+13](128, 4, 8), Q(274, 1, 0, 0), Trans[(128, 4, 8)]
[Tue Dec  2 14:25:22 2025] >> [t:626] (r:-0.033), [f:   100/1000], inf[2.7e+13], comp[2.6e+13](128, 4, 8), Q(273, 1, 0, 0), Trans[(128, 4, 8)]
[Tue Dec  2 14:25:22 2025] >> [t:627] (r:-0.033), [f:   100/1000], inf[2.7e+13], comp[2.6e+13](128, 4, 8), Q(272, 1, 0, 0), Trans[(128, 4, 8)]
[Tue Dec  2 14:25:22 2025] >> [t:628] (r:-0.033), [f:   100/1000], inf[2.7e+13], comp[2.6e+13](128, 4, 8), Q(272, 0, 0, 0), Trans[(128, 4, 8)]
[Tue Dec  2 14:25:22 2025] >> [t:629] (r:-0.033), [f:   100/1000], inf[2.7e+13], comp[2.6e+13](128, 4, 8), Q(270, 2, 0, 0), Trans[(128, 4, 8)]
[Tue Dec  2 14:25:22 2025] >> [t:630] (r:-0.033), [f:   100/1000], inf[2.7e+13], comp[2.6e+13](128, 4, 8), Q(269, 2, 0, 0), Trans[(128, 4, 8)]
[Tue Dec  2 14:25:22 2025] >> [t:631] (r:-0.033), [f:   100/1000], inf[2.7e+13], comp[2.6e+13](128, 4, 8), Q(269, 1, 0, 0), Trans[(128, 4, 8)]
[Tue Dec  2 14:25:22 2025] >> [t:632] (r:-0.033), [f:   100/1000], inf[2.7e+13], comp[2.6e+13](128, 4, 8), Q(268, 1, 0, 0), Trans[(128, 4, 8)]
[Tue Dec  2 14:25:22 2025] >> [t:633] (r:-0.033), [f:   100/1000], inf[2.7e+13], comp[2.6e+13](128, 4, 8), Q(267, 1, 0, 0), Trans[(128, 4, 8)]
[Tue Dec  2 14:25:22 2025] >> [t:634] (r:-0.033), [f:   100/1000], inf[2.7e+13], comp[2.6e+13](128, 4, 8), Q(266, 1, 0, 0), Trans[(128, 4, 8)]
[Tue Dec  2 14:25:22 2025] >> [t:635] (r:-0.033), [f:   100/1000], inf[2.7e+13], comp[2.6e+13](128, 4, 8), Q(266, 0, 0, 0), Trans[(128, 4, 8)]
[Tue Dec  2 14:25:22 2025] >> [t:636] (r:-0.033), [f:   100/1000], inf[2.7e+13], comp[2.6e+13](128, 4, 8), Q(264, 2, 0, 0), Trans[(128, 4, 8)]
[Tue Dec  2 14:25:22 2025] >> [t:637] (r:-0.033), [f:   100/1000], inf[2.7e+13], comp[2.6e+13](128, 4, 8), Q(261, 4, 0, 0), Trans[(128, 4, 8)]
[Tue Dec  2 14:25:22 2025] >> [t:638] (r:-0.238), [f:   500/1000], inf[8.0e+12], comp[1.3e+14](128, 1, 8), Q(260, 0, 0, 0), Trans[(128, 1, 8)]
[Tue Dec  2 14:25:22 2025] >> [t:639] (r:-0.033), [f:   100/1000], inf[8.0e+12], comp[2.6e+13](128, 1, 8), Q(258, 0, 0, 0), Trans[(128, 1, 8)]
[Tue Dec  2 14:25:22 2025] >> [t:640] (r:-0.033), [f:   100/1000], inf[8.0e+12], comp[2.6e+13](128, 1, 8), Q(257, 0, 0, 0), Trans[(128, 1, 8)]
[Tue Dec  2 14:25:22 2025] >> [t:641] (r:-0.033), [f:   100/1000], inf[8.0e+12], comp[2.6e+13](128, 1, 8), Q(256, 0, 0, 0), Trans[(128, 1, 8)]
[Tue Dec  2 14:25:22 2025] >> [t:642] (r:-0.033), [f:   100/1000], inf[8.0e+12], comp[2.6e+13](128, 1, 8), Q(255, 0, 0, 0), Trans[(128, 1, 8)]
[Tue Dec  2 14:25:22 2025] >> [t:643] (r:-0.033), [f:   100/1000], inf[8.0e+12], comp[2.6e+13](128, 1, 8), Q(255, 0, 0, 0), Trans[(128, 1, 8)]
[Tue Dec  2 14:25:22 2025] >> [t:644] (r:-0.033), [f:   100/1000], inf[8.0e+12], comp[2.6e+13](128, 1, 8), Q(254, 0, 0, 0), Trans[(128, 1, 8)]
[Tue Dec  2 14:25:22 2025] >> [t:645] (r:-0.033), [f:   100/1000], inf[8.0e+12], comp[2.6e+13](128, 1, 8), Q(254, 0, 0, 0), Trans[(128, 1, 8)]
[Tue Dec  2 14:25:22 2025] >> [t:646] (r:-0.033), [f:   100/1000], inf[8.0e+12], comp[2.6e+13](128, 1, 8), Q(254, 0, 0, 0), Trans[(128, 1, 8)]
[Tue Dec  2 14:25:22 2025] >> [t:647] (r:-0.033), [f:   100/1000], inf[8.0e+12], comp[2.6e+13](128, 1, 8), Q(253, 0, 0, 0), Trans[(128, 1, 8)]
[Tue Dec  2 14:25:22 2025] >> [t:648] (r:-0.033), [f:   100/1000], inf[8.0e+12], comp[2.6e+13](128, 1, 8), Q(253, 0, 0, 0), Trans[(128, 1, 8)]
[Tue Dec  2 14:25:22 2025] >> [t:649] (r:-0.033), [f:   100/1000], inf[8.0e+12], comp[2.6e+13](128, 1, 8), Q(252, 0, 0, 0), Trans[(128, 1, 8)]
[Tue Dec  2 14:25:22 2025] >> [t:650] (r:-0.033), [f:   100/1000], inf[8.0e+12], comp[2.6e+13](128, 1, 8), Q(251, 0, 0, 0), Trans[(128, 1, 8)]
[Tue Dec  2 14:25:22 2025] >> [t:651] (r:-0.033), [f:   100/1000], inf[8.0e+12], comp[2.6e+13](128, 1, 8), Q(251, 0, 0, 0), Trans[(128, 1, 8)]
[Tue Dec  2 14:25:22 2025] >> [t:652] (r:-0.033), [f:   100/1000], inf[8.0e+12], comp[2.6e+13](128, 1, 8), Q(249, 0, 0, 0), Trans[(128, 1, 8)]
[Tue Dec  2 14:25:22 2025] >> [t:653] (r:-0.033), [f:   100/1000], inf[8.0e+12], comp[2.6e+13](128, 1, 8), Q(249, 0, 0, 0), Trans[(128, 1, 8)]
[Tue Dec  2 14:25:22 2025] >> [t:654] (r:-0.033), [f:   100/1000], inf[8.0e+12], comp[2.6e+13](128, 1, 8), Q(247, 0, 0, 0), Trans[(128, 1, 8)]
[Tue Dec  2 14:25:22 2025] >> [t:655] (r:-0.033), [f:   100/1000], inf[8.0e+12], comp[2.6e+13](128, 1, 8), Q(245, 0, 0, 0), Trans[(128, 1, 8)]
[Tue Dec  2 14:25:22 2025] >> [t:656] (r:-0.033), [f:   100/1000], inf[8.0e+12], comp[2.6e+13](128, 1, 8), Q(244, 0, 0, 0), Trans[(128, 1, 8)]
[Tue Dec  2 14:25:22 2025] >> [t:657] (r:-0.033), [f:   100/1000], inf[8.0e+12], comp[2.6e+13](128, 1, 8), Q(243, 0, 0, 0), Trans[(128, 1, 8)]
[Tue Dec  2 14:25:22 2025] >> [t:658] (r:-0.033), [f:   100/1000], inf[8.0e+12], comp[2.6e+13](128, 1, 8), Q(243, 0, 0, 0), Trans[(128, 1, 8)]
[Tue Dec  2 14:25:22 2025] >> [t:659] (r:-0.033), [f:   100/1000], inf[8.0e+12], comp[2.6e+13](128, 1, 8), Q(240, 0, 0, 0), Trans[(128, 1, 8)]
[Tue Dec  2 14:25:22 2025] >> [t:660] (r:-0.033), [f:   100/1000], inf[8.0e+12], comp[2.6e+13](128, 1, 8), Q(240, 0, 0, 0), Trans[(128, 1, 8)]
[Tue Dec  2 14:25:22 2025] >> [t:661] (r:-0.033), [f:   100/1000], inf[8.0e+12], comp[2.6e+13](128, 1, 8), Q(239, 0, 0, 0), Trans[(128, 1, 8)]
[Tue Dec  2 14:25:22 2025] >> [t:662] (r:-0.033), [f:   100/1000], inf[8.0e+12], comp[2.6e+13](128, 1, 8), Q(238, 0, 0, 0), Trans[(128, 1, 8)]
[Tue Dec  2 14:25:22 2025] >> [t:663] (r:-0.033), [f:   100/1000], inf[8.0e+12], comp[2.6e+13](128, 1, 8), Q(237, 0, 0, 0), Trans[(128, 1, 8)]
[Tue Dec  2 14:25:22 2025] >> [t:664] (r:-0.033), [f:   100/1000], inf[8.0e+12], comp[2.6e+13](128, 1, 8), Q(236, 0, 0, 0), Trans[(128, 1, 8)]
[Tue Dec  2 14:25:22 2025] >> [t:665] (r:-0.033), [f:   100/1000], inf[8.0e+12], comp[2.6e+13](128, 1, 8), Q(236, 0, 0, 0), Trans[(128, 1, 8)]
[Tue Dec  2 14:25:22 2025] >> [t:666] (r:-0.033), [f:   100/1000], inf[8.0e+12], comp[2.6e+13](128, 1, 8), Q(233, 0, 0, 0), Trans[(128, 1, 8)]
[Tue Dec  2 14:25:22 2025] >> [t:667] (r:-0.033), [f:   100/1000], inf[8.0e+12], comp[2.6e+13](128, 1, 8), Q(232, 0, 0, 0), Trans[(128, 1, 8)]
[Tue Dec  2 14:25:22 2025] >> [t:668] (r:-0.033), [f:   100/1000], inf[8.0e+12], comp[2.6e+13](128, 1, 8), Q(232, 0, 0, 0), Trans[(128, 1, 8)]
[Tue Dec  2 14:25:22 2025] >> [t:669] (r:-0.033), [f:   100/1000], inf[8.0e+12], comp[2.6e+13](128, 1, 8), Q(232, 0, 0, 0), Trans[(128, 1, 8)]
[Tue Dec  2 14:25:22 2025] >> [t:670] (r:-0.033), [f:   100/1000], inf[8.0e+12], comp[2.6e+13](128, 1, 8), Q(228, 1, 0, 0), Trans[(128, 1, 8)]
[Tue Dec  2 14:25:22 2025] >> [t:671] (r:-0.033), [f:   100/1000], inf[2.7e+13], comp[2.6e+13](128, 4, 8), Q(228, 0, 0, 0), Trans[(128, 4, 8)]
[Tue Dec  2 14:25:22 2025] >> [t:672] (r:-0.033), [f:   100/1000], inf[2.7e+13], comp[2.6e+13](128, 4, 8), Q(228, 0, 0, 0), Trans[(128, 4, 8)]
[Tue Dec  2 14:25:22 2025] >> [t:673] (r:-0.033), [f:   100/1000], inf[2.7e+13], comp[2.6e+13](128, 4, 8), Q(227, 1, 0, 0), Trans[(128, 4, 8)]
[Tue Dec  2 14:25:22 2025] >> [t:674] (r:-0.033), [f:   100/1000], inf[2.7e+13], comp[2.6e+13](128, 4, 8), Q(227, 0, 0, 0), Trans[(128, 4, 8)]
[Tue Dec  2 14:25:22 2025] >> [t:675] (r:-0.033), [f:   100/1000], inf[2.7e+13], comp[2.6e+13](128, 4, 8), Q(226, 1, 0, 0), Trans[(128, 4, 8)]
[Tue Dec  2 14:25:22 2025] >> [t:676] (r:-0.033), [f:   100/1000], inf[2.7e+13], comp[2.6e+13](128, 4, 8), Q(226, 0, 0, 0), Trans[(128, 4, 8)]
[Tue Dec  2 14:25:22 2025] >> [t:677] (r:-0.033), [f:   100/1000], inf[2.7e+13], comp[2.6e+13](128, 4, 8), Q(224, 2, 0, 0), Trans[(128, 4, 8)]
[Tue Dec  2 14:25:22 2025] >> [t:678] (r:-0.033), [f:   100/1000], inf[2.7e+13], comp[2.6e+13](128, 4, 8), Q(222, 3, 0, 0), Trans[(128, 4, 8)]
[Tue Dec  2 14:25:22 2025] >> [t:679] (r:-0.033), [f:   100/1000], inf[2.7e+13], comp[2.6e+13](128, 4, 8), Q(222, 2, 0, 0), Trans[(128, 4, 8)]
[Tue Dec  2 14:25:22 2025] >> [t:680] (r:-0.033), [f:   100/1000], inf[2.7e+13], comp[2.6e+13](128, 4, 8), Q(218, 5, 0, 0), Trans[(128, 4, 8)]
[Tue Dec  2 14:25:22 2025] >> [t:681] (r:-0.286), [f:   600/1000], inf[5.3e+13], comp[1.6e+14](128, 8, 8), Q(215, 3, 0, 0), Trans[(128, 8, 8)]
[Tue Dec  2 14:25:22 2025] >> [t:682] (r:-0.033), [f:   100/1000], inf[2.7e+13], comp[2.6e+13](128, 4, 8), Q(214, 3, 0, 0), Trans[(128, 4, 8)]
[Tue Dec  2 14:25:22 2025] >> [t:683] (r:-0.033), [f:   100/1000], inf[2.7e+13], comp[2.6e+13](128, 4, 8), Q(214, 3, 0, 0), Trans[(128, 4, 8)]
[Tue Dec  2 14:25:22 2025] >> [t:684] (r:-0.033), [f:   100/1000], inf[2.7e+13], comp[2.6e+13](128, 4, 8), Q(211, 5, 0, 0), Trans[(128, 4, 8)]
[Tue Dec  2 14:25:22 2025] >> [t:685] (r:-0.286), [f:   600/1000], inf[5.3e+13], comp[1.6e+14](128, 8, 8), Q(211, 0, 0, 0), Trans[(128, 8, 8)]
[Tue Dec  2 14:25:22 2025] >> [t:686] (r:-0.033), [f:   100/1000], inf[2.7e+13], comp[2.6e+13](128, 4, 8), Q(211, 0, 0, 0), Trans[(128, 4, 8)]
[Tue Dec  2 14:25:22 2025] >> [t:687] (r:-0.033), [f:   100/1000], inf[2.7e+13], comp[2.6e+13](128, 4, 8), Q(210, 1, 0, 0), Trans[(128, 4, 8)]
[Tue Dec  2 14:25:22 2025] >> [t:688] (r:-0.033), [f:   100/1000], inf[2.7e+13], comp[2.6e+13](128, 4, 8), Q(210, 0, 0, 0), Trans[(128, 4, 8)]
[Tue Dec  2 14:25:22 2025] >> [t:689] (r:-0.033), [f:   100/1000], inf[2.7e+13], comp[2.6e+13](128, 4, 8), Q(209, 1, 0, 0), Trans[(128, 4, 8)]
[Tue Dec  2 14:25:22 2025] >> [t:690] (r:-0.033), [f:   100/1000], inf[2.7e+13], comp[2.6e+13](128, 4, 8), Q(209, 0, 0, 0), Trans[(128, 4, 8)]
[Tue Dec  2 14:25:22 2025] >> [t:691] (r:-0.033), [f:   100/1000], inf[2.7e+13], comp[2.6e+13](128, 4, 8), Q(209, 0, 0, 0), Trans[(128, 4, 8)]
[Tue Dec  2 14:25:22 2025] >> [t:692] (r:-0.033), [f:   100/1000], inf[2.7e+13], comp[2.6e+13](128, 4, 8), Q(207, 2, 0, 0), Trans[(128, 4, 8)]
[Tue Dec  2 14:25:22 2025] >> [t:693] (r:-0.033), [f:   100/1000], inf[2.7e+13], comp[2.6e+13](128, 4, 8), Q(206, 2, 0, 0), Trans[(128, 4, 8)]
[Tue Dec  2 14:25:22 2025] >> [t:694] (r:-0.033), [f:   100/1000], inf[2.7e+13], comp[2.6e+13](128, 4, 8), Q(204, 3, 0, 0), Trans[(128, 4, 8)]
[Tue Dec  2 14:25:22 2025] >> [t:695] (r:-0.033), [f:   100/1000], inf[2.7e+13], comp[2.6e+13](128, 4, 8), Q(203, 3, 0, 0), Trans[(128, 4, 8)]
[Tue Dec  2 14:25:22 2025] >> [t:696] (r:-0.033), [f:   100/1000], inf[2.7e+13], comp[2.6e+13](128, 4, 8), Q(202, 3, 0, 0), Trans[(128, 4, 8)]
[Tue Dec  2 14:25:22 2025] >> [t:697] (r:-0.033), [f:   100/1000], inf[2.7e+13], comp[2.6e+13](128, 4, 8), Q(202, 2, 0, 0), Trans[(128, 4, 8)]
[Tue Dec  2 14:25:22 2025] >> [t:698] (r:-0.033), [f:   100/1000], inf[2.7e+13], comp[2.6e+13](128, 4, 8), Q(201, 2, 0, 0), Trans[(128, 4, 8)]
[Tue Dec  2 14:25:22 2025] >> [t:699] (r:-0.033), [f:   100/1000], inf[2.7e+13], comp[2.6e+13](128, 4, 8), Q(200, 2, 0, 0), Trans[(128, 4, 8)]
[Tue Dec  2 14:25:22 2025] >> [t:700] (r:-0.033), [f:   100/1000], inf[2.7e+13], comp[2.6e+13](128, 4, 8), Q(199, 2, 0, 0), Trans[(128, 4, 8)]
[Tue Dec  2 14:25:22 2025] >> [t:701] (r:-0.033), [f:   100/1000], inf[2.7e+13], comp[2.6e+13](128, 4, 8), Q(199, 1, 0, 0), Trans[(128, 4, 8)]
[Tue Dec  2 14:25:22 2025] >> [t:702] (r:-0.033), [f:   100/1000], inf[2.7e+13], comp[2.6e+13](128, 4, 8), Q(198, 1, 0, 0), Trans[(128, 4, 8)]
[Tue Dec  2 14:25:22 2025] >> [t:703] (r:-0.033), [f:   100/1000], inf[2.7e+13], comp[2.6e+13](128, 4, 8), Q(198, 0, 0, 0), Trans[(128, 4, 8)]
[Tue Dec  2 14:25:22 2025] >> [t:704] (r:-0.033), [f:   100/1000], inf[2.7e+13], comp[2.6e+13](128, 4, 8), Q(198, 0, 0, 0), Trans[(128, 4, 8)]
[Tue Dec  2 14:25:22 2025] >> [t:705] (r:-0.033), [f:   100/1000], inf[2.7e+13], comp[2.6e+13](128, 4, 8), Q(197, 1, 0, 0), Trans[(128, 4, 8)]
[Tue Dec  2 14:25:22 2025] >> [t:706] (r:-0.033), [f:   100/1000], inf[2.7e+13], comp[2.6e+13](128, 4, 8), Q(197, 0, 0, 0), Trans[(128, 4, 8)]
[Tue Dec  2 14:25:22 2025] >> [t:707] (r:-0.033), [f:   100/1000], inf[2.7e+13], comp[2.6e+13](128, 4, 8), Q(196, 1, 0, 0), Trans[(128, 4, 8)]
[Tue Dec  2 14:25:22 2025] >> [t:708] (r:-0.033), [f:   100/1000], inf[2.7e+13], comp[2.6e+13](128, 4, 8), Q(196, 0, 0, 0), Trans[(128, 4, 8)]
[Tue Dec  2 14:25:22 2025] >> [t:709] (r:-0.033), [f:   100/1000], inf[2.7e+13], comp[2.6e+13](128, 4, 8), Q(195, 1, 0, 0), Trans[(128, 4, 8)]
[Tue Dec  2 14:25:22 2025] >> [t:710] (r:-0.033), [f:   100/1000], inf[2.7e+13], comp[2.6e+13](128, 4, 8), Q(195, 0, 0, 0), Trans[(128, 4, 8)]
[Tue Dec  2 14:25:22 2025] >> [t:711] (r:-0.033), [f:   100/1000], inf[2.7e+13], comp[2.6e+13](128, 4, 8), Q(194, 1, 0, 0), Trans[(128, 4, 8)]
[Tue Dec  2 14:25:22 2025] >> [t:712] (r:-0.033), [f:   100/1000], inf[2.7e+13], comp[2.6e+13](128, 4, 8), Q(194, 0, 0, 0), Trans[(128, 4, 8)]
[Tue Dec  2 14:25:22 2025] >> [t:713] (r:-0.033), [f:   100/1000], inf[2.7e+13], comp[2.6e+13](128, 4, 8), Q(190, 4, 0, 0), Trans[(128, 4, 8)]
[Tue Dec  2 14:25:22 2025] >> [t:714] (r:-0.238), [f:   500/1000], inf[8.0e+12], comp[1.3e+14](128, 1, 8), Q(188, 0, 0, 0), Trans[(128, 1, 8)]
[Tue Dec  2 14:25:22 2025] >> [t:715] (r:-0.033), [f:   100/1000], inf[8.0e+12], comp[2.6e+13](128, 1, 8), Q(186, 0, 0, 0), Trans[(128, 1, 8)]
[Tue Dec  2 14:25:22 2025] >> [t:716] (r:-0.033), [f:   100/1000], inf[8.0e+12], comp[2.6e+13](128, 1, 8), Q(184, 0, 0, 0), Trans[(128, 1, 8)]
[Tue Dec  2 14:25:22 2025] >> [t:717] (r:-0.033), [f:   100/1000], inf[8.0e+12], comp[2.6e+13](128, 1, 8), Q(183, 0, 0, 0), Trans[(128, 1, 8)]
[Tue Dec  2 14:25:22 2025] >> [t:718] (r:-0.033), [f:   100/1000], inf[8.0e+12], comp[2.6e+13](128, 1, 8), Q(182, 0, 0, 0), Trans[(128, 1, 8)]
[Tue Dec  2 14:25:22 2025] >> [t:719] (r:-0.033), [f:   100/1000], inf[8.0e+12], comp[2.6e+13](128, 1, 8), Q(180, 0, 0, 0), Trans[(128, 1, 8)]
[Tue Dec  2 14:25:22 2025] >> [t:720] (r:-0.033), [f:   100/1000], inf[8.0e+12], comp[2.6e+13](128, 1, 8), Q(180, 0, 0, 0), Trans[(128, 1, 8)]
[Tue Dec  2 14:25:22 2025] >> [t:721] (r:-0.033), [f:   100/1000], inf[8.0e+12], comp[2.6e+13](128, 1, 8), Q(180, 0, 0, 0), Trans[(128, 1, 8)]
[Tue Dec  2 14:25:22 2025] >> [t:722] (r:-0.033), [f:   100/1000], inf[8.0e+12], comp[2.6e+13](128, 1, 8), Q(180, 0, 0, 0), Trans[(128, 1, 8)]
[Tue Dec  2 14:25:22 2025] >> [t:723] (r:-0.033), [f:   100/1000], inf[8.0e+12], comp[2.6e+13](128, 1, 8), Q(179, 0, 0, 0), Trans[(128, 1, 8)]
[Tue Dec  2 14:25:22 2025] >> [t:724] (r:-0.033), [f:   100/1000], inf[8.0e+12], comp[2.6e+13](128, 1, 8), Q(178, 0, 0, 0), Trans[(128, 1, 8)]
[Tue Dec  2 14:25:22 2025] >> [t:725] (r:-0.033), [f:   100/1000], inf[8.0e+12], comp[2.6e+13](128, 1, 8), Q(175, 0, 0, 0), Trans[(128, 1, 8)]
[Tue Dec  2 14:25:22 2025] >> [t:726] (r:-0.033), [f:   100/1000], inf[8.0e+12], comp[2.6e+13](128, 1, 8), Q(173, 0, 0, 0), Trans[(128, 1, 8)]
[Tue Dec  2 14:25:22 2025] >> [t:727] (r:-0.033), [f:   100/1000], inf[8.0e+12], comp[2.6e+13](128, 1, 8), Q(173, 0, 0, 0), Trans[(128, 1, 8)]
[Tue Dec  2 14:25:22 2025] >> [t:728] (r:-0.033), [f:   100/1000], inf[8.0e+12], comp[2.6e+13](128, 1, 8), Q(171, 0, 0, 0), Trans[(128, 1, 8)]
[Tue Dec  2 14:25:22 2025] >> [t:729] (r:-0.033), [f:   100/1000], inf[8.0e+12], comp[2.6e+13](128, 1, 8), Q(169, 0, 0, 0), Trans[(128, 1, 8)]
[Tue Dec  2 14:25:22 2025] >> [t:730] (r:-0.033), [f:   100/1000], inf[8.0e+12], comp[2.6e+13](128, 1, 8), Q(167, 0, 0, 0), Trans[(128, 1, 8)]
[Tue Dec  2 14:25:22 2025] >> [t:731] (r:-0.033), [f:   100/1000], inf[8.0e+12], comp[2.6e+13](128, 1, 8), Q(165, 0, 0, 0), Trans[(128, 1, 8)]
[Tue Dec  2 14:25:22 2025] >> [t:732] (r:-0.033), [f:   100/1000], inf[8.0e+12], comp[2.6e+13](128, 1, 8), Q(165, 0, 0, 0), Trans[(128, 1, 8)]
[Tue Dec  2 14:25:22 2025] >> [t:733] (r:-0.033), [f:   100/1000], inf[8.0e+12], comp[2.6e+13](128, 1, 8), Q(163, 0, 0, 0), Trans[(128, 1, 8)]
[Tue Dec  2 14:25:22 2025] >> [t:734] (r:-0.033), [f:   100/1000], inf[8.0e+12], comp[2.6e+13](128, 1, 8), Q(162, 0, 0, 0), Trans[(128, 1, 8)]
[Tue Dec  2 14:25:22 2025] >> [t:735] (r:-0.033), [f:   100/1000], inf[8.0e+12], comp[2.6e+13](128, 1, 8), Q(161, 0, 0, 0), Trans[(128, 1, 8)]
[Tue Dec  2 14:25:22 2025] >> [t:736] (r:-0.033), [f:   100/1000], inf[8.0e+12], comp[2.6e+13](128, 1, 8), Q(161, 0, 0, 0), Trans[(128, 1, 8)]
[Tue Dec  2 14:25:22 2025] >> [t:737] (r:-0.033), [f:   100/1000], inf[8.0e+12], comp[2.6e+13](128, 1, 8), Q(159, 0, 0, 0), Trans[(128, 1, 8)]
[Tue Dec  2 14:25:22 2025] >> [t:738] (r:-0.033), [f:   100/1000], inf[8.0e+12], comp[2.6e+13](128, 1, 8), Q(157, 0, 0, 0), Trans[(128, 1, 8)]
[Tue Dec  2 14:25:22 2025] >> [t:739] (r:-0.033), [f:   100/1000], inf[8.0e+12], comp[2.6e+13](128, 1, 8), Q(156, 0, 0, 0), Trans[(128, 1, 8)]
[Tue Dec  2 14:25:22 2025] >> [t:740] (r:-0.033), [f:   100/1000], inf[8.0e+12], comp[2.6e+13](128, 1, 8), Q(155, 0, 0, 0), Trans[(128, 1, 8)]
[Tue Dec  2 14:25:22 2025] >> [t:741] (r:-0.033), [f:   100/1000], inf[8.0e+12], comp[2.6e+13](128, 1, 8), Q(153, 0, 0, 0), Trans[(128, 1, 8)]
[Tue Dec  2 14:25:22 2025] >> [t:742] (r:-0.033), [f:   100/1000], inf[8.0e+12], comp[2.6e+13](128, 1, 8), Q(153, 0, 0, 0), Trans[(128, 1, 8)]
[Tue Dec  2 14:25:22 2025] >> [t:743] (r:-0.033), [f:   100/1000], inf[8.0e+12], comp[2.6e+13](128, 1, 8), Q(152, 0, 0, 0), Trans[(128, 1, 8)]
[Tue Dec  2 14:25:22 2025] >> [t:744] (r:-0.033), [f:   100/1000], inf[8.0e+12], comp[2.6e+13](128, 1, 8), Q(151, 0, 0, 0), Trans[(128, 1, 8)]
[Tue Dec  2 14:25:22 2025] >> [t:745] (r:-0.033), [f:   100/1000], inf[8.0e+12], comp[2.6e+13](128, 1, 8), Q(150, 0, 0, 0), Trans[(128, 1, 8)]
[Tue Dec  2 14:25:22 2025] >> [t:746] (r:-0.033), [f:   100/1000], inf[8.0e+12], comp[2.6e+13](128, 1, 8), Q(149, 0, 0, 0), Trans[(128, 1, 8)]
[Tue Dec  2 14:25:22 2025] >> [t:747] (r:-0.033), [f:   100/1000], inf[8.0e+12], comp[2.6e+13](128, 1, 8), Q(148, 0, 0, 0), Trans[(128, 1, 8)]
[Tue Dec  2 14:25:22 2025] >> [t:748] (r:-0.033), [f:   100/1000], inf[8.0e+12], comp[2.6e+13](128, 1, 8), Q(147, 0, 0, 0), Trans[(128, 1, 8)]
[Tue Dec  2 14:25:22 2025] >> [t:749] (r:-0.033), [f:   100/1000], inf[8.0e+12], comp[2.6e+13](128, 1, 8), Q(146, 0, 0, 0), Trans[(128, 1, 8)]
[Tue Dec  2 14:25:22 2025] >> [t:750] (r:-0.033), [f:   100/1000], inf[8.0e+12], comp[2.6e+13](128, 1, 8), Q(144, 0, 0, 0), Trans[(128, 1, 8)]
[Tue Dec  2 14:25:22 2025] >> [t:751] (r:-0.033), [f:   100/1000], inf[8.0e+12], comp[2.6e+13](128, 1, 8), Q(144, 0, 0, 0), Trans[(128, 1, 8)]
[Tue Dec  2 14:25:22 2025] >> [t:752] (r:-0.033), [f:   100/1000], inf[8.0e+12], comp[2.6e+13](128, 1, 8), Q(141, 0, 0, 0), Trans[(128, 1, 8)]
[Tue Dec  2 14:25:22 2025] >> [t:753] (r:-0.033), [f:   100/1000], inf[8.0e+12], comp[2.6e+13](128, 1, 8), Q(141, 0, 0, 0), Trans[(128, 1, 8)]
[Tue Dec  2 14:25:22 2025] >> [t:754] (r:-0.033), [f:   100/1000], inf[8.0e+12], comp[2.6e+13](128, 1, 8), Q(141, 0, 0, 0), Trans[(128, 1, 8)]
[Tue Dec  2 14:25:22 2025] >> [t:755] (r:-0.033), [f:   100/1000], inf[8.0e+12], comp[2.6e+13](128, 1, 8), Q(140, 0, 0, 0), Trans[(128, 1, 8)]
[Tue Dec  2 14:25:22 2025] >> [t:756] (r:-0.033), [f:   100/1000], inf[8.0e+12], comp[2.6e+13](128, 1, 8), Q(140, 0, 0, 0), Trans[(128, 1, 8)]
[Tue Dec  2 14:25:22 2025] >> [t:757] (r:-0.033), [f:   100/1000], inf[8.0e+12], comp[2.6e+13](128, 1, 8), Q(138, 0, 0, 0), Trans[(128, 1, 8)]
[Tue Dec  2 14:25:22 2025] >> [t:758] (r:-0.033), [f:   100/1000], inf[8.0e+12], comp[2.6e+13](128, 1, 8), Q(136, 0, 0, 0), Trans[(128, 1, 8)]
[Tue Dec  2 14:25:22 2025] >> [t:759] (r:-0.033), [f:   100/1000], inf[8.0e+12], comp[2.6e+13](128, 1, 8), Q(135, 0, 0, 0), Trans[(128, 1, 8)]
[Tue Dec  2 14:25:22 2025] >> [t:760] (r:-0.033), [f:   100/1000], inf[8.0e+12], comp[2.6e+13](128, 1, 8), Q(135, 0, 0, 0), Trans[(128, 1, 8)]
[Tue Dec  2 14:25:22 2025] >> [t:761] (r:-0.033), [f:   100/1000], inf[8.0e+12], comp[2.6e+13](128, 1, 8), Q(134, 0, 0, 0), Trans[(128, 1, 8)]
[Tue Dec  2 14:25:22 2025] >> [t:762] (r:-0.033), [f:   100/1000], inf[8.0e+12], comp[2.6e+13](128, 1, 8), Q(134, 0, 0, 0), Trans[(128, 1, 8)]
[Tue Dec  2 14:25:22 2025] >> [t:763] (r:-0.033), [f:   100/1000], inf[8.0e+12], comp[2.6e+13](128, 1, 8), Q(133, 0, 0, 0), Trans[(128, 1, 8)]
[Tue Dec  2 14:25:22 2025] >> [t:764] (r:-0.033), [f:   100/1000], inf[8.0e+12], comp[2.6e+13](128, 1, 8), Q(132, 0, 0, 0), Trans[(128, 1, 8)]
[Tue Dec  2 14:25:22 2025] >> [t:765] (r:-0.033), [f:   100/1000], inf[8.0e+12], comp[2.6e+13](128, 1, 8), Q(130, 0, 0, 0), Trans[(128, 1, 8)]
[Tue Dec  2 14:25:22 2025] >> [t:766] (r:-0.033), [f:   100/1000], inf[8.0e+12], comp[2.6e+13](128, 1, 8), Q(130, 0, 0, 0), Trans[(128, 1, 8)]
[Tue Dec  2 14:25:22 2025] >> [t:767] (r:-0.033), [f:   100/1000], inf[8.0e+12], comp[2.6e+13](128, 1, 8), Q(130, 0, 0, 0), Trans[(128, 1, 8)]
[Tue Dec  2 14:25:22 2025] >> [t:768] (r:-0.033), [f:   100/1000], inf[8.0e+12], comp[2.6e+13](128, 1, 8), Q(130, 0, 0, 0), Trans[(128, 1, 8)]
[Tue Dec  2 14:25:22 2025] >> [t:769] (r:-0.033), [f:   100/1000], inf[8.0e+12], comp[2.6e+13](128, 1, 8), Q(129, 0, 0, 0), Trans[(128, 1, 8)]
[Tue Dec  2 14:25:22 2025] >> [t:770] (r:-0.033), [f:   100/1000], inf[8.0e+12], comp[2.6e+13](128, 1, 8), Q(128, 0, 0, 0), Trans[(128, 1, 8)]
[Tue Dec  2 14:25:22 2025] >> [t:771] (r:-0.033), [f:   100/1000], inf[8.0e+12], comp[2.6e+13](128, 1, 8), Q(126, 0, 0, 0), Trans[(128, 1, 8)]
[Tue Dec  2 14:25:22 2025] >> [t:772] (r:-0.033), [f:   100/1000], inf[8.0e+12], comp[2.6e+13](128, 1, 8), Q(124, 0, 0, 0), Trans[(128, 1, 8)]
[Tue Dec  2 14:25:22 2025] >> [t:773] (r:-0.033), [f:   100/1000], inf[8.0e+12], comp[2.6e+13](128, 1, 8), Q(121, 0, 0, 0), Trans[(128, 1, 8)]
[Tue Dec  2 14:25:22 2025] >> [t:774] (r:-0.033), [f:   100/1000], inf[8.0e+12], comp[2.6e+13](128, 1, 8), Q(119, 0, 0, 0), Trans[(128, 1, 8)]
[Tue Dec  2 14:25:22 2025] >> [t:775] (r:-0.033), [f:   100/1000], inf[8.0e+12], comp[2.6e+13](128, 1, 8), Q(117, 0, 0, 0), Trans[(128, 1, 8)]
[Tue Dec  2 14:25:22 2025] >> [t:776] (r:-0.033), [f:   100/1000], inf[8.0e+12], comp[2.6e+13](128, 1, 8), Q(117, 0, 0, 0), Trans[(128, 1, 8)]
[Tue Dec  2 14:25:22 2025] >> [t:777] (r:-0.033), [f:   100/1000], inf[8.0e+12], comp[2.6e+13](128, 1, 8), Q(117, 0, 0, 0), Trans[(128, 1, 8)]
[Tue Dec  2 14:25:22 2025] >> [t:778] (r:-0.033), [f:   100/1000], inf[8.0e+12], comp[2.6e+13](128, 1, 8), Q(116, 0, 0, 0), Trans[(128, 1, 8)]
[Tue Dec  2 14:25:22 2025] >> [t:779] (r:-0.033), [f:   100/1000], inf[8.0e+12], comp[2.6e+13](128, 1, 8), Q(116, 0, 0, 0), Trans[(128, 1, 8)]
[Tue Dec  2 14:25:22 2025] >> [t:780] (r:-0.033), [f:   100/1000], inf[8.0e+12], comp[2.6e+13](128, 1, 8), Q(115, 0, 0, 0), Trans[(128, 1, 8)]
[Tue Dec  2 14:25:22 2025] >> [t:781] (r:-0.033), [f:   100/1000], inf[8.0e+12], comp[2.6e+13](128, 1, 8), Q(114, 0, 0, 0), Trans[(128, 1, 8)]
[Tue Dec  2 14:25:22 2025] >> [t:782] (r:-0.033), [f:   100/1000], inf[8.0e+12], comp[2.6e+13](128, 1, 8), Q(114, 0, 0, 0), Trans[(128, 1, 8)]
[Tue Dec  2 14:25:22 2025] >> [t:783] (r:-0.033), [f:   100/1000], inf[8.0e+12], comp[2.6e+13](128, 1, 8), Q(114, 0, 0, 0), Trans[(128, 1, 8)]
[Tue Dec  2 14:25:22 2025] >> [t:784] (r:-0.033), [f:   100/1000], inf[8.0e+12], comp[2.6e+13](128, 1, 8), Q(111, 0, 0, 0), Trans[(128, 1, 8)]
[Tue Dec  2 14:25:22 2025] >> [t:785] (r:-0.033), [f:   100/1000], inf[8.0e+12], comp[2.6e+13](128, 1, 8), Q(110, 0, 0, 0), Trans[(128, 1, 8)]
[Tue Dec  2 14:25:22 2025] >> [t:786] (r:-0.033), [f:   100/1000], inf[8.0e+12], comp[2.6e+13](128, 1, 8), Q(109, 0, 0, 0), Trans[(128, 1, 8)]
[Tue Dec  2 14:25:22 2025] >> [t:787] (r:-0.033), [f:   100/1000], inf[8.0e+12], comp[2.6e+13](128, 1, 8), Q(108, 0, 0, 0), Trans[(128, 1, 8)]
[Tue Dec  2 14:25:22 2025] >> [t:788] (r:-0.033), [f:   100/1000], inf[8.0e+12], comp[2.6e+13](128, 1, 8), Q(105, 0, 0, 0), Trans[(128, 1, 8)]
[Tue Dec  2 14:25:22 2025] >> [t:789] (r:-0.033), [f:   100/1000], inf[8.0e+12], comp[2.6e+13](128, 1, 8), Q(104, 0, 0, 0), Trans[(128, 1, 8)]
[Tue Dec  2 14:25:22 2025] >> [t:790] (r:-0.033), [f:   100/1000], inf[8.0e+12], comp[2.6e+13](128, 1, 8), Q(102, 0, 0, 0), Trans[(128, 1, 8)]
[Tue Dec  2 14:25:22 2025] >> [t:791] (r:-0.033), [f:   100/1000], inf[8.0e+12], comp[2.6e+13](128, 1, 8), Q(101, 0, 0, 0), Trans[(128, 1, 8)]
[Tue Dec  2 14:25:22 2025] >> [t:792] (r:-0.033), [f:   100/1000], inf[8.0e+12], comp[2.6e+13](128, 1, 8), Q(101, 0, 0, 0), Trans[(128, 1, 8)]
[Tue Dec  2 14:25:22 2025] >> [t:793] (r:-0.033), [f:   100/1000], inf[8.0e+12], comp[2.6e+13](128, 1, 8), Q(101, 0, 0, 0), Trans[(128, 1, 8)]
[Tue Dec  2 14:25:22 2025] >> [t:794] (r:-0.033), [f:   100/1000], inf[8.0e+12], comp[2.6e+13](128, 1, 8), Q(101, 0, 0, 0), Trans[(128, 1, 8)]
[Tue Dec  2 14:25:22 2025] >> [t:795] (r:-0.033), [f:   100/1000], inf[8.0e+12], comp[2.6e+13](128, 1, 8), Q(100, 0, 0, 0), Trans[(128, 1, 8)]
[Tue Dec  2 14:25:22 2025] >> [t:796] (r:-0.033), [f:   100/1000], inf[8.0e+12], comp[2.6e+13](128, 1, 8), Q(98, 0, 0, 0), Trans[(128, 1, 8)]
[Tue Dec  2 14:25:22 2025] >> [t:797] (r:-0.033), [f:   100/1000], inf[8.0e+12], comp[2.6e+13](128, 1, 8), Q(98, 0, 0, 0), Trans[(128, 1, 8)]
[Tue Dec  2 14:25:22 2025] >> [t:798] (r:-0.033), [f:   100/1000], inf[8.0e+12], comp[2.6e+13](128, 1, 8), Q(98, 0, 0, 0), Trans[(128, 1, 8)]
[Tue Dec  2 14:25:22 2025] >> [t:799] (r:-0.033), [f:   100/1000], inf[8.0e+12], comp[2.6e+13](128, 1, 8), Q(98, 0, 0, 0), Trans[(128, 1, 8)]
[Tue Dec  2 14:25:22 2025] >> [t:800] (r:-0.033), [f:   100/1000], inf[8.0e+12], comp[2.6e+13](128, 1, 8), Q(98, 0, 0, 0), Trans[(128, 1, 8)]
[Tue Dec  2 14:25:22 2025] >> [t:801] (r:-0.033), [f:   100/1000], inf[8.0e+12], comp[2.6e+13](128, 1, 8), Q(98, 0, 0, 0), Trans[(128, 1, 8)]
[Tue Dec  2 14:25:22 2025] >> [t:802] (r:-0.033), [f:   100/1000], inf[8.0e+12], comp[2.6e+13](128, 1, 8), Q(98, 0, 0, 0), Trans[(128, 1, 8)]
[Tue Dec  2 14:25:22 2025] >> [t:803] (r:-0.033), [f:   100/1000], inf[8.0e+12], comp[2.6e+13](128, 1, 8), Q(98, 0, 0, 0), Trans[(128, 1, 8)]
[Tue Dec  2 14:25:22 2025] >> [t:804] (r:-0.033), [f:   100/1000], inf[8.0e+12], comp[2.6e+13](128, 1, 8), Q(98, 0, 0, 0), Trans[(128, 1, 8)]
[Tue Dec  2 14:25:22 2025] >> [t:805] (r:-0.033), [f:   100/1000], inf[8.0e+12], comp[2.6e+13](128, 1, 8), Q(98, 0, 0, 0), Trans[(128, 1, 8)]
[Tue Dec  2 14:25:22 2025] >> [t:806] (r:-0.033), [f:   100/1000], inf[8.0e+12], comp[2.6e+13](128, 1, 8), Q(97, 0, 0, 0), Trans[(128, 1, 8)]
[Tue Dec  2 14:25:22 2025] >> [t:807] (r:-0.033), [f:   100/1000], inf[8.0e+12], comp[2.6e+13](128, 1, 8), Q(96, 0, 0, 0), Trans[(128, 1, 8)]
[Tue Dec  2 14:25:22 2025] >> [t:808] (r:-0.033), [f:   100/1000], inf[8.0e+12], comp[2.6e+13](128, 1, 8), Q(96, 0, 0, 0), Trans[(128, 1, 8)]
[Tue Dec  2 14:25:22 2025] >> [t:809] (r:-0.033), [f:   100/1000], inf[8.0e+12], comp[2.6e+13](128, 1, 8), Q(96, 0, 0, 0), Trans[(128, 1, 8)]
[Tue Dec  2 14:25:22 2025] >> [t:810] (r:-0.033), [f:   100/1000], inf[8.0e+12], comp[2.6e+13](128, 1, 8), Q(95, 0, 0, 0), Trans[(128, 1, 8)]
[Tue Dec  2 14:25:22 2025] >> [t:811] (r:-0.033), [f:   100/1000], inf[8.0e+12], comp[2.6e+13](128, 1, 8), Q(93, 0, 0, 0), Trans[(128, 1, 8)]
[Tue Dec  2 14:25:22 2025] >> [t:812] (r:-0.033), [f:   100/1000], inf[8.0e+12], comp[2.6e+13](128, 1, 8), Q(93, 0, 0, 0), Trans[(128, 1, 8)]
[Tue Dec  2 14:25:22 2025] >> [t:813] (r:-0.033), [f:   100/1000], inf[8.0e+12], comp[2.6e+13](128, 1, 8), Q(92, 0, 0, 0), Trans[(128, 1, 8)]
[Tue Dec  2 14:25:22 2025] >> [t:814] (r:-0.033), [f:   100/1000], inf[8.0e+12], comp[2.6e+13](128, 1, 8), Q(91, 0, 0, 0), Trans[(128, 1, 8)]
[Tue Dec  2 14:25:22 2025] >> [t:815] (r:-0.033), [f:   100/1000], inf[8.0e+12], comp[2.6e+13](128, 1, 8), Q(91, 0, 0, 0), Trans[(128, 1, 8)]
[Tue Dec  2 14:25:22 2025] >> [t:816] (r:-0.033), [f:   100/1000], inf[8.0e+12], comp[2.6e+13](128, 1, 8), Q(90, 0, 0, 0), Trans[(128, 1, 8)]
[Tue Dec  2 14:25:22 2025] >> [t:817] (r:-0.033), [f:   100/1000], inf[8.0e+12], comp[2.6e+13](128, 1, 8), Q(90, 0, 0, 0), Trans[(128, 1, 8)]
[Tue Dec  2 14:25:22 2025] >> [t:818] (r:-0.033), [f:   100/1000], inf[8.0e+12], comp[2.6e+13](128, 1, 8), Q(90, 0, 0, 0), Trans[(128, 1, 8)]
[Tue Dec  2 14:25:22 2025] >> [t:819] (r:-0.033), [f:   100/1000], inf[8.0e+12], comp[2.6e+13](128, 1, 8), Q(89, 0, 0, 0), Trans[(128, 1, 8)]
[Tue Dec  2 14:25:22 2025] >> [t:820] (r:-0.033), [f:   100/1000], inf[8.0e+12], comp[2.6e+13](128, 1, 8), Q(87, 0, 0, 0), Trans[(128, 1, 8)]
[Tue Dec  2 14:25:22 2025] >> [t:821] (r:-0.033), [f:   100/1000], inf[8.0e+12], comp[2.6e+13](128, 1, 8), Q(87, 0, 0, 0), Trans[(128, 1, 8)]
[Tue Dec  2 14:25:22 2025] >> [t:822] (r:-0.033), [f:   100/1000], inf[8.0e+12], comp[2.6e+13](128, 1, 8), Q(83, 1, 0, 0), Trans[(128, 1, 8)]
[Tue Dec  2 14:25:22 2025] >> [t:823] (r:-0.033), [f:   100/1000], inf[2.7e+13], comp[2.6e+13](128, 4, 8), Q(82, 1, 0, 0), Trans[(128, 4, 8)]
[Tue Dec  2 14:25:22 2025] >> [t:824] (r:-0.033), [f:   100/1000], inf[2.7e+13], comp[2.6e+13](128, 4, 8), Q(82, 0, 0, 0), Trans[(128, 4, 8)]
[Tue Dec  2 14:25:22 2025] >> [t:825] (r:-0.033), [f:   100/1000], inf[2.7e+13], comp[2.6e+13](128, 4, 8), Q(80, 2, 0, 0), Trans[(128, 4, 8)]
[Tue Dec  2 14:25:22 2025] >> [t:826] (r:-0.033), [f:   100/1000], inf[2.7e+13], comp[2.6e+13](128, 4, 8), Q(80, 1, 0, 0), Trans[(128, 4, 8)]
[Tue Dec  2 14:25:22 2025] >> [t:827] (r:-0.033), [f:   100/1000], inf[2.7e+13], comp[2.6e+13](128, 4, 8), Q(79, 1, 0, 0), Trans[(128, 4, 8)]
[Tue Dec  2 14:25:22 2025] >> [t:828] (r:-0.033), [f:   100/1000], inf[2.7e+13], comp[2.6e+13](128, 4, 8), Q(78, 1, 0, 0), Trans[(128, 4, 8)]
[Tue Dec  2 14:25:22 2025] >> [t:829] (r:-0.033), [f:   100/1000], inf[2.7e+13], comp[2.6e+13](128, 4, 8), Q(78, 0, 0, 0), Trans[(128, 4, 8)]
[Tue Dec  2 14:25:22 2025] >> [t:830] (r:-0.033), [f:   100/1000], inf[2.7e+13], comp[2.6e+13](128, 4, 8), Q(77, 1, 0, 0), Trans[(128, 4, 8)]
[Tue Dec  2 14:25:22 2025] >> [t:831] (r:-0.033), [f:   100/1000], inf[2.7e+13], comp[2.6e+13](128, 4, 8), Q(77, 0, 0, 0), Trans[(128, 4, 8)]
[Tue Dec  2 14:25:22 2025] >> [t:832] (r:-0.033), [f:   100/1000], inf[2.7e+13], comp[2.6e+13](128, 4, 8), Q(77, 0, 0, 0), Trans[(128, 4, 8)]
[Tue Dec  2 14:25:22 2025] >> [t:833] (r:-0.033), [f:   100/1000], inf[2.7e+13], comp[2.6e+13](128, 4, 8), Q(75, 2, 0, 0), Trans[(128, 4, 8)]
[Tue Dec  2 14:25:22 2025] >> [t:834] (r:-0.033), [f:   100/1000], inf[2.7e+13], comp[2.6e+13](128, 4, 8), Q(75, 1, 0, 0), Trans[(128, 4, 8)]
[Tue Dec  2 14:25:22 2025] >> [t:835] (r:-0.033), [f:   100/1000], inf[2.7e+13], comp[2.6e+13](128, 4, 8), Q(73, 2, 0, 0), Trans[(128, 4, 8)]
[Tue Dec  2 14:25:22 2025] >> [t:836] (r:-0.033), [f:   100/1000], inf[2.7e+13], comp[2.6e+13](128, 4, 8), Q(71, 3, 0, 0), Trans[(128, 4, 8)]
[Tue Dec  2 14:25:22 2025] >> [t:837] (r:-0.033), [f:   100/1000], inf[2.7e+13], comp[2.6e+13](128, 4, 8), Q(71, 2, 0, 0), Trans[(128, 4, 8)]
[Tue Dec  2 14:25:22 2025] >> [t:838] (r:-0.033), [f:   100/1000], inf[2.7e+13], comp[2.6e+13](128, 4, 8), Q(69, 3, 0, 0), Trans[(128, 4, 8)]
[Tue Dec  2 14:25:22 2025] >> [t:839] (r:-0.033), [f:   100/1000], inf[2.7e+13], comp[2.6e+13](128, 4, 8), Q(68, 3, 0, 0), Trans[(128, 4, 8)]
[Tue Dec  2 14:25:22 2025] >> [t:840] (r:-0.033), [f:   100/1000], inf[2.7e+13], comp[2.6e+13](128, 4, 8), Q(67, 3, 0, 0), Trans[(128, 4, 8)]
[Tue Dec  2 14:25:22 2025] >> [t:841] (r:-0.033), [f:   100/1000], inf[2.7e+13], comp[2.6e+13](128, 4, 8), Q(67, 2, 0, 0), Trans[(128, 4, 8)]
[Tue Dec  2 14:25:22 2025] >> [t:842] (r:-0.033), [f:   100/1000], inf[2.7e+13], comp[2.6e+13](128, 4, 8), Q(66, 2, 0, 0), Trans[(128, 4, 8)]
[Tue Dec  2 14:25:22 2025] >> [t:843] (r:-0.033), [f:   100/1000], inf[2.7e+13], comp[2.6e+13](128, 4, 8), Q(65, 2, 0, 0), Trans[(128, 4, 8)]
[Tue Dec  2 14:25:22 2025] >> [t:844] (r:-0.033), [f:   100/1000], inf[2.7e+13], comp[2.6e+13](128, 4, 8), Q(63, 3, 0, 0), Trans[(128, 4, 8)]
[Tue Dec  2 14:25:22 2025] >> [t:845] (r:-0.033), [f:   100/1000], inf[2.7e+13], comp[2.6e+13](128, 4, 8), Q(62, 3, 0, 0), Trans[(128, 4, 8)]
[Tue Dec  2 14:25:22 2025] >> [t:846] (r:-0.033), [f:   100/1000], inf[2.7e+13], comp[2.6e+13](128, 4, 8), Q(58, 6, 0, 0), Trans[(128, 4, 8)]
[Tue Dec  2 14:25:22 2025] >> [t:847] (r:-0.286), [f:   600/1000], inf[5.3e+13], comp[1.6e+14](128, 8, 8), Q(58, 0, 0, 0), Trans[(128, 8, 8)]
[Tue Dec  2 14:25:22 2025] >> [t:848] (r:-0.033), [f:   100/1000], inf[2.7e+13], comp[2.6e+13](128, 4, 8), Q(56, 2, 0, 0), Trans[(128, 4, 8)]
[Tue Dec  2 14:25:22 2025] >> [t:849] (r:-0.033), [f:   100/1000], inf[2.7e+13], comp[2.6e+13](128, 4, 8), Q(56, 1, 0, 0), Trans[(128, 4, 8)]
[Tue Dec  2 14:25:22 2025] >> [t:850] (r:-0.033), [f:   100/1000], inf[2.7e+13], comp[2.6e+13](128, 4, 8), Q(55, 1, 0, 0), Trans[(128, 4, 8)]
[Tue Dec  2 14:25:22 2025] >> [t:851] (r:-0.033), [f:   100/1000], inf[2.7e+13], comp[2.6e+13](128, 4, 8), Q(54, 1, 0, 0), Trans[(128, 4, 8)]
[Tue Dec  2 14:25:22 2025] >> [t:852] (r:-0.033), [f:   100/1000], inf[2.7e+13], comp[2.6e+13](128, 4, 8), Q(53, 1, 0, 0), Trans[(128, 4, 8)]
[Tue Dec  2 14:25:22 2025] >> [t:853] (r:-0.033), [f:   100/1000], inf[2.7e+13], comp[2.6e+13](128, 4, 8), Q(53, 0, 0, 0), Trans[(128, 4, 8)]
[Tue Dec  2 14:25:22 2025] >> [t:854] (r:-0.033), [f:   100/1000], inf[2.7e+13], comp[2.6e+13](128, 4, 8), Q(53, 0, 0, 0), Trans[(128, 4, 8)]
[Tue Dec  2 14:25:22 2025] >> [t:855] (r:-0.033), [f:   100/1000], inf[2.7e+13], comp[2.6e+13](128, 4, 8), Q(52, 1, 0, 0), Trans[(128, 4, 8)]
[Tue Dec  2 14:25:22 2025] >> [t:856] (r:-0.033), [f:   100/1000], inf[2.7e+13], comp[2.6e+13](128, 4, 8), Q(49, 3, 0, 0), Trans[(128, 4, 8)]
[Tue Dec  2 14:25:22 2025] >> [t:857] (r:-0.033), [f:   100/1000], inf[2.7e+13], comp[2.6e+13](128, 4, 8), Q(49, 2, 0, 0), Trans[(128, 4, 8)]
[Tue Dec  2 14:25:22 2025] >> [t:858] (r:-0.033), [f:   100/1000], inf[2.7e+13], comp[2.6e+13](128, 4, 8), Q(48, 2, 0, 0), Trans[(128, 4, 8)]
[Tue Dec  2 14:25:22 2025] >> [t:859] (r:-0.033), [f:   100/1000], inf[2.7e+13], comp[2.6e+13](128, 4, 8), Q(47, 2, 0, 0), Trans[(128, 4, 8)]
[Tue Dec  2 14:25:22 2025] >> [t:860] (r:-0.033), [f:   100/1000], inf[2.7e+13], comp[2.6e+13](128, 4, 8), Q(46, 2, 0, 0), Trans[(128, 4, 8)]
[Tue Dec  2 14:25:22 2025] >> [t:861] (r:-0.033), [f:   100/1000], inf[2.7e+13], comp[2.6e+13](128, 4, 8), Q(45, 2, 0, 0), Trans[(128, 4, 8)]
[Tue Dec  2 14:25:22 2025] >> [t:862] (r:-0.033), [f:   100/1000], inf[2.7e+13], comp[2.6e+13](128, 4, 8), Q(44, 2, 0, 0), Trans[(128, 4, 8)]
[Tue Dec  2 14:25:22 2025] >> [t:863] (r:-0.033), [f:   100/1000], inf[2.7e+13], comp[2.6e+13](128, 4, 8), Q(43, 2, 0, 0), Trans[(128, 4, 8)]
[Tue Dec  2 14:25:22 2025] >> [t:864] (r:-0.033), [f:   100/1000], inf[2.7e+13], comp[2.6e+13](128, 4, 8), Q(42, 2, 0, 0), Trans[(128, 4, 8)]
[Tue Dec  2 14:25:22 2025] >> [t:865] (r:-0.033), [f:   100/1000], inf[2.7e+13], comp[2.6e+13](128, 4, 8), Q(42, 1, 0, 0), Trans[(128, 4, 8)]
[Tue Dec  2 14:25:22 2025] >> [t:866] (r:-0.033), [f:   100/1000], inf[2.7e+13], comp[2.6e+13](128, 4, 8), Q(41, 1, 0, 0), Trans[(128, 4, 8)]
[Tue Dec  2 14:25:22 2025] >> [t:867] (r:-0.033), [f:   100/1000], inf[2.7e+13], comp[2.6e+13](128, 4, 8), Q(39, 2, 0, 0), Trans[(128, 4, 8)]
[Tue Dec  2 14:25:22 2025] >> [t:868] (r:-0.033), [f:   100/1000], inf[2.7e+13], comp[2.6e+13](128, 4, 8), Q(37, 3, 0, 0), Trans[(128, 4, 8)]
[Tue Dec  2 14:25:22 2025] >> [t:869] (r:-0.033), [f:   100/1000], inf[2.7e+13], comp[2.6e+13](128, 4, 8), Q(34, 5, 0, 0), Trans[(128, 4, 8)]
[Tue Dec  2 14:25:22 2025] >> [t:870] (r:-0.286), [f:   600/1000], inf[5.3e+13], comp[1.6e+14](128, 8, 8), Q(34, 0, 0, 0), Trans[(128, 8, 8)]
[Tue Dec  2 14:25:22 2025] >> [t:871] (r:-0.033), [f:   100/1000], inf[2.7e+13], comp[2.6e+13](128, 4, 8), Q(32, 2, 0, 0), Trans[(128, 4, 8)]
[Tue Dec  2 14:25:22 2025] >> [t:872] (r:-0.033), [f:   100/1000], inf[2.7e+13], comp[2.6e+13](128, 4, 8), Q(28, 5, 0, 0), Trans[(128, 4, 8)]
[Tue Dec  2 14:25:22 2025] >> [t:873] (r:-0.286), [f:   600/1000], inf[5.3e+13], comp[1.6e+14](128, 8, 8), Q(27, 1, 0, 0), Trans[(128, 8, 8)]
[Tue Dec  2 14:25:22 2025] >> [t:874] (r:-0.033), [f:   100/1000], inf[2.7e+13], comp[2.6e+13](128, 4, 8), Q(26, 1, 0, 0), Trans[(128, 4, 8)]
[Tue Dec  2 14:25:22 2025] >> [t:875] (r:-0.033), [f:   100/1000], inf[2.7e+13], comp[2.6e+13](128, 4, 8), Q(26, 0, 0, 0), Trans[(128, 4, 8)]
[Tue Dec  2 14:25:22 2025] >> [t:876] (r:-0.033), [f:   100/1000], inf[2.7e+13], comp[2.6e+13](128, 4, 8), Q(23, 3, 0, 0), Trans[(128, 4, 8)]
[Tue Dec  2 14:25:22 2025] >> [t:877] (r:-0.033), [f:   100/1000], inf[2.7e+13], comp[2.6e+13](128, 4, 8), Q(21, 4, 0, 0), Trans[(128, 4, 8)]
[Tue Dec  2 14:25:22 2025] >> [t:878] (r:-0.238), [f:   500/1000], inf[8.0e+12], comp[1.3e+14](128, 1, 8), Q(21, 0, 0, 0), Trans[(128, 1, 8)]
[Tue Dec  2 14:25:22 2025] >> [t:879] (r:-0.033), [f:   100/1000], inf[8.0e+12], comp[2.6e+13](128, 1, 8), Q(20, 0, 0, 0), Trans[(128, 1, 8)]
[Tue Dec  2 14:25:22 2025] >> [t:880] (r:-0.033), [f:   100/1000], inf[8.0e+12], comp[2.6e+13](128, 1, 8), Q(19, 0, 0, 0), Trans[(128, 1, 8)]
[Tue Dec  2 14:25:22 2025] >> [t:881] (r:-0.033), [f:   100/1000], inf[8.0e+12], comp[2.6e+13](128, 1, 8), Q(18, 0, 0, 0), Trans[(128, 1, 8)]
[Tue Dec  2 14:25:22 2025] >> [t:882] (r:-0.033), [f:   100/1000], inf[8.0e+12], comp[2.6e+13](128, 1, 8), Q(17, 0, 0, 0), Trans[(128, 1, 8)]
[Tue Dec  2 14:25:22 2025] >> [t:883] (r:-0.033), [f:   100/1000], inf[8.0e+12], comp[2.6e+13](128, 1, 8), Q(16, 0, 0, 0), Trans[(128, 1, 8)]
[Tue Dec  2 14:25:22 2025] >> [t:884] (r:-0.033), [f:   100/1000], inf[8.0e+12], comp[2.6e+13](128, 1, 8), Q(15, 0, 0, 0), Trans[(128, 1, 8)]
[Tue Dec  2 14:25:22 2025] >> [t:885] (r:-0.033), [f:   100/1000], inf[8.0e+12], comp[2.6e+13](128, 1, 8), Q(14, 0, 0, 0), Trans[(128, 1, 8)]
[Tue Dec  2 14:25:22 2025] >> [t:886] (r:-0.033), [f:   100/1000], inf[8.0e+12], comp[2.6e+13](128, 1, 8), Q(14, 0, 0, 0), Trans[(128, 1, 8)]
[Tue Dec  2 14:25:22 2025] >> [t:887] (r:-0.033), [f:   100/1000], inf[8.0e+12], comp[2.6e+13](128, 1, 8), Q(12, 0, 0, 0), Trans[(128, 1, 8)]
[Tue Dec  2 14:25:22 2025] >> [t:888] (r:-0.033), [f:   100/1000], inf[8.0e+12], comp[2.6e+13](128, 1, 8), Q(11, 0, 0, 0), Trans[(128, 1, 8)]
[Tue Dec  2 14:25:22 2025] >> [t:889] (r:-0.033), [f:   100/1000], inf[8.0e+12], comp[2.6e+13](128, 1, 8), Q(11, 0, 0, 0), Trans[(128, 1, 8)]
[Tue Dec  2 14:25:22 2025] >> [t:890] (r:-0.033), [f:   100/1000], inf[8.0e+12], comp[2.6e+13](128, 1, 8), Q(10, 0, 0, 0), Trans[(128, 1, 8)]
[Tue Dec  2 14:25:22 2025] >> [t:891] (r:-0.033), [f:   100/1000], inf[8.0e+12], comp[2.6e+13](128, 1, 8), Q(10, 0, 0, 0), Trans[(128, 1, 8)]
[Tue Dec  2 14:25:22 2025] >> [t:892] (r:-0.033), [f:   100/1000], inf[8.0e+12], comp[2.6e+13](128, 1, 8), Q(10, 0, 0, 0), Trans[(128, 1, 8)]
[Tue Dec  2 14:25:22 2025] >> [t:893] (r:-0.033), [f:   100/1000], inf[8.0e+12], comp[2.6e+13](128, 1, 8), Q(9, 0, 0, 0), Trans[(128, 1, 8)]
[Tue Dec  2 14:25:22 2025] >> [t:894] (r:-0.033), [f:   100/1000], inf[8.0e+12], comp[2.6e+13](128, 1, 8), Q(9, 0, 0, 0), Trans[(128, 1, 8)]
[Tue Dec  2 14:25:22 2025] >> [t:895] (r:-0.033), [f:   100/1000], inf[8.0e+12], comp[2.6e+13](128, 1, 8), Q(7, 0, 0, 0), Trans[(128, 1, 8)]
[Tue Dec  2 14:25:22 2025] >> [t:896] (r:-0.033), [f:   100/1000], inf[8.0e+12], comp[2.6e+13](128, 1, 8), Q(4, 0, 0, 0), Trans[(128, 1, 8)]
[Tue Dec  2 14:25:22 2025] >> [t:897] (r:-0.033), [f:   100/1000], inf[8.0e+12], comp[2.6e+13](128, 1, 8), Q(4, 0, 0, 0), Trans[(128, 1, 8)]
[Tue Dec  2 14:25:22 2025] >> [t:898] (r:-0.033), [f:   100/1000], inf[8.0e+12], comp[2.6e+13](128, 1, 8), Q(2, 0, 0, 0), Trans[(128, 1, 8)]
[Tue Dec  2 14:25:22 2025] >> [t:899] (r:-0.033), [f:   100/1000], inf[8.0e+12], comp[2.6e+13](128, 1, 8), Q(0, 0, 0, 0), Trans[(128, 1, 8)]
[Tue Dec  2 14:25:22 2025] >> [t:900] (r:-0.033), [f:   100/1000], inf[8.0e+12], comp[2.6e+13](128, 1, 8), Q(0, 0, 0, 0), Trans[(128, 1, 8)]
[Tue Dec  2 14:25:22 2025] >> [t:901] (r:-0.033), [f:   100/1000], inf[8.0e+12], comp[2.6e+13](128, 1, 8), Q(0, 0, 0, 0), Trans[(128, 1, 8)]
[Tue Dec  2 14:25:22 2025] >> [t:902] (r:-0.033), [f:   100/1000], inf[8.0e+12], comp[2.6e+13](128, 1, 8), Q(0, 0, 0, 0), Trans[(128, 1, 8)]
[Tue Dec  2 14:25:22 2025] >> [t:903] (r:-0.033), [f:   100/1000], inf[8.0e+12], comp[2.6e+13](128, 1, 8), Q(0, 0, 0, 0), Trans[(128, 1, 8)]
[Tue Dec  2 14:25:22 2025] >> [t:904] (r:-0.033), [f:   100/1000], inf[8.0e+12], comp[2.6e+13](128, 1, 8), Q(0, 0, 0, 0), Trans[(128, 1, 8)]
[Tue Dec  2 14:25:22 2025] >> [t:905] (r:-0.033), [f:   100/1000], inf[8.0e+12], comp[2.6e+13](128, 1, 8), Q(0, 0, 0, 0), Trans[(128, 1, 8)]
[Tue Dec  2 14:25:22 2025] >> [t:906] (r:-0.033), [f:   100/1000], inf[8.0e+12], comp[2.6e+13](128, 1, 8), Q(0, 0, 0, 0), Trans[(128, 1, 8)]
[Tue Dec  2 14:25:22 2025] >> [t:907] (r:-0.033), [f:   100/1000], inf[8.0e+12], comp[2.6e+13](128, 1, 8), Q(0, 0, 0, 0), Trans[(128, 1, 8)]
[Tue Dec  2 14:25:22 2025] >> [t:908] (r:-0.033), [f:   100/1000], inf[8.0e+12], comp[2.6e+13](128, 1, 8), Q(0, 0, 0, 0), Trans[(128, 1, 8)]
[Tue Dec  2 14:25:22 2025] >> [t:909] (r:-0.033), [f:   100/1000], inf[8.0e+12], comp[2.6e+13](128, 1, 8), Q(0, 0, 0, 0), Trans[(128, 1, 8)]
[Tue Dec  2 14:25:22 2025] >> [t:910] (r:-0.033), [f:   100/1000], inf[8.0e+12], comp[2.6e+13](128, 1, 8), Q(0, 0, 0, 0), Trans[(128, 1, 8)]
[Tue Dec  2 14:25:22 2025] >> [t:911] (r:-0.033), [f:   100/1000], inf[8.0e+12], comp[2.6e+13](128, 1, 8), Q(0, 0, 0, 0), Trans[(128, 1, 8)]
[Tue Dec  2 14:25:22 2025] >> [t:912] (r:-0.033), [f:   100/1000], inf[8.0e+12], comp[2.6e+13](128, 1, 8), Q(0, 0, 0, 0), Trans[(128, 1, 8)]
[Tue Dec  2 14:25:22 2025] >> [t:913] (r:-0.033), [f:   100/1000], inf[8.0e+12], comp[2.6e+13](128, 1, 8), Q(0, 0, 0, 0), Trans[(128, 1, 8)]
[Tue Dec  2 14:25:22 2025] >> [t:914] (r:-0.033), [f:   100/1000], inf[8.0e+12], comp[2.6e+13](128, 1, 8), Q(0, 0, 0, 0), Trans[(128, 1, 8)]
[Tue Dec  2 14:25:22 2025] >> [t:915] (r:-0.033), [f:   100/1000], inf[8.0e+12], comp[2.6e+13](128, 1, 8), Q(0, 0, 0, 0), Trans[(128, 1, 8)]
[Tue Dec  2 14:25:22 2025] >> [t:916] (r:-0.033), [f:   100/1000], inf[8.0e+12], comp[2.6e+13](128, 1, 8), Q(0, 0, 0, 0), Trans[(128, 1, 8)]
[Tue Dec  2 14:25:22 2025] >> [t:917] (r:-0.033), [f:   100/1000], inf[8.0e+12], comp[2.6e+13](128, 1, 8), Q(0, 0, 0, 0), Trans[(128, 1, 8)]
[Tue Dec  2 14:25:22 2025] >> [t:918] (r:-0.033), [f:   100/1000], inf[8.0e+12], comp[2.6e+13](128, 1, 8), Q(0, 0, 0, 0), Trans[(128, 1, 8)]
[Tue Dec  2 14:25:22 2025] >> [t:919] (r:-0.033), [f:   100/1000], inf[8.0e+12], comp[2.6e+13](128, 1, 8), Q(0, 0, 0, 0), Trans[(128, 1, 8)]
[Tue Dec  2 14:25:22 2025] >> [t:920] (r:-0.033), [f:   100/1000], inf[8.0e+12], comp[2.6e+13](128, 1, 8), Q(0, 0, 0, 0), Trans[(128, 1, 8)]
[Tue Dec  2 14:25:22 2025] >> [t:921] (r:-0.033), [f:   100/1000], inf[8.0e+12], comp[2.6e+13](128, 1, 8), Q(0, 0, 0, 0), Trans[(128, 1, 8)]
[Tue Dec  2 14:25:22 2025] >> [t:922] (r:-0.033), [f:   100/1000], inf[8.0e+12], comp[2.6e+13](128, 1, 8), Q(0, 0, 0, 0), Trans[(128, 1, 8)]
[Tue Dec  2 14:25:22 2025] >> [t:923] (r:-0.033), [f:   100/1000], inf[8.0e+12], comp[2.6e+13](128, 1, 8), Q(0, 0, 0, 0), Trans[(128, 1, 8)]
[Tue Dec  2 14:25:22 2025] >> [t:924] (r:-0.033), [f:   100/1000], inf[8.0e+12], comp[2.6e+13](128, 1, 8), Q(0, 0, 0, 0), Trans[(128, 1, 8)]
[Tue Dec  2 14:25:22 2025] >> [t:925] (r:-0.033), [f:   100/1000], inf[8.0e+12], comp[2.6e+13](128, 1, 8), Q(0, 0, 0, 0), Trans[(128, 1, 8)]
[Tue Dec  2 14:25:22 2025] >> [t:926] (r:-0.033), [f:   100/1000], inf[8.0e+12], comp[2.6e+13](128, 1, 8), Q(0, 0, 0, 0), Trans[(128, 1, 8)]
[Tue Dec  2 14:25:22 2025] >> [t:927] (r:-0.033), [f:   100/1000], inf[8.0e+12], comp[2.6e+13](128, 1, 8), Q(0, 0, 0, 0), Trans[(128, 1, 8)]
[Tue Dec  2 14:25:22 2025] >> [t:928] (r:-0.033), [f:   100/1000], inf[8.0e+12], comp[2.6e+13](128, 1, 8), Q(0, 0, 0, 0), Trans[(128, 1, 8)]
[Tue Dec  2 14:25:22 2025] >> [t:929] (r:-0.033), [f:   100/1000], inf[8.0e+12], comp[2.6e+13](128, 1, 8), Q(0, 0, 0, 0), Trans[(128, 1, 8)]
[Tue Dec  2 14:25:22 2025] >> [t:930] (r:-0.033), [f:   100/1000], inf[8.0e+12], comp[2.6e+13](128, 1, 8), Q(0, 0, 0, 0), Trans[(128, 1, 8)]
[Tue Dec  2 14:25:22 2025] >> [t:931] (r:-0.033), [f:   100/1000], inf[8.0e+12], comp[2.6e+13](128, 1, 8), Q(0, 0, 0, 0), Trans[(128, 1, 8)]
[Tue Dec  2 14:25:22 2025] >> [t:932] (r:-0.033), [f:   100/1000], inf[8.0e+12], comp[2.6e+13](128, 1, 8), Q(0, 0, 0, 0), Trans[(128, 1, 8)]
[Tue Dec  2 14:25:22 2025] >> [t:933] (r:-0.033), [f:   100/1000], inf[8.0e+12], comp[2.6e+13](128, 1, 8), Q(0, 0, 0, 0), Trans[(128, 1, 8)]
[Tue Dec  2 14:25:22 2025] >> [t:934] (r:-0.033), [f:   100/1000], inf[8.0e+12], comp[2.6e+13](128, 1, 8), Q(0, 0, 0, 0), Trans[(128, 1, 8)]
[Tue Dec  2 14:25:22 2025] >> [t:935] (r:-0.033), [f:   100/1000], inf[8.0e+12], comp[2.6e+13](128, 1, 8), Q(0, 0, 0, 0), Trans[(128, 1, 8)]
[Tue Dec  2 14:25:22 2025] >> [t:936] (r:-0.033), [f:   100/1000], inf[8.0e+12], comp[2.6e+13](128, 1, 8), Q(0, 0, 0, 0), Trans[(128, 1, 8)]
[Tue Dec  2 14:25:22 2025] >> [t:937] (r:-0.033), [f:   100/1000], inf[8.0e+12], comp[2.6e+13](128, 1, 8), Q(0, 0, 0, 0), Trans[(128, 1, 8)]
[Tue Dec  2 14:25:22 2025] >> [t:938] (r:-0.033), [f:   100/1000], inf[8.0e+12], comp[2.6e+13](128, 1, 8), Q(0, 0, 0, 0), Trans[(128, 1, 8)]
[Tue Dec  2 14:25:22 2025] >> [t:939] (r:-0.033), [f:   100/1000], inf[8.0e+12], comp[2.6e+13](128, 1, 8), Q(0, 0, 0, 0), Trans[(128, 1, 8)]
[Tue Dec  2 14:25:22 2025] >> [t:940] (r:-0.033), [f:   100/1000], inf[8.0e+12], comp[2.6e+13](128, 1, 8), Q(0, 0, 0, 0), Trans[(128, 1, 8)]
[Tue Dec  2 14:25:22 2025] >> [t:941] (r:-0.033), [f:   100/1000], inf[8.0e+12], comp[2.6e+13](128, 1, 8), Q(0, 0, 0, 0), Trans[(128, 1, 8)]
[Tue Dec  2 14:25:22 2025] >> [t:942] (r:-0.033), [f:   100/1000], inf[8.0e+12], comp[2.6e+13](128, 1, 8), Q(0, 0, 0, 0), Trans[(128, 1, 8)]
[Tue Dec  2 14:25:22 2025] >> [t:943] (r:-0.033), [f:   100/1000], inf[8.0e+12], comp[2.6e+13](128, 1, 8), Q(0, 0, 0, 0), Trans[(128, 1, 8)]
[Tue Dec  2 14:25:22 2025] >> [t:944] (r:-0.033), [f:   100/1000], inf[8.0e+12], comp[2.6e+13](128, 1, 8), Q(0, 0, 0, 0), Trans[(128, 1, 8)]
[Tue Dec  2 14:25:22 2025] >> [t:945] (r:-0.033), [f:   100/1000], inf[8.0e+12], comp[2.6e+13](128, 1, 8), Q(0, 0, 0, 0), Trans[(128, 1, 8)]
[Tue Dec  2 14:25:22 2025] >> [t:946] (r:-0.033), [f:   100/1000], inf[8.0e+12], comp[2.6e+13](128, 1, 8), Q(0, 0, 0, 0), Trans[(128, 1, 8)]
[Tue Dec  2 14:25:22 2025] >> [t:947] (r:-0.033), [f:   100/1000], inf[8.0e+12], comp[2.6e+13](128, 1, 8), Q(0, 0, 0, 0), Trans[(128, 1, 8)]
[Tue Dec  2 14:25:22 2025] >> [t:948] (r:-0.033), [f:   100/1000], inf[8.0e+12], comp[2.6e+13](128, 1, 8), Q(0, 0, 0, 0), Trans[(128, 1, 8)]
[Tue Dec  2 14:25:22 2025] >> [t:949] (r:-0.033), [f:   100/1000], inf[8.0e+12], comp[2.6e+13](128, 1, 8), Q(0, 0, 0, 0), Trans[(128, 1, 8)]
[Tue Dec  2 14:25:22 2025] >> [t:950] (r:-0.033), [f:   100/1000], inf[8.0e+12], comp[2.6e+13](128, 1, 8), Q(0, 0, 0, 0), Trans[(128, 1, 8)]
[Tue Dec  2 14:25:22 2025] >> [t:951] (r:-0.033), [f:   100/1000], inf[8.0e+12], comp[2.6e+13](128, 1, 8), Q(0, 0, 0, 0), Trans[(128, 1, 8)]
[Tue Dec  2 14:25:22 2025] >> [t:952] (r:-0.033), [f:   100/1000], inf[8.0e+12], comp[2.6e+13](128, 1, 8), Q(0, 0, 0, 0), Trans[(128, 1, 8)]
[Tue Dec  2 14:25:22 2025] >> [t:953] (r:-0.033), [f:   100/1000], inf[8.0e+12], comp[2.6e+13](128, 1, 8), Q(0, 0, 0, 0), Trans[(128, 1, 8)]
[Tue Dec  2 14:25:22 2025] >> [t:954] (r:-0.033), [f:   100/1000], inf[8.0e+12], comp[2.6e+13](128, 1, 8), Q(0, 0, 0, 0), Trans[(128, 1, 8)]
[Tue Dec  2 14:25:22 2025] >> [t:955] (r:-0.033), [f:   100/1000], inf[8.0e+12], comp[2.6e+13](128, 1, 8), Q(0, 0, 0, 0), Trans[(128, 1, 8)]
[Tue Dec  2 14:25:22 2025] >> [t:956] (r:-0.033), [f:   100/1000], inf[8.0e+12], comp[2.6e+13](128, 1, 8), Q(0, 0, 0, 0), Trans[(128, 1, 8)]
[Tue Dec  2 14:25:22 2025] >> [t:957] (r:-0.033), [f:   100/1000], inf[8.0e+12], comp[2.6e+13](128, 1, 8), Q(0, 0, 0, 0), Trans[(128, 1, 8)]
[Tue Dec  2 14:25:22 2025] >> [t:958] (r:-0.033), [f:   100/1000], inf[8.0e+12], comp[2.6e+13](128, 1, 8), Q(0, 0, 0, 0), Trans[(128, 1, 8)]
[Tue Dec  2 14:25:22 2025] >> [t:959] (r:-0.033), [f:   100/1000], inf[8.0e+12], comp[2.6e+13](128, 1, 8), Q(0, 0, 0, 0), Trans[(128, 1, 8)]
[Tue Dec  2 14:25:22 2025] >> [t:960] (r:-0.033), [f:   100/1000], inf[8.0e+12], comp[2.6e+13](128, 1, 8), Q(0, 0, 0, 0), Trans[(128, 1, 8)]
[Tue Dec  2 14:25:22 2025] >> [t:961] (r:-0.033), [f:   100/1000], inf[8.0e+12], comp[2.6e+13](128, 1, 8), Q(0, 0, 0, 0), Trans[(128, 1, 8)]
[Tue Dec  2 14:25:22 2025] >> [t:962] (r:-0.033), [f:   100/1000], inf[8.0e+12], comp[2.6e+13](128, 1, 8), Q(0, 0, 0, 0), Trans[(128, 1, 8)]
[Tue Dec  2 14:25:22 2025] >> [t:963] (r:-0.033), [f:   100/1000], inf[8.0e+12], comp[2.6e+13](128, 1, 8), Q(0, 0, 0, 0), Trans[(128, 1, 8)]
[Tue Dec  2 14:25:22 2025] >> [t:964] (r:-0.033), [f:   100/1000], inf[8.0e+12], comp[2.6e+13](128, 1, 8), Q(0, 0, 0, 0), Trans[(128, 1, 8)]
[Tue Dec  2 14:25:22 2025] >> [t:965] (r:-0.033), [f:   100/1000], inf[8.0e+12], comp[2.6e+13](128, 1, 8), Q(0, 0, 0, 0), Trans[(128, 1, 8)]
[Tue Dec  2 14:25:22 2025] >> [t:966] (r:-0.033), [f:   100/1000], inf[8.0e+12], comp[2.6e+13](128, 1, 8), Q(0, 0, 0, 0), Trans[(128, 1, 8)]
[Tue Dec  2 14:25:22 2025] >> [t:967] (r:-0.033), [f:   100/1000], inf[8.0e+12], comp[2.6e+13](128, 1, 8), Q(0, 0, 0, 0), Trans[(128, 1, 8)]
[Tue Dec  2 14:25:22 2025] >> [t:968] (r:-0.033), [f:   100/1000], inf[8.0e+12], comp[2.6e+13](128, 1, 8), Q(0, 0, 0, 0), Trans[(128, 1, 8)]
[Tue Dec  2 14:25:22 2025] >> [t:969] (r:-0.033), [f:   100/1000], inf[8.0e+12], comp[2.6e+13](128, 1, 8), Q(0, 0, 0, 0), Trans[(128, 1, 8)]
[Tue Dec  2 14:25:22 2025] >> [t:970] (r:-0.033), [f:   100/1000], inf[8.0e+12], comp[2.6e+13](128, 1, 8), Q(0, 0, 0, 0), Trans[(128, 1, 8)]
[Tue Dec  2 14:25:22 2025] >> [t:971] (r:-0.033), [f:   100/1000], inf[8.0e+12], comp[2.6e+13](128, 1, 8), Q(0, 0, 0, 0), Trans[(128, 1, 8)]
[Tue Dec  2 14:25:22 2025] >> [t:972] (r:-0.033), [f:   100/1000], inf[8.0e+12], comp[2.6e+13](128, 1, 8), Q(0, 0, 0, 0), Trans[(128, 1, 8)]
[Tue Dec  2 14:25:22 2025] >> [t:973] (r:-0.033), [f:   100/1000], inf[8.0e+12], comp[2.6e+13](128, 1, 8), Q(0, 0, 0, 0), Trans[(128, 1, 8)]
[Tue Dec  2 14:25:22 2025] >> [t:974] (r:-0.033), [f:   100/1000], inf[8.0e+12], comp[2.6e+13](128, 1, 8), Q(0, 0, 0, 0), Trans[(128, 1, 8)]
[Tue Dec  2 14:25:22 2025] >> [t:975] (r:-0.033), [f:   100/1000], inf[8.0e+12], comp[2.6e+13](128, 1, 8), Q(0, 0, 0, 0), Trans[(128, 1, 8)]
[Tue Dec  2 14:25:22 2025] >> [t:976] (r:-0.033), [f:   100/1000], inf[8.0e+12], comp[2.6e+13](128, 1, 8), Q(0, 0, 0, 0), Trans[(128, 1, 8)]
[Tue Dec  2 14:25:22 2025] >> [t:977] (r:-0.033), [f:   100/1000], inf[8.0e+12], comp[2.6e+13](128, 1, 8), Q(0, 0, 0, 0), Trans[(128, 1, 8)]
[Tue Dec  2 14:25:22 2025] >> [t:978] (r:-0.033), [f:   100/1000], inf[8.0e+12], comp[2.6e+13](128, 1, 8), Q(0, 0, 0, 0), Trans[(128, 1, 8)]
[Tue Dec  2 14:25:22 2025] >> [t:979] (r:-0.033), [f:   100/1000], inf[8.0e+12], comp[2.6e+13](128, 1, 8), Q(0, 0, 0, 0), Trans[(128, 1, 8)]
[Tue Dec  2 14:25:22 2025] >> [t:980] (r:-0.033), [f:   100/1000], inf[8.0e+12], comp[2.6e+13](128, 1, 8), Q(0, 0, 0, 0), Trans[(128, 1, 8)]
[Tue Dec  2 14:25:22 2025] >> [t:981] (r:-0.033), [f:   100/1000], inf[8.0e+12], comp[2.6e+13](128, 1, 8), Q(0, 0, 0, 0), Trans[(128, 1, 8)]
[Tue Dec  2 14:25:22 2025] >> [t:982] (r:-0.033), [f:   100/1000], inf[8.0e+12], comp[2.6e+13](128, 1, 8), Q(0, 0, 0, 0), Trans[(128, 1, 8)]
[Tue Dec  2 14:25:22 2025] >> [t:983] (r:-0.033), [f:   100/1000], inf[8.0e+12], comp[2.6e+13](128, 1, 8), Q(0, 0, 0, 0), Trans[(128, 1, 8)]
[Tue Dec  2 14:25:22 2025] >> [t:984] (r:-0.033), [f:   100/1000], inf[8.0e+12], comp[2.6e+13](128, 1, 8), Q(0, 0, 0, 0), Trans[(128, 1, 8)]
[Tue Dec  2 14:25:22 2025] >> [t:985] (r:-0.033), [f:   100/1000], inf[8.0e+12], comp[2.6e+13](128, 1, 8), Q(0, 0, 0, 0), Trans[(128, 1, 8)]
[Tue Dec  2 14:25:22 2025] >> [t:986] (r:-0.033), [f:   100/1000], inf[8.0e+12], comp[2.6e+13](128, 1, 8), Q(0, 0, 0, 0), Trans[(128, 1, 8)]
[Tue Dec  2 14:25:22 2025] >> [t:987] (r:-0.033), [f:   100/1000], inf[8.0e+12], comp[2.6e+13](128, 1, 8), Q(0, 0, 0, 0), Trans[(128, 1, 8)]
[Tue Dec  2 14:25:22 2025] >> [t:988] (r:-0.033), [f:   100/1000], inf[8.0e+12], comp[2.6e+13](128, 1, 8), Q(0, 0, 0, 0), Trans[(128, 1, 8)]
[Tue Dec  2 14:25:22 2025] >> [t:989] (r:-0.033), [f:   100/1000], inf[8.0e+12], comp[2.6e+13](128, 1, 8), Q(0, 0, 0, 0), Trans[(128, 1, 8)]
[Tue Dec  2 14:25:22 2025] >> [t:990] (r:-0.033), [f:   100/1000], inf[8.0e+12], comp[2.6e+13](128, 1, 8), Q(0, 0, 0, 0), Trans[(128, 1, 8)]
[Tue Dec  2 14:25:22 2025] >> [t:991] (r:-0.033), [f:   100/1000], inf[8.0e+12], comp[2.6e+13](128, 1, 8), Q(0, 0, 0, 0), Trans[(128, 1, 8)]
[Tue Dec  2 14:25:22 2025] >> [t:992] (r:-0.033), [f:   100/1000], inf[8.0e+12], comp[2.6e+13](128, 1, 8), Q(0, 0, 0, 0), Trans[(128, 1, 8)]
[Tue Dec  2 14:25:22 2025] >> [t:993] (r:-0.033), [f:   100/1000], inf[8.0e+12], comp[2.6e+13](128, 1, 8), Q(0, 0, 0, 0), Trans[(128, 1, 8)]
[Tue Dec  2 14:25:22 2025] >> [t:994] (r:-0.033), [f:   100/1000], inf[8.0e+12], comp[2.6e+13](128, 1, 8), Q(0, 0, 0, 0), Trans[(128, 1, 8)]
[Tue Dec  2 14:25:22 2025] >> [t:995] (r:-0.033), [f:   100/1000], inf[8.0e+12], comp[2.6e+13](128, 1, 8), Q(0, 0, 0, 0), Trans[(128, 1, 8)]
[Tue Dec  2 14:25:22 2025] >> [t:996] (r:-0.033), [f:   100/1000], inf[8.0e+12], comp[2.6e+13](128, 1, 8), Q(0, 0, 0, 0), Trans[(128, 1, 8)]
[Tue Dec  2 14:25:22 2025] >> [t:997] (r:-0.033), [f:   100/1000], inf[8.0e+12], comp[2.6e+13](128, 1, 8), Q(0, 0, 0, 0), Trans[(128, 1, 8)]
[Tue Dec  2 14:25:22 2025] >> [t:998] (r:-0.033), [f:   100/1000], inf[8.0e+12], comp[2.6e+13](128, 1, 8), Q(0, 0, 0, 0), Trans[(128, 1, 8)]
[Tue Dec  2 14:25:22 2025] >> [t:999] (r:-0.033), [f:   100/1000], inf[8.0e+12], comp[2.6e+13](128, 1, 8), Q(0, 0, 0, 0), Trans[(128, 1, 8)]
[Tue Dec  2 14:38:09 2025] >> [t:  0] (r:-0.559), [f:   800/1000], inf[1.2e+14], comp[2.1e+14], Q(655, 0, 0, 0), Trans[(256, 8, 8) -> 45.38401724482199]
[Tue Dec  2 14:38:09 2025] >> [t:  1] (r:-0.033), [f:   100/1000], inf[1.2e+14], comp[2.6e+13], Q(655, 0, 0, 0), Trans[(256, 8, 8) -> 45.38401724482199]
[Tue Dec  2 14:38:09 2025] >> [t:  2] (r: 0.000), [f:     0/1000], inf[9.2e+13], comp[0.0e+00], Q(655, 0, 0, 0), Trans[(256, 6, 8) -> 47.24609476274058]
[Tue Dec  2 14:38:09 2025] >> [t:  3] (r:-0.033), [f:   100/1000], inf[1.2e+14], comp[2.6e+13], Q(655, 0, 0, 0), Trans[(256, 8, 8) -> 45.38401724482199]
[Tue Dec  2 14:38:09 2025] >> [t:  4] (r: 0.000), [f:     0/1000], inf[9.2e+13], comp[0.0e+00], Q(654, 1, 0, 0), Trans[(256, 6, 8) -> 47.24609476274058]
[Tue Dec  2 14:38:09 2025] >> [t:  5] (r:-0.286), [f:   600/1000], inf[6.2e+13], comp[1.6e+14], Q(654, 0, 0, 0), Trans[(256, 4, 8) -> 47.86813294344155]
[Tue Dec  2 14:38:09 2025] >> [t:  6] (r:-0.033), [f:   100/1000], inf[1.2e+14], comp[2.6e+13], Q(654, 0, 0, 0), Trans[(256, 8, 8) -> 45.38401724482199]
[Tue Dec  2 14:38:09 2025] >> [t:  7] (r: 0.000), [f:     0/1000], inf[9.2e+13], comp[0.0e+00], Q(654, 0, 0, 0), Trans[(256, 6, 8) -> 47.24609476274058]
[Tue Dec  2 14:38:09 2025] >> [t:  8] (r:-0.033), [f:   100/1000], inf[1.2e+14], comp[2.6e+13], Q(652, 2, 0, 0), Trans[(256, 8, 8) -> 45.38401724482199]
[Tue Dec  2 14:38:09 2025] >> [t:  9] (r:-0.286), [f:   600/1000], inf[6.2e+13], comp[1.6e+14], Q(651, 2, 0, 0), Trans[(256, 4, 8) -> 47.86813294344155]
[Tue Dec  2 14:38:09 2025] >> [t: 10] (r:-0.386), [f:   600/1000], inf[4.4e+13], comp[1.6e+14], Q(650, 1, 0, 0), Trans[(512, 1, 8) -> 33.531993066400936]
[Tue Dec  2 14:38:09 2025] >> [t: 11] (r:-0.286), [f:   600/1000], inf[4.4e+13], comp[1.6e+14], Q(649, 0, 0, 0), Trans[(512, 1, 8) -> 33.531993066400936]
[Tue Dec  2 14:38:09 2025] >> [t: 12] (r:-0.133), [f:   100/1000], inf[1.2e+14], comp[2.6e+13], Q(649, 0, 0, 0), Trans[(256, 8, 8) -> 45.38401724482199]
[Tue Dec  2 14:38:09 2025] >> [t: 13] (r: 0.000), [f:     0/1000], inf[9.2e+13], comp[0.0e+00], Q(647, 2, 0, 0), Trans[(256, 6, 8) -> 47.24609476274058]
[Tue Dec  2 14:38:09 2025] >> [t: 14] (r:-0.386), [f:   600/1000], inf[4.4e+13], comp[1.6e+14], Q(647, 1, 0, 0), Trans[(512, 1, 8) -> 33.531993066400936]
[Tue Dec  2 14:38:09 2025] >> [t: 15] (r:-0.286), [f:   600/1000], inf[4.4e+13], comp[1.6e+14], Q(646, 0, 0, 0), Trans[(512, 1, 8) -> 33.531993066400936]
[Tue Dec  2 14:38:09 2025] >> [t: 16] (r:-0.133), [f:   100/1000], inf[1.2e+14], comp[2.6e+13], Q(645, 1, 0, 0), Trans[(256, 8, 8) -> 45.38401724482199]
[Tue Dec  2 14:38:09 2025] >> [t: 17] (r:-0.286), [f:   600/1000], inf[6.2e+13], comp[1.6e+14], Q(644, 1, 0, 0), Trans[(256, 4, 8) -> 47.86813294344155]
[Tue Dec  2 14:38:09 2025] >> [t: 18] (r:-0.286), [f:   600/1000], inf[6.2e+13], comp[1.6e+14], Q(641, 1, 0, 0), Trans[(256, 4, 8) -> 47.86813294344155]
[Tue Dec  2 14:38:09 2025] >> [t: 19] (r:-0.286), [f:   600/1000], inf[6.2e+13], comp[1.6e+14], Q(641, 0, 0, 0), Trans[(256, 4, 8) -> 47.86813294344155]
[Tue Dec  2 14:38:09 2025] >> [t: 20] (r:-0.033), [f:   100/1000], inf[1.2e+14], comp[2.6e+13], Q(641, 0, 0, 0), Trans[(256, 8, 8) -> 45.38401724482199]
[Tue Dec  2 14:38:09 2025] >> [t: 21] (r: 0.000), [f:     0/1000], inf[9.2e+13], comp[0.0e+00], Q(641, 0, 0, 0), Trans[(256, 6, 8) -> 47.24609476274058]
[Tue Dec  2 14:38:09 2025] >> [t: 22] (r:-0.033), [f:   100/1000], inf[1.2e+14], comp[2.6e+13], Q(640, 1, 0, 0), Trans[(256, 8, 8) -> 45.38401724482199]
[Tue Dec  2 14:38:09 2025] >> [t: 23] (r:-0.286), [f:   600/1000], inf[6.2e+13], comp[1.6e+14], Q(640, 0, 0, 0), Trans[(256, 4, 8) -> 47.86813294344155]
[Tue Dec  2 14:38:09 2025] >> [t: 24] (r:-0.033), [f:   100/1000], inf[1.2e+14], comp[2.6e+13], Q(640, 0, 0, 0), Trans[(256, 8, 8) -> 45.38401724482199]
[Tue Dec  2 14:38:09 2025] >> [t: 25] (r: 0.000), [f:     0/1000], inf[9.2e+13], comp[0.0e+00], Q(639, 1, 0, 0), Trans[(256, 6, 8) -> 47.24609476274058]
[Tue Dec  2 14:38:09 2025] >> [t: 26] (r:-0.286), [f:   600/1000], inf[6.2e+13], comp[1.6e+14], Q(639, 0, 0, 0), Trans[(256, 4, 8) -> 47.86813294344155]
[Tue Dec  2 14:38:09 2025] >> [t: 27] (r:-0.033), [f:   100/1000], inf[1.2e+14], comp[2.6e+13], Q(638, 1, 0, 0), Trans[(256, 8, 8) -> 45.38401724482199]
[Tue Dec  2 14:38:09 2025] >> [t: 28] (r:-0.286), [f:   600/1000], inf[6.2e+13], comp[1.6e+14], Q(638, 0, 0, 0), Trans[(256, 4, 8) -> 47.86813294344155]
[Tue Dec  2 14:38:09 2025] >> [t: 29] (r:-0.033), [f:   100/1000], inf[1.2e+14], comp[2.6e+13], Q(636, 2, 0, 0), Trans[(256, 8, 8) -> 45.38401724482199]
[Tue Dec  2 14:38:09 2025] >> [t: 30] (r:-0.286), [f:   600/1000], inf[6.2e+13], comp[1.6e+14], Q(635, 2, 0, 0), Trans[(256, 4, 8) -> 47.86813294344155]
[Tue Dec  2 14:38:09 2025] >> [t: 31] (r:-0.386), [f:   600/1000], inf[4.4e+13], comp[1.6e+14], Q(634, 1, 0, 0), Trans[(512, 1, 8) -> 33.531993066400936]
[Tue Dec  2 14:38:09 2025] >> [t: 32] (r:-0.286), [f:   600/1000], inf[4.4e+13], comp[1.6e+14], Q(634, 0, 0, 0), Trans[(512, 1, 8) -> 33.531993066400936]
[Tue Dec  2 14:38:09 2025] >> [t: 33] (r:-0.133), [f:   100/1000], inf[1.2e+14], comp[2.6e+13], Q(634, 0, 0, 0), Trans[(256, 8, 8) -> 45.38401724482199]
[Tue Dec  2 14:38:09 2025] >> [t: 34] (r: 0.000), [f:     0/1000], inf[9.2e+13], comp[0.0e+00], Q(634, 0, 0, 0), Trans[(256, 6, 8) -> 47.24609476274058]
[Tue Dec  2 14:38:09 2025] >> [t: 35] (r:-0.033), [f:   100/1000], inf[1.2e+14], comp[2.6e+13], Q(633, 1, 0, 0), Trans[(256, 8, 8) -> 45.38401724482199]
[Tue Dec  2 14:38:09 2025] >> [t: 36] (r:-0.286), [f:   600/1000], inf[6.2e+13], comp[1.6e+14], Q(633, 0, 0, 0), Trans[(256, 4, 8) -> 47.86813294344155]
[Tue Dec  2 14:38:09 2025] >> [t: 37] (r:-0.033), [f:   100/1000], inf[1.2e+14], comp[2.6e+13], Q(632, 1, 0, 0), Trans[(256, 8, 8) -> 45.38401724482199]
[Tue Dec  2 14:38:09 2025] >> [t: 38] (r:-0.286), [f:   600/1000], inf[6.2e+13], comp[1.6e+14], Q(632, 0, 0, 0), Trans[(256, 4, 8) -> 47.86813294344155]
[Tue Dec  2 14:38:09 2025] >> [t: 39] (r:-0.033), [f:   100/1000], inf[1.2e+14], comp[2.6e+13], Q(631, 1, 0, 0), Trans[(256, 8, 8) -> 45.38401724482199]
[Tue Dec  2 14:38:09 2025] >> [t: 40] (r:-0.286), [f:   600/1000], inf[6.2e+13], comp[1.6e+14], Q(631, 0, 0, 0), Trans[(256, 4, 8) -> 47.86813294344155]
[Tue Dec  2 14:38:09 2025] >> [t: 41] (r:-0.033), [f:   100/1000], inf[1.2e+14], comp[2.6e+13], Q(630, 1, 0, 0), Trans[(256, 8, 8) -> 45.38401724482199]
[Tue Dec  2 14:38:09 2025] >> [t: 42] (r:-0.286), [f:   600/1000], inf[6.2e+13], comp[1.6e+14], Q(629, 1, 0, 0), Trans[(256, 4, 8) -> 47.86813294344155]
[Tue Dec  2 14:38:09 2025] >> [t: 43] (r:-0.286), [f:   600/1000], inf[6.2e+13], comp[1.6e+14], Q(629, 0, 0, 0), Trans[(256, 4, 8) -> 47.86813294344155]
[Tue Dec  2 14:38:09 2025] >> [t: 44] (r:-0.033), [f:   100/1000], inf[1.2e+14], comp[2.6e+13], Q(628, 1, 0, 0), Trans[(256, 8, 8) -> 45.38401724482199]
[Tue Dec  2 14:38:09 2025] >> [t: 45] (r:-0.286), [f:   600/1000], inf[6.2e+13], comp[1.6e+14], Q(628, 0, 0, 0), Trans[(256, 4, 8) -> 47.86813294344155]
[Tue Dec  2 14:38:09 2025] >> [t: 46] (r:-0.033), [f:   100/1000], inf[1.2e+14], comp[2.6e+13], Q(628, 0, 0, 0), Trans[(256, 8, 8) -> 45.38401724482199]
[Tue Dec  2 14:38:09 2025] >> [t: 47] (r: 0.000), [f:     0/1000], inf[9.2e+13], comp[0.0e+00], Q(628, 0, 0, 0), Trans[(256, 6, 8) -> 47.24609476274058]
[Tue Dec  2 14:38:09 2025] >> [t: 48] (r:-0.033), [f:   100/1000], inf[1.2e+14], comp[2.6e+13], Q(627, 1, 0, 0), Trans[(256, 8, 8) -> 45.38401724482199]
[Tue Dec  2 14:38:09 2025] >> [t: 49] (r:-0.286), [f:   600/1000], inf[6.2e+13], comp[1.6e+14], Q(627, 0, 0, 0), Trans[(256, 4, 8) -> 47.86813294344155]
[Tue Dec  2 14:38:09 2025] >> [t: 50] (r:-0.033), [f:   100/1000], inf[1.2e+14], comp[2.6e+13], Q(627, 0, 0, 0), Trans[(256, 8, 8) -> 45.38401724482199]
[Tue Dec  2 14:38:09 2025] >> [t: 51] (r: 0.000), [f:     0/1000], inf[9.2e+13], comp[0.0e+00], Q(627, 0, 0, 0), Trans[(256, 6, 8) -> 47.24609476274058]
[Tue Dec  2 14:38:09 2025] >> [t: 52] (r:-0.033), [f:   100/1000], inf[1.2e+14], comp[2.6e+13], Q(626, 1, 0, 0), Trans[(256, 8, 8) -> 45.38401724482199]
[Tue Dec  2 14:38:09 2025] >> [t: 53] (r:-0.286), [f:   600/1000], inf[6.2e+13], comp[1.6e+14], Q(626, 0, 0, 0), Trans[(256, 4, 8) -> 47.86813294344155]
[Tue Dec  2 14:38:09 2025] >> [t: 54] (r:-0.033), [f:   100/1000], inf[1.2e+14], comp[2.6e+13], Q(626, 0, 0, 0), Trans[(256, 8, 8) -> 45.38401724482199]
[Tue Dec  2 14:38:09 2025] >> [t: 55] (r: 0.000), [f:     0/1000], inf[9.2e+13], comp[0.0e+00], Q(626, 0, 0, 0), Trans[(256, 6, 8) -> 47.24609476274058]
[Tue Dec  2 14:38:09 2025] >> [t: 56] (r:-0.033), [f:   100/1000], inf[1.2e+14], comp[2.6e+13], Q(624, 2, 0, 0), Trans[(256, 8, 8) -> 45.38401724482199]
[Tue Dec  2 14:38:09 2025] >> [t: 57] (r:-0.286), [f:   600/1000], inf[6.2e+13], comp[1.6e+14], Q(624, 1, 0, 0), Trans[(256, 4, 8) -> 47.86813294344155]
[Tue Dec  2 14:38:09 2025] >> [t: 58] (r:-0.286), [f:   600/1000], inf[6.2e+13], comp[1.6e+14], Q(623, 0, 0, 0), Trans[(256, 4, 8) -> 47.86813294344155]
[Tue Dec  2 14:38:09 2025] >> [t: 59] (r:-0.033), [f:   100/1000], inf[1.2e+14], comp[2.6e+13], Q(623, 0, 0, 0), Trans[(256, 8, 8) -> 45.38401724482199]
[Tue Dec  2 14:38:09 2025] >> [t: 60] (r: 0.000), [f:     0/1000], inf[9.2e+13], comp[0.0e+00], Q(622, 1, 0, 0), Trans[(256, 6, 8) -> 47.24609476274058]
[Tue Dec  2 14:38:09 2025] >> [t: 61] (r:-0.286), [f:   600/1000], inf[6.2e+13], comp[1.6e+14], Q(622, 0, 0, 0), Trans[(256, 4, 8) -> 47.86813294344155]
[Tue Dec  2 14:38:09 2025] >> [t: 62] (r:-0.033), [f:   100/1000], inf[1.2e+14], comp[2.6e+13], Q(622, 0, 0, 0), Trans[(256, 8, 8) -> 45.38401724482199]
[Tue Dec  2 14:38:09 2025] >> [t: 63] (r: 0.000), [f:     0/1000], inf[9.2e+13], comp[0.0e+00], Q(621, 1, 0, 0), Trans[(256, 6, 8) -> 47.24609476274058]
[Tue Dec  2 14:38:09 2025] >> [t: 64] (r:-0.286), [f:   600/1000], inf[6.2e+13], comp[1.6e+14], Q(619, 1, 0, 0), Trans[(256, 4, 8) -> 47.86813294344155]
[Tue Dec  2 14:38:09 2025] >> [t: 65] (r:-0.286), [f:   600/1000], inf[6.2e+13], comp[1.6e+14], Q(619, 0, 0, 0), Trans[(256, 4, 8) -> 47.86813294344155]
[Tue Dec  2 14:38:09 2025] >> [t: 66] (r:-0.033), [f:   100/1000], inf[1.2e+14], comp[2.6e+13], Q(619, 0, 0, 0), Trans[(256, 8, 8) -> 45.38401724482199]
[Tue Dec  2 14:38:09 2025] >> [t: 67] (r: 0.000), [f:     0/1000], inf[9.2e+13], comp[0.0e+00], Q(619, 0, 0, 0), Trans[(256, 6, 8) -> 47.24609476274058]
[Tue Dec  2 14:38:09 2025] >> [t: 68] (r:-0.033), [f:   100/1000], inf[1.2e+14], comp[2.6e+13], Q(619, 0, 0, 0), Trans[(256, 8, 8) -> 45.38401724482199]
[Tue Dec  2 14:38:09 2025] >> [t: 69] (r: 0.000), [f:     0/1000], inf[9.2e+13], comp[0.0e+00], Q(619, 0, 0, 0), Trans[(256, 6, 8) -> 47.24609476274058]
[Tue Dec  2 14:38:09 2025] >> [t: 70] (r:-0.033), [f:   100/1000], inf[1.2e+14], comp[2.6e+13], Q(619, 0, 0, 0), Trans[(256, 8, 8) -> 45.38401724482199]
[Tue Dec  2 14:38:09 2025] >> [t: 71] (r: 0.000), [f:     0/1000], inf[9.2e+13], comp[0.0e+00], Q(619, 0, 0, 0), Trans[(256, 6, 8) -> 47.24609476274058]
[Tue Dec  2 14:38:09 2025] >> [t: 72] (r:-0.033), [f:   100/1000], inf[1.2e+14], comp[2.6e+13], Q(619, 0, 0, 0), Trans[(256, 8, 8) -> 45.38401724482199]
[Tue Dec  2 14:38:09 2025] >> [t: 73] (r: 0.000), [f:     0/1000], inf[9.2e+13], comp[0.0e+00], Q(619, 0, 0, 0), Trans[(256, 6, 8) -> 47.24609476274058]
[Tue Dec  2 14:38:09 2025] >> [t: 74] (r:-0.033), [f:   100/1000], inf[1.2e+14], comp[2.6e+13], Q(619, 0, 0, 0), Trans[(256, 8, 8) -> 45.38401724482199]
[Tue Dec  2 14:38:09 2025] >> [t: 75] (r: 0.000), [f:     0/1000], inf[9.2e+13], comp[0.0e+00], Q(619, 0, 0, 0), Trans[(256, 6, 8) -> 47.24609476274058]
[Tue Dec  2 14:38:09 2025] >> [t: 76] (r:-0.033), [f:   100/1000], inf[1.2e+14], comp[2.6e+13], Q(617, 2, 0, 0), Trans[(256, 8, 8) -> 45.38401724482199]
[Tue Dec  2 14:38:09 2025] >> [t: 77] (r:-0.286), [f:   600/1000], inf[6.2e+13], comp[1.6e+14], Q(617, 1, 0, 0), Trans[(256, 4, 8) -> 47.86813294344155]
[Tue Dec  2 14:38:09 2025] >> [t: 78] (r:-0.286), [f:   600/1000], inf[6.2e+13], comp[1.6e+14], Q(617, 0, 0, 0), Trans[(256, 4, 8) -> 47.86813294344155]
[Tue Dec  2 14:38:09 2025] >> [t: 79] (r:-0.033), [f:   100/1000], inf[1.2e+14], comp[2.6e+13], Q(617, 0, 0, 0), Trans[(256, 8, 8) -> 45.38401724482199]
[Tue Dec  2 14:38:09 2025] >> [t: 80] (r: 0.000), [f:     0/1000], inf[9.2e+13], comp[0.0e+00], Q(616, 1, 0, 0), Trans[(256, 6, 8) -> 47.24609476274058]
[Tue Dec  2 14:38:09 2025] >> [t: 81] (r:-0.286), [f:   600/1000], inf[6.2e+13], comp[1.6e+14], Q(616, 0, 0, 0), Trans[(256, 4, 8) -> 47.86813294344155]
[Tue Dec  2 14:38:09 2025] >> [t: 82] (r:-0.033), [f:   100/1000], inf[1.2e+14], comp[2.6e+13], Q(616, 0, 0, 0), Trans[(256, 8, 8) -> 45.38401724482199]
[Tue Dec  2 14:38:09 2025] >> [t: 83] (r: 0.000), [f:     0/1000], inf[9.2e+13], comp[0.0e+00], Q(616, 0, 0, 0), Trans[(256, 6, 8) -> 47.24609476274058]
[Tue Dec  2 14:38:09 2025] >> [t: 84] (r:-0.033), [f:   100/1000], inf[1.2e+14], comp[2.6e+13], Q(615, 1, 0, 0), Trans[(256, 8, 8) -> 45.38401724482199]
[Tue Dec  2 14:38:09 2025] >> [t: 85] (r:-0.286), [f:   600/1000], inf[6.2e+13], comp[1.6e+14], Q(615, 0, 0, 0), Trans[(256, 4, 8) -> 47.86813294344155]
[Tue Dec  2 14:38:09 2025] >> [t: 86] (r:-0.033), [f:   100/1000], inf[1.2e+14], comp[2.6e+13], Q(615, 0, 0, 0), Trans[(256, 8, 8) -> 45.38401724482199]
[Tue Dec  2 14:38:09 2025] >> [t: 87] (r: 0.000), [f:     0/1000], inf[9.2e+13], comp[0.0e+00], Q(615, 0, 0, 0), Trans[(256, 6, 8) -> 47.24609476274058]
[Tue Dec  2 14:38:09 2025] >> [t: 88] (r:-0.033), [f:   100/1000], inf[1.2e+14], comp[2.6e+13], Q(615, 0, 0, 0), Trans[(256, 8, 8) -> 45.38401724482199]
[Tue Dec  2 14:38:09 2025] >> [t: 89] (r: 0.000), [f:     0/1000], inf[9.2e+13], comp[0.0e+00], Q(613, 2, 0, 0), Trans[(256, 6, 8) -> 47.24609476274058]
[Tue Dec  2 14:38:09 2025] >> [t: 90] (r:-0.386), [f:   600/1000], inf[4.4e+13], comp[1.6e+14], Q(612, 2, 0, 0), Trans[(512, 1, 8) -> 33.531993066400936]
[Tue Dec  2 14:38:09 2025] >> [t: 91] (r:-0.286), [f:   600/1000], inf[4.4e+13], comp[1.6e+14], Q(612, 0, 0, 0), Trans[(512, 1, 8) -> 33.531993066400936]
[Tue Dec  2 14:38:09 2025] >> [t: 92] (r:-0.133), [f:   100/1000], inf[1.2e+14], comp[2.6e+13], Q(612, 0, 0, 0), Trans[(256, 8, 8) -> 45.38401724482199]
[Tue Dec  2 14:38:09 2025] >> [t: 93] (r: 0.000), [f:     0/1000], inf[9.2e+13], comp[0.0e+00], Q(612, 0, 0, 0), Trans[(256, 6, 8) -> 47.24609476274058]
[Tue Dec  2 14:38:09 2025] >> [t: 94] (r:-0.033), [f:   100/1000], inf[1.2e+14], comp[2.6e+13], Q(610, 2, 0, 0), Trans[(256, 8, 8) -> 45.38401724482199]
[Tue Dec  2 14:38:09 2025] >> [t: 95] (r:-0.286), [f:   600/1000], inf[6.2e+13], comp[1.6e+14], Q(610, 1, 0, 0), Trans[(256, 4, 8) -> 47.86813294344155]
[Tue Dec  2 14:38:09 2025] >> [t: 96] (r:-0.286), [f:   600/1000], inf[6.2e+13], comp[1.6e+14], Q(606, 3, 0, 0), Trans[(256, 4, 8) -> 47.86813294344155]
[Tue Dec  2 14:38:09 2025] >> [t: 97] (r:-0.386), [f:   600/1000], inf[4.4e+13], comp[1.6e+14], Q(606, 0, 0, 0), Trans[(512, 1, 8) -> 33.531993066400936]
[Tue Dec  2 14:38:09 2025] >> [t: 98] (r:-0.133), [f:   100/1000], inf[1.2e+14], comp[2.6e+13], Q(606, 0, 0, 0), Trans[(256, 8, 8) -> 45.38401724482199]
[Tue Dec  2 14:38:09 2025] >> [t: 99] (r: 0.000), [f:     0/1000], inf[9.2e+13], comp[0.0e+00], Q(605, 1, 0, 0), Trans[(256, 6, 8) -> 47.24609476274058]
[Tue Dec  2 14:38:09 2025] >> [t:100] (r:-0.286), [f:   600/1000], inf[6.2e+13], comp[1.6e+14], Q(603, 1, 0, 0), Trans[(256, 4, 8) -> 47.86813294344155]
[Tue Dec  2 14:38:09 2025] >> [t:101] (r:-0.286), [f:   600/1000], inf[6.2e+13], comp[1.6e+14], Q(602, 0, 0, 0), Trans[(256, 4, 8) -> 47.86813294344155]
[Tue Dec  2 14:38:09 2025] >> [t:102] (r:-0.033), [f:   100/1000], inf[1.2e+14], comp[2.6e+13], Q(600, 2, 0, 0), Trans[(256, 8, 8) -> 45.38401724482199]
[Tue Dec  2 14:38:09 2025] >> [t:103] (r:-0.286), [f:   600/1000], inf[6.2e+13], comp[1.6e+14], Q(600, 1, 0, 0), Trans[(256, 4, 8) -> 47.86813294344155]
[Tue Dec  2 14:38:09 2025] >> [t:104] (r:-0.286), [f:   600/1000], inf[6.2e+13], comp[1.6e+14], Q(598, 1, 0, 0), Trans[(256, 4, 8) -> 47.86813294344155]
[Tue Dec  2 14:38:09 2025] >> [t:105] (r:-0.286), [f:   600/1000], inf[6.2e+13], comp[1.6e+14], Q(597, 0, 0, 0), Trans[(256, 4, 8) -> 47.86813294344155]
[Tue Dec  2 14:38:09 2025] >> [t:106] (r:-0.033), [f:   100/1000], inf[1.2e+14], comp[2.6e+13], Q(596, 1, 0, 0), Trans[(256, 8, 8) -> 45.38401724482199]
[Tue Dec  2 14:38:09 2025] >> [t:107] (r:-0.286), [f:   600/1000], inf[6.2e+13], comp[1.6e+14], Q(595, 1, 0, 0), Trans[(256, 4, 8) -> 47.86813294344155]
[Tue Dec  2 14:38:09 2025] >> [t:108] (r:-0.286), [f:   600/1000], inf[6.2e+13], comp[1.6e+14], Q(594, 0, 0, 0), Trans[(256, 4, 8) -> 47.86813294344155]
[Tue Dec  2 14:38:09 2025] >> [t:109] (r:-0.033), [f:   100/1000], inf[1.2e+14], comp[2.6e+13], Q(594, 0, 0, 0), Trans[(256, 8, 8) -> 45.38401724482199]
[Tue Dec  2 14:38:09 2025] >> [t:110] (r: 0.000), [f:     0/1000], inf[9.2e+13], comp[0.0e+00], Q(592, 2, 0, 0), Trans[(256, 6, 8) -> 47.24609476274058]
[Tue Dec  2 14:38:09 2025] >> [t:111] (r:-0.386), [f:   600/1000], inf[4.4e+13], comp[1.6e+14], Q(592, 1, 0, 0), Trans[(512, 1, 8) -> 33.531993066400936]
[Tue Dec  2 14:38:09 2025] >> [t:112] (r:-0.286), [f:   600/1000], inf[4.4e+13], comp[1.6e+14], Q(590, 0, 0, 0), Trans[(512, 1, 8) -> 33.531993066400936]
[Tue Dec  2 14:38:09 2025] >> [t:113] (r:-0.133), [f:   100/1000], inf[1.2e+14], comp[2.6e+13], Q(588, 2, 0, 0), Trans[(256, 8, 8) -> 45.38401724482199]
[Tue Dec  2 14:38:09 2025] >> [t:114] (r:-0.286), [f:   600/1000], inf[6.2e+13], comp[1.6e+14], Q(588, 1, 0, 0), Trans[(256, 4, 8) -> 47.86813294344155]
[Tue Dec  2 14:38:09 2025] >> [t:115] (r:-0.286), [f:   600/1000], inf[6.2e+13], comp[1.6e+14], Q(586, 1, 0, 0), Trans[(256, 4, 8) -> 47.86813294344155]
[Tue Dec  2 14:38:09 2025] >> [t:116] (r:-0.286), [f:   600/1000], inf[6.2e+13], comp[1.6e+14], Q(586, 0, 0, 0), Trans[(256, 4, 8) -> 47.86813294344155]
[Tue Dec  2 14:38:09 2025] >> [t:117] (r:-0.033), [f:   100/1000], inf[1.2e+14], comp[2.6e+13], Q(584, 2, 0, 0), Trans[(256, 8, 8) -> 45.38401724482199]
[Tue Dec  2 14:38:09 2025] >> [t:118] (r:-0.286), [f:   600/1000], inf[6.2e+13], comp[1.6e+14], Q(580, 5, 0, 0), Trans[(256, 4, 8) -> 47.86813294344155]
[Tue Dec  2 14:38:09 2025] >> [t:119] (r:-0.796), [f:  1000/1000], inf[8.1e+13], comp[2.6e+14], Q(579, 2, 0, 0), Trans[(512, 2, 8) -> 31.796302199813397]
[Tue Dec  2 14:38:09 2025] >> [t:120] (r:-0.286), [f:   600/1000], inf[4.4e+13], comp[1.6e+14], Q(578, 1, 0, 0), Trans[(512, 1, 8) -> 33.531993066400936]
[Tue Dec  2 14:38:09 2025] >> [t:121] (r:-0.286), [f:   600/1000], inf[4.4e+13], comp[1.6e+14], Q(578, 0, 0, 0), Trans[(512, 1, 8) -> 33.531993066400936]
[Tue Dec  2 14:38:09 2025] >> [t:122] (r:-0.133), [f:   100/1000], inf[1.2e+14], comp[2.6e+13], Q(577, 1, 0, 0), Trans[(256, 8, 8) -> 45.38401724482199]
[Tue Dec  2 14:38:09 2025] >> [t:123] (r:-0.286), [f:   600/1000], inf[6.2e+13], comp[1.6e+14], Q(576, 1, 0, 0), Trans[(256, 4, 8) -> 47.86813294344155]
[Tue Dec  2 14:38:09 2025] >> [t:124] (r:-0.286), [f:   600/1000], inf[6.2e+13], comp[1.6e+14], Q(574, 0, 0, 0), Trans[(256, 4, 8) -> 47.86813294344155]
[Tue Dec  2 14:38:09 2025] >> [t:125] (r:-0.033), [f:   100/1000], inf[1.2e+14], comp[2.6e+13], Q(572, 2, 0, 0), Trans[(256, 8, 8) -> 45.38401724482199]
[Tue Dec  2 14:38:09 2025] >> [t:126] (r:-0.286), [f:   600/1000], inf[6.2e+13], comp[1.6e+14], Q(571, 2, 0, 0), Trans[(256, 4, 8) -> 47.86813294344155]
[Tue Dec  2 14:38:09 2025] >> [t:127] (r:-0.386), [f:   600/1000], inf[4.4e+13], comp[1.6e+14], Q(570, 1, 0, 0), Trans[(512, 1, 8) -> 33.531993066400936]
[Tue Dec  2 14:38:09 2025] >> [t:128] (r:-0.286), [f:   600/1000], inf[4.4e+13], comp[1.6e+14], Q(568, 0, 0, 0), Trans[(512, 1, 8) -> 33.531993066400936]
[Tue Dec  2 14:38:09 2025] >> [t:129] (r:-0.133), [f:   100/1000], inf[1.2e+14], comp[2.6e+13], Q(567, 1, 0, 0), Trans[(256, 8, 8) -> 45.38401724482199]
[Tue Dec  2 14:38:09 2025] >> [t:130] (r:-0.286), [f:   600/1000], inf[6.2e+13], comp[1.6e+14], Q(567, 0, 0, 0), Trans[(256, 4, 8) -> 47.86813294344155]
[Tue Dec  2 14:38:09 2025] >> [t:131] (r:-0.033), [f:   100/1000], inf[1.2e+14], comp[2.6e+13], Q(565, 2, 0, 0), Trans[(256, 8, 8) -> 45.38401724482199]
[Tue Dec  2 14:38:09 2025] >> [t:132] (r:-0.286), [f:   600/1000], inf[6.2e+13], comp[1.6e+14], Q(564, 2, 0, 0), Trans[(256, 4, 8) -> 47.86813294344155]
[Tue Dec  2 14:38:09 2025] >> [t:133] (r:-0.386), [f:   600/1000], inf[4.4e+13], comp[1.6e+14], Q(564, 0, 0, 0), Trans[(512, 1, 8) -> 33.531993066400936]
[Tue Dec  2 14:38:09 2025] >> [t:134] (r:-0.133), [f:   100/1000], inf[1.2e+14], comp[2.6e+13], Q(563, 1, 0, 0), Trans[(256, 8, 8) -> 45.38401724482199]
[Tue Dec  2 14:38:09 2025] >> [t:135] (r:-0.286), [f:   600/1000], inf[6.2e+13], comp[1.6e+14], Q(561, 2, 0, 0), Trans[(256, 4, 8) -> 47.86813294344155]
[Tue Dec  2 14:38:09 2025] >> [t:136] (r:-0.386), [f:   600/1000], inf[4.4e+13], comp[1.6e+14], Q(561, 0, 0, 0), Trans[(512, 1, 8) -> 33.531993066400936]
[Tue Dec  2 14:38:09 2025] >> [t:137] (r:-0.133), [f:   100/1000], inf[1.2e+14], comp[2.6e+13], Q(561, 0, 0, 0), Trans[(256, 8, 8) -> 45.38401724482199]
[Tue Dec  2 14:38:09 2025] >> [t:138] (r: 0.000), [f:     0/1000], inf[9.2e+13], comp[0.0e+00], Q(561, 0, 0, 0), Trans[(256, 6, 8) -> 47.24609476274058]
[Tue Dec  2 14:38:09 2025] >> [t:139] (r:-0.033), [f:   100/1000], inf[1.2e+14], comp[2.6e+13], Q(560, 1, 0, 0), Trans[(256, 8, 8) -> 45.38401724482199]
[Tue Dec  2 14:38:09 2025] >> [t:140] (r:-0.286), [f:   600/1000], inf[6.2e+13], comp[1.6e+14], Q(560, 0, 0, 0), Trans[(256, 4, 8) -> 47.86813294344155]
[Tue Dec  2 14:38:09 2025] >> [t:141] (r:-0.033), [f:   100/1000], inf[1.2e+14], comp[2.6e+13], Q(559, 1, 0, 0), Trans[(256, 8, 8) -> 45.38401724482199]
[Tue Dec  2 14:38:09 2025] >> [t:142] (r:-0.286), [f:   600/1000], inf[6.2e+13], comp[1.6e+14], Q(558, 1, 0, 0), Trans[(256, 4, 8) -> 47.86813294344155]
[Tue Dec  2 14:38:09 2025] >> [t:143] (r:-0.286), [f:   600/1000], inf[6.2e+13], comp[1.6e+14], Q(557, 0, 0, 0), Trans[(256, 4, 8) -> 47.86813294344155]
[Tue Dec  2 14:38:09 2025] >> [t:144] (r:-0.033), [f:   100/1000], inf[1.2e+14], comp[2.6e+13], Q(556, 1, 0, 0), Trans[(256, 8, 8) -> 45.38401724482199]
[Tue Dec  2 14:38:09 2025] >> [t:145] (r:-0.286), [f:   600/1000], inf[6.2e+13], comp[1.6e+14], Q(554, 2, 0, 0), Trans[(256, 4, 8) -> 47.86813294344155]
[Tue Dec  2 14:38:09 2025] >> [t:146] (r:-0.386), [f:   600/1000], inf[4.4e+13], comp[1.6e+14], Q(554, 0, 0, 0), Trans[(512, 1, 8) -> 33.531993066400936]
[Tue Dec  2 14:38:09 2025] >> [t:147] (r:-0.133), [f:   100/1000], inf[1.2e+14], comp[2.6e+13], Q(553, 1, 0, 0), Trans[(256, 8, 8) -> 45.38401724482199]
[Tue Dec  2 14:38:09 2025] >> [t:148] (r:-0.286), [f:   600/1000], inf[6.2e+13], comp[1.6e+14], Q(552, 1, 0, 0), Trans[(256, 4, 8) -> 47.86813294344155]
[Tue Dec  2 14:38:09 2025] >> [t:149] (r:-0.286), [f:   600/1000], inf[6.2e+13], comp[1.6e+14], Q(551, 0, 0, 0), Trans[(256, 4, 8) -> 47.86813294344155]
[Tue Dec  2 14:38:09 2025] >> [t:150] (r:-0.033), [f:   100/1000], inf[1.2e+14], comp[2.6e+13], Q(551, 0, 0, 0), Trans[(256, 8, 8) -> 45.38401724482199]
[Tue Dec  2 14:38:09 2025] >> [t:151] (r: 0.000), [f:     0/1000], inf[9.2e+13], comp[0.0e+00], Q(550, 1, 0, 0), Trans[(256, 6, 8) -> 47.24609476274058]
[Tue Dec  2 14:38:09 2025] >> [t:152] (r:-0.286), [f:   600/1000], inf[6.2e+13], comp[1.6e+14], Q(549, 0, 0, 0), Trans[(256, 4, 8) -> 47.86813294344155]
[Tue Dec  2 14:38:09 2025] >> [t:153] (r:-0.033), [f:   100/1000], inf[1.2e+14], comp[2.6e+13], Q(549, 0, 0, 0), Trans[(256, 8, 8) -> 45.38401724482199]
[Tue Dec  2 14:38:09 2025] >> [t:154] (r: 0.000), [f:     0/1000], inf[9.2e+13], comp[0.0e+00], Q(548, 1, 0, 0), Trans[(256, 6, 8) -> 47.24609476274058]
[Tue Dec  2 14:38:09 2025] >> [t:155] (r:-0.286), [f:   600/1000], inf[6.2e+13], comp[1.6e+14], Q(547, 0, 0, 0), Trans[(256, 4, 8) -> 47.86813294344155]
[Tue Dec  2 14:38:09 2025] >> [t:156] (r:-0.033), [f:   100/1000], inf[1.2e+14], comp[2.6e+13], Q(546, 1, 0, 0), Trans[(256, 8, 8) -> 45.38401724482199]
[Tue Dec  2 14:38:09 2025] >> [t:157] (r:-0.286), [f:   600/1000], inf[6.2e+13], comp[1.6e+14], Q(545, 1, 0, 0), Trans[(256, 4, 8) -> 47.86813294344155]
[Tue Dec  2 14:38:09 2025] >> [t:158] (r:-0.286), [f:   600/1000], inf[6.2e+13], comp[1.6e+14], Q(544, 0, 0, 0), Trans[(256, 4, 8) -> 47.86813294344155]
[Tue Dec  2 14:38:09 2025] >> [t:159] (r:-0.033), [f:   100/1000], inf[1.2e+14], comp[2.6e+13], Q(544, 0, 0, 0), Trans[(256, 8, 8) -> 45.38401724482199]
[Tue Dec  2 14:38:09 2025] >> [t:160] (r: 0.000), [f:     0/1000], inf[9.2e+13], comp[0.0e+00], Q(544, 0, 0, 0), Trans[(256, 6, 8) -> 47.24609476274058]
[Tue Dec  2 14:38:09 2025] >> [t:161] (r:-0.033), [f:   100/1000], inf[1.2e+14], comp[2.6e+13], Q(542, 2, 0, 0), Trans[(256, 8, 8) -> 45.38401724482199]
[Tue Dec  2 14:38:09 2025] >> [t:162] (r:-0.286), [f:   600/1000], inf[6.2e+13], comp[1.6e+14], Q(542, 1, 0, 0), Trans[(256, 4, 8) -> 47.86813294344155]
[Tue Dec  2 14:38:09 2025] >> [t:163] (r:-0.286), [f:   600/1000], inf[6.2e+13], comp[1.6e+14], Q(542, 0, 0, 0), Trans[(256, 4, 8) -> 47.86813294344155]
[Tue Dec  2 14:38:09 2025] >> [t:164] (r:-0.033), [f:   100/1000], inf[1.2e+14], comp[2.6e+13], Q(542, 0, 0, 0), Trans[(256, 8, 8) -> 45.38401724482199]
[Tue Dec  2 14:38:09 2025] >> [t:165] (r: 0.000), [f:     0/1000], inf[9.2e+13], comp[0.0e+00], Q(542, 0, 0, 0), Trans[(256, 6, 8) -> 47.24609476274058]
[Tue Dec  2 14:38:09 2025] >> [t:166] (r:-0.033), [f:   100/1000], inf[1.2e+14], comp[2.6e+13], Q(542, 0, 0, 0), Trans[(256, 8, 8) -> 45.38401724482199]
[Tue Dec  2 14:38:09 2025] >> [t:167] (r: 0.000), [f:     0/1000], inf[9.2e+13], comp[0.0e+00], Q(542, 0, 0, 0), Trans[(256, 6, 8) -> 47.24609476274058]
[Tue Dec  2 14:38:09 2025] >> [t:168] (r:-0.033), [f:   100/1000], inf[1.2e+14], comp[2.6e+13], Q(541, 1, 0, 0), Trans[(256, 8, 8) -> 45.38401724482199]
[Tue Dec  2 14:38:09 2025] >> [t:169] (r:-0.286), [f:   600/1000], inf[6.2e+13], comp[1.6e+14], Q(540, 1, 0, 0), Trans[(256, 4, 8) -> 47.86813294344155]
[Tue Dec  2 14:38:09 2025] >> [t:170] (r:-0.286), [f:   600/1000], inf[6.2e+13], comp[1.6e+14], Q(539, 0, 0, 0), Trans[(256, 4, 8) -> 47.86813294344155]
[Tue Dec  2 14:38:09 2025] >> [t:171] (r:-0.033), [f:   100/1000], inf[1.2e+14], comp[2.6e+13], Q(538, 1, 0, 0), Trans[(256, 8, 8) -> 45.38401724482199]
[Tue Dec  2 14:38:09 2025] >> [t:172] (r:-0.286), [f:   600/1000], inf[6.2e+13], comp[1.6e+14], Q(538, 0, 0, 0), Trans[(256, 4, 8) -> 47.86813294344155]
[Tue Dec  2 14:38:09 2025] >> [t:173] (r:-0.033), [f:   100/1000], inf[1.2e+14], comp[2.6e+13], Q(537, 1, 0, 0), Trans[(256, 8, 8) -> 45.38401724482199]
[Tue Dec  2 14:38:09 2025] >> [t:174] (r:-0.286), [f:   600/1000], inf[6.2e+13], comp[1.6e+14], Q(537, 0, 0, 0), Trans[(256, 4, 8) -> 47.86813294344155]
[Tue Dec  2 14:38:09 2025] >> [t:175] (r:-0.033), [f:   100/1000], inf[1.2e+14], comp[2.6e+13], Q(537, 0, 0, 0), Trans[(256, 8, 8) -> 45.38401724482199]
[Tue Dec  2 14:38:09 2025] >> [t:176] (r: 0.000), [f:     0/1000], inf[9.2e+13], comp[0.0e+00], Q(537, 0, 0, 0), Trans[(256, 6, 8) -> 47.24609476274058]
[Tue Dec  2 14:38:09 2025] >> [t:177] (r:-0.033), [f:   100/1000], inf[1.2e+14], comp[2.6e+13], Q(537, 0, 0, 0), Trans[(256, 8, 8) -> 45.38401724482199]
[Tue Dec  2 14:38:09 2025] >> [t:178] (r: 0.000), [f:     0/1000], inf[9.2e+13], comp[0.0e+00], Q(535, 2, 0, 0), Trans[(256, 6, 8) -> 47.24609476274058]
[Tue Dec  2 14:38:09 2025] >> [t:179] (r:-0.386), [f:   600/1000], inf[4.4e+13], comp[1.6e+14], Q(535, 1, 0, 0), Trans[(512, 1, 8) -> 33.531993066400936]
[Tue Dec  2 14:38:09 2025] >> [t:180] (r:-0.286), [f:   600/1000], inf[4.4e+13], comp[1.6e+14], Q(534, 0, 0, 0), Trans[(512, 1, 8) -> 33.531993066400936]
[Tue Dec  2 14:38:09 2025] >> [t:181] (r:-0.133), [f:   100/1000], inf[1.2e+14], comp[2.6e+13], Q(533, 1, 0, 0), Trans[(256, 8, 8) -> 45.38401724482199]
[Tue Dec  2 14:38:09 2025] >> [t:182] (r:-0.286), [f:   600/1000], inf[6.2e+13], comp[1.6e+14], Q(532, 1, 0, 0), Trans[(256, 4, 8) -> 47.86813294344155]
[Tue Dec  2 14:38:09 2025] >> [t:183] (r:-0.286), [f:   600/1000], inf[6.2e+13], comp[1.6e+14], Q(531, 0, 0, 0), Trans[(256, 4, 8) -> 47.86813294344155]
[Tue Dec  2 14:38:09 2025] >> [t:184] (r:-0.033), [f:   100/1000], inf[1.2e+14], comp[2.6e+13], Q(531, 0, 0, 0), Trans[(256, 8, 8) -> 45.38401724482199]
[Tue Dec  2 14:38:09 2025] >> [t:185] (r: 0.000), [f:     0/1000], inf[9.2e+13], comp[0.0e+00], Q(531, 0, 0, 0), Trans[(256, 6, 8) -> 47.24609476274058]
[Tue Dec  2 14:38:09 2025] >> [t:186] (r:-0.033), [f:   100/1000], inf[1.2e+14], comp[2.6e+13], Q(530, 1, 0, 0), Trans[(256, 8, 8) -> 45.38401724482199]
[Tue Dec  2 14:38:09 2025] >> [t:187] (r:-0.286), [f:   600/1000], inf[6.2e+13], comp[1.6e+14], Q(529, 1, 0, 0), Trans[(256, 4, 8) -> 47.86813294344155]
[Tue Dec  2 14:38:09 2025] >> [t:188] (r:-0.286), [f:   600/1000], inf[6.2e+13], comp[1.6e+14], Q(528, 0, 0, 0), Trans[(256, 4, 8) -> 47.86813294344155]
[Tue Dec  2 14:38:09 2025] >> [t:189] (r:-0.033), [f:   100/1000], inf[1.2e+14], comp[2.6e+13], Q(528, 0, 0, 0), Trans[(256, 8, 8) -> 45.38401724482199]
[Tue Dec  2 14:38:09 2025] >> [t:190] (r: 0.000), [f:     0/1000], inf[9.2e+13], comp[0.0e+00], Q(527, 1, 0, 0), Trans[(256, 6, 8) -> 47.24609476274058]
[Tue Dec  2 14:38:09 2025] >> [t:191] (r:-0.286), [f:   600/1000], inf[6.2e+13], comp[1.6e+14], Q(526, 0, 0, 0), Trans[(256, 4, 8) -> 47.86813294344155]
[Tue Dec  2 14:38:09 2025] >> [t:192] (r:-0.033), [f:   100/1000], inf[1.2e+14], comp[2.6e+13], Q(526, 0, 0, 0), Trans[(256, 8, 8) -> 45.38401724482199]
[Tue Dec  2 14:38:09 2025] >> [t:193] (r: 0.000), [f:     0/1000], inf[9.2e+13], comp[0.0e+00], Q(524, 2, 0, 0), Trans[(256, 6, 8) -> 47.24609476274058]
[Tue Dec  2 14:38:09 2025] >> [t:194] (r:-0.386), [f:   600/1000], inf[4.4e+13], comp[1.6e+14], Q(524, 1, 0, 0), Trans[(512, 1, 8) -> 33.531993066400936]
[Tue Dec  2 14:38:09 2025] >> [t:195] (r:-0.286), [f:   600/1000], inf[4.4e+13], comp[1.6e+14], Q(524, 0, 0, 0), Trans[(512, 1, 8) -> 33.531993066400936]
[Tue Dec  2 14:38:09 2025] >> [t:196] (r:-0.133), [f:   100/1000], inf[1.2e+14], comp[2.6e+13], Q(522, 2, 0, 0), Trans[(256, 8, 8) -> 45.38401724482199]
[Tue Dec  2 14:38:09 2025] >> [t:197] (r:-0.286), [f:   600/1000], inf[6.2e+13], comp[1.6e+14], Q(520, 3, 0, 0), Trans[(256, 4, 8) -> 47.86813294344155]
[Tue Dec  2 14:38:09 2025] >> [t:198] (r:-0.386), [f:   600/1000], inf[4.4e+13], comp[1.6e+14], Q(520, 1, 0, 0), Trans[(512, 1, 8) -> 33.531993066400936]
[Tue Dec  2 14:38:09 2025] >> [t:199] (r:-0.286), [f:   600/1000], inf[4.4e+13], comp[1.6e+14], Q(519, 0, 0, 0), Trans[(512, 1, 8) -> 33.531993066400936]
[Tue Dec  2 14:38:09 2025] >> [t:200] (r:-0.133), [f:   100/1000], inf[1.2e+14], comp[2.6e+13], Q(519, 0, 0, 0), Trans[(256, 8, 8) -> 45.38401724482199]
[Tue Dec  2 14:38:09 2025] >> [t:201] (r: 0.000), [f:     0/1000], inf[9.2e+13], comp[0.0e+00], Q(518, 1, 0, 0), Trans[(256, 6, 8) -> 47.24609476274058]
[Tue Dec  2 14:38:09 2025] >> [t:202] (r:-0.286), [f:   600/1000], inf[6.2e+13], comp[1.6e+14], Q(518, 0, 0, 0), Trans[(256, 4, 8) -> 47.86813294344155]
[Tue Dec  2 14:38:09 2025] >> [t:203] (r:-0.033), [f:   100/1000], inf[1.2e+14], comp[2.6e+13], Q(517, 1, 0, 0), Trans[(256, 8, 8) -> 45.38401724482199]
[Tue Dec  2 14:38:09 2025] >> [t:204] (r:-0.286), [f:   600/1000], inf[6.2e+13], comp[1.6e+14], Q(516, 1, 0, 0), Trans[(256, 4, 8) -> 47.86813294344155]
[Tue Dec  2 14:38:09 2025] >> [t:205] (r:-0.286), [f:   600/1000], inf[6.2e+13], comp[1.6e+14], Q(516, 0, 0, 0), Trans[(256, 4, 8) -> 47.86813294344155]
[Tue Dec  2 14:38:09 2025] >> [t:206] (r:-0.033), [f:   100/1000], inf[1.2e+14], comp[2.6e+13], Q(514, 2, 0, 0), Trans[(256, 8, 8) -> 45.38401724482199]
[Tue Dec  2 14:38:09 2025] >> [t:207] (r:-0.286), [f:   600/1000], inf[6.2e+13], comp[1.6e+14], Q(513, 2, 0, 0), Trans[(256, 4, 8) -> 47.86813294344155]
[Tue Dec  2 14:38:09 2025] >> [t:208] (r:-0.386), [f:   600/1000], inf[4.4e+13], comp[1.6e+14], Q(512, 1, 0, 0), Trans[(512, 1, 8) -> 33.531993066400936]
[Tue Dec  2 14:38:09 2025] >> [t:209] (r:-0.286), [f:   600/1000], inf[4.4e+13], comp[1.6e+14], Q(510, 0, 0, 0), Trans[(512, 1, 8) -> 33.531993066400936]
[Tue Dec  2 14:38:09 2025] >> [t:210] (r:-0.133), [f:   100/1000], inf[1.2e+14], comp[2.6e+13], Q(509, 1, 0, 0), Trans[(256, 8, 8) -> 45.38401724482199]
[Tue Dec  2 14:38:09 2025] >> [t:211] (r:-0.286), [f:   600/1000], inf[6.2e+13], comp[1.6e+14], Q(509, 0, 0, 0), Trans[(256, 4, 8) -> 47.86813294344155]
[Tue Dec  2 14:38:09 2025] >> [t:212] (r:-0.033), [f:   100/1000], inf[1.2e+14], comp[2.6e+13], Q(509, 0, 0, 0), Trans[(256, 8, 8) -> 45.38401724482199]
[Tue Dec  2 14:38:09 2025] >> [t:213] (r: 0.000), [f:     0/1000], inf[9.2e+13], comp[0.0e+00], Q(509, 0, 0, 0), Trans[(256, 6, 8) -> 47.24609476274058]
[Tue Dec  2 14:38:09 2025] >> [t:214] (r:-0.033), [f:   100/1000], inf[1.2e+14], comp[2.6e+13], Q(507, 2, 0, 0), Trans[(256, 8, 8) -> 45.38401724482199]
[Tue Dec  2 14:38:09 2025] >> [t:215] (r:-0.286), [f:   600/1000], inf[6.2e+13], comp[1.6e+14], Q(507, 1, 0, 0), Trans[(256, 4, 8) -> 47.86813294344155]
[Tue Dec  2 14:38:09 2025] >> [t:216] (r:-0.286), [f:   600/1000], inf[6.2e+13], comp[1.6e+14], Q(506, 0, 0, 0), Trans[(256, 4, 8) -> 47.86813294344155]
[Tue Dec  2 14:38:09 2025] >> [t:217] (r:-0.033), [f:   100/1000], inf[1.2e+14], comp[2.6e+13], Q(505, 1, 0, 0), Trans[(256, 8, 8) -> 45.38401724482199]
[Tue Dec  2 14:38:09 2025] >> [t:218] (r:-0.286), [f:   600/1000], inf[6.2e+13], comp[1.6e+14], Q(504, 1, 0, 0), Trans[(256, 4, 8) -> 47.86813294344155]
[Tue Dec  2 14:38:09 2025] >> [t:219] (r:-0.286), [f:   600/1000], inf[6.2e+13], comp[1.6e+14], Q(504, 0, 0, 0), Trans[(256, 4, 8) -> 47.86813294344155]
[Tue Dec  2 14:38:09 2025] >> [t:220] (r:-0.033), [f:   100/1000], inf[1.2e+14], comp[2.6e+13], Q(503, 1, 0, 0), Trans[(256, 8, 8) -> 45.38401724482199]
[Tue Dec  2 14:38:09 2025] >> [t:221] (r:-0.286), [f:   600/1000], inf[6.2e+13], comp[1.6e+14], Q(502, 1, 0, 0), Trans[(256, 4, 8) -> 47.86813294344155]
[Tue Dec  2 14:38:09 2025] >> [t:222] (r:-0.286), [f:   600/1000], inf[6.2e+13], comp[1.6e+14], Q(502, 0, 0, 0), Trans[(256, 4, 8) -> 47.86813294344155]
[Tue Dec  2 14:38:09 2025] >> [t:223] (r:-0.033), [f:   100/1000], inf[1.2e+14], comp[2.6e+13], Q(501, 1, 0, 0), Trans[(256, 8, 8) -> 45.38401724482199]
[Tue Dec  2 14:38:09 2025] >> [t:224] (r:-0.286), [f:   600/1000], inf[6.2e+13], comp[1.6e+14], Q(500, 1, 0, 0), Trans[(256, 4, 8) -> 47.86813294344155]
[Tue Dec  2 14:38:09 2025] >> [t:225] (r:-0.286), [f:   600/1000], inf[6.2e+13], comp[1.6e+14], Q(500, 0, 0, 0), Trans[(256, 4, 8) -> 47.86813294344155]
[Tue Dec  2 14:38:09 2025] >> [t:226] (r:-0.033), [f:   100/1000], inf[1.2e+14], comp[2.6e+13], Q(500, 0, 0, 0), Trans[(256, 8, 8) -> 45.38401724482199]
[Tue Dec  2 14:38:09 2025] >> [t:227] (r: 0.000), [f:     0/1000], inf[9.2e+13], comp[0.0e+00], Q(499, 1, 0, 0), Trans[(256, 6, 8) -> 47.24609476274058]
[Tue Dec  2 14:38:09 2025] >> [t:228] (r:-0.286), [f:   600/1000], inf[6.2e+13], comp[1.6e+14], Q(498, 0, 0, 0), Trans[(256, 4, 8) -> 47.86813294344155]
[Tue Dec  2 14:38:09 2025] >> [t:229] (r:-0.033), [f:   100/1000], inf[1.2e+14], comp[2.6e+13], Q(498, 0, 0, 0), Trans[(256, 8, 8) -> 45.38401724482199]
[Tue Dec  2 14:38:09 2025] >> [t:230] (r: 0.000), [f:     0/1000], inf[9.2e+13], comp[0.0e+00], Q(498, 0, 0, 0), Trans[(256, 6, 8) -> 47.24609476274058]
[Tue Dec  2 14:38:09 2025] >> [t:231] (r:-0.033), [f:   100/1000], inf[1.2e+14], comp[2.6e+13], Q(498, 0, 0, 0), Trans[(256, 8, 8) -> 45.38401724482199]
[Tue Dec  2 14:38:09 2025] >> [t:232] (r: 0.000), [f:     0/1000], inf[9.2e+13], comp[0.0e+00], Q(498, 0, 0, 0), Trans[(256, 6, 8) -> 47.24609476274058]
[Tue Dec  2 14:38:09 2025] >> [t:233] (r:-0.033), [f:   100/1000], inf[1.2e+14], comp[2.6e+13], Q(498, 0, 0, 0), Trans[(256, 8, 8) -> 45.38401724482199]
[Tue Dec  2 14:38:09 2025] >> [t:234] (r: 0.000), [f:     0/1000], inf[9.2e+13], comp[0.0e+00], Q(498, 0, 0, 0), Trans[(256, 6, 8) -> 47.24609476274058]
[Tue Dec  2 14:38:09 2025] >> [t:235] (r:-0.033), [f:   100/1000], inf[1.2e+14], comp[2.6e+13], Q(496, 2, 0, 0), Trans[(256, 8, 8) -> 45.38401724482199]
[Tue Dec  2 14:38:09 2025] >> [t:236] (r:-0.286), [f:   600/1000], inf[6.2e+13], comp[1.6e+14], Q(496, 1, 0, 0), Trans[(256, 4, 8) -> 47.86813294344155]
[Tue Dec  2 14:38:09 2025] >> [t:237] (r:-0.286), [f:   600/1000], inf[6.2e+13], comp[1.6e+14], Q(496, 0, 0, 0), Trans[(256, 4, 8) -> 47.86813294344155]
[Tue Dec  2 14:38:09 2025] >> [t:238] (r:-0.033), [f:   100/1000], inf[1.2e+14], comp[2.6e+13], Q(494, 2, 0, 0), Trans[(256, 8, 8) -> 45.38401724482199]
[Tue Dec  2 14:38:09 2025] >> [t:239] (r:-0.286), [f:   600/1000], inf[6.2e+13], comp[1.6e+14], Q(493, 2, 0, 0), Trans[(256, 4, 8) -> 47.86813294344155]
[Tue Dec  2 14:38:09 2025] >> [t:240] (r:-0.386), [f:   600/1000], inf[4.4e+13], comp[1.6e+14], Q(492, 1, 0, 0), Trans[(512, 1, 8) -> 33.531993066400936]
[Tue Dec  2 14:38:09 2025] >> [t:241] (r:-0.286), [f:   600/1000], inf[4.4e+13], comp[1.6e+14], Q(491, 0, 0, 0), Trans[(512, 1, 8) -> 33.531993066400936]
[Tue Dec  2 14:38:09 2025] >> [t:242] (r:-0.133), [f:   100/1000], inf[1.2e+14], comp[2.6e+13], Q(490, 1, 0, 0), Trans[(256, 8, 8) -> 45.38401724482199]
[Tue Dec  2 14:38:09 2025] >> [t:243] (r:-0.286), [f:   600/1000], inf[6.2e+13], comp[1.6e+14], Q(488, 2, 0, 0), Trans[(256, 4, 8) -> 47.86813294344155]
[Tue Dec  2 14:38:09 2025] >> [t:244] (r:-0.386), [f:   600/1000], inf[4.4e+13], comp[1.6e+14], Q(487, 0, 0, 0), Trans[(512, 1, 8) -> 33.531993066400936]
[Tue Dec  2 14:38:09 2025] >> [t:245] (r:-0.133), [f:   100/1000], inf[1.2e+14], comp[2.6e+13], Q(487, 0, 0, 0), Trans[(256, 8, 8) -> 45.38401724482199]
[Tue Dec  2 14:38:09 2025] >> [t:246] (r: 0.000), [f:     0/1000], inf[9.2e+13], comp[0.0e+00], Q(485, 2, 0, 0), Trans[(256, 6, 8) -> 47.24609476274058]
[Tue Dec  2 14:38:09 2025] >> [t:247] (r:-0.386), [f:   600/1000], inf[4.4e+13], comp[1.6e+14], Q(484, 2, 0, 0), Trans[(512, 1, 8) -> 33.531993066400936]
[Tue Dec  2 14:38:09 2025] >> [t:248] (r:-0.286), [f:   600/1000], inf[4.4e+13], comp[1.6e+14], Q(483, 0, 0, 0), Trans[(512, 1, 8) -> 33.531993066400936]
[Tue Dec  2 14:38:09 2025] >> [t:249] (r:-0.133), [f:   100/1000], inf[1.2e+14], comp[2.6e+13], Q(481, 2, 0, 0), Trans[(256, 8, 8) -> 45.38401724482199]
[Tue Dec  2 14:38:09 2025] >> [t:250] (r:-0.286), [f:   600/1000], inf[6.2e+13], comp[1.6e+14], Q(481, 1, 0, 0), Trans[(256, 4, 8) -> 47.86813294344155]
[Tue Dec  2 14:38:09 2025] >> [t:251] (r:-0.286), [f:   600/1000], inf[6.2e+13], comp[1.6e+14], Q(480, 0, 0, 0), Trans[(256, 4, 8) -> 47.86813294344155]
[Tue Dec  2 14:38:09 2025] >> [t:252] (r:-0.033), [f:   100/1000], inf[1.2e+14], comp[2.6e+13], Q(480, 0, 0, 0), Trans[(256, 8, 8) -> 45.38401724482199]
[Tue Dec  2 14:38:09 2025] >> [t:253] (r: 0.000), [f:     0/1000], inf[9.2e+13], comp[0.0e+00], Q(479, 1, 0, 0), Trans[(256, 6, 8) -> 47.24609476274058]
[Tue Dec  2 14:38:09 2025] >> [t:254] (r:-0.286), [f:   600/1000], inf[6.2e+13], comp[1.6e+14], Q(478, 0, 0, 0), Trans[(256, 4, 8) -> 47.86813294344155]
[Tue Dec  2 14:38:09 2025] >> [t:255] (r:-0.033), [f:   100/1000], inf[1.2e+14], comp[2.6e+13], Q(477, 1, 0, 0), Trans[(256, 8, 8) -> 45.38401724482199]
[Tue Dec  2 14:38:09 2025] >> [t:256] (r:-0.286), [f:   600/1000], inf[6.2e+13], comp[1.6e+14], Q(476, 1, 0, 0), Trans[(256, 4, 8) -> 47.86813294344155]
[Tue Dec  2 14:38:09 2025] >> [t:257] (r:-0.286), [f:   600/1000], inf[6.2e+13], comp[1.6e+14], Q(474, 0, 0, 0), Trans[(256, 4, 8) -> 47.86813294344155]
[Tue Dec  2 14:38:09 2025] >> [t:258] (r:-0.033), [f:   100/1000], inf[1.2e+14], comp[2.6e+13], Q(473, 1, 0, 0), Trans[(256, 8, 8) -> 45.38401724482199]
[Tue Dec  2 14:38:09 2025] >> [t:259] (r:-0.286), [f:   600/1000], inf[6.2e+13], comp[1.6e+14], Q(471, 2, 0, 0), Trans[(256, 4, 8) -> 47.86813294344155]
[Tue Dec  2 14:38:09 2025] >> [t:260] (r:-0.386), [f:   600/1000], inf[4.4e+13], comp[1.6e+14], Q(471, 0, 0, 0), Trans[(512, 1, 8) -> 33.531993066400936]
[Tue Dec  2 14:38:09 2025] >> [t:261] (r:-0.133), [f:   100/1000], inf[1.2e+14], comp[2.6e+13], Q(471, 0, 0, 0), Trans[(256, 8, 8) -> 45.38401724482199]
[Tue Dec  2 14:38:09 2025] >> [t:262] (r: 0.000), [f:     0/1000], inf[9.2e+13], comp[0.0e+00], Q(470, 1, 0, 0), Trans[(256, 6, 8) -> 47.24609476274058]
[Tue Dec  2 14:38:09 2025] >> [t:263] (r:-0.286), [f:   600/1000], inf[6.2e+13], comp[1.6e+14], Q(470, 0, 0, 0), Trans[(256, 4, 8) -> 47.86813294344155]
[Tue Dec  2 14:38:09 2025] >> [t:264] (r:-0.033), [f:   100/1000], inf[1.2e+14], comp[2.6e+13], Q(470, 0, 0, 0), Trans[(256, 8, 8) -> 45.38401724482199]
[Tue Dec  2 14:38:09 2025] >> [t:265] (r: 0.000), [f:     0/1000], inf[9.2e+13], comp[0.0e+00], Q(470, 0, 0, 0), Trans[(256, 6, 8) -> 47.24609476274058]
[Tue Dec  2 14:38:09 2025] >> [t:266] (r:-0.033), [f:   100/1000], inf[1.2e+14], comp[2.6e+13], Q(470, 0, 0, 0), Trans[(256, 8, 8) -> 45.38401724482199]
[Tue Dec  2 14:38:09 2025] >> [t:267] (r: 0.000), [f:     0/1000], inf[9.2e+13], comp[0.0e+00], Q(470, 0, 0, 0), Trans[(256, 6, 8) -> 47.24609476274058]
[Tue Dec  2 14:38:09 2025] >> [t:268] (r:-0.033), [f:   100/1000], inf[1.2e+14], comp[2.6e+13], Q(470, 0, 0, 0), Trans[(256, 8, 8) -> 45.38401724482199]
[Tue Dec  2 14:38:09 2025] >> [t:269] (r: 0.000), [f:     0/1000], inf[9.2e+13], comp[0.0e+00], Q(470, 0, 0, 0), Trans[(256, 6, 8) -> 47.24609476274058]
[Tue Dec  2 14:38:09 2025] >> [t:270] (r:-0.033), [f:   100/1000], inf[1.2e+14], comp[2.6e+13], Q(470, 0, 0, 0), Trans[(256, 8, 8) -> 45.38401724482199]
[Tue Dec  2 14:38:09 2025] >> [t:271] (r: 0.000), [f:     0/1000], inf[9.2e+13], comp[0.0e+00], Q(470, 0, 0, 0), Trans[(256, 6, 8) -> 47.24609476274058]
[Tue Dec  2 14:38:09 2025] >> [t:272] (r:-0.033), [f:   100/1000], inf[1.2e+14], comp[2.6e+13], Q(469, 1, 0, 0), Trans[(256, 8, 8) -> 45.38401724482199]
[Tue Dec  2 14:38:09 2025] >> [t:273] (r:-0.286), [f:   600/1000], inf[6.2e+13], comp[1.6e+14], Q(468, 1, 0, 0), Trans[(256, 4, 8) -> 47.86813294344155]
[Tue Dec  2 14:38:09 2025] >> [t:274] (r:-0.286), [f:   600/1000], inf[6.2e+13], comp[1.6e+14], Q(465, 1, 0, 0), Trans[(256, 4, 8) -> 47.86813294344155]
[Tue Dec  2 14:38:09 2025] >> [t:275] (r:-0.286), [f:   600/1000], inf[6.2e+13], comp[1.6e+14], Q(465, 0, 0, 0), Trans[(256, 4, 8) -> 47.86813294344155]
[Tue Dec  2 14:38:09 2025] >> [t:276] (r:-0.033), [f:   100/1000], inf[1.2e+14], comp[2.6e+13], Q(464, 1, 0, 0), Trans[(256, 8, 8) -> 45.38401724482199]
[Tue Dec  2 14:38:09 2025] >> [t:277] (r:-0.286), [f:   600/1000], inf[6.2e+13], comp[1.6e+14], Q(464, 0, 0, 0), Trans[(256, 4, 8) -> 47.86813294344155]
[Tue Dec  2 14:38:09 2025] >> [t:278] (r:-0.033), [f:   100/1000], inf[1.2e+14], comp[2.6e+13], Q(464, 0, 0, 0), Trans[(256, 8, 8) -> 45.38401724482199]
[Tue Dec  2 14:38:09 2025] >> [t:279] (r: 0.000), [f:     0/1000], inf[9.2e+13], comp[0.0e+00], Q(462, 2, 0, 0), Trans[(256, 6, 8) -> 47.24609476274058]
[Tue Dec  2 14:38:09 2025] >> [t:280] (r:-0.386), [f:   600/1000], inf[4.4e+13], comp[1.6e+14], Q(462, 1, 0, 0), Trans[(512, 1, 8) -> 33.531993066400936]
[Tue Dec  2 14:38:09 2025] >> [t:281] (r:-0.286), [f:   600/1000], inf[4.4e+13], comp[1.6e+14], Q(462, 0, 0, 0), Trans[(512, 1, 8) -> 33.531993066400936]
[Tue Dec  2 14:38:09 2025] >> [t:282] (r:-0.133), [f:   100/1000], inf[1.2e+14], comp[2.6e+13], Q(462, 0, 0, 0), Trans[(256, 8, 8) -> 45.38401724482199]
[Tue Dec  2 14:38:09 2025] >> [t:283] (r: 0.000), [f:     0/1000], inf[9.2e+13], comp[0.0e+00], Q(462, 0, 0, 0), Trans[(256, 6, 8) -> 47.24609476274058]
[Tue Dec  2 14:38:09 2025] >> [t:284] (r:-0.033), [f:   100/1000], inf[1.2e+14], comp[2.6e+13], Q(462, 0, 0, 0), Trans[(256, 8, 8) -> 45.38401724482199]
[Tue Dec  2 14:38:09 2025] >> [t:285] (r: 0.000), [f:     0/1000], inf[9.2e+13], comp[0.0e+00], Q(460, 2, 0, 0), Trans[(256, 6, 8) -> 47.24609476274058]
[Tue Dec  2 14:38:09 2025] >> [t:286] (r:-0.386), [f:   600/1000], inf[4.4e+13], comp[1.6e+14], Q(458, 3, 0, 0), Trans[(512, 1, 8) -> 33.531993066400936]
[Tue Dec  2 14:38:09 2025] >> [t:287] (r:-0.286), [f:   600/1000], inf[4.4e+13], comp[1.6e+14], Q(458, 0, 0, 0), Trans[(512, 1, 8) -> 33.531993066400936]
[Tue Dec  2 14:38:09 2025] >> [t:288] (r:-0.133), [f:   100/1000], inf[1.2e+14], comp[2.6e+13], Q(456, 2, 0, 0), Trans[(256, 8, 8) -> 45.38401724482199]
[Tue Dec  2 14:38:09 2025] >> [t:289] (r:-0.286), [f:   600/1000], inf[6.2e+13], comp[1.6e+14], Q(456, 1, 0, 0), Trans[(256, 4, 8) -> 47.86813294344155]
[Tue Dec  2 14:38:09 2025] >> [t:290] (r:-0.286), [f:   600/1000], inf[6.2e+13], comp[1.6e+14], Q(452, 3, 0, 0), Trans[(256, 4, 8) -> 47.86813294344155]
[Tue Dec  2 14:38:09 2025] >> [t:291] (r:-0.386), [f:   600/1000], inf[4.4e+13], comp[1.6e+14], Q(451, 1, 0, 0), Trans[(512, 1, 8) -> 33.531993066400936]
[Tue Dec  2 14:38:09 2025] >> [t:292] (r:-0.286), [f:   600/1000], inf[4.4e+13], comp[1.6e+14], Q(449, 0, 0, 0), Trans[(512, 1, 8) -> 33.531993066400936]
[Tue Dec  2 14:38:09 2025] >> [t:293] (r:-0.133), [f:   100/1000], inf[1.2e+14], comp[2.6e+13], Q(449, 0, 0, 0), Trans[(256, 8, 8) -> 45.38401724482199]
[Tue Dec  2 14:38:09 2025] >> [t:294] (r: 0.000), [f:     0/1000], inf[9.2e+13], comp[0.0e+00], Q(448, 1, 0, 0), Trans[(256, 6, 8) -> 47.24609476274058]
[Tue Dec  2 14:38:09 2025] >> [t:295] (r:-0.286), [f:   600/1000], inf[6.2e+13], comp[1.6e+14], Q(448, 0, 0, 0), Trans[(256, 4, 8) -> 47.86813294344155]
[Tue Dec  2 14:38:09 2025] >> [t:296] (r:-0.033), [f:   100/1000], inf[1.2e+14], comp[2.6e+13], Q(447, 1, 0, 0), Trans[(256, 8, 8) -> 45.38401724482199]
[Tue Dec  2 14:38:09 2025] >> [t:297] (r:-0.286), [f:   600/1000], inf[6.2e+13], comp[1.6e+14], Q(447, 0, 0, 0), Trans[(256, 4, 8) -> 47.86813294344155]
[Tue Dec  2 14:38:09 2025] >> [t:298] (r:-0.033), [f:   100/1000], inf[1.2e+14], comp[2.6e+13], Q(446, 1, 0, 0), Trans[(256, 8, 8) -> 45.38401724482199]
[Tue Dec  2 14:38:09 2025] >> [t:299] (r:-0.286), [f:   600/1000], inf[6.2e+13], comp[1.6e+14], Q(445, 1, 0, 0), Trans[(256, 4, 8) -> 47.86813294344155]
[Tue Dec  2 14:38:09 2025] >> [t:300] (r:-0.286), [f:   600/1000], inf[6.2e+13], comp[1.6e+14], Q(445, 0, 0, 0), Trans[(256, 4, 8) -> 47.86813294344155]
[Tue Dec  2 14:38:09 2025] >> [t:301] (r:-0.033), [f:   100/1000], inf[1.2e+14], comp[2.6e+13], Q(445, 0, 0, 0), Trans[(256, 8, 8) -> 45.38401724482199]
[Tue Dec  2 14:38:09 2025] >> [t:302] (r: 0.000), [f:     0/1000], inf[9.2e+13], comp[0.0e+00], Q(443, 2, 0, 0), Trans[(256, 6, 8) -> 47.24609476274058]
[Tue Dec  2 14:38:09 2025] >> [t:303] (r:-0.386), [f:   600/1000], inf[4.4e+13], comp[1.6e+14], Q(442, 2, 0, 0), Trans[(512, 1, 8) -> 33.531993066400936]
[Tue Dec  2 14:38:09 2025] >> [t:304] (r:-0.286), [f:   600/1000], inf[4.4e+13], comp[1.6e+14], Q(441, 0, 0, 0), Trans[(512, 1, 8) -> 33.531993066400936]
[Tue Dec  2 14:38:09 2025] >> [t:305] (r:-0.133), [f:   100/1000], inf[1.2e+14], comp[2.6e+13], Q(440, 1, 0, 0), Trans[(256, 8, 8) -> 45.38401724482199]
[Tue Dec  2 14:38:09 2025] >> [t:306] (r:-0.286), [f:   600/1000], inf[6.2e+13], comp[1.6e+14], Q(440, 0, 0, 0), Trans[(256, 4, 8) -> 47.86813294344155]
[Tue Dec  2 14:38:09 2025] >> [t:307] (r:-0.033), [f:   100/1000], inf[1.2e+14], comp[2.6e+13], Q(440, 0, 0, 0), Trans[(256, 8, 8) -> 45.38401724482199]
[Tue Dec  2 14:38:09 2025] >> [t:308] (r: 0.000), [f:     0/1000], inf[9.2e+13], comp[0.0e+00], Q(438, 2, 0, 0), Trans[(256, 6, 8) -> 47.24609476274058]
[Tue Dec  2 14:38:09 2025] >> [t:309] (r:-0.386), [f:   600/1000], inf[4.4e+13], comp[1.6e+14], Q(435, 4, 0, 0), Trans[(512, 1, 8) -> 33.531993066400936]
[Tue Dec  2 14:38:09 2025] >> [t:310] (r:-0.696), [f:  1000/1000], inf[8.1e+13], comp[2.6e+14], Q(435, 0, 0, 0), Trans[(512, 2, 8) -> 31.796302199813397]
[Tue Dec  2 14:38:09 2025] >> [t:311] (r:-0.133), [f:   100/1000], inf[1.2e+14], comp[2.6e+13], Q(434, 1, 0, 0), Trans[(256, 8, 8) -> 45.38401724482199]
[Tue Dec  2 14:38:09 2025] >> [t:312] (r:-0.286), [f:   600/1000], inf[6.2e+13], comp[1.6e+14], Q(434, 0, 0, 0), Trans[(256, 4, 8) -> 47.86813294344155]
[Tue Dec  2 14:38:09 2025] >> [t:313] (r:-0.033), [f:   100/1000], inf[1.2e+14], comp[2.6e+13], Q(433, 1, 0, 0), Trans[(256, 8, 8) -> 45.38401724482199]
[Tue Dec  2 14:38:09 2025] >> [t:314] (r:-0.286), [f:   600/1000], inf[6.2e+13], comp[1.6e+14], Q(431, 2, 0, 0), Trans[(256, 4, 8) -> 47.86813294344155]
[Tue Dec  2 14:38:09 2025] >> [t:315] (r:-0.386), [f:   600/1000], inf[4.4e+13], comp[1.6e+14], Q(429, 0, 0, 0), Trans[(512, 1, 8) -> 33.531993066400936]
[Tue Dec  2 14:38:09 2025] >> [t:316] (r:-0.133), [f:   100/1000], inf[1.2e+14], comp[2.6e+13], Q(429, 0, 0, 0), Trans[(256, 8, 8) -> 45.38401724482199]
[Tue Dec  2 14:38:09 2025] >> [t:317] (r: 0.000), [f:     0/1000], inf[9.2e+13], comp[0.0e+00], Q(429, 0, 0, 0), Trans[(256, 6, 8) -> 47.24609476274058]
[Tue Dec  2 14:38:09 2025] >> [t:318] (r:-0.033), [f:   100/1000], inf[1.2e+14], comp[2.6e+13], Q(429, 0, 0, 0), Trans[(256, 8, 8) -> 45.38401724482199]
[Tue Dec  2 14:38:09 2025] >> [t:319] (r: 0.000), [f:     0/1000], inf[9.2e+13], comp[0.0e+00], Q(428, 1, 0, 0), Trans[(256, 6, 8) -> 47.24609476274058]
[Tue Dec  2 14:38:09 2025] >> [t:320] (r:-0.286), [f:   600/1000], inf[6.2e+13], comp[1.6e+14], Q(428, 0, 0, 0), Trans[(256, 4, 8) -> 47.86813294344155]
[Tue Dec  2 14:38:09 2025] >> [t:321] (r:-0.033), [f:   100/1000], inf[1.2e+14], comp[2.6e+13], Q(426, 2, 0, 0), Trans[(256, 8, 8) -> 45.38401724482199]
[Tue Dec  2 14:38:09 2025] >> [t:322] (r:-0.286), [f:   600/1000], inf[6.2e+13], comp[1.6e+14], Q(425, 2, 0, 0), Trans[(256, 4, 8) -> 47.86813294344155]
[Tue Dec  2 14:38:09 2025] >> [t:323] (r:-0.386), [f:   600/1000], inf[4.4e+13], comp[1.6e+14], Q(423, 2, 0, 0), Trans[(512, 1, 8) -> 33.531993066400936]
[Tue Dec  2 14:38:09 2025] >> [t:324] (r:-0.286), [f:   600/1000], inf[4.4e+13], comp[1.6e+14], Q(423, 0, 0, 0), Trans[(512, 1, 8) -> 33.531993066400936]
[Tue Dec  2 14:38:09 2025] >> [t:325] (r:-0.133), [f:   100/1000], inf[1.2e+14], comp[2.6e+13], Q(423, 0, 0, 0), Trans[(256, 8, 8) -> 45.38401724482199]
[Tue Dec  2 14:38:09 2025] >> [t:326] (r: 0.000), [f:     0/1000], inf[9.2e+13], comp[0.0e+00], Q(422, 1, 0, 0), Trans[(256, 6, 8) -> 47.24609476274058]
[Tue Dec  2 14:38:09 2025] >> [t:327] (r:-0.286), [f:   600/1000], inf[6.2e+13], comp[1.6e+14], Q(422, 0, 0, 0), Trans[(256, 4, 8) -> 47.86813294344155]
[Tue Dec  2 14:38:09 2025] >> [t:328] (r:-0.033), [f:   100/1000], inf[1.2e+14], comp[2.6e+13], Q(422, 0, 0, 0), Trans[(256, 8, 8) -> 45.38401724482199]
[Tue Dec  2 14:38:09 2025] >> [t:329] (r: 0.000), [f:     0/1000], inf[9.2e+13], comp[0.0e+00], Q(421, 1, 0, 0), Trans[(256, 6, 8) -> 47.24609476274058]
[Tue Dec  2 14:38:09 2025] >> [t:330] (r:-0.286), [f:   600/1000], inf[6.2e+13], comp[1.6e+14], Q(420, 0, 0, 0), Trans[(256, 4, 8) -> 47.86813294344155]
[Tue Dec  2 14:38:09 2025] >> [t:331] (r:-0.033), [f:   100/1000], inf[1.2e+14], comp[2.6e+13], Q(419, 1, 0, 0), Trans[(256, 8, 8) -> 45.38401724482199]
[Tue Dec  2 14:38:09 2025] >> [t:332] (r:-0.286), [f:   600/1000], inf[6.2e+13], comp[1.6e+14], Q(419, 0, 0, 0), Trans[(256, 4, 8) -> 47.86813294344155]
[Tue Dec  2 14:38:09 2025] >> [t:333] (r:-0.033), [f:   100/1000], inf[1.2e+14], comp[2.6e+13], Q(418, 1, 0, 0), Trans[(256, 8, 8) -> 45.38401724482199]
[Tue Dec  2 14:38:09 2025] >> [t:334] (r:-0.286), [f:   600/1000], inf[6.2e+13], comp[1.6e+14], Q(417, 1, 0, 0), Trans[(256, 4, 8) -> 47.86813294344155]
[Tue Dec  2 14:38:09 2025] >> [t:335] (r:-0.286), [f:   600/1000], inf[6.2e+13], comp[1.6e+14], Q(416, 0, 0, 0), Trans[(256, 4, 8) -> 47.86813294344155]
[Tue Dec  2 14:38:09 2025] >> [t:336] (r:-0.033), [f:   100/1000], inf[1.2e+14], comp[2.6e+13], Q(414, 2, 0, 0), Trans[(256, 8, 8) -> 45.38401724482199]
[Tue Dec  2 14:38:09 2025] >> [t:337] (r:-0.286), [f:   600/1000], inf[6.2e+13], comp[1.6e+14], Q(412, 3, 0, 0), Trans[(256, 4, 8) -> 47.86813294344155]
[Tue Dec  2 14:38:09 2025] >> [t:338] (r:-0.386), [f:   600/1000], inf[4.4e+13], comp[1.6e+14], Q(412, 1, 0, 0), Trans[(512, 1, 8) -> 33.531993066400936]
[Tue Dec  2 14:38:09 2025] >> [t:339] (r:-0.286), [f:   600/1000], inf[4.4e+13], comp[1.6e+14], Q(411, 0, 0, 0), Trans[(512, 1, 8) -> 33.531993066400936]
[Tue Dec  2 14:38:09 2025] >> [t:340] (r:-0.133), [f:   100/1000], inf[1.2e+14], comp[2.6e+13], Q(411, 0, 0, 0), Trans[(256, 8, 8) -> 45.38401724482199]
[Tue Dec  2 14:38:09 2025] >> [t:341] (r: 0.000), [f:     0/1000], inf[9.2e+13], comp[0.0e+00], Q(410, 1, 0, 0), Trans[(256, 6, 8) -> 47.24609476274058]
[Tue Dec  2 14:38:09 2025] >> [t:342] (r:-0.286), [f:   600/1000], inf[6.2e+13], comp[1.6e+14], Q(409, 0, 0, 0), Trans[(256, 4, 8) -> 47.86813294344155]
[Tue Dec  2 14:38:09 2025] >> [t:343] (r:-0.033), [f:   100/1000], inf[1.2e+14], comp[2.6e+13], Q(407, 2, 0, 0), Trans[(256, 8, 8) -> 45.38401724482199]
[Tue Dec  2 14:38:09 2025] >> [t:344] (r:-0.286), [f:   600/1000], inf[6.2e+13], comp[1.6e+14], Q(406, 2, 0, 0), Trans[(256, 4, 8) -> 47.86813294344155]
[Tue Dec  2 14:38:09 2025] >> [t:345] (r:-0.386), [f:   600/1000], inf[4.4e+13], comp[1.6e+14], Q(406, 0, 0, 0), Trans[(512, 1, 8) -> 33.531993066400936]
[Tue Dec  2 14:38:09 2025] >> [t:346] (r:-0.133), [f:   100/1000], inf[1.2e+14], comp[2.6e+13], Q(405, 1, 0, 0), Trans[(256, 8, 8) -> 45.38401724482199]
[Tue Dec  2 14:38:09 2025] >> [t:347] (r:-0.286), [f:   600/1000], inf[6.2e+13], comp[1.6e+14], Q(404, 1, 0, 0), Trans[(256, 4, 8) -> 47.86813294344155]
[Tue Dec  2 14:38:09 2025] >> [t:348] (r:-0.286), [f:   600/1000], inf[6.2e+13], comp[1.6e+14], Q(403, 0, 0, 0), Trans[(256, 4, 8) -> 47.86813294344155]
[Tue Dec  2 14:38:09 2025] >> [t:349] (r:-0.033), [f:   100/1000], inf[1.2e+14], comp[2.6e+13], Q(402, 1, 0, 0), Trans[(256, 8, 8) -> 45.38401724482199]
[Tue Dec  2 14:38:09 2025] >> [t:350] (r:-0.286), [f:   600/1000], inf[6.2e+13], comp[1.6e+14], Q(400, 2, 0, 0), Trans[(256, 4, 8) -> 47.86813294344155]
[Tue Dec  2 14:38:09 2025] >> [t:351] (r:-0.386), [f:   600/1000], inf[4.4e+13], comp[1.6e+14], Q(400, 0, 0, 0), Trans[(512, 1, 8) -> 33.531993066400936]
[Tue Dec  2 14:38:09 2025] >> [t:352] (r:-0.133), [f:   100/1000], inf[1.2e+14], comp[2.6e+13], Q(400, 0, 0, 0), Trans[(256, 8, 8) -> 45.38401724482199]
[Tue Dec  2 14:38:09 2025] >> [t:353] (r: 0.000), [f:     0/1000], inf[9.2e+13], comp[0.0e+00], Q(397, 3, 0, 0), Trans[(256, 6, 8) -> 47.24609476274058]
[Tue Dec  2 14:38:09 2025] >> [t:354] (r:-0.386), [f:   600/1000], inf[4.4e+13], comp[1.6e+14], Q(397, 2, 0, 0), Trans[(512, 1, 8) -> 33.531993066400936]
[Tue Dec  2 14:38:09 2025] >> [t:355] (r:-0.286), [f:   600/1000], inf[4.4e+13], comp[1.6e+14], Q(397, 0, 0, 0), Trans[(512, 1, 8) -> 33.531993066400936]
[Tue Dec  2 14:38:09 2025] >> [t:356] (r:-0.133), [f:   100/1000], inf[1.2e+14], comp[2.6e+13], Q(397, 0, 0, 0), Trans[(256, 8, 8) -> 45.38401724482199]
[Tue Dec  2 14:38:09 2025] >> [t:357] (r: 0.000), [f:     0/1000], inf[9.2e+13], comp[0.0e+00], Q(396, 1, 0, 0), Trans[(256, 6, 8) -> 47.24609476274058]
[Tue Dec  2 14:38:09 2025] >> [t:358] (r:-0.286), [f:   600/1000], inf[6.2e+13], comp[1.6e+14], Q(394, 1, 0, 0), Trans[(256, 4, 8) -> 47.86813294344155]
[Tue Dec  2 14:38:09 2025] >> [t:359] (r:-0.286), [f:   600/1000], inf[6.2e+13], comp[1.6e+14], Q(393, 0, 0, 0), Trans[(256, 4, 8) -> 47.86813294344155]
[Tue Dec  2 14:38:09 2025] >> [t:360] (r:-0.033), [f:   100/1000], inf[1.2e+14], comp[2.6e+13], Q(392, 1, 0, 0), Trans[(256, 8, 8) -> 45.38401724482199]
[Tue Dec  2 14:38:09 2025] >> [t:361] (r:-0.286), [f:   600/1000], inf[6.2e+13], comp[1.6e+14], Q(392, 0, 0, 0), Trans[(256, 4, 8) -> 47.86813294344155]
[Tue Dec  2 14:38:09 2025] >> [t:362] (r:-0.033), [f:   100/1000], inf[1.2e+14], comp[2.6e+13], Q(392, 0, 0, 0), Trans[(256, 8, 8) -> 45.38401724482199]
[Tue Dec  2 14:38:09 2025] >> [t:363] (r: 0.000), [f:     0/1000], inf[9.2e+13], comp[0.0e+00], Q(390, 2, 0, 0), Trans[(256, 6, 8) -> 47.24609476274058]
[Tue Dec  2 14:38:09 2025] >> [t:364] (r:-0.386), [f:   600/1000], inf[4.4e+13], comp[1.6e+14], Q(390, 1, 0, 0), Trans[(512, 1, 8) -> 33.531993066400936]
[Tue Dec  2 14:38:09 2025] >> [t:365] (r:-0.286), [f:   600/1000], inf[4.4e+13], comp[1.6e+14], Q(390, 0, 0, 0), Trans[(512, 1, 8) -> 33.531993066400936]
[Tue Dec  2 14:38:09 2025] >> [t:366] (r:-0.133), [f:   100/1000], inf[1.2e+14], comp[2.6e+13], Q(389, 1, 0, 0), Trans[(256, 8, 8) -> 45.38401724482199]
[Tue Dec  2 14:38:09 2025] >> [t:367] (r:-0.286), [f:   600/1000], inf[6.2e+13], comp[1.6e+14], Q(388, 1, 0, 0), Trans[(256, 4, 8) -> 47.86813294344155]
[Tue Dec  2 14:38:09 2025] >> [t:368] (r:-0.286), [f:   600/1000], inf[6.2e+13], comp[1.6e+14], Q(387, 0, 0, 0), Trans[(256, 4, 8) -> 47.86813294344155]
[Tue Dec  2 14:38:09 2025] >> [t:369] (r:-0.033), [f:   100/1000], inf[1.2e+14], comp[2.6e+13], Q(387, 0, 0, 0), Trans[(256, 8, 8) -> 45.38401724482199]
[Tue Dec  2 14:38:09 2025] >> [t:370] (r: 0.000), [f:     0/1000], inf[9.2e+13], comp[0.0e+00], Q(387, 0, 0, 0), Trans[(256, 6, 8) -> 47.24609476274058]
[Tue Dec  2 14:38:09 2025] >> [t:371] (r:-0.033), [f:   100/1000], inf[1.2e+14], comp[2.6e+13], Q(387, 0, 0, 0), Trans[(256, 8, 8) -> 45.38401724482199]
[Tue Dec  2 14:38:09 2025] >> [t:372] (r: 0.000), [f:     0/1000], inf[9.2e+13], comp[0.0e+00], Q(385, 2, 0, 0), Trans[(256, 6, 8) -> 47.24609476274058]
[Tue Dec  2 14:38:09 2025] >> [t:373] (r:-0.386), [f:   600/1000], inf[4.4e+13], comp[1.6e+14], Q(385, 1, 0, 0), Trans[(512, 1, 8) -> 33.531993066400936]
[Tue Dec  2 14:38:09 2025] >> [t:374] (r:-0.286), [f:   600/1000], inf[4.4e+13], comp[1.6e+14], Q(384, 0, 0, 0), Trans[(512, 1, 8) -> 33.531993066400936]
[Tue Dec  2 14:38:09 2025] >> [t:375] (r:-0.133), [f:   100/1000], inf[1.2e+14], comp[2.6e+13], Q(384, 0, 0, 0), Trans[(256, 8, 8) -> 45.38401724482199]
[Tue Dec  2 14:38:09 2025] >> [t:376] (r: 0.000), [f:     0/1000], inf[9.2e+13], comp[0.0e+00], Q(384, 0, 0, 0), Trans[(256, 6, 8) -> 47.24609476274058]
[Tue Dec  2 14:38:09 2025] >> [t:377] (r:-0.033), [f:   100/1000], inf[1.2e+14], comp[2.6e+13], Q(381, 3, 0, 0), Trans[(256, 8, 8) -> 45.38401724482199]
[Tue Dec  2 14:38:09 2025] >> [t:378] (r:-0.796), [f:  1000/1000], inf[8.1e+13], comp[2.6e+14], Q(381, 1, 0, 0), Trans[(512, 2, 8) -> 31.796302199813397]
[Tue Dec  2 14:38:09 2025] >> [t:379] (r:-0.286), [f:   600/1000], inf[4.4e+13], comp[1.6e+14], Q(381, 0, 0, 0), Trans[(512, 1, 8) -> 33.531993066400936]
[Tue Dec  2 14:38:09 2025] >> [t:380] (r:-0.133), [f:   100/1000], inf[1.2e+14], comp[2.6e+13], Q(379, 2, 0, 0), Trans[(256, 8, 8) -> 45.38401724482199]
[Tue Dec  2 14:38:09 2025] >> [t:381] (r:-0.286), [f:   600/1000], inf[6.2e+13], comp[1.6e+14], Q(378, 2, 0, 0), Trans[(256, 4, 8) -> 47.86813294344155]
[Tue Dec  2 14:38:09 2025] >> [t:382] (r:-0.386), [f:   600/1000], inf[4.4e+13], comp[1.6e+14], Q(377, 1, 0, 0), Trans[(512, 1, 8) -> 33.531993066400936]
[Tue Dec  2 14:38:09 2025] >> [t:383] (r:-0.286), [f:   600/1000], inf[4.4e+13], comp[1.6e+14], Q(377, 0, 0, 0), Trans[(512, 1, 8) -> 33.531993066400936]
[Tue Dec  2 14:38:09 2025] >> [t:384] (r:-0.133), [f:   100/1000], inf[1.2e+14], comp[2.6e+13], Q(377, 0, 0, 0), Trans[(256, 8, 8) -> 45.38401724482199]
[Tue Dec  2 14:38:09 2025] >> [t:385] (r: 0.000), [f:     0/1000], inf[9.2e+13], comp[0.0e+00], Q(376, 1, 0, 0), Trans[(256, 6, 8) -> 47.24609476274058]
[Tue Dec  2 14:38:09 2025] >> [t:386] (r:-0.286), [f:   600/1000], inf[6.2e+13], comp[1.6e+14], Q(373, 2, 0, 0), Trans[(256, 4, 8) -> 47.86813294344155]
[Tue Dec  2 14:38:09 2025] >> [t:387] (r:-0.386), [f:   600/1000], inf[4.4e+13], comp[1.6e+14], Q(372, 1, 0, 0), Trans[(512, 1, 8) -> 33.531993066400936]
[Tue Dec  2 14:38:09 2025] >> [t:388] (r:-0.286), [f:   600/1000], inf[4.4e+13], comp[1.6e+14], Q(372, 0, 0, 0), Trans[(512, 1, 8) -> 33.531993066400936]
[Tue Dec  2 14:38:09 2025] >> [t:389] (r:-0.133), [f:   100/1000], inf[1.2e+14], comp[2.6e+13], Q(371, 1, 0, 0), Trans[(256, 8, 8) -> 45.38401724482199]
[Tue Dec  2 14:38:09 2025] >> [t:390] (r:-0.286), [f:   600/1000], inf[6.2e+13], comp[1.6e+14], Q(370, 1, 0, 0), Trans[(256, 4, 8) -> 47.86813294344155]
[Tue Dec  2 14:38:09 2025] >> [t:391] (r:-0.286), [f:   600/1000], inf[6.2e+13], comp[1.6e+14], Q(368, 0, 0, 0), Trans[(256, 4, 8) -> 47.86813294344155]
[Tue Dec  2 14:38:09 2025] >> [t:392] (r:-0.033), [f:   100/1000], inf[1.2e+14], comp[2.6e+13], Q(368, 0, 0, 0), Trans[(256, 8, 8) -> 45.38401724482199]
[Tue Dec  2 14:38:09 2025] >> [t:393] (r: 0.000), [f:     0/1000], inf[9.2e+13], comp[0.0e+00], Q(366, 2, 0, 0), Trans[(256, 6, 8) -> 47.24609476274058]
[Tue Dec  2 14:38:09 2025] >> [t:394] (r:-0.386), [f:   600/1000], inf[4.4e+13], comp[1.6e+14], Q(366, 1, 0, 0), Trans[(512, 1, 8) -> 33.531993066400936]
[Tue Dec  2 14:38:09 2025] >> [t:395] (r:-0.286), [f:   600/1000], inf[4.4e+13], comp[1.6e+14], Q(366, 0, 0, 0), Trans[(512, 1, 8) -> 33.531993066400936]
[Tue Dec  2 14:38:09 2025] >> [t:396] (r:-0.133), [f:   100/1000], inf[1.2e+14], comp[2.6e+13], Q(364, 2, 0, 0), Trans[(256, 8, 8) -> 45.38401724482199]
[Tue Dec  2 14:38:09 2025] >> [t:397] (r:-0.286), [f:   600/1000], inf[6.2e+13], comp[1.6e+14], Q(363, 2, 0, 0), Trans[(256, 4, 8) -> 47.86813294344155]
[Tue Dec  2 14:38:09 2025] >> [t:398] (r:-0.386), [f:   600/1000], inf[4.4e+13], comp[1.6e+14], Q(362, 1, 0, 0), Trans[(512, 1, 8) -> 33.531993066400936]
[Tue Dec  2 14:38:09 2025] >> [t:399] (r:-0.286), [f:   600/1000], inf[4.4e+13], comp[1.6e+14], Q(362, 0, 0, 0), Trans[(512, 1, 8) -> 33.531993066400936]
[Tue Dec  2 14:38:09 2025] >> [t:400] (r:-0.133), [f:   100/1000], inf[1.2e+14], comp[2.6e+13], Q(360, 2, 0, 0), Trans[(256, 8, 8) -> 45.38401724482199]
[Tue Dec  2 14:38:09 2025] >> [t:401] (r:-0.286), [f:   600/1000], inf[6.2e+13], comp[1.6e+14], Q(360, 1, 0, 0), Trans[(256, 4, 8) -> 47.86813294344155]
[Tue Dec  2 14:38:09 2025] >> [t:402] (r:-0.286), [f:   600/1000], inf[6.2e+13], comp[1.6e+14], Q(359, 0, 0, 0), Trans[(256, 4, 8) -> 47.86813294344155]
[Tue Dec  2 14:38:09 2025] >> [t:403] (r:-0.033), [f:   100/1000], inf[1.2e+14], comp[2.6e+13], Q(358, 1, 0, 0), Trans[(256, 8, 8) -> 45.38401724482199]
[Tue Dec  2 14:38:09 2025] >> [t:404] (r:-0.286), [f:   600/1000], inf[6.2e+13], comp[1.6e+14], Q(358, 0, 0, 0), Trans[(256, 4, 8) -> 47.86813294344155]
[Tue Dec  2 14:38:09 2025] >> [t:405] (r:-0.033), [f:   100/1000], inf[1.2e+14], comp[2.6e+13], Q(358, 0, 0, 0), Trans[(256, 8, 8) -> 45.38401724482199]
[Tue Dec  2 14:38:09 2025] >> [t:406] (r: 0.000), [f:     0/1000], inf[9.2e+13], comp[0.0e+00], Q(358, 0, 0, 0), Trans[(256, 6, 8) -> 47.24609476274058]
[Tue Dec  2 14:38:09 2025] >> [t:407] (r:-0.033), [f:   100/1000], inf[1.2e+14], comp[2.6e+13], Q(358, 0, 0, 0), Trans[(256, 8, 8) -> 45.38401724482199]
[Tue Dec  2 14:38:09 2025] >> [t:408] (r: 0.000), [f:     0/1000], inf[9.2e+13], comp[0.0e+00], Q(357, 1, 0, 0), Trans[(256, 6, 8) -> 47.24609476274058]
[Tue Dec  2 14:38:09 2025] >> [t:409] (r:-0.286), [f:   600/1000], inf[6.2e+13], comp[1.6e+14], Q(357, 0, 0, 0), Trans[(256, 4, 8) -> 47.86813294344155]
[Tue Dec  2 14:38:09 2025] >> [t:410] (r:-0.033), [f:   100/1000], inf[1.2e+14], comp[2.6e+13], Q(356, 1, 0, 0), Trans[(256, 8, 8) -> 45.38401724482199]
[Tue Dec  2 14:38:09 2025] >> [t:411] (r:-0.286), [f:   600/1000], inf[6.2e+13], comp[1.6e+14], Q(356, 0, 0, 0), Trans[(256, 4, 8) -> 47.86813294344155]
[Tue Dec  2 14:38:09 2025] >> [t:412] (r:-0.033), [f:   100/1000], inf[1.2e+14], comp[2.6e+13], Q(355, 1, 0, 0), Trans[(256, 8, 8) -> 45.38401724482199]
[Tue Dec  2 14:38:09 2025] >> [t:413] (r:-0.286), [f:   600/1000], inf[6.2e+13], comp[1.6e+14], Q(354, 1, 0, 0), Trans[(256, 4, 8) -> 47.86813294344155]
[Tue Dec  2 14:38:09 2025] >> [t:414] (r:-0.286), [f:   600/1000], inf[6.2e+13], comp[1.6e+14], Q(354, 0, 0, 0), Trans[(256, 4, 8) -> 47.86813294344155]
[Tue Dec  2 14:38:09 2025] >> [t:415] (r:-0.033), [f:   100/1000], inf[1.2e+14], comp[2.6e+13], Q(353, 1, 0, 0), Trans[(256, 8, 8) -> 45.38401724482199]
[Tue Dec  2 14:38:09 2025] >> [t:416] (r:-0.286), [f:   600/1000], inf[6.2e+13], comp[1.6e+14], Q(350, 3, 0, 0), Trans[(256, 4, 8) -> 47.86813294344155]
[Tue Dec  2 14:38:09 2025] >> [t:417] (r:-0.386), [f:   600/1000], inf[4.4e+13], comp[1.6e+14], Q(350, 0, 0, 0), Trans[(512, 1, 8) -> 33.531993066400936]
[Tue Dec  2 14:38:09 2025] >> [t:418] (r:-0.133), [f:   100/1000], inf[1.2e+14], comp[2.6e+13], Q(349, 1, 0, 0), Trans[(256, 8, 8) -> 45.38401724482199]
[Tue Dec  2 14:38:09 2025] >> [t:419] (r:-0.286), [f:   600/1000], inf[6.2e+13], comp[1.6e+14], Q(349, 0, 0, 0), Trans[(256, 4, 8) -> 47.86813294344155]
[Tue Dec  2 14:38:09 2025] >> [t:420] (r:-0.033), [f:   100/1000], inf[1.2e+14], comp[2.6e+13], Q(347, 2, 0, 0), Trans[(256, 8, 8) -> 45.38401724482199]
[Tue Dec  2 14:38:09 2025] >> [t:421] (r:-0.286), [f:   600/1000], inf[6.2e+13], comp[1.6e+14], Q(347, 1, 0, 0), Trans[(256, 4, 8) -> 47.86813294344155]
[Tue Dec  2 14:38:09 2025] >> [t:422] (r:-0.286), [f:   600/1000], inf[6.2e+13], comp[1.6e+14], Q(347, 0, 0, 0), Trans[(256, 4, 8) -> 47.86813294344155]
[Tue Dec  2 14:38:09 2025] >> [t:423] (r:-0.033), [f:   100/1000], inf[1.2e+14], comp[2.6e+13], Q(346, 1, 0, 0), Trans[(256, 8, 8) -> 45.38401724482199]
[Tue Dec  2 14:38:09 2025] >> [t:424] (r:-0.286), [f:   600/1000], inf[6.2e+13], comp[1.6e+14], Q(344, 2, 0, 0), Trans[(256, 4, 8) -> 47.86813294344155]
[Tue Dec  2 14:38:09 2025] >> [t:425] (r:-0.386), [f:   600/1000], inf[4.4e+13], comp[1.6e+14], Q(343, 0, 0, 0), Trans[(512, 1, 8) -> 33.531993066400936]
[Tue Dec  2 14:38:09 2025] >> [t:426] (r:-0.133), [f:   100/1000], inf[1.2e+14], comp[2.6e+13], Q(341, 2, 0, 0), Trans[(256, 8, 8) -> 45.38401724482199]
[Tue Dec  2 14:38:09 2025] >> [t:427] (r:-0.286), [f:   600/1000], inf[6.2e+13], comp[1.6e+14], Q(341, 1, 0, 0), Trans[(256, 4, 8) -> 47.86813294344155]
[Tue Dec  2 14:38:09 2025] >> [t:428] (r:-0.286), [f:   600/1000], inf[6.2e+13], comp[1.6e+14], Q(340, 0, 0, 0), Trans[(256, 4, 8) -> 47.86813294344155]
[Tue Dec  2 14:38:09 2025] >> [t:429] (r:-0.033), [f:   100/1000], inf[1.2e+14], comp[2.6e+13], Q(339, 1, 0, 0), Trans[(256, 8, 8) -> 45.38401724482199]
[Tue Dec  2 14:38:09 2025] >> [t:430] (r:-0.286), [f:   600/1000], inf[6.2e+13], comp[1.6e+14], Q(339, 0, 0, 0), Trans[(256, 4, 8) -> 47.86813294344155]
[Tue Dec  2 14:38:09 2025] >> [t:431] (r:-0.033), [f:   100/1000], inf[1.2e+14], comp[2.6e+13], Q(338, 1, 0, 0), Trans[(256, 8, 8) -> 45.38401724482199]
[Tue Dec  2 14:38:09 2025] >> [t:432] (r:-0.286), [f:   600/1000], inf[6.2e+13], comp[1.6e+14], Q(337, 1, 0, 0), Trans[(256, 4, 8) -> 47.86813294344155]
[Tue Dec  2 14:38:09 2025] >> [t:433] (r:-0.286), [f:   600/1000], inf[6.2e+13], comp[1.6e+14], Q(336, 0, 0, 0), Trans[(256, 4, 8) -> 47.86813294344155]
[Tue Dec  2 14:38:09 2025] >> [t:434] (r:-0.033), [f:   100/1000], inf[1.2e+14], comp[2.6e+13], Q(336, 0, 0, 0), Trans[(256, 8, 8) -> 45.38401724482199]
[Tue Dec  2 14:38:09 2025] >> [t:435] (r: 0.000), [f:     0/1000], inf[9.2e+13], comp[0.0e+00], Q(336, 0, 0, 0), Trans[(256, 6, 8) -> 47.24609476274058]
[Tue Dec  2 14:38:09 2025] >> [t:436] (r:-0.033), [f:   100/1000], inf[1.2e+14], comp[2.6e+13], Q(336, 0, 0, 0), Trans[(256, 8, 8) -> 45.38401724482199]
[Tue Dec  2 14:38:09 2025] >> [t:437] (r: 0.000), [f:     0/1000], inf[9.2e+13], comp[0.0e+00], Q(335, 1, 0, 0), Trans[(256, 6, 8) -> 47.24609476274058]
[Tue Dec  2 14:38:09 2025] >> [t:438] (r:-0.286), [f:   600/1000], inf[6.2e+13], comp[1.6e+14], Q(333, 1, 0, 0), Trans[(256, 4, 8) -> 47.86813294344155]
[Tue Dec  2 14:38:09 2025] >> [t:439] (r:-0.286), [f:   600/1000], inf[6.2e+13], comp[1.6e+14], Q(332, 0, 0, 0), Trans[(256, 4, 8) -> 47.86813294344155]
[Tue Dec  2 14:38:09 2025] >> [t:440] (r:-0.033), [f:   100/1000], inf[1.2e+14], comp[2.6e+13], Q(331, 1, 0, 0), Trans[(256, 8, 8) -> 45.38401724482199]
[Tue Dec  2 14:38:09 2025] >> [t:441] (r:-0.286), [f:   600/1000], inf[6.2e+13], comp[1.6e+14], Q(331, 0, 0, 0), Trans[(256, 4, 8) -> 47.86813294344155]
[Tue Dec  2 14:38:09 2025] >> [t:442] (r:-0.033), [f:   100/1000], inf[1.2e+14], comp[2.6e+13], Q(331, 0, 0, 0), Trans[(256, 8, 8) -> 45.38401724482199]
[Tue Dec  2 14:38:09 2025] >> [t:443] (r: 0.000), [f:     0/1000], inf[9.2e+13], comp[0.0e+00], Q(331, 0, 0, 0), Trans[(256, 6, 8) -> 47.24609476274058]
[Tue Dec  2 14:38:09 2025] >> [t:444] (r:-0.033), [f:   100/1000], inf[1.2e+14], comp[2.6e+13], Q(331, 0, 0, 0), Trans[(256, 8, 8) -> 45.38401724482199]
[Tue Dec  2 14:38:09 2025] >> [t:445] (r: 0.000), [f:     0/1000], inf[9.2e+13], comp[0.0e+00], Q(331, 0, 0, 0), Trans[(256, 6, 8) -> 47.24609476274058]
[Tue Dec  2 14:38:09 2025] >> [t:446] (r:-0.033), [f:   100/1000], inf[1.2e+14], comp[2.6e+13], Q(329, 2, 0, 0), Trans[(256, 8, 8) -> 45.38401724482199]
[Tue Dec  2 14:38:09 2025] >> [t:447] (r:-0.286), [f:   600/1000], inf[6.2e+13], comp[1.6e+14], Q(329, 1, 0, 0), Trans[(256, 4, 8) -> 47.86813294344155]
[Tue Dec  2 14:38:09 2025] >> [t:448] (r:-0.286), [f:   600/1000], inf[6.2e+13], comp[1.6e+14], Q(329, 0, 0, 0), Trans[(256, 4, 8) -> 47.86813294344155]
[Tue Dec  2 14:38:09 2025] >> [t:449] (r:-0.033), [f:   100/1000], inf[1.2e+14], comp[2.6e+13], Q(329, 0, 0, 0), Trans[(256, 8, 8) -> 45.38401724482199]
[Tue Dec  2 14:38:09 2025] >> [t:450] (r: 0.000), [f:     0/1000], inf[9.2e+13], comp[0.0e+00], Q(328, 1, 0, 0), Trans[(256, 6, 8) -> 47.24609476274058]
[Tue Dec  2 14:38:09 2025] >> [t:451] (r:-0.286), [f:   600/1000], inf[6.2e+13], comp[1.6e+14], Q(328, 0, 0, 0), Trans[(256, 4, 8) -> 47.86813294344155]
[Tue Dec  2 14:38:09 2025] >> [t:452] (r:-0.033), [f:   100/1000], inf[1.2e+14], comp[2.6e+13], Q(327, 1, 0, 0), Trans[(256, 8, 8) -> 45.38401724482199]
[Tue Dec  2 14:38:09 2025] >> [t:453] (r:-0.286), [f:   600/1000], inf[6.2e+13], comp[1.6e+14], Q(327, 0, 0, 0), Trans[(256, 4, 8) -> 47.86813294344155]
[Tue Dec  2 14:38:09 2025] >> [t:454] (r:-0.033), [f:   100/1000], inf[1.2e+14], comp[2.6e+13], Q(326, 1, 0, 0), Trans[(256, 8, 8) -> 45.38401724482199]
[Tue Dec  2 14:38:09 2025] >> [t:455] (r:-0.286), [f:   600/1000], inf[6.2e+13], comp[1.6e+14], Q(325, 1, 0, 0), Trans[(256, 4, 8) -> 47.86813294344155]
[Tue Dec  2 14:38:09 2025] >> [t:456] (r:-0.286), [f:   600/1000], inf[6.2e+13], comp[1.6e+14], Q(325, 0, 0, 0), Trans[(256, 4, 8) -> 47.86813294344155]
[Tue Dec  2 14:38:09 2025] >> [t:457] (r:-0.033), [f:   100/1000], inf[1.2e+14], comp[2.6e+13], Q(325, 0, 0, 0), Trans[(256, 8, 8) -> 45.38401724482199]
[Tue Dec  2 14:38:09 2025] >> [t:458] (r: 0.000), [f:     0/1000], inf[9.2e+13], comp[0.0e+00], Q(325, 0, 0, 0), Trans[(256, 6, 8) -> 47.24609476274058]
[Tue Dec  2 14:38:09 2025] >> [t:459] (r:-0.033), [f:   100/1000], inf[1.2e+14], comp[2.6e+13], Q(325, 0, 0, 0), Trans[(256, 8, 8) -> 45.38401724482199]
[Tue Dec  2 14:38:09 2025] >> [t:460] (r: 0.000), [f:     0/1000], inf[9.2e+13], comp[0.0e+00], Q(324, 1, 0, 0), Trans[(256, 6, 8) -> 47.24609476274058]
[Tue Dec  2 14:38:09 2025] >> [t:461] (r:-0.286), [f:   600/1000], inf[6.2e+13], comp[1.6e+14], Q(324, 0, 0, 0), Trans[(256, 4, 8) -> 47.86813294344155]
[Tue Dec  2 14:38:09 2025] >> [t:462] (r:-0.033), [f:   100/1000], inf[1.2e+14], comp[2.6e+13], Q(324, 0, 0, 0), Trans[(256, 8, 8) -> 45.38401724482199]
[Tue Dec  2 14:38:09 2025] >> [t:463] (r: 0.000), [f:     0/1000], inf[9.2e+13], comp[0.0e+00], Q(323, 1, 0, 0), Trans[(256, 6, 8) -> 47.24609476274058]
[Tue Dec  2 14:38:09 2025] >> [t:464] (r:-0.286), [f:   600/1000], inf[6.2e+13], comp[1.6e+14], Q(321, 1, 0, 0), Trans[(256, 4, 8) -> 47.86813294344155]
[Tue Dec  2 14:38:09 2025] >> [t:465] (r:-0.286), [f:   600/1000], inf[6.2e+13], comp[1.6e+14], Q(318, 2, 0, 0), Trans[(256, 4, 8) -> 47.86813294344155]
[Tue Dec  2 14:38:09 2025] >> [t:466] (r:-0.386), [f:   600/1000], inf[4.4e+13], comp[1.6e+14], Q(317, 0, 0, 0), Trans[(512, 1, 8) -> 33.531993066400936]
[Tue Dec  2 14:38:09 2025] >> [t:467] (r:-0.133), [f:   100/1000], inf[1.2e+14], comp[2.6e+13], Q(317, 0, 0, 0), Trans[(256, 8, 8) -> 45.38401724482199]
[Tue Dec  2 14:38:09 2025] >> [t:468] (r: 0.000), [f:     0/1000], inf[9.2e+13], comp[0.0e+00], Q(316, 1, 0, 0), Trans[(256, 6, 8) -> 47.24609476274058]
[Tue Dec  2 14:38:09 2025] >> [t:469] (r:-0.286), [f:   600/1000], inf[6.2e+13], comp[1.6e+14], Q(315, 0, 0, 0), Trans[(256, 4, 8) -> 47.86813294344155]
[Tue Dec  2 14:38:09 2025] >> [t:470] (r:-0.033), [f:   100/1000], inf[1.2e+14], comp[2.6e+13], Q(314, 1, 0, 0), Trans[(256, 8, 8) -> 45.38401724482199]
[Tue Dec  2 14:38:09 2025] >> [t:471] (r:-0.286), [f:   600/1000], inf[6.2e+13], comp[1.6e+14], Q(313, 1, 0, 0), Trans[(256, 4, 8) -> 47.86813294344155]
[Tue Dec  2 14:38:09 2025] >> [t:472] (r:-0.286), [f:   600/1000], inf[6.2e+13], comp[1.6e+14], Q(312, 0, 0, 0), Trans[(256, 4, 8) -> 47.86813294344155]
[Tue Dec  2 14:38:09 2025] >> [t:473] (r:-0.033), [f:   100/1000], inf[1.2e+14], comp[2.6e+13], Q(311, 1, 0, 0), Trans[(256, 8, 8) -> 45.38401724482199]
[Tue Dec  2 14:38:09 2025] >> [t:474] (r:-0.286), [f:   600/1000], inf[6.2e+13], comp[1.6e+14], Q(310, 1, 0, 0), Trans[(256, 4, 8) -> 47.86813294344155]
[Tue Dec  2 14:38:09 2025] >> [t:475] (r:-0.286), [f:   600/1000], inf[6.2e+13], comp[1.6e+14], Q(308, 0, 0, 0), Trans[(256, 4, 8) -> 47.86813294344155]
[Tue Dec  2 14:38:09 2025] >> [t:476] (r:-0.033), [f:   100/1000], inf[1.2e+14], comp[2.6e+13], Q(307, 1, 0, 0), Trans[(256, 8, 8) -> 45.38401724482199]
[Tue Dec  2 14:38:09 2025] >> [t:477] (r:-0.286), [f:   600/1000], inf[6.2e+13], comp[1.6e+14], Q(306, 1, 0, 0), Trans[(256, 4, 8) -> 47.86813294344155]
[Tue Dec  2 14:38:09 2025] >> [t:478] (r:-0.286), [f:   600/1000], inf[6.2e+13], comp[1.6e+14], Q(305, 0, 0, 0), Trans[(256, 4, 8) -> 47.86813294344155]
[Tue Dec  2 14:38:09 2025] >> [t:479] (r:-0.033), [f:   100/1000], inf[1.2e+14], comp[2.6e+13], Q(304, 1, 0, 0), Trans[(256, 8, 8) -> 45.38401724482199]
[Tue Dec  2 14:38:09 2025] >> [t:480] (r:-0.286), [f:   600/1000], inf[6.2e+13], comp[1.6e+14], Q(304, 0, 0, 0), Trans[(256, 4, 8) -> 47.86813294344155]
[Tue Dec  2 14:38:09 2025] >> [t:481] (r:-0.033), [f:   100/1000], inf[1.2e+14], comp[2.6e+13], Q(304, 0, 0, 0), Trans[(256, 8, 8) -> 45.38401724482199]
[Tue Dec  2 14:38:09 2025] >> [t:482] (r: 0.000), [f:     0/1000], inf[9.2e+13], comp[0.0e+00], Q(303, 1, 0, 0), Trans[(256, 6, 8) -> 47.24609476274058]
[Tue Dec  2 14:38:09 2025] >> [t:483] (r:-0.286), [f:   600/1000], inf[6.2e+13], comp[1.6e+14], Q(303, 0, 0, 0), Trans[(256, 4, 8) -> 47.86813294344155]
[Tue Dec  2 14:38:09 2025] >> [t:484] (r:-0.033), [f:   100/1000], inf[1.2e+14], comp[2.6e+13], Q(303, 0, 0, 0), Trans[(256, 8, 8) -> 45.38401724482199]
[Tue Dec  2 14:38:09 2025] >> [t:485] (r: 0.000), [f:     0/1000], inf[9.2e+13], comp[0.0e+00], Q(303, 0, 0, 0), Trans[(256, 6, 8) -> 47.24609476274058]
[Tue Dec  2 14:38:09 2025] >> [t:486] (r:-0.033), [f:   100/1000], inf[1.2e+14], comp[2.6e+13], Q(302, 1, 0, 0), Trans[(256, 8, 8) -> 45.38401724482199]
[Tue Dec  2 14:38:09 2025] >> [t:487] (r:-0.286), [f:   600/1000], inf[6.2e+13], comp[1.6e+14], Q(302, 0, 0, 0), Trans[(256, 4, 8) -> 47.86813294344155]
[Tue Dec  2 14:38:09 2025] >> [t:488] (r:-0.033), [f:   100/1000], inf[1.2e+14], comp[2.6e+13], Q(299, 3, 0, 0), Trans[(256, 8, 8) -> 45.38401724482199]
[Tue Dec  2 14:38:09 2025] >> [t:489] (r:-0.796), [f:  1000/1000], inf[8.1e+13], comp[2.6e+14], Q(299, 1, 0, 0), Trans[(512, 2, 8) -> 31.796302199813397]
[Tue Dec  2 14:38:09 2025] >> [t:490] (r:-0.286), [f:   600/1000], inf[4.4e+13], comp[1.6e+14], Q(297, 1, 0, 0), Trans[(512, 1, 8) -> 33.531993066400936]
[Tue Dec  2 14:38:09 2025] >> [t:491] (r:-0.286), [f:   600/1000], inf[4.4e+13], comp[1.6e+14], Q(295, 0, 0, 0), Trans[(512, 1, 8) -> 33.531993066400936]
[Tue Dec  2 14:38:09 2025] >> [t:492] (r:-0.133), [f:   100/1000], inf[1.2e+14], comp[2.6e+13], Q(295, 0, 0, 0), Trans[(256, 8, 8) -> 45.38401724482199]
[Tue Dec  2 14:38:09 2025] >> [t:493] (r: 0.000), [f:     0/1000], inf[9.2e+13], comp[0.0e+00], Q(294, 1, 0, 0), Trans[(256, 6, 8) -> 47.24609476274058]
[Tue Dec  2 14:38:09 2025] >> [t:494] (r:-0.286), [f:   600/1000], inf[6.2e+13], comp[1.6e+14], Q(292, 1, 0, 0), Trans[(256, 4, 8) -> 47.86813294344155]
[Tue Dec  2 14:38:09 2025] >> [t:495] (r:-0.286), [f:   600/1000], inf[6.2e+13], comp[1.6e+14], Q(291, 0, 0, 0), Trans[(256, 4, 8) -> 47.86813294344155]
[Tue Dec  2 14:38:09 2025] >> [t:496] (r:-0.033), [f:   100/1000], inf[1.2e+14], comp[2.6e+13], Q(291, 0, 0, 0), Trans[(256, 8, 8) -> 45.38401724482199]
[Tue Dec  2 14:38:09 2025] >> [t:497] (r: 0.000), [f:     0/1000], inf[9.2e+13], comp[0.0e+00], Q(291, 0, 0, 0), Trans[(256, 6, 8) -> 47.24609476274058]
[Tue Dec  2 14:38:09 2025] >> [t:498] (r:-0.033), [f:   100/1000], inf[1.2e+14], comp[2.6e+13], Q(291, 0, 0, 0), Trans[(256, 8, 8) -> 45.38401724482199]
[Tue Dec  2 14:38:09 2025] >> [t:499] (r: 0.000), [f:     0/1000], inf[9.2e+13], comp[0.0e+00], Q(288, 3, 0, 0), Trans[(256, 6, 8) -> 47.24609476274058]
[Tue Dec  2 14:38:09 2025] >> [t:500] (r:-0.386), [f:   600/1000], inf[4.4e+13], comp[1.6e+14], Q(286, 4, 0, 0), Trans[(512, 1, 8) -> 33.531993066400936]
[Tue Dec  2 14:38:09 2025] >> [t:501] (r:-0.696), [f:  1000/1000], inf[8.1e+13], comp[2.6e+14], Q(286, 0, 0, 0), Trans[(512, 2, 8) -> 31.796302199813397]
[Tue Dec  2 14:38:09 2025] >> [t:502] (r:-0.133), [f:   100/1000], inf[1.2e+14], comp[2.6e+13], Q(285, 1, 0, 0), Trans[(256, 8, 8) -> 45.38401724482199]
[Tue Dec  2 14:38:09 2025] >> [t:503] (r:-0.286), [f:   600/1000], inf[6.2e+13], comp[1.6e+14], Q(285, 0, 0, 0), Trans[(256, 4, 8) -> 47.86813294344155]
[Tue Dec  2 14:38:09 2025] >> [t:504] (r:-0.033), [f:   100/1000], inf[1.2e+14], comp[2.6e+13], Q(285, 0, 0, 0), Trans[(256, 8, 8) -> 45.38401724482199]
[Tue Dec  2 14:38:09 2025] >> [t:505] (r: 0.000), [f:     0/1000], inf[9.2e+13], comp[0.0e+00], Q(285, 0, 0, 0), Trans[(256, 6, 8) -> 47.24609476274058]
[Tue Dec  2 14:38:09 2025] >> [t:506] (r:-0.033), [f:   100/1000], inf[1.2e+14], comp[2.6e+13], Q(284, 1, 0, 0), Trans[(256, 8, 8) -> 45.38401724482199]
[Tue Dec  2 14:38:09 2025] >> [t:507] (r:-0.286), [f:   600/1000], inf[6.2e+13], comp[1.6e+14], Q(284, 0, 0, 0), Trans[(256, 4, 8) -> 47.86813294344155]
[Tue Dec  2 14:38:09 2025] >> [t:508] (r:-0.033), [f:   100/1000], inf[1.2e+14], comp[2.6e+13], Q(283, 1, 0, 0), Trans[(256, 8, 8) -> 45.38401724482199]
[Tue Dec  2 14:38:09 2025] >> [t:509] (r:-0.286), [f:   600/1000], inf[6.2e+13], comp[1.6e+14], Q(282, 1, 0, 0), Trans[(256, 4, 8) -> 47.86813294344155]
[Tue Dec  2 14:38:09 2025] >> [t:510] (r:-0.286), [f:   600/1000], inf[6.2e+13], comp[1.6e+14], Q(280, 0, 0, 0), Trans[(256, 4, 8) -> 47.86813294344155]
[Tue Dec  2 14:38:09 2025] >> [t:511] (r:-0.033), [f:   100/1000], inf[1.2e+14], comp[2.6e+13], Q(280, 0, 0, 0), Trans[(256, 8, 8) -> 45.38401724482199]
[Tue Dec  2 14:38:09 2025] >> [t:512] (r: 0.000), [f:     0/1000], inf[9.2e+13], comp[0.0e+00], Q(279, 1, 0, 0), Trans[(256, 6, 8) -> 47.24609476274058]
[Tue Dec  2 14:38:09 2025] >> [t:513] (r:-0.286), [f:   600/1000], inf[6.2e+13], comp[1.6e+14], Q(277, 1, 0, 0), Trans[(256, 4, 8) -> 47.86813294344155]
[Tue Dec  2 14:38:09 2025] >> [t:514] (r:-0.286), [f:   600/1000], inf[6.2e+13], comp[1.6e+14], Q(276, 0, 0, 0), Trans[(256, 4, 8) -> 47.86813294344155]
[Tue Dec  2 14:38:09 2025] >> [t:515] (r:-0.033), [f:   100/1000], inf[1.2e+14], comp[2.6e+13], Q(275, 1, 0, 0), Trans[(256, 8, 8) -> 45.38401724482199]
[Tue Dec  2 14:38:09 2025] >> [t:516] (r:-0.286), [f:   600/1000], inf[6.2e+13], comp[1.6e+14], Q(275, 0, 0, 0), Trans[(256, 4, 8) -> 47.86813294344155]
[Tue Dec  2 14:38:09 2025] >> [t:517] (r:-0.033), [f:   100/1000], inf[1.2e+14], comp[2.6e+13], Q(275, 0, 0, 0), Trans[(256, 8, 8) -> 45.38401724482199]
[Tue Dec  2 14:38:09 2025] >> [t:518] (r: 0.000), [f:     0/1000], inf[9.2e+13], comp[0.0e+00], Q(273, 2, 0, 0), Trans[(256, 6, 8) -> 47.24609476274058]
[Tue Dec  2 14:38:09 2025] >> [t:519] (r:-0.386), [f:   600/1000], inf[4.4e+13], comp[1.6e+14], Q(272, 2, 0, 0), Trans[(512, 1, 8) -> 33.531993066400936]
[Tue Dec  2 14:38:09 2025] >> [t:520] (r:-0.286), [f:   600/1000], inf[4.4e+13], comp[1.6e+14], Q(272, 0, 0, 0), Trans[(512, 1, 8) -> 33.531993066400936]
[Tue Dec  2 14:38:09 2025] >> [t:521] (r:-0.133), [f:   100/1000], inf[1.2e+14], comp[2.6e+13], Q(272, 0, 0, 0), Trans[(256, 8, 8) -> 45.38401724482199]
[Tue Dec  2 14:38:09 2025] >> [t:522] (r: 0.000), [f:     0/1000], inf[9.2e+13], comp[0.0e+00], Q(271, 1, 0, 0), Trans[(256, 6, 8) -> 47.24609476274058]
[Tue Dec  2 14:38:09 2025] >> [t:523] (r:-0.286), [f:   600/1000], inf[6.2e+13], comp[1.6e+14], Q(270, 0, 0, 0), Trans[(256, 4, 8) -> 47.86813294344155]
[Tue Dec  2 14:38:09 2025] >> [t:524] (r:-0.033), [f:   100/1000], inf[1.2e+14], comp[2.6e+13], Q(269, 1, 0, 0), Trans[(256, 8, 8) -> 45.38401724482199]
[Tue Dec  2 14:38:09 2025] >> [t:525] (r:-0.286), [f:   600/1000], inf[6.2e+13], comp[1.6e+14], Q(265, 4, 0, 0), Trans[(256, 4, 8) -> 47.86813294344155]
[Tue Dec  2 14:38:09 2025] >> [t:526] (r:-0.796), [f:  1000/1000], inf[8.1e+13], comp[2.6e+14], Q(265, 0, 0, 0), Trans[(512, 2, 8) -> 31.796302199813397]
[Tue Dec  2 14:38:09 2025] >> [t:527] (r:-0.133), [f:   100/1000], inf[1.2e+14], comp[2.6e+13], Q(263, 2, 0, 0), Trans[(256, 8, 8) -> 45.38401724482199]
[Tue Dec  2 14:38:09 2025] >> [t:528] (r:-0.286), [f:   600/1000], inf[6.2e+13], comp[1.6e+14], Q(262, 2, 0, 0), Trans[(256, 4, 8) -> 47.86813294344155]
[Tue Dec  2 14:38:09 2025] >> [t:529] (r:-0.386), [f:   600/1000], inf[4.4e+13], comp[1.6e+14], Q(262, 0, 0, 0), Trans[(512, 1, 8) -> 33.531993066400936]
[Tue Dec  2 14:38:09 2025] >> [t:530] (r:-0.133), [f:   100/1000], inf[1.2e+14], comp[2.6e+13], Q(261, 1, 0, 0), Trans[(256, 8, 8) -> 45.38401724482199]
[Tue Dec  2 14:38:09 2025] >> [t:531] (r:-0.286), [f:   600/1000], inf[6.2e+13], comp[1.6e+14], Q(260, 1, 0, 0), Trans[(256, 4, 8) -> 47.86813294344155]
[Tue Dec  2 14:38:09 2025] >> [t:532] (r:-0.286), [f:   600/1000], inf[6.2e+13], comp[1.6e+14], Q(260, 0, 0, 0), Trans[(256, 4, 8) -> 47.86813294344155]
[Tue Dec  2 14:38:09 2025] >> [t:533] (r:-0.033), [f:   100/1000], inf[1.2e+14], comp[2.6e+13], Q(259, 1, 0, 0), Trans[(256, 8, 8) -> 45.38401724482199]
[Tue Dec  2 14:38:09 2025] >> [t:534] (r:-0.286), [f:   600/1000], inf[6.2e+13], comp[1.6e+14], Q(259, 0, 0, 0), Trans[(256, 4, 8) -> 47.86813294344155]
[Tue Dec  2 14:38:09 2025] >> [t:535] (r:-0.033), [f:   100/1000], inf[1.2e+14], comp[2.6e+13], Q(258, 1, 0, 0), Trans[(256, 8, 8) -> 45.38401724482199]
[Tue Dec  2 14:38:09 2025] >> [t:536] (r:-0.286), [f:   600/1000], inf[6.2e+13], comp[1.6e+14], Q(258, 0, 0, 0), Trans[(256, 4, 8) -> 47.86813294344155]
[Tue Dec  2 14:38:09 2025] >> [t:537] (r:-0.033), [f:   100/1000], inf[1.2e+14], comp[2.6e+13], Q(258, 0, 0, 0), Trans[(256, 8, 8) -> 45.38401724482199]
[Tue Dec  2 14:38:09 2025] >> [t:538] (r: 0.000), [f:     0/1000], inf[9.2e+13], comp[0.0e+00], Q(258, 0, 0, 0), Trans[(256, 6, 8) -> 47.24609476274058]
[Tue Dec  2 14:38:09 2025] >> [t:539] (r:-0.033), [f:   100/1000], inf[1.2e+14], comp[2.6e+13], Q(257, 1, 0, 0), Trans[(256, 8, 8) -> 45.38401724482199]
[Tue Dec  2 14:38:09 2025] >> [t:540] (r:-0.286), [f:   600/1000], inf[6.2e+13], comp[1.6e+14], Q(256, 1, 0, 0), Trans[(256, 4, 8) -> 47.86813294344155]
[Tue Dec  2 14:38:09 2025] >> [t:541] (r:-0.286), [f:   600/1000], inf[6.2e+13], comp[1.6e+14], Q(253, 1, 0, 0), Trans[(256, 4, 8) -> 47.86813294344155]
[Tue Dec  2 14:38:09 2025] >> [t:542] (r:-0.286), [f:   600/1000], inf[6.2e+13], comp[1.6e+14], Q(252, 0, 0, 0), Trans[(256, 4, 8) -> 47.86813294344155]
[Tue Dec  2 14:38:09 2025] >> [t:543] (r:-0.033), [f:   100/1000], inf[1.2e+14], comp[2.6e+13], Q(252, 0, 0, 0), Trans[(256, 8, 8) -> 45.38401724482199]
[Tue Dec  2 14:38:09 2025] >> [t:544] (r: 0.000), [f:     0/1000], inf[9.2e+13], comp[0.0e+00], Q(251, 1, 0, 0), Trans[(256, 6, 8) -> 47.24609476274058]
[Tue Dec  2 14:38:09 2025] >> [t:545] (r:-0.286), [f:   600/1000], inf[6.2e+13], comp[1.6e+14], Q(249, 1, 0, 0), Trans[(256, 4, 8) -> 47.86813294344155]
[Tue Dec  2 14:38:09 2025] >> [t:546] (r:-0.286), [f:   600/1000], inf[6.2e+13], comp[1.6e+14], Q(247, 1, 0, 0), Trans[(256, 4, 8) -> 47.86813294344155]
[Tue Dec  2 14:38:09 2025] >> [t:547] (r:-0.286), [f:   600/1000], inf[6.2e+13], comp[1.6e+14], Q(245, 0, 0, 0), Trans[(256, 4, 8) -> 47.86813294344155]
[Tue Dec  2 14:38:09 2025] >> [t:548] (r:-0.033), [f:   100/1000], inf[1.2e+14], comp[2.6e+13], Q(244, 1, 0, 0), Trans[(256, 8, 8) -> 45.38401724482199]
[Tue Dec  2 14:38:09 2025] >> [t:549] (r:-0.286), [f:   600/1000], inf[6.2e+13], comp[1.6e+14], Q(243, 1, 0, 0), Trans[(256, 4, 8) -> 47.86813294344155]
[Tue Dec  2 14:38:09 2025] >> [t:550] (r:-0.286), [f:   600/1000], inf[6.2e+13], comp[1.6e+14], Q(243, 0, 0, 0), Trans[(256, 4, 8) -> 47.86813294344155]
[Tue Dec  2 14:38:09 2025] >> [t:551] (r:-0.033), [f:   100/1000], inf[1.2e+14], comp[2.6e+13], Q(241, 2, 0, 0), Trans[(256, 8, 8) -> 45.38401724482199]
[Tue Dec  2 14:38:09 2025] >> [t:552] (r:-0.286), [f:   600/1000], inf[6.2e+13], comp[1.6e+14], Q(240, 2, 0, 0), Trans[(256, 4, 8) -> 47.86813294344155]
[Tue Dec  2 14:38:09 2025] >> [t:553] (r:-0.386), [f:   600/1000], inf[4.4e+13], comp[1.6e+14], Q(240, 0, 0, 0), Trans[(512, 1, 8) -> 33.531993066400936]
[Tue Dec  2 14:38:09 2025] >> [t:554] (r:-0.133), [f:   100/1000], inf[1.2e+14], comp[2.6e+13], Q(240, 0, 0, 0), Trans[(256, 8, 8) -> 45.38401724482199]
[Tue Dec  2 14:38:09 2025] >> [t:555] (r: 0.000), [f:     0/1000], inf[9.2e+13], comp[0.0e+00], Q(239, 1, 0, 0), Trans[(256, 6, 8) -> 47.24609476274058]
[Tue Dec  2 14:38:09 2025] >> [t:556] (r:-0.286), [f:   600/1000], inf[6.2e+13], comp[1.6e+14], Q(238, 0, 0, 0), Trans[(256, 4, 8) -> 47.86813294344155]
[Tue Dec  2 14:38:09 2025] >> [t:557] (r:-0.033), [f:   100/1000], inf[1.2e+14], comp[2.6e+13], Q(236, 2, 0, 0), Trans[(256, 8, 8) -> 45.38401724482199]
[Tue Dec  2 14:38:09 2025] >> [t:558] (r:-0.286), [f:   600/1000], inf[6.2e+13], comp[1.6e+14], Q(235, 2, 0, 0), Trans[(256, 4, 8) -> 47.86813294344155]
[Tue Dec  2 14:38:09 2025] >> [t:559] (r:-0.386), [f:   600/1000], inf[4.4e+13], comp[1.6e+14], Q(235, 0, 0, 0), Trans[(512, 1, 8) -> 33.531993066400936]
[Tue Dec  2 14:38:09 2025] >> [t:560] (r:-0.133), [f:   100/1000], inf[1.2e+14], comp[2.6e+13], Q(232, 3, 0, 0), Trans[(256, 8, 8) -> 45.38401724482199]
[Tue Dec  2 14:38:09 2025] >> [t:561] (r:-0.796), [f:  1000/1000], inf[8.1e+13], comp[2.6e+14], Q(231, 2, 0, 0), Trans[(512, 2, 8) -> 31.796302199813397]
[Tue Dec  2 14:38:09 2025] >> [t:562] (r:-0.286), [f:   600/1000], inf[4.4e+13], comp[1.6e+14], Q(231, 1, 0, 0), Trans[(512, 1, 8) -> 33.531993066400936]
[Tue Dec  2 14:38:09 2025] >> [t:563] (r:-0.286), [f:   600/1000], inf[4.4e+13], comp[1.6e+14], Q(231, 0, 0, 0), Trans[(512, 1, 8) -> 33.531993066400936]
[Tue Dec  2 14:38:09 2025] >> [t:564] (r:-0.133), [f:   100/1000], inf[1.2e+14], comp[2.6e+13], Q(229, 2, 0, 0), Trans[(256, 8, 8) -> 45.38401724482199]
[Tue Dec  2 14:38:09 2025] >> [t:565] (r:-0.286), [f:   600/1000], inf[6.2e+13], comp[1.6e+14], Q(228, 2, 0, 0), Trans[(256, 4, 8) -> 47.86813294344155]
[Tue Dec  2 14:38:09 2025] >> [t:566] (r:-0.386), [f:   600/1000], inf[4.4e+13], comp[1.6e+14], Q(228, 0, 0, 0), Trans[(512, 1, 8) -> 33.531993066400936]
[Tue Dec  2 14:38:09 2025] >> [t:567] (r:-0.133), [f:   100/1000], inf[1.2e+14], comp[2.6e+13], Q(227, 1, 0, 0), Trans[(256, 8, 8) -> 45.38401724482199]
[Tue Dec  2 14:38:09 2025] >> [t:568] (r:-0.286), [f:   600/1000], inf[6.2e+13], comp[1.6e+14], Q(227, 0, 0, 0), Trans[(256, 4, 8) -> 47.86813294344155]
[Tue Dec  2 14:38:09 2025] >> [t:569] (r:-0.033), [f:   100/1000], inf[1.2e+14], comp[2.6e+13], Q(227, 0, 0, 0), Trans[(256, 8, 8) -> 45.38401724482199]
[Tue Dec  2 14:38:09 2025] >> [t:570] (r: 0.000), [f:     0/1000], inf[9.2e+13], comp[0.0e+00], Q(227, 0, 0, 0), Trans[(256, 6, 8) -> 47.24609476274058]
[Tue Dec  2 14:38:09 2025] >> [t:571] (r:-0.033), [f:   100/1000], inf[1.2e+14], comp[2.6e+13], Q(227, 0, 0, 0), Trans[(256, 8, 8) -> 45.38401724482199]
[Tue Dec  2 14:38:09 2025] >> [t:572] (r: 0.000), [f:     0/1000], inf[9.2e+13], comp[0.0e+00], Q(227, 0, 0, 0), Trans[(256, 6, 8) -> 47.24609476274058]
[Tue Dec  2 14:38:09 2025] >> [t:573] (r:-0.033), [f:   100/1000], inf[1.2e+14], comp[2.6e+13], Q(225, 2, 0, 0), Trans[(256, 8, 8) -> 45.38401724482199]
[Tue Dec  2 14:38:09 2025] >> [t:574] (r:-0.286), [f:   600/1000], inf[6.2e+13], comp[1.6e+14], Q(223, 3, 0, 0), Trans[(256, 4, 8) -> 47.86813294344155]
[Tue Dec  2 14:38:09 2025] >> [t:575] (r:-0.386), [f:   600/1000], inf[4.4e+13], comp[1.6e+14], Q(223, 1, 0, 0), Trans[(512, 1, 8) -> 33.531993066400936]
[Tue Dec  2 14:38:09 2025] >> [t:576] (r:-0.286), [f:   600/1000], inf[4.4e+13], comp[1.6e+14], Q(222, 0, 0, 0), Trans[(512, 1, 8) -> 33.531993066400936]
[Tue Dec  2 14:38:09 2025] >> [t:577] (r:-0.133), [f:   100/1000], inf[1.2e+14], comp[2.6e+13], Q(221, 1, 0, 0), Trans[(256, 8, 8) -> 45.38401724482199]
[Tue Dec  2 14:38:09 2025] >> [t:578] (r:-0.286), [f:   600/1000], inf[6.2e+13], comp[1.6e+14], Q(221, 0, 0, 0), Trans[(256, 4, 8) -> 47.86813294344155]
[Tue Dec  2 14:38:09 2025] >> [t:579] (r:-0.033), [f:   100/1000], inf[1.2e+14], comp[2.6e+13], Q(220, 1, 0, 0), Trans[(256, 8, 8) -> 45.38401724482199]
[Tue Dec  2 14:38:09 2025] >> [t:580] (r:-0.286), [f:   600/1000], inf[6.2e+13], comp[1.6e+14], Q(220, 0, 0, 0), Trans[(256, 4, 8) -> 47.86813294344155]
[Tue Dec  2 14:38:09 2025] >> [t:581] (r:-0.033), [f:   100/1000], inf[1.2e+14], comp[2.6e+13], Q(220, 0, 0, 0), Trans[(256, 8, 8) -> 45.38401724482199]
[Tue Dec  2 14:38:09 2025] >> [t:582] (r: 0.000), [f:     0/1000], inf[9.2e+13], comp[0.0e+00], Q(219, 1, 0, 0), Trans[(256, 6, 8) -> 47.24609476274058]
[Tue Dec  2 14:38:09 2025] >> [t:583] (r:-0.286), [f:   600/1000], inf[6.2e+13], comp[1.6e+14], Q(218, 0, 0, 0), Trans[(256, 4, 8) -> 47.86813294344155]
[Tue Dec  2 14:38:09 2025] >> [t:584] (r:-0.033), [f:   100/1000], inf[1.2e+14], comp[2.6e+13], Q(216, 2, 0, 0), Trans[(256, 8, 8) -> 45.38401724482199]
[Tue Dec  2 14:38:09 2025] >> [t:585] (r:-0.286), [f:   600/1000], inf[6.2e+13], comp[1.6e+14], Q(215, 2, 0, 0), Trans[(256, 4, 8) -> 47.86813294344155]
[Tue Dec  2 14:38:09 2025] >> [t:586] (r:-0.386), [f:   600/1000], inf[4.4e+13], comp[1.6e+14], Q(215, 0, 0, 0), Trans[(512, 1, 8) -> 33.531993066400936]
[Tue Dec  2 14:38:09 2025] >> [t:587] (r:-0.133), [f:   100/1000], inf[1.2e+14], comp[2.6e+13], Q(215, 0, 0, 0), Trans[(256, 8, 8) -> 45.38401724482199]
[Tue Dec  2 14:38:09 2025] >> [t:588] (r: 0.000), [f:     0/1000], inf[9.2e+13], comp[0.0e+00], Q(215, 0, 0, 0), Trans[(256, 6, 8) -> 47.24609476274058]
[Tue Dec  2 14:38:09 2025] >> [t:589] (r:-0.033), [f:   100/1000], inf[1.2e+14], comp[2.6e+13], Q(213, 2, 0, 0), Trans[(256, 8, 8) -> 45.38401724482199]
[Tue Dec  2 14:38:09 2025] >> [t:590] (r:-0.286), [f:   600/1000], inf[6.2e+13], comp[1.6e+14], Q(212, 2, 0, 0), Trans[(256, 4, 8) -> 47.86813294344155]
[Tue Dec  2 14:38:09 2025] >> [t:591] (r:-0.386), [f:   600/1000], inf[4.4e+13], comp[1.6e+14], Q(211, 1, 0, 0), Trans[(512, 1, 8) -> 33.531993066400936]
[Tue Dec  2 14:38:09 2025] >> [t:592] (r:-0.286), [f:   600/1000], inf[4.4e+13], comp[1.6e+14], Q(210, 0, 0, 0), Trans[(512, 1, 8) -> 33.531993066400936]
[Tue Dec  2 14:38:09 2025] >> [t:593] (r:-0.133), [f:   100/1000], inf[1.2e+14], comp[2.6e+13], Q(208, 2, 0, 0), Trans[(256, 8, 8) -> 45.38401724482199]
[Tue Dec  2 14:38:09 2025] >> [t:594] (r:-0.286), [f:   600/1000], inf[6.2e+13], comp[1.6e+14], Q(206, 3, 0, 0), Trans[(256, 4, 8) -> 47.86813294344155]
[Tue Dec  2 14:38:09 2025] >> [t:595] (r:-0.386), [f:   600/1000], inf[4.4e+13], comp[1.6e+14], Q(206, 1, 0, 0), Trans[(512, 1, 8) -> 33.531993066400936]
[Tue Dec  2 14:38:09 2025] >> [t:596] (r:-0.286), [f:   600/1000], inf[4.4e+13], comp[1.6e+14], Q(205, 0, 0, 0), Trans[(512, 1, 8) -> 33.531993066400936]
[Tue Dec  2 14:38:09 2025] >> [t:597] (r:-0.133), [f:   100/1000], inf[1.2e+14], comp[2.6e+13], Q(204, 1, 0, 0), Trans[(256, 8, 8) -> 45.38401724482199]
[Tue Dec  2 14:38:09 2025] >> [t:598] (r:-0.286), [f:   600/1000], inf[6.2e+13], comp[1.6e+14], Q(203, 1, 0, 0), Trans[(256, 4, 8) -> 47.86813294344155]
[Tue Dec  2 14:38:09 2025] >> [t:599] (r:-0.286), [f:   600/1000], inf[6.2e+13], comp[1.6e+14], Q(202, 0, 0, 0), Trans[(256, 4, 8) -> 47.86813294344155]
[Tue Dec  2 14:38:09 2025] >> [t:600] (r:-0.033), [f:   100/1000], inf[1.2e+14], comp[2.6e+13], Q(201, 1, 0, 0), Trans[(256, 8, 8) -> 45.38401724482199]
[Tue Dec  2 14:38:09 2025] >> [t:601] (r:-0.286), [f:   600/1000], inf[6.2e+13], comp[1.6e+14], Q(200, 1, 0, 0), Trans[(256, 4, 8) -> 47.86813294344155]
[Tue Dec  2 14:38:09 2025] >> [t:602] (r:-0.286), [f:   600/1000], inf[6.2e+13], comp[1.6e+14], Q(199, 0, 0, 0), Trans[(256, 4, 8) -> 47.86813294344155]
[Tue Dec  2 14:38:09 2025] >> [t:603] (r:-0.033), [f:   100/1000], inf[1.2e+14], comp[2.6e+13], Q(199, 0, 0, 0), Trans[(256, 8, 8) -> 45.38401724482199]
[Tue Dec  2 14:38:09 2025] >> [t:604] (r: 0.000), [f:     0/1000], inf[9.2e+13], comp[0.0e+00], Q(199, 0, 0, 0), Trans[(256, 6, 8) -> 47.24609476274058]
[Tue Dec  2 14:38:09 2025] >> [t:605] (r:-0.033), [f:   100/1000], inf[1.2e+14], comp[2.6e+13], Q(199, 0, 0, 0), Trans[(256, 8, 8) -> 45.38401724482199]
[Tue Dec  2 14:38:09 2025] >> [t:606] (r: 0.000), [f:     0/1000], inf[9.2e+13], comp[0.0e+00], Q(198, 1, 0, 0), Trans[(256, 6, 8) -> 47.24609476274058]
[Tue Dec  2 14:38:09 2025] >> [t:607] (r:-0.286), [f:   600/1000], inf[6.2e+13], comp[1.6e+14], Q(197, 0, 0, 0), Trans[(256, 4, 8) -> 47.86813294344155]
[Tue Dec  2 14:38:09 2025] >> [t:608] (r:-0.033), [f:   100/1000], inf[1.2e+14], comp[2.6e+13], Q(196, 1, 0, 0), Trans[(256, 8, 8) -> 45.38401724482199]
[Tue Dec  2 14:38:09 2025] >> [t:609] (r:-0.286), [f:   600/1000], inf[6.2e+13], comp[1.6e+14], Q(195, 1, 0, 0), Trans[(256, 4, 8) -> 47.86813294344155]
[Tue Dec  2 14:38:09 2025] >> [t:610] (r:-0.286), [f:   600/1000], inf[6.2e+13], comp[1.6e+14], Q(195, 0, 0, 0), Trans[(256, 4, 8) -> 47.86813294344155]
[Tue Dec  2 14:38:09 2025] >> [t:611] (r:-0.033), [f:   100/1000], inf[1.2e+14], comp[2.6e+13], Q(195, 0, 0, 0), Trans[(256, 8, 8) -> 45.38401724482199]
[Tue Dec  2 14:38:09 2025] >> [t:612] (r: 0.000), [f:     0/1000], inf[9.2e+13], comp[0.0e+00], Q(195, 0, 0, 0), Trans[(256, 6, 8) -> 47.24609476274058]
[Tue Dec  2 14:38:09 2025] >> [t:613] (r:-0.033), [f:   100/1000], inf[1.2e+14], comp[2.6e+13], Q(195, 0, 0, 0), Trans[(256, 8, 8) -> 45.38401724482199]
[Tue Dec  2 14:38:09 2025] >> [t:614] (r: 0.000), [f:     0/1000], inf[9.2e+13], comp[0.0e+00], Q(194, 1, 0, 0), Trans[(256, 6, 8) -> 47.24609476274058]
[Tue Dec  2 14:38:09 2025] >> [t:615] (r:-0.286), [f:   600/1000], inf[6.2e+13], comp[1.6e+14], Q(193, 0, 0, 0), Trans[(256, 4, 8) -> 47.86813294344155]
[Tue Dec  2 14:38:09 2025] >> [t:616] (r:-0.033), [f:   100/1000], inf[1.2e+14], comp[2.6e+13], Q(192, 1, 0, 0), Trans[(256, 8, 8) -> 45.38401724482199]
[Tue Dec  2 14:38:09 2025] >> [t:617] (r:-0.286), [f:   600/1000], inf[6.2e+13], comp[1.6e+14], Q(190, 2, 0, 0), Trans[(256, 4, 8) -> 47.86813294344155]
[Tue Dec  2 14:38:09 2025] >> [t:618] (r:-0.386), [f:   600/1000], inf[4.4e+13], comp[1.6e+14], Q(189, 0, 0, 0), Trans[(512, 1, 8) -> 33.531993066400936]
[Tue Dec  2 14:38:09 2025] >> [t:619] (r:-0.133), [f:   100/1000], inf[1.2e+14], comp[2.6e+13], Q(189, 0, 0, 0), Trans[(256, 8, 8) -> 45.38401724482199]
[Tue Dec  2 14:38:09 2025] >> [t:620] (r: 0.000), [f:     0/1000], inf[9.2e+13], comp[0.0e+00], Q(188, 1, 0, 0), Trans[(256, 6, 8) -> 47.24609476274058]
[Tue Dec  2 14:38:09 2025] >> [t:621] (r:-0.286), [f:   600/1000], inf[6.2e+13], comp[1.6e+14], Q(186, 1, 0, 0), Trans[(256, 4, 8) -> 47.86813294344155]
[Tue Dec  2 14:38:09 2025] >> [t:622] (r:-0.286), [f:   600/1000], inf[6.2e+13], comp[1.6e+14], Q(186, 0, 0, 0), Trans[(256, 4, 8) -> 47.86813294344155]
[Tue Dec  2 14:38:09 2025] >> [t:623] (r:-0.033), [f:   100/1000], inf[1.2e+14], comp[2.6e+13], Q(186, 0, 0, 0), Trans[(256, 8, 8) -> 45.38401724482199]
[Tue Dec  2 14:38:09 2025] >> [t:624] (r: 0.000), [f:     0/1000], inf[9.2e+13], comp[0.0e+00], Q(184, 2, 0, 0), Trans[(256, 6, 8) -> 47.24609476274058]
[Tue Dec  2 14:38:09 2025] >> [t:625] (r:-0.386), [f:   600/1000], inf[4.4e+13], comp[1.6e+14], Q(184, 1, 0, 0), Trans[(512, 1, 8) -> 33.531993066400936]
[Tue Dec  2 14:38:09 2025] >> [t:626] (r:-0.286), [f:   600/1000], inf[4.4e+13], comp[1.6e+14], Q(184, 0, 0, 0), Trans[(512, 1, 8) -> 33.531993066400936]
[Tue Dec  2 14:38:09 2025] >> [t:627] (r:-0.133), [f:   100/1000], inf[1.2e+14], comp[2.6e+13], Q(184, 0, 0, 0), Trans[(256, 8, 8) -> 45.38401724482199]
[Tue Dec  2 14:38:09 2025] >> [t:628] (r: 0.000), [f:     0/1000], inf[9.2e+13], comp[0.0e+00], Q(183, 1, 0, 0), Trans[(256, 6, 8) -> 47.24609476274058]
[Tue Dec  2 14:38:09 2025] >> [t:629] (r:-0.286), [f:   600/1000], inf[6.2e+13], comp[1.6e+14], Q(183, 0, 0, 0), Trans[(256, 4, 8) -> 47.86813294344155]
[Tue Dec  2 14:38:09 2025] >> [t:630] (r:-0.033), [f:   100/1000], inf[1.2e+14], comp[2.6e+13], Q(183, 0, 0, 0), Trans[(256, 8, 8) -> 45.38401724482199]
[Tue Dec  2 14:38:09 2025] >> [t:631] (r: 0.000), [f:     0/1000], inf[9.2e+13], comp[0.0e+00], Q(183, 0, 0, 0), Trans[(256, 6, 8) -> 47.24609476274058]
[Tue Dec  2 14:38:09 2025] >> [t:632] (r:-0.033), [f:   100/1000], inf[1.2e+14], comp[2.6e+13], Q(183, 0, 0, 0), Trans[(256, 8, 8) -> 45.38401724482199]
[Tue Dec  2 14:38:09 2025] >> [t:633] (r: 0.000), [f:     0/1000], inf[9.2e+13], comp[0.0e+00], Q(181, 2, 0, 0), Trans[(256, 6, 8) -> 47.24609476274058]
[Tue Dec  2 14:38:09 2025] >> [t:634] (r:-0.386), [f:   600/1000], inf[4.4e+13], comp[1.6e+14], Q(181, 1, 0, 0), Trans[(512, 1, 8) -> 33.531993066400936]
[Tue Dec  2 14:38:09 2025] >> [t:635] (r:-0.286), [f:   600/1000], inf[4.4e+13], comp[1.6e+14], Q(181, 0, 0, 0), Trans[(512, 1, 8) -> 33.531993066400936]
[Tue Dec  2 14:38:09 2025] >> [t:636] (r:-0.133), [f:   100/1000], inf[1.2e+14], comp[2.6e+13], Q(178, 3, 0, 0), Trans[(256, 8, 8) -> 45.38401724482199]
[Tue Dec  2 14:38:09 2025] >> [t:637] (r:-0.796), [f:  1000/1000], inf[8.1e+13], comp[2.6e+14], Q(177, 2, 0, 0), Trans[(512, 2, 8) -> 31.796302199813397]
[Tue Dec  2 14:38:09 2025] >> [t:638] (r:-0.286), [f:   600/1000], inf[4.4e+13], comp[1.6e+14], Q(176, 2, 0, 0), Trans[(512, 1, 8) -> 33.531993066400936]
[Tue Dec  2 14:38:09 2025] >> [t:639] (r:-0.286), [f:   600/1000], inf[4.4e+13], comp[1.6e+14], Q(175, 0, 0, 0), Trans[(512, 1, 8) -> 33.531993066400936]
[Tue Dec  2 14:38:09 2025] >> [t:640] (r:-0.133), [f:   100/1000], inf[1.2e+14], comp[2.6e+13], Q(175, 0, 0, 0), Trans[(256, 8, 8) -> 45.38401724482199]
[Tue Dec  2 14:38:09 2025] >> [t:641] (r: 0.000), [f:     0/1000], inf[9.2e+13], comp[0.0e+00], Q(174, 1, 0, 0), Trans[(256, 6, 8) -> 47.24609476274058]
[Tue Dec  2 14:38:09 2025] >> [t:642] (r:-0.286), [f:   600/1000], inf[6.2e+13], comp[1.6e+14], Q(174, 0, 0, 0), Trans[(256, 4, 8) -> 47.86813294344155]
[Tue Dec  2 14:38:09 2025] >> [t:643] (r:-0.033), [f:   100/1000], inf[1.2e+14], comp[2.6e+13], Q(172, 2, 0, 0), Trans[(256, 8, 8) -> 45.38401724482199]
[Tue Dec  2 14:38:09 2025] >> [t:644] (r:-0.286), [f:   600/1000], inf[6.2e+13], comp[1.6e+14], Q(171, 2, 0, 0), Trans[(256, 4, 8) -> 47.86813294344155]
[Tue Dec  2 14:38:09 2025] >> [t:645] (r:-0.386), [f:   600/1000], inf[4.4e+13], comp[1.6e+14], Q(169, 2, 0, 0), Trans[(512, 1, 8) -> 33.531993066400936]
[Tue Dec  2 14:38:09 2025] >> [t:646] (r:-0.286), [f:   600/1000], inf[4.4e+13], comp[1.6e+14], Q(169, 0, 0, 0), Trans[(512, 1, 8) -> 33.531993066400936]
[Tue Dec  2 14:38:09 2025] >> [t:647] (r:-0.133), [f:   100/1000], inf[1.2e+14], comp[2.6e+13], Q(167, 2, 0, 0), Trans[(256, 8, 8) -> 45.38401724482199]
[Tue Dec  2 14:38:09 2025] >> [t:648] (r:-0.286), [f:   600/1000], inf[6.2e+13], comp[1.6e+14], Q(167, 1, 0, 0), Trans[(256, 4, 8) -> 47.86813294344155]
[Tue Dec  2 14:38:09 2025] >> [t:649] (r:-0.286), [f:   600/1000], inf[6.2e+13], comp[1.6e+14], Q(167, 0, 0, 0), Trans[(256, 4, 8) -> 47.86813294344155]
[Tue Dec  2 14:38:09 2025] >> [t:650] (r:-0.033), [f:   100/1000], inf[1.2e+14], comp[2.6e+13], Q(167, 0, 0, 0), Trans[(256, 8, 8) -> 45.38401724482199]
[Tue Dec  2 14:38:09 2025] >> [t:651] (r: 0.000), [f:     0/1000], inf[9.2e+13], comp[0.0e+00], Q(167, 0, 0, 0), Trans[(256, 6, 8) -> 47.24609476274058]
[Tue Dec  2 14:38:09 2025] >> [t:652] (r:-0.033), [f:   100/1000], inf[1.2e+14], comp[2.6e+13], Q(167, 0, 0, 0), Trans[(256, 8, 8) -> 45.38401724482199]
[Tue Dec  2 14:38:09 2025] >> [t:653] (r: 0.000), [f:     0/1000], inf[9.2e+13], comp[0.0e+00], Q(166, 1, 0, 0), Trans[(256, 6, 8) -> 47.24609476274058]
[Tue Dec  2 14:38:09 2025] >> [t:654] (r:-0.286), [f:   600/1000], inf[6.2e+13], comp[1.6e+14], Q(165, 0, 0, 0), Trans[(256, 4, 8) -> 47.86813294344155]
[Tue Dec  2 14:38:09 2025] >> [t:655] (r:-0.033), [f:   100/1000], inf[1.2e+14], comp[2.6e+13], Q(164, 1, 0, 0), Trans[(256, 8, 8) -> 45.38401724482199]
[Tue Dec  2 14:38:09 2025] >> [t:656] (r:-0.286), [f:   600/1000], inf[6.2e+13], comp[1.6e+14], Q(164, 0, 0, 0), Trans[(256, 4, 8) -> 47.86813294344155]
[Tue Dec  2 14:38:09 2025] >> [t:657] (r:-0.033), [f:   100/1000], inf[1.2e+14], comp[2.6e+13], Q(164, 0, 0, 0), Trans[(256, 8, 8) -> 45.38401724482199]
[Tue Dec  2 14:38:09 2025] >> [t:658] (r: 0.000), [f:     0/1000], inf[9.2e+13], comp[0.0e+00], Q(164, 0, 0, 0), Trans[(256, 6, 8) -> 47.24609476274058]
[Tue Dec  2 14:38:09 2025] >> [t:659] (r:-0.033), [f:   100/1000], inf[1.2e+14], comp[2.6e+13], Q(163, 1, 0, 0), Trans[(256, 8, 8) -> 45.38401724482199]
[Tue Dec  2 14:38:09 2025] >> [t:660] (r:-0.286), [f:   600/1000], inf[6.2e+13], comp[1.6e+14], Q(162, 1, 0, 0), Trans[(256, 4, 8) -> 47.86813294344155]
[Tue Dec  2 14:38:09 2025] >> [t:661] (r:-0.286), [f:   600/1000], inf[6.2e+13], comp[1.6e+14], Q(162, 0, 0, 0), Trans[(256, 4, 8) -> 47.86813294344155]
[Tue Dec  2 14:38:09 2025] >> [t:662] (r:-0.033), [f:   100/1000], inf[1.2e+14], comp[2.6e+13], Q(162, 0, 0, 0), Trans[(256, 8, 8) -> 45.38401724482199]
[Tue Dec  2 14:38:09 2025] >> [t:663] (r: 0.000), [f:     0/1000], inf[9.2e+13], comp[0.0e+00], Q(162, 0, 0, 0), Trans[(256, 6, 8) -> 47.24609476274058]
[Tue Dec  2 14:38:09 2025] >> [t:664] (r:-0.033), [f:   100/1000], inf[1.2e+14], comp[2.6e+13], Q(161, 1, 0, 0), Trans[(256, 8, 8) -> 45.38401724482199]
[Tue Dec  2 14:38:09 2025] >> [t:665] (r:-0.286), [f:   600/1000], inf[6.2e+13], comp[1.6e+14], Q(161, 0, 0, 0), Trans[(256, 4, 8) -> 47.86813294344155]
[Tue Dec  2 14:38:09 2025] >> [t:666] (r:-0.033), [f:   100/1000], inf[1.2e+14], comp[2.6e+13], Q(161, 0, 0, 0), Trans[(256, 8, 8) -> 45.38401724482199]
[Tue Dec  2 14:38:09 2025] >> [t:667] (r: 0.000), [f:     0/1000], inf[9.2e+13], comp[0.0e+00], Q(160, 1, 0, 0), Trans[(256, 6, 8) -> 47.24609476274058]
[Tue Dec  2 14:38:09 2025] >> [t:668] (r:-0.286), [f:   600/1000], inf[6.2e+13], comp[1.6e+14], Q(158, 1, 0, 0), Trans[(256, 4, 8) -> 47.86813294344155]
[Tue Dec  2 14:38:09 2025] >> [t:669] (r:-0.286), [f:   600/1000], inf[6.2e+13], comp[1.6e+14], Q(157, 0, 0, 0), Trans[(256, 4, 8) -> 47.86813294344155]
[Tue Dec  2 14:38:09 2025] >> [t:670] (r:-0.033), [f:   100/1000], inf[1.2e+14], comp[2.6e+13], Q(156, 1, 0, 0), Trans[(256, 8, 8) -> 45.38401724482199]
[Tue Dec  2 14:38:09 2025] >> [t:671] (r:-0.286), [f:   600/1000], inf[6.2e+13], comp[1.6e+14], Q(155, 1, 0, 0), Trans[(256, 4, 8) -> 47.86813294344155]
[Tue Dec  2 14:38:09 2025] >> [t:672] (r:-0.286), [f:   600/1000], inf[6.2e+13], comp[1.6e+14], Q(155, 0, 0, 0), Trans[(256, 4, 8) -> 47.86813294344155]
[Tue Dec  2 14:38:09 2025] >> [t:673] (r:-0.033), [f:   100/1000], inf[1.2e+14], comp[2.6e+13], Q(155, 0, 0, 0), Trans[(256, 8, 8) -> 45.38401724482199]
[Tue Dec  2 14:38:09 2025] >> [t:674] (r: 0.000), [f:     0/1000], inf[9.2e+13], comp[0.0e+00], Q(154, 1, 0, 0), Trans[(256, 6, 8) -> 47.24609476274058]
[Tue Dec  2 14:38:09 2025] >> [t:675] (r:-0.286), [f:   600/1000], inf[6.2e+13], comp[1.6e+14], Q(154, 0, 0, 0), Trans[(256, 4, 8) -> 47.86813294344155]
[Tue Dec  2 14:38:09 2025] >> [t:676] (r:-0.033), [f:   100/1000], inf[1.2e+14], comp[2.6e+13], Q(152, 2, 0, 0), Trans[(256, 8, 8) -> 45.38401724482199]
[Tue Dec  2 14:38:09 2025] >> [t:677] (r:-0.286), [f:   600/1000], inf[6.2e+13], comp[1.6e+14], Q(151, 2, 0, 0), Trans[(256, 4, 8) -> 47.86813294344155]
[Tue Dec  2 14:38:09 2025] >> [t:678] (r:-0.386), [f:   600/1000], inf[4.4e+13], comp[1.6e+14], Q(147, 4, 0, 0), Trans[(512, 1, 8) -> 33.531993066400936]
[Tue Dec  2 14:38:09 2025] >> [t:679] (r:-0.696), [f:  1000/1000], inf[8.1e+13], comp[2.6e+14], Q(146, 0, 0, 0), Trans[(512, 2, 8) -> 31.796302199813397]
[Tue Dec  2 14:38:09 2025] >> [t:680] (r:-0.133), [f:   100/1000], inf[1.2e+14], comp[2.6e+13], Q(145, 1, 0, 0), Trans[(256, 8, 8) -> 45.38401724482199]
[Tue Dec  2 14:38:09 2025] >> [t:681] (r:-0.286), [f:   600/1000], inf[6.2e+13], comp[1.6e+14], Q(145, 0, 0, 0), Trans[(256, 4, 8) -> 47.86813294344155]
[Tue Dec  2 14:38:09 2025] >> [t:682] (r:-0.033), [f:   100/1000], inf[1.2e+14], comp[2.6e+13], Q(144, 1, 0, 0), Trans[(256, 8, 8) -> 45.38401724482199]
[Tue Dec  2 14:38:09 2025] >> [t:683] (r:-0.286), [f:   600/1000], inf[6.2e+13], comp[1.6e+14], Q(143, 1, 0, 0), Trans[(256, 4, 8) -> 47.86813294344155]
[Tue Dec  2 14:38:09 2025] >> [t:684] (r:-0.286), [f:   600/1000], inf[6.2e+13], comp[1.6e+14], Q(143, 0, 0, 0), Trans[(256, 4, 8) -> 47.86813294344155]
[Tue Dec  2 14:38:09 2025] >> [t:685] (r:-0.033), [f:   100/1000], inf[1.2e+14], comp[2.6e+13], Q(143, 0, 0, 0), Trans[(256, 8, 8) -> 45.38401724482199]
[Tue Dec  2 14:38:09 2025] >> [t:686] (r: 0.000), [f:     0/1000], inf[9.2e+13], comp[0.0e+00], Q(141, 2, 0, 0), Trans[(256, 6, 8) -> 47.24609476274058]
[Tue Dec  2 14:38:09 2025] >> [t:687] (r:-0.386), [f:   600/1000], inf[4.4e+13], comp[1.6e+14], Q(141, 1, 0, 0), Trans[(512, 1, 8) -> 33.531993066400936]
[Tue Dec  2 14:38:09 2025] >> [t:688] (r:-0.286), [f:   600/1000], inf[4.4e+13], comp[1.6e+14], Q(140, 0, 0, 0), Trans[(512, 1, 8) -> 33.531993066400936]
[Tue Dec  2 14:38:09 2025] >> [t:689] (r:-0.133), [f:   100/1000], inf[1.2e+14], comp[2.6e+13], Q(138, 2, 0, 0), Trans[(256, 8, 8) -> 45.38401724482199]
[Tue Dec  2 14:38:09 2025] >> [t:690] (r:-0.286), [f:   600/1000], inf[6.2e+13], comp[1.6e+14], Q(138, 1, 0, 0), Trans[(256, 4, 8) -> 47.86813294344155]
[Tue Dec  2 14:38:09 2025] >> [t:691] (r:-0.286), [f:   600/1000], inf[6.2e+13], comp[1.6e+14], Q(136, 1, 0, 0), Trans[(256, 4, 8) -> 47.86813294344155]
[Tue Dec  2 14:38:09 2025] >> [t:692] (r:-0.286), [f:   600/1000], inf[6.2e+13], comp[1.6e+14], Q(135, 0, 0, 0), Trans[(256, 4, 8) -> 47.86813294344155]
[Tue Dec  2 14:38:09 2025] >> [t:693] (r:-0.033), [f:   100/1000], inf[1.2e+14], comp[2.6e+13], Q(135, 0, 0, 0), Trans[(256, 8, 8) -> 45.38401724482199]
[Tue Dec  2 14:38:09 2025] >> [t:694] (r: 0.000), [f:     0/1000], inf[9.2e+13], comp[0.0e+00], Q(134, 1, 0, 0), Trans[(256, 6, 8) -> 47.24609476274058]
[Tue Dec  2 14:38:09 2025] >> [t:695] (r:-0.286), [f:   600/1000], inf[6.2e+13], comp[1.6e+14], Q(133, 0, 0, 0), Trans[(256, 4, 8) -> 47.86813294344155]
[Tue Dec  2 14:38:09 2025] >> [t:696] (r:-0.033), [f:   100/1000], inf[1.2e+14], comp[2.6e+13], Q(131, 2, 0, 0), Trans[(256, 8, 8) -> 45.38401724482199]
[Tue Dec  2 14:38:09 2025] >> [t:697] (r:-0.286), [f:   600/1000], inf[6.2e+13], comp[1.6e+14], Q(129, 3, 0, 0), Trans[(256, 4, 8) -> 47.86813294344155]
[Tue Dec  2 14:38:09 2025] >> [t:698] (r:-0.386), [f:   600/1000], inf[4.4e+13], comp[1.6e+14], Q(128, 2, 0, 0), Trans[(512, 1, 8) -> 33.531993066400936]
[Tue Dec  2 14:38:09 2025] >> [t:699] (r:-0.286), [f:   600/1000], inf[4.4e+13], comp[1.6e+14], Q(128, 0, 0, 0), Trans[(512, 1, 8) -> 33.531993066400936]
[Tue Dec  2 14:38:09 2025] >> [t:700] (r:-0.133), [f:   100/1000], inf[1.2e+14], comp[2.6e+13], Q(127, 1, 0, 0), Trans[(256, 8, 8) -> 45.38401724482199]
[Tue Dec  2 14:38:09 2025] >> [t:701] (r:-0.286), [f:   600/1000], inf[6.2e+13], comp[1.6e+14], Q(127, 0, 0, 0), Trans[(256, 4, 8) -> 47.86813294344155]
[Tue Dec  2 14:38:09 2025] >> [t:702] (r:-0.033), [f:   100/1000], inf[1.2e+14], comp[2.6e+13], Q(127, 0, 0, 0), Trans[(256, 8, 8) -> 45.38401724482199]
[Tue Dec  2 14:38:09 2025] >> [t:703] (r: 0.000), [f:     0/1000], inf[9.2e+13], comp[0.0e+00], Q(127, 0, 0, 0), Trans[(256, 6, 8) -> 47.24609476274058]
[Tue Dec  2 14:38:09 2025] >> [t:704] (r:-0.033), [f:   100/1000], inf[1.2e+14], comp[2.6e+13], Q(124, 3, 0, 0), Trans[(256, 8, 8) -> 45.38401724482199]
[Tue Dec  2 14:38:09 2025] >> [t:705] (r:-0.796), [f:  1000/1000], inf[8.1e+13], comp[2.6e+14], Q(124, 1, 0, 0), Trans[(512, 2, 8) -> 31.796302199813397]
[Tue Dec  2 14:38:09 2025] >> [t:706] (r:-0.286), [f:   600/1000], inf[4.4e+13], comp[1.6e+14], Q(122, 1, 0, 0), Trans[(512, 1, 8) -> 33.531993066400936]
[Tue Dec  2 14:38:09 2025] >> [t:707] (r:-0.286), [f:   600/1000], inf[4.4e+13], comp[1.6e+14], Q(121, 0, 0, 0), Trans[(512, 1, 8) -> 33.531993066400936]
[Tue Dec  2 14:38:09 2025] >> [t:708] (r:-0.133), [f:   100/1000], inf[1.2e+14], comp[2.6e+13], Q(121, 0, 0, 0), Trans[(256, 8, 8) -> 45.38401724482199]
[Tue Dec  2 14:38:09 2025] >> [t:709] (r: 0.000), [f:     0/1000], inf[9.2e+13], comp[0.0e+00], Q(120, 1, 0, 0), Trans[(256, 6, 8) -> 47.24609476274058]
[Tue Dec  2 14:38:09 2025] >> [t:710] (r:-0.286), [f:   600/1000], inf[6.2e+13], comp[1.6e+14], Q(119, 0, 0, 0), Trans[(256, 4, 8) -> 47.86813294344155]
[Tue Dec  2 14:38:09 2025] >> [t:711] (r:-0.033), [f:   100/1000], inf[1.2e+14], comp[2.6e+13], Q(119, 0, 0, 0), Trans[(256, 8, 8) -> 45.38401724482199]
[Tue Dec  2 14:38:09 2025] >> [t:712] (r: 0.000), [f:     0/1000], inf[9.2e+13], comp[0.0e+00], Q(118, 1, 0, 0), Trans[(256, 6, 8) -> 47.24609476274058]
[Tue Dec  2 14:38:09 2025] >> [t:713] (r:-0.286), [f:   600/1000], inf[6.2e+13], comp[1.6e+14], Q(117, 0, 0, 0), Trans[(256, 4, 8) -> 47.86813294344155]
[Tue Dec  2 14:38:09 2025] >> [t:714] (r:-0.033), [f:   100/1000], inf[1.2e+14], comp[2.6e+13], Q(117, 0, 0, 0), Trans[(256, 8, 8) -> 45.38401724482199]
[Tue Dec  2 14:38:09 2025] >> [t:715] (r: 0.000), [f:     0/1000], inf[9.2e+13], comp[0.0e+00], Q(116, 1, 0, 0), Trans[(256, 6, 8) -> 47.24609476274058]
[Tue Dec  2 14:38:09 2025] >> [t:716] (r:-0.286), [f:   600/1000], inf[6.2e+13], comp[1.6e+14], Q(116, 0, 0, 0), Trans[(256, 4, 8) -> 47.86813294344155]
[Tue Dec  2 14:38:09 2025] >> [t:717] (r:-0.033), [f:   100/1000], inf[1.2e+14], comp[2.6e+13], Q(116, 0, 0, 0), Trans[(256, 8, 8) -> 45.38401724482199]
[Tue Dec  2 14:38:09 2025] >> [t:718] (r: 0.000), [f:     0/1000], inf[9.2e+13], comp[0.0e+00], Q(116, 0, 0, 0), Trans[(256, 6, 8) -> 47.24609476274058]
[Tue Dec  2 14:38:09 2025] >> [t:719] (r:-0.033), [f:   100/1000], inf[1.2e+14], comp[2.6e+13], Q(115, 1, 0, 0), Trans[(256, 8, 8) -> 45.38401724482199]
[Tue Dec  2 14:38:09 2025] >> [t:720] (r:-0.286), [f:   600/1000], inf[6.2e+13], comp[1.6e+14], Q(115, 0, 0, 0), Trans[(256, 4, 8) -> 47.86813294344155]
[Tue Dec  2 14:38:09 2025] >> [t:721] (r:-0.033), [f:   100/1000], inf[1.2e+14], comp[2.6e+13], Q(113, 2, 0, 0), Trans[(256, 8, 8) -> 45.38401724482199]
[Tue Dec  2 14:38:09 2025] >> [t:722] (r:-0.286), [f:   600/1000], inf[6.2e+13], comp[1.6e+14], Q(113, 1, 0, 0), Trans[(256, 4, 8) -> 47.86813294344155]
[Tue Dec  2 14:38:09 2025] >> [t:723] (r:-0.286), [f:   600/1000], inf[6.2e+13], comp[1.6e+14], Q(113, 0, 0, 0), Trans[(256, 4, 8) -> 47.86813294344155]
[Tue Dec  2 14:38:09 2025] >> [t:724] (r:-0.033), [f:   100/1000], inf[1.2e+14], comp[2.6e+13], Q(113, 0, 0, 0), Trans[(256, 8, 8) -> 45.38401724482199]
[Tue Dec  2 14:38:10 2025] >> [t:725] (r: 0.000), [f:     0/1000], inf[9.2e+13], comp[0.0e+00], Q(112, 1, 0, 0), Trans[(256, 6, 8) -> 47.24609476274058]
[Tue Dec  2 14:38:10 2025] >> [t:726] (r:-0.286), [f:   600/1000], inf[6.2e+13], comp[1.6e+14], Q(112, 0, 0, 0), Trans[(256, 4, 8) -> 47.86813294344155]
[Tue Dec  2 14:38:10 2025] >> [t:727] (r:-0.033), [f:   100/1000], inf[1.2e+14], comp[2.6e+13], Q(111, 1, 0, 0), Trans[(256, 8, 8) -> 45.38401724482199]
[Tue Dec  2 14:38:10 2025] >> [t:728] (r:-0.286), [f:   600/1000], inf[6.2e+13], comp[1.6e+14], Q(110, 1, 0, 0), Trans[(256, 4, 8) -> 47.86813294344155]
[Tue Dec  2 14:38:10 2025] >> [t:729] (r:-0.286), [f:   600/1000], inf[6.2e+13], comp[1.6e+14], Q(109, 0, 0, 0), Trans[(256, 4, 8) -> 47.86813294344155]
[Tue Dec  2 14:38:10 2025] >> [t:730] (r:-0.033), [f:   100/1000], inf[1.2e+14], comp[2.6e+13], Q(108, 1, 0, 0), Trans[(256, 8, 8) -> 45.38401724482199]
[Tue Dec  2 14:38:10 2025] >> [t:731] (r:-0.286), [f:   600/1000], inf[6.2e+13], comp[1.6e+14], Q(108, 0, 0, 0), Trans[(256, 4, 8) -> 47.86813294344155]
[Tue Dec  2 14:38:10 2025] >> [t:732] (r:-0.033), [f:   100/1000], inf[1.2e+14], comp[2.6e+13], Q(108, 0, 0, 0), Trans[(256, 8, 8) -> 45.38401724482199]
[Tue Dec  2 14:38:10 2025] >> [t:733] (r: 0.000), [f:     0/1000], inf[9.2e+13], comp[0.0e+00], Q(107, 1, 0, 0), Trans[(256, 6, 8) -> 47.24609476274058]
[Tue Dec  2 14:38:10 2025] >> [t:734] (r:-0.286), [f:   600/1000], inf[6.2e+13], comp[1.6e+14], Q(106, 0, 0, 0), Trans[(256, 4, 8) -> 47.86813294344155]
[Tue Dec  2 14:38:10 2025] >> [t:735] (r:-0.033), [f:   100/1000], inf[1.2e+14], comp[2.6e+13], Q(105, 1, 0, 0), Trans[(256, 8, 8) -> 45.38401724482199]
[Tue Dec  2 14:38:10 2025] >> [t:736] (r:-0.286), [f:   600/1000], inf[6.2e+13], comp[1.6e+14], Q(105, 0, 0, 0), Trans[(256, 4, 8) -> 47.86813294344155]
[Tue Dec  2 14:38:10 2025] >> [t:737] (r:-0.033), [f:   100/1000], inf[1.2e+14], comp[2.6e+13], Q(105, 0, 0, 0), Trans[(256, 8, 8) -> 45.38401724482199]
[Tue Dec  2 14:38:10 2025] >> [t:738] (r: 0.000), [f:     0/1000], inf[9.2e+13], comp[0.0e+00], Q(104, 1, 0, 0), Trans[(256, 6, 8) -> 47.24609476274058]
[Tue Dec  2 14:38:10 2025] >> [t:739] (r:-0.286), [f:   600/1000], inf[6.2e+13], comp[1.6e+14], Q(103, 0, 0, 0), Trans[(256, 4, 8) -> 47.86813294344155]
[Tue Dec  2 14:38:10 2025] >> [t:740] (r:-0.033), [f:   100/1000], inf[1.2e+14], comp[2.6e+13], Q(103, 0, 0, 0), Trans[(256, 8, 8) -> 45.38401724482199]
[Tue Dec  2 14:38:10 2025] >> [t:741] (r: 0.000), [f:     0/1000], inf[9.2e+13], comp[0.0e+00], Q(103, 0, 0, 0), Trans[(256, 6, 8) -> 47.24609476274058]
[Tue Dec  2 14:38:10 2025] >> [t:742] (r:-0.033), [f:   100/1000], inf[1.2e+14], comp[2.6e+13], Q(103, 0, 0, 0), Trans[(256, 8, 8) -> 45.38401724482199]
[Tue Dec  2 14:38:10 2025] >> [t:743] (r: 0.000), [f:     0/1000], inf[9.2e+13], comp[0.0e+00], Q(102, 1, 0, 0), Trans[(256, 6, 8) -> 47.24609476274058]
[Tue Dec  2 14:38:10 2025] >> [t:744] (r:-0.286), [f:   600/1000], inf[6.2e+13], comp[1.6e+14], Q(102, 0, 0, 0), Trans[(256, 4, 8) -> 47.86813294344155]
[Tue Dec  2 14:38:10 2025] >> [t:745] (r:-0.033), [f:   100/1000], inf[1.2e+14], comp[2.6e+13], Q(102, 0, 0, 0), Trans[(256, 8, 8) -> 45.38401724482199]
[Tue Dec  2 14:38:10 2025] >> [t:746] (r: 0.000), [f:     0/1000], inf[9.2e+13], comp[0.0e+00], Q(102, 0, 0, 0), Trans[(256, 6, 8) -> 47.24609476274058]
[Tue Dec  2 14:38:10 2025] >> [t:747] (r:-0.033), [f:   100/1000], inf[1.2e+14], comp[2.6e+13], Q(101, 1, 0, 0), Trans[(256, 8, 8) -> 45.38401724482199]
[Tue Dec  2 14:38:10 2025] >> [t:748] (r:-0.286), [f:   600/1000], inf[6.2e+13], comp[1.6e+14], Q(100, 1, 0, 0), Trans[(256, 4, 8) -> 47.86813294344155]
[Tue Dec  2 14:38:10 2025] >> [t:749] (r:-0.286), [f:   600/1000], inf[6.2e+13], comp[1.6e+14], Q(100, 0, 0, 0), Trans[(256, 4, 8) -> 47.86813294344155]
[Tue Dec  2 14:38:10 2025] >> [t:750] (r:-0.033), [f:   100/1000], inf[1.2e+14], comp[2.6e+13], Q(98, 2, 0, 0), Trans[(256, 8, 8) -> 45.38401724482199]
[Tue Dec  2 14:38:10 2025] >> [t:751] (r:-0.286), [f:   600/1000], inf[6.2e+13], comp[1.6e+14], Q(98, 1, 0, 0), Trans[(256, 4, 8) -> 47.86813294344155]
[Tue Dec  2 14:38:10 2025] >> [t:752] (r:-0.286), [f:   600/1000], inf[6.2e+13], comp[1.6e+14], Q(98, 0, 0, 0), Trans[(256, 4, 8) -> 47.86813294344155]
[Tue Dec  2 14:38:10 2025] >> [t:753] (r:-0.033), [f:   100/1000], inf[1.2e+14], comp[2.6e+13], Q(98, 0, 0, 0), Trans[(256, 8, 8) -> 45.38401724482199]
[Tue Dec  2 14:38:10 2025] >> [t:754] (r: 0.000), [f:     0/1000], inf[9.2e+13], comp[0.0e+00], Q(97, 1, 0, 0), Trans[(256, 6, 8) -> 47.24609476274058]
[Tue Dec  2 14:38:10 2025] >> [t:755] (r:-0.286), [f:   600/1000], inf[6.2e+13], comp[1.6e+14], Q(95, 1, 0, 0), Trans[(256, 4, 8) -> 47.86813294344155]
[Tue Dec  2 14:38:10 2025] >> [t:756] (r:-0.286), [f:   600/1000], inf[6.2e+13], comp[1.6e+14], Q(93, 1, 0, 0), Trans[(256, 4, 8) -> 47.86813294344155]
[Tue Dec  2 14:38:10 2025] >> [t:757] (r:-0.286), [f:   600/1000], inf[6.2e+13], comp[1.6e+14], Q(93, 0, 0, 0), Trans[(256, 4, 8) -> 47.86813294344155]
[Tue Dec  2 14:38:10 2025] >> [t:758] (r:-0.033), [f:   100/1000], inf[1.2e+14], comp[2.6e+13], Q(92, 1, 0, 0), Trans[(256, 8, 8) -> 45.38401724482199]
[Tue Dec  2 14:38:10 2025] >> [t:759] (r:-0.286), [f:   600/1000], inf[6.2e+13], comp[1.6e+14], Q(92, 0, 0, 0), Trans[(256, 4, 8) -> 47.86813294344155]
[Tue Dec  2 14:38:10 2025] >> [t:760] (r:-0.033), [f:   100/1000], inf[1.2e+14], comp[2.6e+13], Q(92, 0, 0, 0), Trans[(256, 8, 8) -> 45.38401724482199]
[Tue Dec  2 14:38:10 2025] >> [t:761] (r: 0.000), [f:     0/1000], inf[9.2e+13], comp[0.0e+00], Q(91, 1, 0, 0), Trans[(256, 6, 8) -> 47.24609476274058]
[Tue Dec  2 14:38:10 2025] >> [t:762] (r:-0.286), [f:   600/1000], inf[6.2e+13], comp[1.6e+14], Q(90, 0, 0, 0), Trans[(256, 4, 8) -> 47.86813294344155]
[Tue Dec  2 14:38:10 2025] >> [t:763] (r:-0.033), [f:   100/1000], inf[1.2e+14], comp[2.6e+13], Q(90, 0, 0, 0), Trans[(256, 8, 8) -> 45.38401724482199]
[Tue Dec  2 14:38:10 2025] >> [t:764] (r: 0.000), [f:     0/1000], inf[9.2e+13], comp[0.0e+00], Q(90, 0, 0, 0), Trans[(256, 6, 8) -> 47.24609476274058]
[Tue Dec  2 14:38:10 2025] >> [t:765] (r:-0.033), [f:   100/1000], inf[1.2e+14], comp[2.6e+13], Q(89, 1, 0, 0), Trans[(256, 8, 8) -> 45.38401724482199]
[Tue Dec  2 14:38:10 2025] >> [t:766] (r:-0.286), [f:   600/1000], inf[6.2e+13], comp[1.6e+14], Q(88, 1, 0, 0), Trans[(256, 4, 8) -> 47.86813294344155]
[Tue Dec  2 14:38:10 2025] >> [t:767] (r:-0.286), [f:   600/1000], inf[6.2e+13], comp[1.6e+14], Q(85, 1, 0, 0), Trans[(256, 4, 8) -> 47.86813294344155]
[Tue Dec  2 14:38:10 2025] >> [t:768] (r:-0.286), [f:   600/1000], inf[6.2e+13], comp[1.6e+14], Q(83, 0, 0, 0), Trans[(256, 4, 8) -> 47.86813294344155]
[Tue Dec  2 14:38:10 2025] >> [t:769] (r:-0.033), [f:   100/1000], inf[1.2e+14], comp[2.6e+13], Q(80, 3, 0, 0), Trans[(256, 8, 8) -> 45.38401724482199]
[Tue Dec  2 14:38:10 2025] >> [t:770] (r:-0.796), [f:  1000/1000], inf[8.1e+13], comp[2.6e+14], Q(79, 2, 0, 0), Trans[(512, 2, 8) -> 31.796302199813397]
[Tue Dec  2 14:38:10 2025] >> [t:771] (r:-0.286), [f:   600/1000], inf[4.4e+13], comp[1.6e+14], Q(79, 1, 0, 0), Trans[(512, 1, 8) -> 33.531993066400936]
[Tue Dec  2 14:38:10 2025] >> [t:772] (r:-0.286), [f:   600/1000], inf[4.4e+13], comp[1.6e+14], Q(77, 0, 0, 0), Trans[(512, 1, 8) -> 33.531993066400936]
[Tue Dec  2 14:38:10 2025] >> [t:773] (r:-0.133), [f:   100/1000], inf[1.2e+14], comp[2.6e+13], Q(77, 0, 0, 0), Trans[(256, 8, 8) -> 45.38401724482199]
[Tue Dec  2 14:38:10 2025] >> [t:774] (r: 0.000), [f:     0/1000], inf[9.2e+13], comp[0.0e+00], Q(77, 0, 0, 0), Trans[(256, 6, 8) -> 47.24609476274058]
[Tue Dec  2 14:38:10 2025] >> [t:775] (r:-0.033), [f:   100/1000], inf[1.2e+14], comp[2.6e+13], Q(77, 0, 0, 0), Trans[(256, 8, 8) -> 45.38401724482199]
[Tue Dec  2 14:38:10 2025] >> [t:776] (r: 0.000), [f:     0/1000], inf[9.2e+13], comp[0.0e+00], Q(74, 3, 0, 0), Trans[(256, 6, 8) -> 47.24609476274058]
[Tue Dec  2 14:38:10 2025] >> [t:777] (r:-0.386), [f:   600/1000], inf[4.4e+13], comp[1.6e+14], Q(73, 3, 0, 0), Trans[(512, 1, 8) -> 33.531993066400936]
[Tue Dec  2 14:38:10 2025] >> [t:778] (r:-0.286), [f:   600/1000], inf[4.4e+13], comp[1.6e+14], Q(72, 2, 0, 0), Trans[(512, 1, 8) -> 33.531993066400936]
[Tue Dec  2 14:38:10 2025] >> [t:779] (r:-0.286), [f:   600/1000], inf[4.4e+13], comp[1.6e+14], Q(72, 0, 0, 0), Trans[(512, 1, 8) -> 33.531993066400936]
[Tue Dec  2 14:38:10 2025] >> [t:780] (r:-0.133), [f:   100/1000], inf[1.2e+14], comp[2.6e+13], Q(72, 0, 0, 0), Trans[(256, 8, 8) -> 45.38401724482199]
[Tue Dec  2 14:38:10 2025] >> [t:781] (r: 0.000), [f:     0/1000], inf[9.2e+13], comp[0.0e+00], Q(71, 1, 0, 0), Trans[(256, 6, 8) -> 47.24609476274058]
[Tue Dec  2 14:38:10 2025] >> [t:782] (r:-0.286), [f:   600/1000], inf[6.2e+13], comp[1.6e+14], Q(71, 0, 0, 0), Trans[(256, 4, 8) -> 47.86813294344155]
[Tue Dec  2 14:38:10 2025] >> [t:783] (r:-0.033), [f:   100/1000], inf[1.2e+14], comp[2.6e+13], Q(70, 1, 0, 0), Trans[(256, 8, 8) -> 45.38401724482199]
[Tue Dec  2 14:38:10 2025] >> [t:784] (r:-0.286), [f:   600/1000], inf[6.2e+13], comp[1.6e+14], Q(70, 0, 0, 0), Trans[(256, 4, 8) -> 47.86813294344155]
[Tue Dec  2 14:38:10 2025] >> [t:785] (r:-0.033), [f:   100/1000], inf[1.2e+14], comp[2.6e+13], Q(69, 1, 0, 0), Trans[(256, 8, 8) -> 45.38401724482199]
[Tue Dec  2 14:38:10 2025] >> [t:786] (r:-0.286), [f:   600/1000], inf[6.2e+13], comp[1.6e+14], Q(67, 2, 0, 0), Trans[(256, 4, 8) -> 47.86813294344155]
[Tue Dec  2 14:38:10 2025] >> [t:787] (r:-0.386), [f:   600/1000], inf[4.4e+13], comp[1.6e+14], Q(66, 0, 0, 0), Trans[(512, 1, 8) -> 33.531993066400936]
[Tue Dec  2 14:38:10 2025] >> [t:788] (r:-0.133), [f:   100/1000], inf[1.2e+14], comp[2.6e+13], Q(65, 1, 0, 0), Trans[(256, 8, 8) -> 45.38401724482199]
[Tue Dec  2 14:38:10 2025] >> [t:789] (r:-0.286), [f:   600/1000], inf[6.2e+13], comp[1.6e+14], Q(64, 1, 0, 0), Trans[(256, 4, 8) -> 47.86813294344155]
[Tue Dec  2 14:38:10 2025] >> [t:790] (r:-0.286), [f:   600/1000], inf[6.2e+13], comp[1.6e+14], Q(64, 0, 0, 0), Trans[(256, 4, 8) -> 47.86813294344155]
[Tue Dec  2 14:38:10 2025] >> [t:791] (r:-0.033), [f:   100/1000], inf[1.2e+14], comp[2.6e+13], Q(62, 2, 0, 0), Trans[(256, 8, 8) -> 45.38401724482199]
[Tue Dec  2 14:38:10 2025] >> [t:792] (r:-0.286), [f:   600/1000], inf[6.2e+13], comp[1.6e+14], Q(62, 1, 0, 0), Trans[(256, 4, 8) -> 47.86813294344155]
[Tue Dec  2 14:38:10 2025] >> [t:793] (r:-0.286), [f:   600/1000], inf[6.2e+13], comp[1.6e+14], Q(60, 1, 0, 0), Trans[(256, 4, 8) -> 47.86813294344155]
[Tue Dec  2 14:38:10 2025] >> [t:794] (r:-0.286), [f:   600/1000], inf[6.2e+13], comp[1.6e+14], Q(59, 0, 0, 0), Trans[(256, 4, 8) -> 47.86813294344155]
[Tue Dec  2 14:38:10 2025] >> [t:795] (r:-0.033), [f:   100/1000], inf[1.2e+14], comp[2.6e+13], Q(58, 1, 0, 0), Trans[(256, 8, 8) -> 45.38401724482199]
[Tue Dec  2 14:38:10 2025] >> [t:796] (r:-0.286), [f:   600/1000], inf[6.2e+13], comp[1.6e+14], Q(56, 2, 0, 0), Trans[(256, 4, 8) -> 47.86813294344155]
[Tue Dec  2 14:38:10 2025] >> [t:797] (r:-0.386), [f:   600/1000], inf[4.4e+13], comp[1.6e+14], Q(56, 0, 0, 0), Trans[(512, 1, 8) -> 33.531993066400936]
[Tue Dec  2 14:38:10 2025] >> [t:798] (r:-0.133), [f:   100/1000], inf[1.2e+14], comp[2.6e+13], Q(55, 1, 0, 0), Trans[(256, 8, 8) -> 45.38401724482199]
[Tue Dec  2 14:38:10 2025] >> [t:799] (r:-0.286), [f:   600/1000], inf[6.2e+13], comp[1.6e+14], Q(54, 1, 0, 0), Trans[(256, 4, 8) -> 47.86813294344155]
[Tue Dec  2 14:38:10 2025] >> [t:800] (r:-0.286), [f:   600/1000], inf[6.2e+13], comp[1.6e+14], Q(54, 0, 0, 0), Trans[(256, 4, 8) -> 47.86813294344155]
[Tue Dec  2 14:38:10 2025] >> [t:801] (r:-0.033), [f:   100/1000], inf[1.2e+14], comp[2.6e+13], Q(53, 1, 0, 0), Trans[(256, 8, 8) -> 45.38401724482199]
[Tue Dec  2 14:38:10 2025] >> [t:802] (r:-0.286), [f:   600/1000], inf[6.2e+13], comp[1.6e+14], Q(52, 1, 0, 0), Trans[(256, 4, 8) -> 47.86813294344155]
[Tue Dec  2 14:38:10 2025] >> [t:803] (r:-0.286), [f:   600/1000], inf[6.2e+13], comp[1.6e+14], Q(52, 0, 0, 0), Trans[(256, 4, 8) -> 47.86813294344155]
[Tue Dec  2 14:38:10 2025] >> [t:804] (r:-0.033), [f:   100/1000], inf[1.2e+14], comp[2.6e+13], Q(51, 1, 0, 0), Trans[(256, 8, 8) -> 45.38401724482199]
[Tue Dec  2 14:38:10 2025] >> [t:805] (r:-0.286), [f:   600/1000], inf[6.2e+13], comp[1.6e+14], Q(50, 1, 0, 0), Trans[(256, 4, 8) -> 47.86813294344155]
[Tue Dec  2 14:38:10 2025] >> [t:806] (r:-0.286), [f:   600/1000], inf[6.2e+13], comp[1.6e+14], Q(50, 0, 0, 0), Trans[(256, 4, 8) -> 47.86813294344155]
[Tue Dec  2 14:38:10 2025] >> [t:807] (r:-0.033), [f:   100/1000], inf[1.2e+14], comp[2.6e+13], Q(48, 2, 0, 0), Trans[(256, 8, 8) -> 45.38401724482199]
[Tue Dec  2 14:38:10 2025] >> [t:808] (r:-0.286), [f:   600/1000], inf[6.2e+13], comp[1.6e+14], Q(47, 2, 0, 0), Trans[(256, 4, 8) -> 47.86813294344155]
[Tue Dec  2 14:38:10 2025] >> [t:809] (r:-0.386), [f:   600/1000], inf[4.4e+13], comp[1.6e+14], Q(45, 2, 0, 0), Trans[(512, 1, 8) -> 33.531993066400936]
[Tue Dec  2 14:38:10 2025] >> [t:810] (r:-0.286), [f:   600/1000], inf[4.4e+13], comp[1.6e+14], Q(45, 0, 0, 0), Trans[(512, 1, 8) -> 33.531993066400936]
[Tue Dec  2 14:38:10 2025] >> [t:811] (r:-0.133), [f:   100/1000], inf[1.2e+14], comp[2.6e+13], Q(44, 1, 0, 0), Trans[(256, 8, 8) -> 45.38401724482199]
[Tue Dec  2 14:38:10 2025] >> [t:812] (r:-0.286), [f:   600/1000], inf[6.2e+13], comp[1.6e+14], Q(43, 1, 0, 0), Trans[(256, 4, 8) -> 47.86813294344155]
[Tue Dec  2 14:38:10 2025] >> [t:813] (r:-0.286), [f:   600/1000], inf[6.2e+13], comp[1.6e+14], Q(43, 0, 0, 0), Trans[(256, 4, 8) -> 47.86813294344155]
[Tue Dec  2 14:38:10 2025] >> [t:814] (r:-0.033), [f:   100/1000], inf[1.2e+14], comp[2.6e+13], Q(41, 2, 0, 0), Trans[(256, 8, 8) -> 45.38401724482199]
[Tue Dec  2 14:38:10 2025] >> [t:815] (r:-0.286), [f:   600/1000], inf[6.2e+13], comp[1.6e+14], Q(41, 1, 0, 0), Trans[(256, 4, 8) -> 47.86813294344155]
[Tue Dec  2 14:38:10 2025] >> [t:816] (r:-0.286), [f:   600/1000], inf[6.2e+13], comp[1.6e+14], Q(41, 0, 0, 0), Trans[(256, 4, 8) -> 47.86813294344155]
[Tue Dec  2 14:38:10 2025] >> [t:817] (r:-0.033), [f:   100/1000], inf[1.2e+14], comp[2.6e+13], Q(41, 0, 0, 0), Trans[(256, 8, 8) -> 45.38401724482199]
[Tue Dec  2 14:38:10 2025] >> [t:818] (r: 0.000), [f:     0/1000], inf[9.2e+13], comp[0.0e+00], Q(41, 0, 0, 0), Trans[(256, 6, 8) -> 47.24609476274058]
[Tue Dec  2 14:38:10 2025] >> [t:819] (r:-0.033), [f:   100/1000], inf[1.2e+14], comp[2.6e+13], Q(39, 2, 0, 0), Trans[(256, 8, 8) -> 45.38401724482199]
[Tue Dec  2 14:38:10 2025] >> [t:820] (r:-0.286), [f:   600/1000], inf[6.2e+13], comp[1.6e+14], Q(39, 1, 0, 0), Trans[(256, 4, 8) -> 47.86813294344155]
[Tue Dec  2 14:38:10 2025] >> [t:821] (r:-0.286), [f:   600/1000], inf[6.2e+13], comp[1.6e+14], Q(38, 0, 0, 0), Trans[(256, 4, 8) -> 47.86813294344155]
[Tue Dec  2 14:38:10 2025] >> [t:822] (r:-0.033), [f:   100/1000], inf[1.2e+14], comp[2.6e+13], Q(38, 0, 0, 0), Trans[(256, 8, 8) -> 45.38401724482199]
[Tue Dec  2 14:38:10 2025] >> [t:823] (r: 0.000), [f:     0/1000], inf[9.2e+13], comp[0.0e+00], Q(38, 0, 0, 0), Trans[(256, 6, 8) -> 47.24609476274058]
[Tue Dec  2 14:38:10 2025] >> [t:824] (r:-0.033), [f:   100/1000], inf[1.2e+14], comp[2.6e+13], Q(38, 0, 0, 0), Trans[(256, 8, 8) -> 45.38401724482199]
[Tue Dec  2 14:38:10 2025] >> [t:825] (r: 0.000), [f:     0/1000], inf[9.2e+13], comp[0.0e+00], Q(38, 0, 0, 0), Trans[(256, 6, 8) -> 47.24609476274058]
[Tue Dec  2 14:38:10 2025] >> [t:826] (r:-0.033), [f:   100/1000], inf[1.2e+14], comp[2.6e+13], Q(37, 1, 0, 0), Trans[(256, 8, 8) -> 45.38401724482199]
[Tue Dec  2 14:38:10 2025] >> [t:827] (r:-0.286), [f:   600/1000], inf[6.2e+13], comp[1.6e+14], Q(37, 0, 0, 0), Trans[(256, 4, 8) -> 47.86813294344155]
[Tue Dec  2 14:38:10 2025] >> [t:828] (r:-0.033), [f:   100/1000], inf[1.2e+14], comp[2.6e+13], Q(36, 1, 0, 0), Trans[(256, 8, 8) -> 45.38401724482199]
[Tue Dec  2 14:38:10 2025] >> [t:829] (r:-0.286), [f:   600/1000], inf[6.2e+13], comp[1.6e+14], Q(36, 0, 0, 0), Trans[(256, 4, 8) -> 47.86813294344155]
[Tue Dec  2 14:38:10 2025] >> [t:830] (r:-0.033), [f:   100/1000], inf[1.2e+14], comp[2.6e+13], Q(35, 1, 0, 0), Trans[(256, 8, 8) -> 45.38401724482199]
[Tue Dec  2 14:38:10 2025] >> [t:831] (r:-0.286), [f:   600/1000], inf[6.2e+13], comp[1.6e+14], Q(35, 0, 0, 0), Trans[(256, 4, 8) -> 47.86813294344155]
[Tue Dec  2 14:38:10 2025] >> [t:832] (r:-0.033), [f:   100/1000], inf[1.2e+14], comp[2.6e+13], Q(35, 0, 0, 0), Trans[(256, 8, 8) -> 45.38401724482199]
[Tue Dec  2 14:38:10 2025] >> [t:833] (r: 0.000), [f:     0/1000], inf[9.2e+13], comp[0.0e+00], Q(34, 1, 0, 0), Trans[(256, 6, 8) -> 47.24609476274058]
[Tue Dec  2 14:38:10 2025] >> [t:834] (r:-0.286), [f:   600/1000], inf[6.2e+13], comp[1.6e+14], Q(34, 0, 0, 0), Trans[(256, 4, 8) -> 47.86813294344155]
[Tue Dec  2 14:38:10 2025] >> [t:835] (r:-0.033), [f:   100/1000], inf[1.2e+14], comp[2.6e+13], Q(32, 2, 0, 0), Trans[(256, 8, 8) -> 45.38401724482199]
[Tue Dec  2 14:38:10 2025] >> [t:836] (r:-0.286), [f:   600/1000], inf[6.2e+13], comp[1.6e+14], Q(32, 1, 0, 0), Trans[(256, 4, 8) -> 47.86813294344155]
[Tue Dec  2 14:38:10 2025] >> [t:837] (r:-0.286), [f:   600/1000], inf[6.2e+13], comp[1.6e+14], Q(32, 0, 0, 0), Trans[(256, 4, 8) -> 47.86813294344155]
[Tue Dec  2 14:38:10 2025] >> [t:838] (r:-0.033), [f:   100/1000], inf[1.2e+14], comp[2.6e+13], Q(30, 2, 0, 0), Trans[(256, 8, 8) -> 45.38401724482199]
[Tue Dec  2 14:38:10 2025] >> [t:839] (r:-0.286), [f:   600/1000], inf[6.2e+13], comp[1.6e+14], Q(30, 1, 0, 0), Trans[(256, 4, 8) -> 47.86813294344155]
[Tue Dec  2 14:38:10 2025] >> [t:840] (r:-0.286), [f:   600/1000], inf[6.2e+13], comp[1.6e+14], Q(30, 0, 0, 0), Trans[(256, 4, 8) -> 47.86813294344155]
[Tue Dec  2 14:38:10 2025] >> [t:841] (r:-0.033), [f:   100/1000], inf[1.2e+14], comp[2.6e+13], Q(29, 1, 0, 0), Trans[(256, 8, 8) -> 45.38401724482199]
[Tue Dec  2 14:38:10 2025] >> [t:842] (r:-0.286), [f:   600/1000], inf[6.2e+13], comp[1.6e+14], Q(28, 1, 0, 0), Trans[(256, 4, 8) -> 47.86813294344155]
[Tue Dec  2 14:38:10 2025] >> [t:843] (r:-0.286), [f:   600/1000], inf[6.2e+13], comp[1.6e+14], Q(28, 0, 0, 0), Trans[(256, 4, 8) -> 47.86813294344155]
[Tue Dec  2 14:38:10 2025] >> [t:844] (r:-0.033), [f:   100/1000], inf[1.2e+14], comp[2.6e+13], Q(28, 0, 0, 0), Trans[(256, 8, 8) -> 45.38401724482199]
[Tue Dec  2 14:38:10 2025] >> [t:845] (r: 0.000), [f:     0/1000], inf[9.2e+13], comp[0.0e+00], Q(27, 1, 0, 0), Trans[(256, 6, 8) -> 47.24609476274058]
[Tue Dec  2 14:38:10 2025] >> [t:846] (r:-0.286), [f:   600/1000], inf[6.2e+13], comp[1.6e+14], Q(27, 0, 0, 0), Trans[(256, 4, 8) -> 47.86813294344155]
[Tue Dec  2 14:38:10 2025] >> [t:847] (r:-0.033), [f:   100/1000], inf[1.2e+14], comp[2.6e+13], Q(27, 0, 0, 0), Trans[(256, 8, 8) -> 45.38401724482199]
[Tue Dec  2 14:38:10 2025] >> [t:848] (r: 0.000), [f:     0/1000], inf[9.2e+13], comp[0.0e+00], Q(27, 0, 0, 0), Trans[(256, 6, 8) -> 47.24609476274058]
[Tue Dec  2 14:38:10 2025] >> [t:849] (r:-0.033), [f:   100/1000], inf[1.2e+14], comp[2.6e+13], Q(27, 0, 0, 0), Trans[(256, 8, 8) -> 45.38401724482199]
[Tue Dec  2 14:38:10 2025] >> [t:850] (r: 0.000), [f:     0/1000], inf[9.2e+13], comp[0.0e+00], Q(26, 1, 0, 0), Trans[(256, 6, 8) -> 47.24609476274058]
[Tue Dec  2 14:38:10 2025] >> [t:851] (r:-0.286), [f:   600/1000], inf[6.2e+13], comp[1.6e+14], Q(26, 0, 0, 0), Trans[(256, 4, 8) -> 47.86813294344155]
[Tue Dec  2 14:38:10 2025] >> [t:852] (r:-0.033), [f:   100/1000], inf[1.2e+14], comp[2.6e+13], Q(26, 0, 0, 0), Trans[(256, 8, 8) -> 45.38401724482199]
[Tue Dec  2 14:38:10 2025] >> [t:853] (r: 0.000), [f:     0/1000], inf[9.2e+13], comp[0.0e+00], Q(26, 0, 0, 0), Trans[(256, 6, 8) -> 47.24609476274058]
[Tue Dec  2 14:38:10 2025] >> [t:854] (r:-0.033), [f:   100/1000], inf[1.2e+14], comp[2.6e+13], Q(24, 2, 0, 0), Trans[(256, 8, 8) -> 45.38401724482199]
[Tue Dec  2 14:38:10 2025] >> [t:855] (r:-0.286), [f:   600/1000], inf[6.2e+13], comp[1.6e+14], Q(24, 1, 0, 0), Trans[(256, 4, 8) -> 47.86813294344155]
[Tue Dec  2 14:38:10 2025] >> [t:856] (r:-0.286), [f:   600/1000], inf[6.2e+13], comp[1.6e+14], Q(23, 0, 0, 0), Trans[(256, 4, 8) -> 47.86813294344155]
[Tue Dec  2 14:38:10 2025] >> [t:857] (r:-0.033), [f:   100/1000], inf[1.2e+14], comp[2.6e+13], Q(23, 0, 0, 0), Trans[(256, 8, 8) -> 45.38401724482199]
[Tue Dec  2 14:38:10 2025] >> [t:858] (r: 0.000), [f:     0/1000], inf[9.2e+13], comp[0.0e+00], Q(23, 0, 0, 0), Trans[(256, 6, 8) -> 47.24609476274058]
[Tue Dec  2 14:38:10 2025] >> [t:859] (r:-0.033), [f:   100/1000], inf[1.2e+14], comp[2.6e+13], Q(22, 1, 0, 0), Trans[(256, 8, 8) -> 45.38401724482199]
[Tue Dec  2 14:38:10 2025] >> [t:860] (r:-0.286), [f:   600/1000], inf[6.2e+13], comp[1.6e+14], Q(21, 1, 0, 0), Trans[(256, 4, 8) -> 47.86813294344155]
[Tue Dec  2 14:38:10 2025] >> [t:861] (r:-0.286), [f:   600/1000], inf[6.2e+13], comp[1.6e+14], Q(21, 0, 0, 0), Trans[(256, 4, 8) -> 47.86813294344155]
[Tue Dec  2 14:38:10 2025] >> [t:862] (r:-0.033), [f:   100/1000], inf[1.2e+14], comp[2.6e+13], Q(21, 0, 0, 0), Trans[(256, 8, 8) -> 45.38401724482199]
[Tue Dec  2 14:38:10 2025] >> [t:863] (r: 0.000), [f:     0/1000], inf[9.2e+13], comp[0.0e+00], Q(20, 1, 0, 0), Trans[(256, 6, 8) -> 47.24609476274058]
[Tue Dec  2 14:38:10 2025] >> [t:864] (r:-0.286), [f:   600/1000], inf[6.2e+13], comp[1.6e+14], Q(20, 0, 0, 0), Trans[(256, 4, 8) -> 47.86813294344155]
[Tue Dec  2 14:38:10 2025] >> [t:865] (r:-0.033), [f:   100/1000], inf[1.2e+14], comp[2.6e+13], Q(18, 2, 0, 0), Trans[(256, 8, 8) -> 45.38401724482199]
[Tue Dec  2 14:38:10 2025] >> [t:866] (r:-0.286), [f:   600/1000], inf[6.2e+13], comp[1.6e+14], Q(17, 2, 0, 0), Trans[(256, 4, 8) -> 47.86813294344155]
[Tue Dec  2 14:38:10 2025] >> [t:867] (r:-0.386), [f:   600/1000], inf[4.4e+13], comp[1.6e+14], Q(17, 0, 0, 0), Trans[(512, 1, 8) -> 33.531993066400936]
[Tue Dec  2 14:38:10 2025] >> [t:868] (r:-0.133), [f:   100/1000], inf[1.2e+14], comp[2.6e+13], Q(17, 0, 0, 0), Trans[(256, 8, 8) -> 45.38401724482199]
[Tue Dec  2 14:38:10 2025] >> [t:869] (r: 0.000), [f:     0/1000], inf[9.2e+13], comp[0.0e+00], Q(17, 0, 0, 0), Trans[(256, 6, 8) -> 47.24609476274058]
[Tue Dec  2 14:38:10 2025] >> [t:870] (r:-0.033), [f:   100/1000], inf[1.2e+14], comp[2.6e+13], Q(17, 0, 0, 0), Trans[(256, 8, 8) -> 45.38401724482199]
[Tue Dec  2 14:38:10 2025] >> [t:871] (r: 0.000), [f:     0/1000], inf[9.2e+13], comp[0.0e+00], Q(15, 2, 0, 0), Trans[(256, 6, 8) -> 47.24609476274058]
[Tue Dec  2 14:38:10 2025] >> [t:872] (r:-0.386), [f:   600/1000], inf[4.4e+13], comp[1.6e+14], Q(13, 3, 0, 0), Trans[(512, 1, 8) -> 33.531993066400936]
[Tue Dec  2 14:38:10 2025] >> [t:873] (r:-0.286), [f:   600/1000], inf[4.4e+13], comp[1.6e+14], Q(13, 0, 0, 0), Trans[(512, 1, 8) -> 33.531993066400936]
[Tue Dec  2 14:38:10 2025] >> [t:874] (r:-0.133), [f:   100/1000], inf[1.2e+14], comp[2.6e+13], Q(13, 0, 0, 0), Trans[(256, 8, 8) -> 45.38401724482199]
[Tue Dec  2 14:38:10 2025] >> [t:875] (r: 0.000), [f:     0/1000], inf[9.2e+13], comp[0.0e+00], Q(12, 1, 0, 0), Trans[(256, 6, 8) -> 47.24609476274058]
[Tue Dec  2 14:38:10 2025] >> [t:876] (r:-0.286), [f:   600/1000], inf[6.2e+13], comp[1.6e+14], Q(11, 0, 0, 0), Trans[(256, 4, 8) -> 47.86813294344155]
[Tue Dec  2 14:38:10 2025] >> [t:877] (r:-0.033), [f:   100/1000], inf[1.2e+14], comp[2.6e+13], Q(11, 0, 0, 0), Trans[(256, 8, 8) -> 45.38401724482199]
[Tue Dec  2 14:38:10 2025] >> [t:878] (r: 0.000), [f:     0/1000], inf[9.2e+13], comp[0.0e+00], Q(11, 0, 0, 0), Trans[(256, 6, 8) -> 47.24609476274058]
[Tue Dec  2 14:38:10 2025] >> [t:879] (r:-0.033), [f:   100/1000], inf[1.2e+14], comp[2.6e+13], Q(11, 0, 0, 0), Trans[(256, 8, 8) -> 45.38401724482199]
[Tue Dec  2 14:38:10 2025] >> [t:880] (r: 0.000), [f:     0/1000], inf[9.2e+13], comp[0.0e+00], Q(11, 0, 0, 0), Trans[(256, 6, 8) -> 47.24609476274058]
[Tue Dec  2 14:38:10 2025] >> [t:881] (r:-0.033), [f:   100/1000], inf[1.2e+14], comp[2.6e+13], Q(10, 1, 0, 0), Trans[(256, 8, 8) -> 45.38401724482199]
[Tue Dec  2 14:38:10 2025] >> [t:882] (r:-0.286), [f:   600/1000], inf[6.2e+13], comp[1.6e+14], Q(10, 0, 0, 0), Trans[(256, 4, 8) -> 47.86813294344155]
[Tue Dec  2 14:38:10 2025] >> [t:883] (r:-0.033), [f:   100/1000], inf[1.2e+14], comp[2.6e+13], Q(7, 3, 0, 0), Trans[(256, 8, 8) -> 45.38401724482199]
[Tue Dec  2 14:38:10 2025] >> [t:884] (r:-0.796), [f:  1000/1000], inf[8.1e+13], comp[2.6e+14], Q(7, 1, 0, 0), Trans[(512, 2, 8) -> 31.796302199813397]
[Tue Dec  2 14:38:10 2025] >> [t:885] (r:-0.286), [f:   600/1000], inf[4.4e+13], comp[1.6e+14], Q(7, 0, 0, 0), Trans[(512, 1, 8) -> 33.531993066400936]
[Tue Dec  2 14:38:10 2025] >> [t:886] (r:-0.133), [f:   100/1000], inf[1.2e+14], comp[2.6e+13], Q(7, 0, 0, 0), Trans[(256, 8, 8) -> 45.38401724482199]
[Tue Dec  2 14:38:10 2025] >> [t:887] (r: 0.000), [f:     0/1000], inf[9.2e+13], comp[0.0e+00], Q(7, 0, 0, 0), Trans[(256, 6, 8) -> 47.24609476274058]
[Tue Dec  2 14:38:10 2025] >> [t:888] (r:-0.033), [f:   100/1000], inf[1.2e+14], comp[2.6e+13], Q(6, 1, 0, 0), Trans[(256, 8, 8) -> 45.38401724482199]
[Tue Dec  2 14:38:10 2025] >> [t:889] (r:-0.286), [f:   600/1000], inf[6.2e+13], comp[1.6e+14], Q(6, 0, 0, 0), Trans[(256, 4, 8) -> 47.86813294344155]
[Tue Dec  2 14:38:10 2025] >> [t:890] (r:-0.033), [f:   100/1000], inf[1.2e+14], comp[2.6e+13], Q(6, 0, 0, 0), Trans[(256, 8, 8) -> 45.38401724482199]
[Tue Dec  2 14:38:10 2025] >> [t:891] (r: 0.000), [f:     0/1000], inf[9.2e+13], comp[0.0e+00], Q(4, 2, 0, 0), Trans[(256, 6, 8) -> 47.24609476274058]
[Tue Dec  2 14:38:10 2025] >> [t:892] (r:-0.386), [f:   600/1000], inf[4.4e+13], comp[1.6e+14], Q(3, 2, 0, 0), Trans[(512, 1, 8) -> 33.531993066400936]
[Tue Dec  2 14:38:10 2025] >> [t:893] (r:-0.286), [f:   600/1000], inf[4.4e+13], comp[1.6e+14], Q(3, 0, 0, 0), Trans[(512, 1, 8) -> 33.531993066400936]
[Tue Dec  2 14:38:10 2025] >> [t:894] (r:-0.133), [f:   100/1000], inf[1.2e+14], comp[2.6e+13], Q(2, 1, 0, 0), Trans[(256, 8, 8) -> 45.38401724482199]
[Tue Dec  2 14:38:10 2025] >> [t:895] (r:-0.286), [f:   600/1000], inf[6.2e+13], comp[1.6e+14], Q(1, 1, 0, 0), Trans[(256, 4, 8) -> 47.86813294344155]
[Tue Dec  2 14:38:10 2025] >> [t:896] (r:-0.286), [f:   600/1000], inf[6.2e+13], comp[1.6e+14], Q(1, 0, 0, 0), Trans[(256, 4, 8) -> 47.86813294344155]
[Tue Dec  2 14:38:10 2025] >> [t:897] (r:-0.033), [f:   100/1000], inf[1.2e+14], comp[2.6e+13], Q(1, 0, 0, 0), Trans[(256, 8, 8) -> 45.38401724482199]
[Tue Dec  2 14:38:10 2025] >> [t:898] (r: 0.000), [f:     0/1000], inf[9.2e+13], comp[0.0e+00], Q(1, 0, 0, 0), Trans[(256, 6, 8) -> 47.24609476274058]
[Tue Dec  2 14:38:10 2025] >> [t:899] (r:-0.033), [f:   100/1000], inf[1.2e+14], comp[2.6e+13], Q(0, 1, 0, 0), Trans[(256, 8, 8) -> 45.38401724482199]
[Tue Dec  2 14:38:10 2025] >> [t:900] (r:-0.286), [f:   600/1000], inf[6.2e+13], comp[1.6e+14], Q(0, 0, 0, 0), Trans[(256, 4, 8) -> 47.86813294344155]
[Tue Dec  2 14:38:10 2025] >> [t:901] (r:-0.033), [f:   100/1000], inf[1.2e+14], comp[2.6e+13], Q(0, 0, 0, 0), Trans[(256, 8, 8) -> 45.38401724482199]
[Tue Dec  2 14:38:10 2025] >> [t:902] (r: 0.000), [f:     0/1000], inf[9.2e+13], comp[0.0e+00], Q(0, 0, 0, 0), Trans[(256, 6, 8) -> 47.24609476274058]
[Tue Dec  2 14:38:10 2025] >> [t:903] (r:-0.033), [f:   100/1000], inf[1.2e+14], comp[2.6e+13], Q(0, 0, 0, 0), Trans[(256, 8, 8) -> 45.38401724482199]
[Tue Dec  2 14:38:10 2025] >> [t:904] (r: 0.000), [f:     0/1000], inf[9.2e+13], comp[0.0e+00], Q(0, 0, 0, 0), Trans[(256, 6, 8) -> 47.24609476274058]
[Tue Dec  2 14:38:10 2025] >> [t:905] (r:-0.033), [f:   100/1000], inf[1.2e+14], comp[2.6e+13], Q(0, 0, 0, 0), Trans[(256, 8, 8) -> 45.38401724482199]
[Tue Dec  2 14:38:10 2025] >> [t:906] (r: 0.000), [f:     0/1000], inf[9.2e+13], comp[0.0e+00], Q(0, 0, 0, 0), Trans[(256, 6, 8) -> 47.24609476274058]
[Tue Dec  2 14:38:10 2025] >> [t:907] (r:-0.033), [f:   100/1000], inf[1.2e+14], comp[2.6e+13], Q(0, 0, 0, 0), Trans[(256, 8, 8) -> 45.38401724482199]
[Tue Dec  2 14:38:10 2025] >> [t:908] (r: 0.000), [f:     0/1000], inf[9.2e+13], comp[0.0e+00], Q(0, 0, 0, 0), Trans[(256, 6, 8) -> 47.24609476274058]
[Tue Dec  2 14:38:10 2025] >> [t:909] (r:-0.033), [f:   100/1000], inf[1.2e+14], comp[2.6e+13], Q(0, 0, 0, 0), Trans[(256, 8, 8) -> 45.38401724482199]
[Tue Dec  2 14:38:10 2025] >> [t:910] (r: 0.000), [f:     0/1000], inf[9.2e+13], comp[0.0e+00], Q(0, 0, 0, 0), Trans[(256, 6, 8) -> 47.24609476274058]
[Tue Dec  2 14:38:10 2025] >> [t:911] (r:-0.033), [f:   100/1000], inf[1.2e+14], comp[2.6e+13], Q(0, 0, 0, 0), Trans[(256, 8, 8) -> 45.38401724482199]
[Tue Dec  2 14:38:10 2025] >> [t:912] (r: 0.000), [f:     0/1000], inf[9.2e+13], comp[0.0e+00], Q(0, 0, 0, 0), Trans[(256, 6, 8) -> 47.24609476274058]
[Tue Dec  2 14:38:10 2025] >> [t:913] (r:-0.033), [f:   100/1000], inf[1.2e+14], comp[2.6e+13], Q(0, 0, 0, 0), Trans[(256, 8, 8) -> 45.38401724482199]
[Tue Dec  2 14:38:10 2025] >> [t:914] (r: 0.000), [f:     0/1000], inf[9.2e+13], comp[0.0e+00], Q(0, 0, 0, 0), Trans[(256, 6, 8) -> 47.24609476274058]
[Tue Dec  2 14:38:10 2025] >> [t:915] (r:-0.033), [f:   100/1000], inf[1.2e+14], comp[2.6e+13], Q(0, 0, 0, 0), Trans[(256, 8, 8) -> 45.38401724482199]
[Tue Dec  2 14:38:10 2025] >> [t:916] (r: 0.000), [f:     0/1000], inf[9.2e+13], comp[0.0e+00], Q(0, 0, 0, 0), Trans[(256, 6, 8) -> 47.24609476274058]
[Tue Dec  2 14:38:10 2025] >> [t:917] (r:-0.033), [f:   100/1000], inf[1.2e+14], comp[2.6e+13], Q(0, 0, 0, 0), Trans[(256, 8, 8) -> 45.38401724482199]
[Tue Dec  2 14:38:10 2025] >> [t:918] (r: 0.000), [f:     0/1000], inf[9.2e+13], comp[0.0e+00], Q(0, 0, 0, 0), Trans[(256, 6, 8) -> 47.24609476274058]
[Tue Dec  2 14:38:10 2025] >> [t:919] (r:-0.033), [f:   100/1000], inf[1.2e+14], comp[2.6e+13], Q(0, 0, 0, 0), Trans[(256, 8, 8) -> 45.38401724482199]
[Tue Dec  2 14:38:10 2025] >> [t:920] (r: 0.000), [f:     0/1000], inf[9.2e+13], comp[0.0e+00], Q(0, 0, 0, 0), Trans[(256, 6, 8) -> 47.24609476274058]
[Tue Dec  2 14:38:10 2025] >> [t:921] (r:-0.033), [f:   100/1000], inf[1.2e+14], comp[2.6e+13], Q(0, 0, 0, 0), Trans[(256, 8, 8) -> 45.38401724482199]
[Tue Dec  2 14:38:10 2025] >> [t:922] (r: 0.000), [f:     0/1000], inf[9.2e+13], comp[0.0e+00], Q(0, 0, 0, 0), Trans[(256, 6, 8) -> 47.24609476274058]
[Tue Dec  2 14:38:10 2025] >> [t:923] (r:-0.033), [f:   100/1000], inf[1.2e+14], comp[2.6e+13], Q(0, 0, 0, 0), Trans[(256, 8, 8) -> 45.38401724482199]
[Tue Dec  2 14:38:10 2025] >> [t:924] (r: 0.000), [f:     0/1000], inf[9.2e+13], comp[0.0e+00], Q(0, 0, 0, 0), Trans[(256, 6, 8) -> 47.24609476274058]
[Tue Dec  2 14:38:10 2025] >> [t:925] (r:-0.033), [f:   100/1000], inf[1.2e+14], comp[2.6e+13], Q(0, 0, 0, 0), Trans[(256, 8, 8) -> 45.38401724482199]
[Tue Dec  2 14:38:10 2025] >> [t:926] (r: 0.000), [f:     0/1000], inf[9.2e+13], comp[0.0e+00], Q(0, 0, 0, 0), Trans[(256, 6, 8) -> 47.24609476274058]
[Tue Dec  2 14:38:10 2025] >> [t:927] (r:-0.033), [f:   100/1000], inf[1.2e+14], comp[2.6e+13], Q(0, 0, 0, 0), Trans[(256, 8, 8) -> 45.38401724482199]
[Tue Dec  2 14:38:10 2025] >> [t:928] (r: 0.000), [f:     0/1000], inf[9.2e+13], comp[0.0e+00], Q(0, 0, 0, 0), Trans[(256, 6, 8) -> 47.24609476274058]
[Tue Dec  2 14:38:10 2025] >> [t:929] (r:-0.033), [f:   100/1000], inf[1.2e+14], comp[2.6e+13], Q(0, 0, 0, 0), Trans[(256, 8, 8) -> 45.38401724482199]
[Tue Dec  2 14:38:10 2025] >> [t:930] (r: 0.000), [f:     0/1000], inf[9.2e+13], comp[0.0e+00], Q(0, 0, 0, 0), Trans[(256, 6, 8) -> 47.24609476274058]
[Tue Dec  2 14:38:10 2025] >> [t:931] (r:-0.033), [f:   100/1000], inf[1.2e+14], comp[2.6e+13], Q(0, 0, 0, 0), Trans[(256, 8, 8) -> 45.38401724482199]
[Tue Dec  2 14:38:10 2025] >> [t:932] (r: 0.000), [f:     0/1000], inf[9.2e+13], comp[0.0e+00], Q(0, 0, 0, 0), Trans[(256, 6, 8) -> 47.24609476274058]
[Tue Dec  2 14:38:10 2025] >> [t:933] (r:-0.033), [f:   100/1000], inf[1.2e+14], comp[2.6e+13], Q(0, 0, 0, 0), Trans[(256, 8, 8) -> 45.38401724482199]
[Tue Dec  2 14:38:10 2025] >> [t:934] (r: 0.000), [f:     0/1000], inf[9.2e+13], comp[0.0e+00], Q(0, 0, 0, 0), Trans[(256, 6, 8) -> 47.24609476274058]
[Tue Dec  2 14:38:10 2025] >> [t:935] (r:-0.033), [f:   100/1000], inf[1.2e+14], comp[2.6e+13], Q(0, 0, 0, 0), Trans[(256, 8, 8) -> 45.38401724482199]
[Tue Dec  2 14:38:10 2025] >> [t:936] (r: 0.000), [f:     0/1000], inf[9.2e+13], comp[0.0e+00], Q(0, 0, 0, 0), Trans[(256, 6, 8) -> 47.24609476274058]
[Tue Dec  2 14:38:10 2025] >> [t:937] (r:-0.033), [f:   100/1000], inf[1.2e+14], comp[2.6e+13], Q(0, 0, 0, 0), Trans[(256, 8, 8) -> 45.38401724482199]
[Tue Dec  2 14:38:10 2025] >> [t:938] (r: 0.000), [f:     0/1000], inf[9.2e+13], comp[0.0e+00], Q(0, 0, 0, 0), Trans[(256, 6, 8) -> 47.24609476274058]
[Tue Dec  2 14:38:10 2025] >> [t:939] (r:-0.033), [f:   100/1000], inf[1.2e+14], comp[2.6e+13], Q(0, 0, 0, 0), Trans[(256, 8, 8) -> 45.38401724482199]
[Tue Dec  2 14:38:10 2025] >> [t:940] (r: 0.000), [f:     0/1000], inf[9.2e+13], comp[0.0e+00], Q(0, 0, 0, 0), Trans[(256, 6, 8) -> 47.24609476274058]
[Tue Dec  2 14:38:10 2025] >> [t:941] (r:-0.033), [f:   100/1000], inf[1.2e+14], comp[2.6e+13], Q(0, 0, 0, 0), Trans[(256, 8, 8) -> 45.38401724482199]
[Tue Dec  2 14:38:10 2025] >> [t:942] (r: 0.000), [f:     0/1000], inf[9.2e+13], comp[0.0e+00], Q(0, 0, 0, 0), Trans[(256, 6, 8) -> 47.24609476274058]
[Tue Dec  2 14:38:10 2025] >> [t:943] (r:-0.033), [f:   100/1000], inf[1.2e+14], comp[2.6e+13], Q(0, 0, 0, 0), Trans[(256, 8, 8) -> 45.38401724482199]
[Tue Dec  2 14:38:10 2025] >> [t:944] (r: 0.000), [f:     0/1000], inf[9.2e+13], comp[0.0e+00], Q(0, 0, 0, 0), Trans[(256, 6, 8) -> 47.24609476274058]
[Tue Dec  2 14:38:10 2025] >> [t:945] (r:-0.033), [f:   100/1000], inf[1.2e+14], comp[2.6e+13], Q(0, 0, 0, 0), Trans[(256, 8, 8) -> 45.38401724482199]
[Tue Dec  2 14:38:10 2025] >> [t:946] (r: 0.000), [f:     0/1000], inf[9.2e+13], comp[0.0e+00], Q(0, 0, 0, 0), Trans[(256, 6, 8) -> 47.24609476274058]
[Tue Dec  2 14:38:10 2025] >> [t:947] (r:-0.033), [f:   100/1000], inf[1.2e+14], comp[2.6e+13], Q(0, 0, 0, 0), Trans[(256, 8, 8) -> 45.38401724482199]
[Tue Dec  2 14:38:10 2025] >> [t:948] (r: 0.000), [f:     0/1000], inf[9.2e+13], comp[0.0e+00], Q(0, 0, 0, 0), Trans[(256, 6, 8) -> 47.24609476274058]
[Tue Dec  2 14:38:10 2025] >> [t:949] (r:-0.033), [f:   100/1000], inf[1.2e+14], comp[2.6e+13], Q(0, 0, 0, 0), Trans[(256, 8, 8) -> 45.38401724482199]
[Tue Dec  2 14:38:10 2025] >> [t:950] (r: 0.000), [f:     0/1000], inf[9.2e+13], comp[0.0e+00], Q(0, 0, 0, 0), Trans[(256, 6, 8) -> 47.24609476274058]
[Tue Dec  2 14:38:10 2025] >> [t:951] (r:-0.033), [f:   100/1000], inf[1.2e+14], comp[2.6e+13], Q(0, 0, 0, 0), Trans[(256, 8, 8) -> 45.38401724482199]
[Tue Dec  2 14:38:10 2025] >> [t:952] (r: 0.000), [f:     0/1000], inf[9.2e+13], comp[0.0e+00], Q(0, 0, 0, 0), Trans[(256, 6, 8) -> 47.24609476274058]
[Tue Dec  2 14:38:10 2025] >> [t:953] (r:-0.033), [f:   100/1000], inf[1.2e+14], comp[2.6e+13], Q(0, 0, 0, 0), Trans[(256, 8, 8) -> 45.38401724482199]
[Tue Dec  2 14:38:10 2025] >> [t:954] (r: 0.000), [f:     0/1000], inf[9.2e+13], comp[0.0e+00], Q(0, 0, 0, 0), Trans[(256, 6, 8) -> 47.24609476274058]
[Tue Dec  2 14:38:10 2025] >> [t:955] (r:-0.033), [f:   100/1000], inf[1.2e+14], comp[2.6e+13], Q(0, 0, 0, 0), Trans[(256, 8, 8) -> 45.38401724482199]
[Tue Dec  2 14:38:10 2025] >> [t:956] (r: 0.000), [f:     0/1000], inf[9.2e+13], comp[0.0e+00], Q(0, 0, 0, 0), Trans[(256, 6, 8) -> 47.24609476274058]
[Tue Dec  2 14:38:10 2025] >> [t:957] (r:-0.033), [f:   100/1000], inf[1.2e+14], comp[2.6e+13], Q(0, 0, 0, 0), Trans[(256, 8, 8) -> 45.38401724482199]
[Tue Dec  2 14:38:10 2025] >> [t:958] (r: 0.000), [f:     0/1000], inf[9.2e+13], comp[0.0e+00], Q(0, 0, 0, 0), Trans[(256, 6, 8) -> 47.24609476274058]
[Tue Dec  2 14:38:10 2025] >> [t:959] (r:-0.033), [f:   100/1000], inf[1.2e+14], comp[2.6e+13], Q(0, 0, 0, 0), Trans[(256, 8, 8) -> 45.38401724482199]
[Tue Dec  2 14:38:10 2025] >> [t:960] (r: 0.000), [f:     0/1000], inf[9.2e+13], comp[0.0e+00], Q(0, 0, 0, 0), Trans[(256, 6, 8) -> 47.24609476274058]
[Tue Dec  2 14:38:10 2025] >> [t:961] (r:-0.033), [f:   100/1000], inf[1.2e+14], comp[2.6e+13], Q(0, 0, 0, 0), Trans[(256, 8, 8) -> 45.38401724482199]
[Tue Dec  2 14:38:10 2025] >> [t:962] (r: 0.000), [f:     0/1000], inf[9.2e+13], comp[0.0e+00], Q(0, 0, 0, 0), Trans[(256, 6, 8) -> 47.24609476274058]
[Tue Dec  2 14:38:10 2025] >> [t:963] (r:-0.033), [f:   100/1000], inf[1.2e+14], comp[2.6e+13], Q(0, 0, 0, 0), Trans[(256, 8, 8) -> 45.38401724482199]
[Tue Dec  2 14:38:10 2025] >> [t:964] (r: 0.000), [f:     0/1000], inf[9.2e+13], comp[0.0e+00], Q(0, 0, 0, 0), Trans[(256, 6, 8) -> 47.24609476274058]
[Tue Dec  2 14:38:10 2025] >> [t:965] (r:-0.033), [f:   100/1000], inf[1.2e+14], comp[2.6e+13], Q(0, 0, 0, 0), Trans[(256, 8, 8) -> 45.38401724482199]
[Tue Dec  2 14:38:10 2025] >> [t:966] (r: 0.000), [f:     0/1000], inf[9.2e+13], comp[0.0e+00], Q(0, 0, 0, 0), Trans[(256, 6, 8) -> 47.24609476274058]
[Tue Dec  2 14:38:10 2025] >> [t:967] (r:-0.033), [f:   100/1000], inf[1.2e+14], comp[2.6e+13], Q(0, 0, 0, 0), Trans[(256, 8, 8) -> 45.38401724482199]
[Tue Dec  2 14:38:10 2025] >> [t:968] (r: 0.000), [f:     0/1000], inf[9.2e+13], comp[0.0e+00], Q(0, 0, 0, 0), Trans[(256, 6, 8) -> 47.24609476274058]
[Tue Dec  2 14:38:10 2025] >> [t:969] (r:-0.033), [f:   100/1000], inf[1.2e+14], comp[2.6e+13], Q(0, 0, 0, 0), Trans[(256, 8, 8) -> 45.38401724482199]
[Tue Dec  2 14:38:10 2025] >> [t:970] (r: 0.000), [f:     0/1000], inf[9.2e+13], comp[0.0e+00], Q(0, 0, 0, 0), Trans[(256, 6, 8) -> 47.24609476274058]
[Tue Dec  2 14:38:10 2025] >> [t:971] (r:-0.033), [f:   100/1000], inf[1.2e+14], comp[2.6e+13], Q(0, 0, 0, 0), Trans[(256, 8, 8) -> 45.38401724482199]
[Tue Dec  2 14:38:10 2025] >> [t:972] (r: 0.000), [f:     0/1000], inf[9.2e+13], comp[0.0e+00], Q(0, 0, 0, 0), Trans[(256, 6, 8) -> 47.24609476274058]
[Tue Dec  2 14:38:10 2025] >> [t:973] (r:-0.033), [f:   100/1000], inf[1.2e+14], comp[2.6e+13], Q(0, 0, 0, 0), Trans[(256, 8, 8) -> 45.38401724482199]
[Tue Dec  2 14:38:10 2025] >> [t:974] (r: 0.000), [f:     0/1000], inf[9.2e+13], comp[0.0e+00], Q(0, 0, 0, 0), Trans[(256, 6, 8) -> 47.24609476274058]
[Tue Dec  2 14:38:10 2025] >> [t:975] (r:-0.033), [f:   100/1000], inf[1.2e+14], comp[2.6e+13], Q(0, 0, 0, 0), Trans[(256, 8, 8) -> 45.38401724482199]
[Tue Dec  2 14:38:10 2025] >> [t:976] (r: 0.000), [f:     0/1000], inf[9.2e+13], comp[0.0e+00], Q(0, 0, 0, 0), Trans[(256, 6, 8) -> 47.24609476274058]
[Tue Dec  2 14:38:10 2025] >> [t:977] (r:-0.033), [f:   100/1000], inf[1.2e+14], comp[2.6e+13], Q(0, 0, 0, 0), Trans[(256, 8, 8) -> 45.38401724482199]
[Tue Dec  2 14:38:10 2025] >> [t:978] (r: 0.000), [f:     0/1000], inf[9.2e+13], comp[0.0e+00], Q(0, 0, 0, 0), Trans[(256, 6, 8) -> 47.24609476274058]
[Tue Dec  2 14:38:10 2025] >> [t:979] (r:-0.033), [f:   100/1000], inf[1.2e+14], comp[2.6e+13], Q(0, 0, 0, 0), Trans[(256, 8, 8) -> 45.38401724482199]
[Tue Dec  2 14:38:10 2025] >> [t:980] (r: 0.000), [f:     0/1000], inf[9.2e+13], comp[0.0e+00], Q(0, 0, 0, 0), Trans[(256, 6, 8) -> 47.24609476274058]
[Tue Dec  2 14:38:10 2025] >> [t:981] (r:-0.033), [f:   100/1000], inf[1.2e+14], comp[2.6e+13], Q(0, 0, 0, 0), Trans[(256, 8, 8) -> 45.38401724482199]
[Tue Dec  2 14:38:10 2025] >> [t:982] (r: 0.000), [f:     0/1000], inf[9.2e+13], comp[0.0e+00], Q(0, 0, 0, 0), Trans[(256, 6, 8) -> 47.24609476274058]
[Tue Dec  2 14:38:10 2025] >> [t:983] (r:-0.033), [f:   100/1000], inf[1.2e+14], comp[2.6e+13], Q(0, 0, 0, 0), Trans[(256, 8, 8) -> 45.38401724482199]
[Tue Dec  2 14:38:10 2025] >> [t:984] (r: 0.000), [f:     0/1000], inf[9.2e+13], comp[0.0e+00], Q(0, 0, 0, 0), Trans[(256, 6, 8) -> 47.24609476274058]
[Tue Dec  2 14:38:10 2025] >> [t:985] (r:-0.033), [f:   100/1000], inf[1.2e+14], comp[2.6e+13], Q(0, 0, 0, 0), Trans[(256, 8, 8) -> 45.38401724482199]
[Tue Dec  2 14:38:10 2025] >> [t:986] (r: 0.000), [f:     0/1000], inf[9.2e+13], comp[0.0e+00], Q(0, 0, 0, 0), Trans[(256, 6, 8) -> 47.24609476274058]
[Tue Dec  2 14:38:10 2025] >> [t:987] (r:-0.033), [f:   100/1000], inf[1.2e+14], comp[2.6e+13], Q(0, 0, 0, 0), Trans[(256, 8, 8) -> 45.38401724482199]
[Tue Dec  2 14:38:10 2025] >> [t:988] (r: 0.000), [f:     0/1000], inf[9.2e+13], comp[0.0e+00], Q(0, 0, 0, 0), Trans[(256, 6, 8) -> 47.24609476274058]
[Tue Dec  2 14:38:10 2025] >> [t:989] (r:-0.033), [f:   100/1000], inf[1.2e+14], comp[2.6e+13], Q(0, 0, 0, 0), Trans[(256, 8, 8) -> 45.38401724482199]
[Tue Dec  2 14:38:10 2025] >> [t:990] (r: 0.000), [f:     0/1000], inf[9.2e+13], comp[0.0e+00], Q(0, 0, 0, 0), Trans[(256, 6, 8) -> 47.24609476274058]
[Tue Dec  2 14:38:10 2025] >> [t:991] (r:-0.033), [f:   100/1000], inf[1.2e+14], comp[2.6e+13], Q(0, 0, 0, 0), Trans[(256, 8, 8) -> 45.38401724482199]
[Tue Dec  2 14:38:10 2025] >> [t:992] (r: 0.000), [f:     0/1000], inf[9.2e+13], comp[0.0e+00], Q(0, 0, 0, 0), Trans[(256, 6, 8) -> 47.24609476274058]
[Tue Dec  2 14:38:10 2025] >> [t:993] (r:-0.033), [f:   100/1000], inf[1.2e+14], comp[2.6e+13], Q(0, 0, 0, 0), Trans[(256, 8, 8) -> 45.38401724482199]
[Tue Dec  2 14:38:10 2025] >> [t:994] (r: 0.000), [f:     0/1000], inf[9.2e+13], comp[0.0e+00], Q(0, 0, 0, 0), Trans[(256, 6, 8) -> 47.24609476274058]
[Tue Dec  2 14:38:10 2025] >> [t:995] (r:-0.033), [f:   100/1000], inf[1.2e+14], comp[2.6e+13], Q(0, 0, 0, 0), Trans[(256, 8, 8) -> 45.38401724482199]
[Tue Dec  2 14:38:10 2025] >> [t:996] (r: 0.000), [f:     0/1000], inf[9.2e+13], comp[0.0e+00], Q(0, 0, 0, 0), Trans[(256, 6, 8) -> 47.24609476274058]
[Tue Dec  2 14:38:10 2025] >> [t:997] (r:-0.033), [f:   100/1000], inf[1.2e+14], comp[2.6e+13], Q(0, 0, 0, 0), Trans[(256, 8, 8) -> 45.38401724482199]
[Tue Dec  2 14:38:10 2025] >> [t:998] (r: 0.000), [f:     0/1000], inf[9.2e+13], comp[0.0e+00], Q(0, 0, 0, 0), Trans[(256, 6, 8) -> 47.24609476274058]
[Tue Dec  2 14:38:10 2025] >> [t:999] (r:-0.033), [f:   100/1000], inf[1.2e+14], comp[2.6e+13], Q(0, 0, 0, 0), Trans[(256, 8, 8) -> 45.38401724482199]
[Tue Dec  2 15:06:49 2025] >> [t:  0] (r:-0.200), [f:   300/1000], inf[3.3e+13], comp[7.9e+13], Q(222, 0, 0, 0), Trans[(256, 2, 8) -> 49.877500036556256]
[Tue Dec  2 15:06:49 2025] >> [t:  1] (r: 0.000), [f:     0/1000], inf[3.3e+13], comp[0.0e+00], Q(221, 1, 0, 0), Trans[(256, 2, 8) -> 49.877500036556256]
[Tue Dec  2 15:06:49 2025] >> [t:  2] (r:-0.100), [f:   300/1000], inf[3.3e+13], comp[7.9e+13], Q(221, 0, 0, 0), Trans[(256, 2, 8) -> 49.877500036556256]
[Tue Dec  2 15:06:49 2025] >> [t:  3] (r: 0.000), [f:     0/1000], inf[3.3e+13], comp[0.0e+00], Q(221, 0, 0, 0), Trans[(256, 2, 8) -> 49.877500036556256]
[Tue Dec  2 15:06:49 2025] >> [t:  4] (r: 0.000), [f:     0/1000], inf[8.1e+13], comp[0.0e+00], Q(221, 0, 0, 0), Trans[(512, 2, 8) -> 31.796302199813397]
[Tue Dec  2 15:06:49 2025] >> [t:  5] (r: 0.000), [f:     0/1000], inf[8.1e+13], comp[0.0e+00], Q(221, 0, 0, 0), Trans[(512, 2, 8) -> 31.796302199813397]
[Tue Dec  2 15:06:49 2025] >> [t:  6] (r: 0.000), [f:     0/1000], inf[8.1e+13], comp[0.0e+00], Q(221, 0, 0, 0), Trans[(512, 2, 8) -> 31.796302199813397]
[Tue Dec  2 15:06:49 2025] >> [t:  7] (r: 0.000), [f:     0/1000], inf[8.1e+13], comp[0.0e+00], Q(219, 2, 0, 0), Trans[(512, 2, 8) -> 31.796302199813397]
[Tue Dec  2 15:06:49 2025] >> [t:  8] (r:-0.100), [f:   300/1000], inf[3.3e+13], comp[7.9e+13], Q(219, 2, 0, 0), Trans[(256, 2, 8) -> 49.877500036556256]
[Tue Dec  2 15:06:49 2025] >> [t:  9] (r:-0.100), [f:   300/1000], inf[3.3e+13], comp[7.9e+13], Q(218, 2, 0, 0), Trans[(256, 2, 8) -> 49.877500036556256]
[Tue Dec  2 15:06:49 2025] >> [t: 10] (r:-0.100), [f:   300/1000], inf[3.3e+13], comp[7.9e+13], Q(218, 0, 0, 0), Trans[(256, 2, 8) -> 49.877500036556256]
[Tue Dec  2 15:06:49 2025] >> [t: 11] (r: 0.000), [f:     0/1000], inf[3.3e+13], comp[0.0e+00], Q(217, 1, 0, 0), Trans[(256, 2, 8) -> 49.877500036556256]
[Tue Dec  2 15:06:49 2025] >> [t: 12] (r:-0.100), [f:   300/1000], inf[3.3e+13], comp[7.9e+13], Q(217, 0, 0, 0), Trans[(256, 2, 8) -> 49.877500036556256]
[Tue Dec  2 15:06:49 2025] >> [t: 13] (r: 0.000), [f:     0/1000], inf[3.3e+13], comp[0.0e+00], Q(217, 0, 0, 0), Trans[(256, 2, 8) -> 49.877500036556256]
[Tue Dec  2 15:06:49 2025] >> [t: 14] (r: 0.000), [f:     0/1000], inf[8.1e+13], comp[0.0e+00], Q(217, 0, 0, 0), Trans[(512, 2, 8) -> 31.796302199813397]
[Tue Dec  2 15:06:49 2025] >> [t: 15] (r: 0.000), [f:     0/1000], inf[8.1e+13], comp[0.0e+00], Q(217, 0, 0, 0), Trans[(512, 2, 8) -> 31.796302199813397]
[Tue Dec  2 15:06:49 2025] >> [t: 16] (r: 0.000), [f:     0/1000], inf[8.1e+13], comp[0.0e+00], Q(216, 1, 0, 0), Trans[(512, 2, 8) -> 31.796302199813397]
[Tue Dec  2 15:06:49 2025] >> [t: 17] (r:-0.100), [f:   300/1000], inf[3.3e+13], comp[7.9e+13], Q(215, 2, 0, 0), Trans[(256, 2, 8) -> 49.877500036556256]
[Tue Dec  2 15:06:49 2025] >> [t: 18] (r:-0.100), [f:   300/1000], inf[3.3e+13], comp[7.9e+13], Q(215, 0, 0, 0), Trans[(256, 2, 8) -> 49.877500036556256]
[Tue Dec  2 15:06:49 2025] >> [t: 19] (r: 0.000), [f:     0/1000], inf[3.3e+13], comp[0.0e+00], Q(215, 0, 0, 0), Trans[(256, 2, 8) -> 49.877500036556256]
[Tue Dec  2 15:06:49 2025] >> [t: 20] (r: 0.000), [f:     0/1000], inf[8.1e+13], comp[0.0e+00], Q(215, 0, 0, 0), Trans[(512, 2, 8) -> 31.796302199813397]
[Tue Dec  2 15:06:49 2025] >> [t: 21] (r: 0.000), [f:     0/1000], inf[8.1e+13], comp[0.0e+00], Q(215, 0, 0, 0), Trans[(512, 2, 8) -> 31.796302199813397]
[Tue Dec  2 15:06:49 2025] >> [t: 22] (r: 0.000), [f:     0/1000], inf[8.1e+13], comp[0.0e+00], Q(214, 1, 0, 0), Trans[(512, 2, 8) -> 31.796302199813397]
[Tue Dec  2 15:06:49 2025] >> [t: 23] (r:-0.100), [f:   300/1000], inf[3.3e+13], comp[7.9e+13], Q(213, 2, 0, 0), Trans[(256, 2, 8) -> 49.877500036556256]
[Tue Dec  2 15:06:49 2025] >> [t: 24] (r:-0.100), [f:   300/1000], inf[3.3e+13], comp[7.9e+13], Q(213, 0, 0, 0), Trans[(256, 2, 8) -> 49.877500036556256]
[Tue Dec  2 15:06:49 2025] >> [t: 25] (r: 0.000), [f:     0/1000], inf[3.3e+13], comp[0.0e+00], Q(212, 1, 0, 0), Trans[(256, 2, 8) -> 49.877500036556256]
[Tue Dec  2 15:06:49 2025] >> [t: 26] (r:-0.100), [f:   300/1000], inf[3.3e+13], comp[7.9e+13], Q(212, 0, 0, 0), Trans[(256, 2, 8) -> 49.877500036556256]
[Tue Dec  2 15:06:49 2025] >> [t: 27] (r: 0.000), [f:     0/1000], inf[3.3e+13], comp[0.0e+00], Q(210, 2, 0, 0), Trans[(256, 2, 8) -> 49.877500036556256]
[Tue Dec  2 15:06:49 2025] >> [t: 28] (r:-0.100), [f:   300/1000], inf[3.3e+13], comp[7.9e+13], Q(210, 0, 0, 0), Trans[(256, 2, 8) -> 49.877500036556256]
[Tue Dec  2 15:06:49 2025] >> [t: 29] (r: 0.000), [f:     0/1000], inf[3.3e+13], comp[0.0e+00], Q(210, 0, 0, 0), Trans[(256, 2, 8) -> 49.877500036556256]
[Tue Dec  2 15:06:49 2025] >> [t: 30] (r: 0.000), [f:     0/1000], inf[8.1e+13], comp[0.0e+00], Q(208, 2, 0, 0), Trans[(512, 2, 8) -> 31.796302199813397]
[Tue Dec  2 15:06:49 2025] >> [t: 31] (r:-0.100), [f:   300/1000], inf[3.3e+13], comp[7.9e+13], Q(207, 3, 0, 0), Trans[(256, 2, 8) -> 49.877500036556256]
[Tue Dec  2 15:06:49 2025] >> [t: 32] (r:-0.100), [f:   300/1000], inf[3.3e+13], comp[7.9e+13], Q(207, 2, 0, 0), Trans[(256, 2, 8) -> 49.877500036556256]
[Tue Dec  2 15:06:49 2025] >> [t: 33] (r:-0.100), [f:   300/1000], inf[3.3e+13], comp[7.9e+13], Q(206, 0, 0, 0), Trans[(256, 2, 8) -> 49.877500036556256]
[Tue Dec  2 15:06:49 2025] >> [t: 34] (r: 0.000), [f:     0/1000], inf[3.3e+13], comp[0.0e+00], Q(205, 1, 0, 0), Trans[(256, 2, 8) -> 49.877500036556256]
[Tue Dec  2 15:06:49 2025] >> [t: 35] (r:-0.100), [f:   300/1000], inf[3.3e+13], comp[7.9e+13], Q(205, 0, 0, 0), Trans[(256, 2, 8) -> 49.877500036556256]
[Tue Dec  2 15:06:49 2025] >> [t: 36] (r: 0.000), [f:     0/1000], inf[3.3e+13], comp[0.0e+00], Q(205, 0, 0, 0), Trans[(256, 2, 8) -> 49.877500036556256]
[Tue Dec  2 15:06:49 2025] >> [t: 37] (r: 0.000), [f:     0/1000], inf[8.1e+13], comp[0.0e+00], Q(205, 0, 0, 0), Trans[(512, 2, 8) -> 31.796302199813397]
[Tue Dec  2 15:06:49 2025] >> [t: 38] (r: 0.000), [f:     0/1000], inf[8.1e+13], comp[0.0e+00], Q(204, 1, 0, 0), Trans[(512, 2, 8) -> 31.796302199813397]
[Tue Dec  2 15:06:49 2025] >> [t: 39] (r:-0.100), [f:   300/1000], inf[3.3e+13], comp[7.9e+13], Q(204, 1, 0, 0), Trans[(256, 2, 8) -> 49.877500036556256]
[Tue Dec  2 15:06:49 2025] >> [t: 40] (r:-0.100), [f:   300/1000], inf[3.3e+13], comp[7.9e+13], Q(204, 0, 0, 0), Trans[(256, 2, 8) -> 49.877500036556256]
[Tue Dec  2 15:06:49 2025] >> [t: 41] (r: 0.000), [f:     0/1000], inf[3.3e+13], comp[0.0e+00], Q(204, 0, 0, 0), Trans[(256, 2, 8) -> 49.877500036556256]
[Tue Dec  2 15:06:49 2025] >> [t: 42] (r: 0.000), [f:     0/1000], inf[8.1e+13], comp[0.0e+00], Q(203, 1, 0, 0), Trans[(512, 2, 8) -> 31.796302199813397]
[Tue Dec  2 15:06:49 2025] >> [t: 43] (r:-0.100), [f:   300/1000], inf[3.3e+13], comp[7.9e+13], Q(203, 1, 0, 0), Trans[(256, 2, 8) -> 49.877500036556256]
[Tue Dec  2 15:06:49 2025] >> [t: 44] (r:-0.100), [f:   300/1000], inf[3.3e+13], comp[7.9e+13], Q(203, 0, 0, 0), Trans[(256, 2, 8) -> 49.877500036556256]
[Tue Dec  2 15:06:49 2025] >> [t: 45] (r: 0.000), [f:     0/1000], inf[3.3e+13], comp[0.0e+00], Q(203, 0, 0, 0), Trans[(256, 2, 8) -> 49.877500036556256]
[Tue Dec  2 15:06:49 2025] >> [t: 46] (r: 0.000), [f:     0/1000], inf[8.1e+13], comp[0.0e+00], Q(202, 1, 0, 0), Trans[(512, 2, 8) -> 31.796302199813397]
[Tue Dec  2 15:06:49 2025] >> [t: 47] (r:-0.100), [f:   300/1000], inf[3.3e+13], comp[7.9e+13], Q(202, 1, 0, 0), Trans[(256, 2, 8) -> 49.877500036556256]
[Tue Dec  2 15:06:49 2025] >> [t: 48] (r:-0.100), [f:   300/1000], inf[3.3e+13], comp[7.9e+13], Q(202, 0, 0, 0), Trans[(256, 2, 8) -> 49.877500036556256]
[Tue Dec  2 15:06:49 2025] >> [t: 49] (r: 0.000), [f:     0/1000], inf[3.3e+13], comp[0.0e+00], Q(201, 1, 0, 0), Trans[(256, 2, 8) -> 49.877500036556256]
[Tue Dec  2 15:06:49 2025] >> [t: 50] (r:-0.100), [f:   300/1000], inf[3.3e+13], comp[7.9e+13], Q(201, 0, 0, 0), Trans[(256, 2, 8) -> 49.877500036556256]
[Tue Dec  2 15:06:49 2025] >> [t: 51] (r: 0.000), [f:     0/1000], inf[3.3e+13], comp[0.0e+00], Q(199, 2, 0, 0), Trans[(256, 2, 8) -> 49.877500036556256]
[Tue Dec  2 15:06:49 2025] >> [t: 52] (r:-0.100), [f:   300/1000], inf[3.3e+13], comp[7.9e+13], Q(198, 1, 0, 0), Trans[(256, 2, 8) -> 49.877500036556256]
[Tue Dec  2 15:06:49 2025] >> [t: 53] (r:-0.100), [f:   300/1000], inf[3.3e+13], comp[7.9e+13], Q(197, 0, 0, 0), Trans[(256, 2, 8) -> 49.877500036556256]
[Tue Dec  2 15:06:49 2025] >> [t: 54] (r: 0.000), [f:     0/1000], inf[3.3e+13], comp[0.0e+00], Q(197, 0, 0, 0), Trans[(256, 2, 8) -> 49.877500036556256]
[Tue Dec  2 15:06:49 2025] >> [t: 55] (r: 0.000), [f:     0/1000], inf[8.1e+13], comp[0.0e+00], Q(197, 0, 0, 0), Trans[(512, 2, 8) -> 31.796302199813397]
[Tue Dec  2 15:06:49 2025] >> [t: 56] (r: 0.000), [f:     0/1000], inf[8.1e+13], comp[0.0e+00], Q(196, 1, 0, 0), Trans[(512, 2, 8) -> 31.796302199813397]
[Tue Dec  2 15:06:49 2025] >> [t: 57] (r:-0.100), [f:   300/1000], inf[3.3e+13], comp[7.9e+13], Q(196, 1, 0, 0), Trans[(256, 2, 8) -> 49.877500036556256]
[Tue Dec  2 15:06:49 2025] >> [t: 58] (r:-0.100), [f:   300/1000], inf[3.3e+13], comp[7.9e+13], Q(196, 0, 0, 0), Trans[(256, 2, 8) -> 49.877500036556256]
[Tue Dec  2 15:06:49 2025] >> [t: 59] (r: 0.000), [f:     0/1000], inf[3.3e+13], comp[0.0e+00], Q(195, 1, 0, 0), Trans[(256, 2, 8) -> 49.877500036556256]
[Tue Dec  2 15:06:49 2025] >> [t: 60] (r:-0.100), [f:   300/1000], inf[3.3e+13], comp[7.9e+13], Q(195, 0, 0, 0), Trans[(256, 2, 8) -> 49.877500036556256]
[Tue Dec  2 15:06:49 2025] >> [t: 61] (r: 0.000), [f:     0/1000], inf[3.3e+13], comp[0.0e+00], Q(195, 0, 0, 0), Trans[(256, 2, 8) -> 49.877500036556256]
[Tue Dec  2 15:06:49 2025] >> [t: 62] (r: 0.000), [f:     0/1000], inf[8.1e+13], comp[0.0e+00], Q(195, 0, 0, 0), Trans[(512, 2, 8) -> 31.796302199813397]
[Tue Dec  2 15:06:49 2025] >> [t: 63] (r: 0.000), [f:     0/1000], inf[8.1e+13], comp[0.0e+00], Q(195, 0, 0, 0), Trans[(512, 2, 8) -> 31.796302199813397]
[Tue Dec  2 15:06:49 2025] >> [t: 64] (r: 0.000), [f:     0/1000], inf[8.1e+13], comp[0.0e+00], Q(194, 1, 0, 0), Trans[(512, 2, 8) -> 31.796302199813397]
[Tue Dec  2 15:06:49 2025] >> [t: 65] (r:-0.100), [f:   300/1000], inf[3.3e+13], comp[7.9e+13], Q(194, 1, 0, 0), Trans[(256, 2, 8) -> 49.877500036556256]
[Tue Dec  2 15:06:49 2025] >> [t: 66] (r:-0.100), [f:   300/1000], inf[3.3e+13], comp[7.9e+13], Q(193, 0, 0, 0), Trans[(256, 2, 8) -> 49.877500036556256]
[Tue Dec  2 15:06:49 2025] >> [t: 67] (r: 0.000), [f:     0/1000], inf[3.3e+13], comp[0.0e+00], Q(193, 0, 0, 0), Trans[(256, 2, 8) -> 49.877500036556256]
[Tue Dec  2 15:06:49 2025] >> [t: 68] (r: 0.000), [f:     0/1000], inf[8.1e+13], comp[0.0e+00], Q(192, 1, 0, 0), Trans[(512, 2, 8) -> 31.796302199813397]
[Tue Dec  2 15:06:49 2025] >> [t: 69] (r:-0.100), [f:   300/1000], inf[3.3e+13], comp[7.9e+13], Q(192, 1, 0, 0), Trans[(256, 2, 8) -> 49.877500036556256]
[Tue Dec  2 15:06:49 2025] >> [t: 70] (r:-0.100), [f:   300/1000], inf[3.3e+13], comp[7.9e+13], Q(191, 0, 0, 0), Trans[(256, 2, 8) -> 49.877500036556256]
[Tue Dec  2 15:06:49 2025] >> [t: 71] (r: 0.000), [f:     0/1000], inf[3.3e+13], comp[0.0e+00], Q(191, 0, 0, 0), Trans[(256, 2, 8) -> 49.877500036556256]
[Tue Dec  2 15:06:49 2025] >> [t: 72] (r: 0.000), [f:     0/1000], inf[8.1e+13], comp[0.0e+00], Q(191, 0, 0, 0), Trans[(512, 2, 8) -> 31.796302199813397]
[Tue Dec  2 15:06:49 2025] >> [t: 73] (r: 0.000), [f:     0/1000], inf[8.1e+13], comp[0.0e+00], Q(191, 0, 0, 0), Trans[(512, 2, 8) -> 31.796302199813397]
[Tue Dec  2 15:06:49 2025] >> [t: 74] (r: 0.000), [f:     0/1000], inf[8.1e+13], comp[0.0e+00], Q(191, 0, 0, 0), Trans[(512, 2, 8) -> 31.796302199813397]
[Tue Dec  2 15:06:49 2025] >> [t: 75] (r: 0.000), [f:     0/1000], inf[8.1e+13], comp[0.0e+00], Q(191, 0, 0, 0), Trans[(512, 2, 8) -> 31.796302199813397]
[Tue Dec  2 15:06:49 2025] >> [t: 76] (r: 0.000), [f:     0/1000], inf[8.1e+13], comp[0.0e+00], Q(191, 0, 0, 0), Trans[(512, 2, 8) -> 31.796302199813397]
[Tue Dec  2 15:06:49 2025] >> [t: 77] (r: 0.000), [f:     0/1000], inf[8.1e+13], comp[0.0e+00], Q(191, 0, 0, 0), Trans[(512, 2, 8) -> 31.796302199813397]
[Tue Dec  2 15:06:49 2025] >> [t: 78] (r: 0.000), [f:     0/1000], inf[8.1e+13], comp[0.0e+00], Q(191, 0, 0, 0), Trans[(512, 2, 8) -> 31.796302199813397]
[Tue Dec  2 15:06:49 2025] >> [t: 79] (r: 0.000), [f:     0/1000], inf[8.1e+13], comp[0.0e+00], Q(191, 0, 0, 0), Trans[(512, 2, 8) -> 31.796302199813397]
[Tue Dec  2 15:06:49 2025] >> [t: 80] (r: 0.000), [f:     0/1000], inf[8.1e+13], comp[0.0e+00], Q(191, 0, 0, 0), Trans[(512, 2, 8) -> 31.796302199813397]
[Tue Dec  2 15:06:49 2025] >> [t: 81] (r: 0.000), [f:     0/1000], inf[8.1e+13], comp[0.0e+00], Q(190, 1, 0, 0), Trans[(512, 2, 8) -> 31.796302199813397]
[Tue Dec  2 15:06:49 2025] >> [t: 82] (r:-0.100), [f:   300/1000], inf[3.3e+13], comp[7.9e+13], Q(189, 2, 0, 0), Trans[(256, 2, 8) -> 49.877500036556256]
[Tue Dec  2 15:06:49 2025] >> [t: 83] (r:-0.100), [f:   300/1000], inf[3.3e+13], comp[7.9e+13], Q(188, 0, 0, 0), Trans[(256, 2, 8) -> 49.877500036556256]
[Tue Dec  2 15:06:49 2025] >> [t: 84] (r: 0.000), [f:     0/1000], inf[3.3e+13], comp[0.0e+00], Q(188, 0, 0, 0), Trans[(256, 2, 8) -> 49.877500036556256]
[Tue Dec  2 15:06:49 2025] >> [t: 85] (r: 0.000), [f:     0/1000], inf[8.1e+13], comp[0.0e+00], Q(188, 0, 0, 0), Trans[(512, 2, 8) -> 31.796302199813397]
[Tue Dec  2 15:06:49 2025] >> [t: 86] (r: 0.000), [f:     0/1000], inf[8.1e+13], comp[0.0e+00], Q(188, 0, 0, 0), Trans[(512, 2, 8) -> 31.796302199813397]
[Tue Dec  2 15:06:49 2025] >> [t: 87] (r: 0.000), [f:     0/1000], inf[8.1e+13], comp[0.0e+00], Q(188, 0, 0, 0), Trans[(512, 2, 8) -> 31.796302199813397]
[Tue Dec  2 15:06:49 2025] >> [t: 88] (r: 0.000), [f:     0/1000], inf[8.1e+13], comp[0.0e+00], Q(188, 0, 0, 0), Trans[(512, 2, 8) -> 31.796302199813397]
[Tue Dec  2 15:06:49 2025] >> [t: 89] (r: 0.000), [f:     0/1000], inf[8.1e+13], comp[0.0e+00], Q(187, 1, 0, 0), Trans[(512, 2, 8) -> 31.796302199813397]
[Tue Dec  2 15:06:49 2025] >> [t: 90] (r:-0.100), [f:   300/1000], inf[3.3e+13], comp[7.9e+13], Q(187, 1, 0, 0), Trans[(256, 2, 8) -> 49.877500036556256]
[Tue Dec  2 15:06:49 2025] >> [t: 91] (r:-0.100), [f:   300/1000], inf[3.3e+13], comp[7.9e+13], Q(187, 0, 0, 0), Trans[(256, 2, 8) -> 49.877500036556256]
[Tue Dec  2 15:06:49 2025] >> [t: 92] (r: 0.000), [f:     0/1000], inf[3.3e+13], comp[0.0e+00], Q(187, 0, 0, 0), Trans[(256, 2, 8) -> 49.877500036556256]
[Tue Dec  2 15:06:49 2025] >> [t: 93] (r: 0.000), [f:     0/1000], inf[8.1e+13], comp[0.0e+00], Q(186, 1, 0, 0), Trans[(512, 2, 8) -> 31.796302199813397]
[Tue Dec  2 15:06:49 2025] >> [t: 94] (r:-0.100), [f:   300/1000], inf[3.3e+13], comp[7.9e+13], Q(185, 2, 0, 0), Trans[(256, 2, 8) -> 49.877500036556256]
[Tue Dec  2 15:06:49 2025] >> [t: 95] (r:-0.100), [f:   300/1000], inf[3.3e+13], comp[7.9e+13], Q(185, 0, 0, 0), Trans[(256, 2, 8) -> 49.877500036556256]
[Tue Dec  2 15:06:49 2025] >> [t: 96] (r: 0.000), [f:     0/1000], inf[3.3e+13], comp[0.0e+00], Q(184, 1, 0, 0), Trans[(256, 2, 8) -> 49.877500036556256]
[Tue Dec  2 15:06:49 2025] >> [t: 97] (r:-0.100), [f:   300/1000], inf[3.3e+13], comp[7.9e+13], Q(182, 1, 0, 0), Trans[(256, 2, 8) -> 49.877500036556256]
[Tue Dec  2 15:06:49 2025] >> [t: 98] (r:-0.100), [f:   300/1000], inf[3.3e+13], comp[7.9e+13], Q(182, 0, 0, 0), Trans[(256, 2, 8) -> 49.877500036556256]
[Tue Dec  2 15:06:49 2025] >> [t: 99] (r: 0.000), [f:     0/1000], inf[3.3e+13], comp[0.0e+00], Q(181, 1, 0, 0), Trans[(256, 2, 8) -> 49.877500036556256]
[Tue Dec  2 15:06:49 2025] >> [t:100] (r:-0.100), [f:   300/1000], inf[3.3e+13], comp[7.9e+13], Q(180, 0, 0, 0), Trans[(256, 2, 8) -> 49.877500036556256]
[Tue Dec  2 15:06:49 2025] >> [t:101] (r: 0.000), [f:     0/1000], inf[3.3e+13], comp[0.0e+00], Q(179, 1, 0, 0), Trans[(256, 2, 8) -> 49.877500036556256]
[Tue Dec  2 15:06:49 2025] >> [t:102] (r:-0.100), [f:   300/1000], inf[3.3e+13], comp[7.9e+13], Q(179, 0, 0, 0), Trans[(256, 2, 8) -> 49.877500036556256]
[Tue Dec  2 15:06:49 2025] >> [t:103] (r: 0.000), [f:     0/1000], inf[3.3e+13], comp[0.0e+00], Q(179, 0, 0, 0), Trans[(256, 2, 8) -> 49.877500036556256]
[Tue Dec  2 15:06:49 2025] >> [t:104] (r: 0.000), [f:     0/1000], inf[8.1e+13], comp[0.0e+00], Q(178, 1, 0, 0), Trans[(512, 2, 8) -> 31.796302199813397]
[Tue Dec  2 15:06:49 2025] >> [t:105] (r:-0.100), [f:   300/1000], inf[3.3e+13], comp[7.9e+13], Q(177, 2, 0, 0), Trans[(256, 2, 8) -> 49.877500036556256]
[Tue Dec  2 15:06:49 2025] >> [t:106] (r:-0.100), [f:   300/1000], inf[3.3e+13], comp[7.9e+13], Q(177, 0, 0, 0), Trans[(256, 2, 8) -> 49.877500036556256]
[Tue Dec  2 15:06:49 2025] >> [t:107] (r: 0.000), [f:     0/1000], inf[3.3e+13], comp[0.0e+00], Q(177, 0, 0, 0), Trans[(256, 2, 8) -> 49.877500036556256]
[Tue Dec  2 15:06:49 2025] >> [t:108] (r: 0.000), [f:     0/1000], inf[8.1e+13], comp[0.0e+00], Q(177, 0, 0, 0), Trans[(512, 2, 8) -> 31.796302199813397]
[Tue Dec  2 15:06:49 2025] >> [t:109] (r: 0.000), [f:     0/1000], inf[8.1e+13], comp[0.0e+00], Q(176, 1, 0, 0), Trans[(512, 2, 8) -> 31.796302199813397]
[Tue Dec  2 15:06:49 2025] >> [t:110] (r:-0.100), [f:   300/1000], inf[3.3e+13], comp[7.9e+13], Q(176, 1, 0, 0), Trans[(256, 2, 8) -> 49.877500036556256]
[Tue Dec  2 15:06:49 2025] >> [t:111] (r:-0.100), [f:   300/1000], inf[3.3e+13], comp[7.9e+13], Q(176, 0, 0, 0), Trans[(256, 2, 8) -> 49.877500036556256]
[Tue Dec  2 15:06:49 2025] >> [t:112] (r: 0.000), [f:     0/1000], inf[3.3e+13], comp[0.0e+00], Q(176, 0, 0, 0), Trans[(256, 2, 8) -> 49.877500036556256]
[Tue Dec  2 15:06:49 2025] >> [t:113] (r: 0.000), [f:     0/1000], inf[8.1e+13], comp[0.0e+00], Q(175, 1, 0, 0), Trans[(512, 2, 8) -> 31.796302199813397]
[Tue Dec  2 15:06:49 2025] >> [t:114] (r:-0.100), [f:   300/1000], inf[3.3e+13], comp[7.9e+13], Q(175, 1, 0, 0), Trans[(256, 2, 8) -> 49.877500036556256]
[Tue Dec  2 15:06:49 2025] >> [t:115] (r:-0.100), [f:   300/1000], inf[3.3e+13], comp[7.9e+13], Q(175, 0, 0, 0), Trans[(256, 2, 8) -> 49.877500036556256]
[Tue Dec  2 15:06:49 2025] >> [t:116] (r: 0.000), [f:     0/1000], inf[3.3e+13], comp[0.0e+00], Q(175, 0, 0, 0), Trans[(256, 2, 8) -> 49.877500036556256]
[Tue Dec  2 15:06:49 2025] >> [t:117] (r: 0.000), [f:     0/1000], inf[8.1e+13], comp[0.0e+00], Q(175, 0, 0, 0), Trans[(512, 2, 8) -> 31.796302199813397]
[Tue Dec  2 15:06:49 2025] >> [t:118] (r: 0.000), [f:     0/1000], inf[8.1e+13], comp[0.0e+00], Q(175, 0, 0, 0), Trans[(512, 2, 8) -> 31.796302199813397]
[Tue Dec  2 15:06:49 2025] >> [t:119] (r: 0.000), [f:     0/1000], inf[8.1e+13], comp[0.0e+00], Q(175, 0, 0, 0), Trans[(512, 2, 8) -> 31.796302199813397]
[Tue Dec  2 15:06:49 2025] >> [t:120] (r: 0.000), [f:     0/1000], inf[8.1e+13], comp[0.0e+00], Q(175, 0, 0, 0), Trans[(512, 2, 8) -> 31.796302199813397]
[Tue Dec  2 15:06:49 2025] >> [t:121] (r: 0.000), [f:     0/1000], inf[8.1e+13], comp[0.0e+00], Q(175, 0, 0, 0), Trans[(512, 2, 8) -> 31.796302199813397]
[Tue Dec  2 15:06:49 2025] >> [t:122] (r: 0.000), [f:     0/1000], inf[8.1e+13], comp[0.0e+00], Q(175, 0, 0, 0), Trans[(512, 2, 8) -> 31.796302199813397]
[Tue Dec  2 15:06:49 2025] >> [t:123] (r: 0.000), [f:     0/1000], inf[8.1e+13], comp[0.0e+00], Q(175, 0, 0, 0), Trans[(512, 2, 8) -> 31.796302199813397]
[Tue Dec  2 15:06:49 2025] >> [t:124] (r: 0.000), [f:     0/1000], inf[8.1e+13], comp[0.0e+00], Q(175, 0, 0, 0), Trans[(512, 2, 8) -> 31.796302199813397]
[Tue Dec  2 15:06:49 2025] >> [t:125] (r: 0.000), [f:     0/1000], inf[8.1e+13], comp[0.0e+00], Q(175, 0, 0, 0), Trans[(512, 2, 8) -> 31.796302199813397]
[Tue Dec  2 15:06:49 2025] >> [t:126] (r: 0.000), [f:     0/1000], inf[8.1e+13], comp[0.0e+00], Q(174, 1, 0, 0), Trans[(512, 2, 8) -> 31.796302199813397]
[Tue Dec  2 15:06:49 2025] >> [t:127] (r:-0.100), [f:   300/1000], inf[3.3e+13], comp[7.9e+13], Q(174, 1, 0, 0), Trans[(256, 2, 8) -> 49.877500036556256]
[Tue Dec  2 15:06:49 2025] >> [t:128] (r:-0.100), [f:   300/1000], inf[3.3e+13], comp[7.9e+13], Q(174, 0, 0, 0), Trans[(256, 2, 8) -> 49.877500036556256]
[Tue Dec  2 15:06:49 2025] >> [t:129] (r: 0.000), [f:     0/1000], inf[3.3e+13], comp[0.0e+00], Q(174, 0, 0, 0), Trans[(256, 2, 8) -> 49.877500036556256]
[Tue Dec  2 15:06:49 2025] >> [t:130] (r: 0.000), [f:     0/1000], inf[8.1e+13], comp[0.0e+00], Q(173, 1, 0, 0), Trans[(512, 2, 8) -> 31.796302199813397]
[Tue Dec  2 15:06:49 2025] >> [t:131] (r:-0.100), [f:   300/1000], inf[3.3e+13], comp[7.9e+13], Q(173, 1, 0, 0), Trans[(256, 2, 8) -> 49.877500036556256]
[Tue Dec  2 15:06:49 2025] >> [t:132] (r:-0.100), [f:   300/1000], inf[3.3e+13], comp[7.9e+13], Q(173, 0, 0, 0), Trans[(256, 2, 8) -> 49.877500036556256]
[Tue Dec  2 15:06:49 2025] >> [t:133] (r: 0.000), [f:     0/1000], inf[3.3e+13], comp[0.0e+00], Q(173, 0, 0, 0), Trans[(256, 2, 8) -> 49.877500036556256]
[Tue Dec  2 15:06:49 2025] >> [t:134] (r: 0.000), [f:     0/1000], inf[8.1e+13], comp[0.0e+00], Q(172, 1, 0, 0), Trans[(512, 2, 8) -> 31.796302199813397]
[Tue Dec  2 15:06:49 2025] >> [t:135] (r:-0.100), [f:   300/1000], inf[3.3e+13], comp[7.9e+13], Q(172, 1, 0, 0), Trans[(256, 2, 8) -> 49.877500036556256]
[Tue Dec  2 15:06:49 2025] >> [t:136] (r:-0.100), [f:   300/1000], inf[3.3e+13], comp[7.9e+13], Q(171, 0, 0, 0), Trans[(256, 2, 8) -> 49.877500036556256]
[Tue Dec  2 15:06:49 2025] >> [t:137] (r: 0.000), [f:     0/1000], inf[3.3e+13], comp[0.0e+00], Q(171, 0, 0, 0), Trans[(256, 2, 8) -> 49.877500036556256]
[Tue Dec  2 15:06:49 2025] >> [t:138] (r: 0.000), [f:     0/1000], inf[8.1e+13], comp[0.0e+00], Q(170, 1, 0, 0), Trans[(512, 2, 8) -> 31.796302199813397]
[Tue Dec  2 15:06:49 2025] >> [t:139] (r:-0.100), [f:   300/1000], inf[3.3e+13], comp[7.9e+13], Q(170, 1, 0, 0), Trans[(256, 2, 8) -> 49.877500036556256]
[Tue Dec  2 15:06:49 2025] >> [t:140] (r:-0.100), [f:   300/1000], inf[3.3e+13], comp[7.9e+13], Q(170, 0, 0, 0), Trans[(256, 2, 8) -> 49.877500036556256]
[Tue Dec  2 15:06:49 2025] >> [t:141] (r: 0.000), [f:     0/1000], inf[3.3e+13], comp[0.0e+00], Q(170, 0, 0, 0), Trans[(256, 2, 8) -> 49.877500036556256]
[Tue Dec  2 15:06:49 2025] >> [t:142] (r: 0.000), [f:     0/1000], inf[8.1e+13], comp[0.0e+00], Q(170, 0, 0, 0), Trans[(512, 2, 8) -> 31.796302199813397]
[Tue Dec  2 15:06:49 2025] >> [t:143] (r: 0.000), [f:     0/1000], inf[8.1e+13], comp[0.0e+00], Q(170, 0, 0, 0), Trans[(512, 2, 8) -> 31.796302199813397]
[Tue Dec  2 15:06:49 2025] >> [t:144] (r: 0.000), [f:     0/1000], inf[8.1e+13], comp[0.0e+00], Q(167, 3, 0, 0), Trans[(512, 2, 8) -> 31.796302199813397]
[Tue Dec  2 15:06:49 2025] >> [t:145] (r:-0.100), [f:   300/1000], inf[3.3e+13], comp[7.9e+13], Q(167, 3, 0, 0), Trans[(256, 2, 8) -> 49.877500036556256]
[Tue Dec  2 15:06:49 2025] >> [t:146] (r:-0.100), [f:   300/1000], inf[3.3e+13], comp[7.9e+13], Q(167, 2, 0, 0), Trans[(256, 2, 8) -> 49.877500036556256]
[Tue Dec  2 15:06:49 2025] >> [t:147] (r:-0.100), [f:   300/1000], inf[3.3e+13], comp[7.9e+13], Q(167, 1, 0, 0), Trans[(256, 2, 8) -> 49.877500036556256]
[Tue Dec  2 15:06:49 2025] >> [t:148] (r:-0.100), [f:   300/1000], inf[3.3e+13], comp[7.9e+13], Q(166, 0, 0, 0), Trans[(256, 2, 8) -> 49.877500036556256]
[Tue Dec  2 15:06:49 2025] >> [t:149] (r: 0.000), [f:     0/1000], inf[3.3e+13], comp[0.0e+00], Q(166, 0, 0, 0), Trans[(256, 2, 8) -> 49.877500036556256]
[Tue Dec  2 15:06:49 2025] >> [t:150] (r: 0.000), [f:     0/1000], inf[8.1e+13], comp[0.0e+00], Q(166, 0, 0, 0), Trans[(512, 2, 8) -> 31.796302199813397]
[Tue Dec  2 15:06:49 2025] >> [t:151] (r: 0.000), [f:     0/1000], inf[8.1e+13], comp[0.0e+00], Q(165, 1, 0, 0), Trans[(512, 2, 8) -> 31.796302199813397]
[Tue Dec  2 15:06:49 2025] >> [t:152] (r:-0.100), [f:   300/1000], inf[3.3e+13], comp[7.9e+13], Q(165, 1, 0, 0), Trans[(256, 2, 8) -> 49.877500036556256]
[Tue Dec  2 15:06:49 2025] >> [t:153] (r:-0.100), [f:   300/1000], inf[3.3e+13], comp[7.9e+13], Q(165, 0, 0, 0), Trans[(256, 2, 8) -> 49.877500036556256]
[Tue Dec  2 15:06:49 2025] >> [t:154] (r: 0.000), [f:     0/1000], inf[3.3e+13], comp[0.0e+00], Q(165, 0, 0, 0), Trans[(256, 2, 8) -> 49.877500036556256]
[Tue Dec  2 15:06:49 2025] >> [t:155] (r: 0.000), [f:     0/1000], inf[8.1e+13], comp[0.0e+00], Q(165, 0, 0, 0), Trans[(512, 2, 8) -> 31.796302199813397]
[Tue Dec  2 15:06:49 2025] >> [t:156] (r: 0.000), [f:     0/1000], inf[8.1e+13], comp[0.0e+00], Q(165, 0, 0, 0), Trans[(512, 2, 8) -> 31.796302199813397]
[Tue Dec  2 15:06:49 2025] >> [t:157] (r: 0.000), [f:     0/1000], inf[8.1e+13], comp[0.0e+00], Q(164, 1, 0, 0), Trans[(512, 2, 8) -> 31.796302199813397]
[Tue Dec  2 15:06:49 2025] >> [t:158] (r:-0.100), [f:   300/1000], inf[3.3e+13], comp[7.9e+13], Q(164, 1, 0, 0), Trans[(256, 2, 8) -> 49.877500036556256]
[Tue Dec  2 15:06:49 2025] >> [t:159] (r:-0.100), [f:   300/1000], inf[3.3e+13], comp[7.9e+13], Q(164, 0, 0, 0), Trans[(256, 2, 8) -> 49.877500036556256]
[Tue Dec  2 15:06:49 2025] >> [t:160] (r: 0.000), [f:     0/1000], inf[3.3e+13], comp[0.0e+00], Q(164, 0, 0, 0), Trans[(256, 2, 8) -> 49.877500036556256]
[Tue Dec  2 15:06:49 2025] >> [t:161] (r: 0.000), [f:     0/1000], inf[8.1e+13], comp[0.0e+00], Q(164, 0, 0, 0), Trans[(512, 2, 8) -> 31.796302199813397]
[Tue Dec  2 15:06:49 2025] >> [t:162] (r: 0.000), [f:     0/1000], inf[8.1e+13], comp[0.0e+00], Q(164, 0, 0, 0), Trans[(512, 2, 8) -> 31.796302199813397]
[Tue Dec  2 15:06:49 2025] >> [t:163] (r: 0.000), [f:     0/1000], inf[8.1e+13], comp[0.0e+00], Q(164, 0, 0, 0), Trans[(512, 2, 8) -> 31.796302199813397]
[Tue Dec  2 15:06:49 2025] >> [t:164] (r: 0.000), [f:     0/1000], inf[8.1e+13], comp[0.0e+00], Q(163, 1, 0, 0), Trans[(512, 2, 8) -> 31.796302199813397]
[Tue Dec  2 15:06:49 2025] >> [t:165] (r:-0.100), [f:   300/1000], inf[3.3e+13], comp[7.9e+13], Q(163, 1, 0, 0), Trans[(256, 2, 8) -> 49.877500036556256]
[Tue Dec  2 15:06:49 2025] >> [t:166] (r:-0.100), [f:   300/1000], inf[3.3e+13], comp[7.9e+13], Q(162, 0, 0, 0), Trans[(256, 2, 8) -> 49.877500036556256]
[Tue Dec  2 15:06:49 2025] >> [t:167] (r: 0.000), [f:     0/1000], inf[3.3e+13], comp[0.0e+00], Q(162, 0, 0, 0), Trans[(256, 2, 8) -> 49.877500036556256]
[Tue Dec  2 15:06:49 2025] >> [t:168] (r: 0.000), [f:     0/1000], inf[8.1e+13], comp[0.0e+00], Q(162, 0, 0, 0), Trans[(512, 2, 8) -> 31.796302199813397]
[Tue Dec  2 15:06:49 2025] >> [t:169] (r: 0.000), [f:     0/1000], inf[8.1e+13], comp[0.0e+00], Q(162, 0, 0, 0), Trans[(512, 2, 8) -> 31.796302199813397]
[Tue Dec  2 15:06:49 2025] >> [t:170] (r: 0.000), [f:     0/1000], inf[8.1e+13], comp[0.0e+00], Q(161, 1, 0, 0), Trans[(512, 2, 8) -> 31.796302199813397]
[Tue Dec  2 15:06:49 2025] >> [t:171] (r:-0.100), [f:   300/1000], inf[3.3e+13], comp[7.9e+13], Q(161, 1, 0, 0), Trans[(256, 2, 8) -> 49.877500036556256]
[Tue Dec  2 15:06:49 2025] >> [t:172] (r:-0.100), [f:   300/1000], inf[3.3e+13], comp[7.9e+13], Q(161, 0, 0, 0), Trans[(256, 2, 8) -> 49.877500036556256]
[Tue Dec  2 15:06:49 2025] >> [t:173] (r: 0.000), [f:     0/1000], inf[3.3e+13], comp[0.0e+00], Q(161, 0, 0, 0), Trans[(256, 2, 8) -> 49.877500036556256]
[Tue Dec  2 15:06:49 2025] >> [t:174] (r: 0.000), [f:     0/1000], inf[8.1e+13], comp[0.0e+00], Q(161, 0, 0, 0), Trans[(512, 2, 8) -> 31.796302199813397]
[Tue Dec  2 15:06:49 2025] >> [t:175] (r: 0.000), [f:     0/1000], inf[8.1e+13], comp[0.0e+00], Q(161, 0, 0, 0), Trans[(512, 2, 8) -> 31.796302199813397]
[Tue Dec  2 15:06:49 2025] >> [t:176] (r: 0.000), [f:     0/1000], inf[8.1e+13], comp[0.0e+00], Q(161, 0, 0, 0), Trans[(512, 2, 8) -> 31.796302199813397]
[Tue Dec  2 15:06:49 2025] >> [t:177] (r: 0.000), [f:     0/1000], inf[8.1e+13], comp[0.0e+00], Q(161, 0, 0, 0), Trans[(512, 2, 8) -> 31.796302199813397]
[Tue Dec  2 15:06:49 2025] >> [t:178] (r: 0.000), [f:     0/1000], inf[8.1e+13], comp[0.0e+00], Q(161, 0, 0, 0), Trans[(512, 2, 8) -> 31.796302199813397]
[Tue Dec  2 15:06:49 2025] >> [t:179] (r: 0.000), [f:     0/1000], inf[8.1e+13], comp[0.0e+00], Q(161, 0, 0, 0), Trans[(512, 2, 8) -> 31.796302199813397]
[Tue Dec  2 15:06:49 2025] >> [t:180] (r: 0.000), [f:     0/1000], inf[8.1e+13], comp[0.0e+00], Q(160, 1, 0, 0), Trans[(512, 2, 8) -> 31.796302199813397]
[Tue Dec  2 15:06:49 2025] >> [t:181] (r:-0.100), [f:   300/1000], inf[3.3e+13], comp[7.9e+13], Q(160, 1, 0, 0), Trans[(256, 2, 8) -> 49.877500036556256]
[Tue Dec  2 15:06:49 2025] >> [t:182] (r:-0.100), [f:   300/1000], inf[3.3e+13], comp[7.9e+13], Q(160, 0, 0, 0), Trans[(256, 2, 8) -> 49.877500036556256]
[Tue Dec  2 15:06:49 2025] >> [t:183] (r: 0.000), [f:     0/1000], inf[3.3e+13], comp[0.0e+00], Q(159, 1, 0, 0), Trans[(256, 2, 8) -> 49.877500036556256]
[Tue Dec  2 15:06:49 2025] >> [t:184] (r:-0.100), [f:   300/1000], inf[3.3e+13], comp[7.9e+13], Q(159, 0, 0, 0), Trans[(256, 2, 8) -> 49.877500036556256]
[Tue Dec  2 15:06:49 2025] >> [t:185] (r: 0.000), [f:     0/1000], inf[3.3e+13], comp[0.0e+00], Q(159, 0, 0, 0), Trans[(256, 2, 8) -> 49.877500036556256]
[Tue Dec  2 15:06:49 2025] >> [t:186] (r: 0.000), [f:     0/1000], inf[8.1e+13], comp[0.0e+00], Q(159, 0, 0, 0), Trans[(512, 2, 8) -> 31.796302199813397]
[Tue Dec  2 15:06:49 2025] >> [t:187] (r: 0.000), [f:     0/1000], inf[8.1e+13], comp[0.0e+00], Q(158, 1, 0, 0), Trans[(512, 2, 8) -> 31.796302199813397]
[Tue Dec  2 15:06:49 2025] >> [t:188] (r:-0.100), [f:   300/1000], inf[3.3e+13], comp[7.9e+13], Q(157, 2, 0, 0), Trans[(256, 2, 8) -> 49.877500036556256]
[Tue Dec  2 15:06:49 2025] >> [t:189] (r:-0.100), [f:   300/1000], inf[3.3e+13], comp[7.9e+13], Q(156, 0, 0, 0), Trans[(256, 2, 8) -> 49.877500036556256]
[Tue Dec  2 15:06:49 2025] >> [t:190] (r: 0.000), [f:     0/1000], inf[3.3e+13], comp[0.0e+00], Q(156, 0, 0, 0), Trans[(256, 2, 8) -> 49.877500036556256]
[Tue Dec  2 15:06:49 2025] >> [t:191] (r: 0.000), [f:     0/1000], inf[8.1e+13], comp[0.0e+00], Q(156, 0, 0, 0), Trans[(512, 2, 8) -> 31.796302199813397]
[Tue Dec  2 15:06:49 2025] >> [t:192] (r: 0.000), [f:     0/1000], inf[8.1e+13], comp[0.0e+00], Q(156, 0, 0, 0), Trans[(512, 2, 8) -> 31.796302199813397]
[Tue Dec  2 15:06:49 2025] >> [t:193] (r: 0.000), [f:     0/1000], inf[8.1e+13], comp[0.0e+00], Q(156, 0, 0, 0), Trans[(512, 2, 8) -> 31.796302199813397]
[Tue Dec  2 15:06:49 2025] >> [t:194] (r: 0.000), [f:     0/1000], inf[8.1e+13], comp[0.0e+00], Q(156, 0, 0, 0), Trans[(512, 2, 8) -> 31.796302199813397]
[Tue Dec  2 15:06:49 2025] >> [t:195] (r: 0.000), [f:     0/1000], inf[8.1e+13], comp[0.0e+00], Q(156, 0, 0, 0), Trans[(512, 2, 8) -> 31.796302199813397]
[Tue Dec  2 15:06:49 2025] >> [t:196] (r: 0.000), [f:     0/1000], inf[8.1e+13], comp[0.0e+00], Q(155, 1, 0, 0), Trans[(512, 2, 8) -> 31.796302199813397]
[Tue Dec  2 15:06:49 2025] >> [t:197] (r:-0.100), [f:   300/1000], inf[3.3e+13], comp[7.9e+13], Q(155, 1, 0, 0), Trans[(256, 2, 8) -> 49.877500036556256]
[Tue Dec  2 15:06:49 2025] >> [t:198] (r:-0.100), [f:   300/1000], inf[3.3e+13], comp[7.9e+13], Q(155, 0, 0, 0), Trans[(256, 2, 8) -> 49.877500036556256]
[Tue Dec  2 15:06:49 2025] >> [t:199] (r: 0.000), [f:     0/1000], inf[3.3e+13], comp[0.0e+00], Q(155, 0, 0, 0), Trans[(256, 2, 8) -> 49.877500036556256]
[Tue Dec  2 15:06:49 2025] >> [t:200] (r: 0.000), [f:     0/1000], inf[8.1e+13], comp[0.0e+00], Q(155, 0, 0, 0), Trans[(512, 2, 8) -> 31.796302199813397]
[Tue Dec  2 15:06:49 2025] >> [t:201] (r: 0.000), [f:     0/1000], inf[8.1e+13], comp[0.0e+00], Q(155, 0, 0, 0), Trans[(512, 2, 8) -> 31.796302199813397]
[Tue Dec  2 15:06:49 2025] >> [t:202] (r: 0.000), [f:     0/1000], inf[8.1e+13], comp[0.0e+00], Q(155, 0, 0, 0), Trans[(512, 2, 8) -> 31.796302199813397]
[Tue Dec  2 15:06:49 2025] >> [t:203] (r: 0.000), [f:     0/1000], inf[8.1e+13], comp[0.0e+00], Q(155, 0, 0, 0), Trans[(512, 2, 8) -> 31.796302199813397]
[Tue Dec  2 15:06:49 2025] >> [t:204] (r: 0.000), [f:     0/1000], inf[8.1e+13], comp[0.0e+00], Q(155, 0, 0, 0), Trans[(512, 2, 8) -> 31.796302199813397]
[Tue Dec  2 15:06:49 2025] >> [t:205] (r: 0.000), [f:     0/1000], inf[8.1e+13], comp[0.0e+00], Q(155, 0, 0, 0), Trans[(512, 2, 8) -> 31.796302199813397]
[Tue Dec  2 15:06:49 2025] >> [t:206] (r: 0.000), [f:     0/1000], inf[8.1e+13], comp[0.0e+00], Q(155, 0, 0, 0), Trans[(512, 2, 8) -> 31.796302199813397]
[Tue Dec  2 15:06:49 2025] >> [t:207] (r: 0.000), [f:     0/1000], inf[8.1e+13], comp[0.0e+00], Q(155, 0, 0, 0), Trans[(512, 2, 8) -> 31.796302199813397]
[Tue Dec  2 15:06:49 2025] >> [t:208] (r: 0.000), [f:     0/1000], inf[8.1e+13], comp[0.0e+00], Q(155, 0, 0, 0), Trans[(512, 2, 8) -> 31.796302199813397]
[Tue Dec  2 15:06:49 2025] >> [t:209] (r: 0.000), [f:     0/1000], inf[8.1e+13], comp[0.0e+00], Q(155, 0, 0, 0), Trans[(512, 2, 8) -> 31.796302199813397]
[Tue Dec  2 15:06:49 2025] >> [t:210] (r: 0.000), [f:     0/1000], inf[8.1e+13], comp[0.0e+00], Q(155, 0, 0, 0), Trans[(512, 2, 8) -> 31.796302199813397]
[Tue Dec  2 15:06:49 2025] >> [t:211] (r: 0.000), [f:     0/1000], inf[8.1e+13], comp[0.0e+00], Q(155, 0, 0, 0), Trans[(512, 2, 8) -> 31.796302199813397]
[Tue Dec  2 15:06:49 2025] >> [t:212] (r: 0.000), [f:     0/1000], inf[8.1e+13], comp[0.0e+00], Q(155, 0, 0, 0), Trans[(512, 2, 8) -> 31.796302199813397]
[Tue Dec  2 15:06:49 2025] >> [t:213] (r: 0.000), [f:     0/1000], inf[8.1e+13], comp[0.0e+00], Q(154, 1, 0, 0), Trans[(512, 2, 8) -> 31.796302199813397]
[Tue Dec  2 15:06:49 2025] >> [t:214] (r:-0.100), [f:   300/1000], inf[3.3e+13], comp[7.9e+13], Q(154, 1, 0, 0), Trans[(256, 2, 8) -> 49.877500036556256]
[Tue Dec  2 15:06:49 2025] >> [t:215] (r:-0.100), [f:   300/1000], inf[3.3e+13], comp[7.9e+13], Q(154, 0, 0, 0), Trans[(256, 2, 8) -> 49.877500036556256]
[Tue Dec  2 15:06:49 2025] >> [t:216] (r: 0.000), [f:     0/1000], inf[3.3e+13], comp[0.0e+00], Q(152, 2, 0, 0), Trans[(256, 2, 8) -> 49.877500036556256]
[Tue Dec  2 15:06:49 2025] >> [t:217] (r:-0.100), [f:   300/1000], inf[3.3e+13], comp[7.9e+13], Q(151, 1, 0, 0), Trans[(256, 2, 8) -> 49.877500036556256]
[Tue Dec  2 15:06:49 2025] >> [t:218] (r:-0.100), [f:   300/1000], inf[3.3e+13], comp[7.9e+13], Q(151, 0, 0, 0), Trans[(256, 2, 8) -> 49.877500036556256]
[Tue Dec  2 15:06:49 2025] >> [t:219] (r: 0.000), [f:     0/1000], inf[3.3e+13], comp[0.0e+00], Q(150, 1, 0, 0), Trans[(256, 2, 8) -> 49.877500036556256]
[Tue Dec  2 15:06:49 2025] >> [t:220] (r:-0.100), [f:   300/1000], inf[3.3e+13], comp[7.9e+13], Q(150, 0, 0, 0), Trans[(256, 2, 8) -> 49.877500036556256]
[Tue Dec  2 15:06:49 2025] >> [t:221] (r: 0.000), [f:     0/1000], inf[3.3e+13], comp[0.0e+00], Q(150, 0, 0, 0), Trans[(256, 2, 8) -> 49.877500036556256]
[Tue Dec  2 15:06:49 2025] >> [t:222] (r: 0.000), [f:     0/1000], inf[8.1e+13], comp[0.0e+00], Q(150, 0, 0, 0), Trans[(512, 2, 8) -> 31.796302199813397]
[Tue Dec  2 15:06:49 2025] >> [t:223] (r: 0.000), [f:     0/1000], inf[8.1e+13], comp[0.0e+00], Q(148, 2, 0, 0), Trans[(512, 2, 8) -> 31.796302199813397]
[Tue Dec  2 15:06:49 2025] >> [t:224] (r:-0.100), [f:   300/1000], inf[3.3e+13], comp[7.9e+13], Q(148, 2, 0, 0), Trans[(256, 2, 8) -> 49.877500036556256]
[Tue Dec  2 15:06:49 2025] >> [t:225] (r:-0.100), [f:   300/1000], inf[3.3e+13], comp[7.9e+13], Q(147, 2, 0, 0), Trans[(256, 2, 8) -> 49.877500036556256]
[Tue Dec  2 15:06:49 2025] >> [t:226] (r:-0.100), [f:   300/1000], inf[3.3e+13], comp[7.9e+13], Q(147, 0, 0, 0), Trans[(256, 2, 8) -> 49.877500036556256]
[Tue Dec  2 15:06:49 2025] >> [t:227] (r: 0.000), [f:     0/1000], inf[3.3e+13], comp[0.0e+00], Q(146, 1, 0, 0), Trans[(256, 2, 8) -> 49.877500036556256]
[Tue Dec  2 15:06:49 2025] >> [t:228] (r:-0.100), [f:   300/1000], inf[3.3e+13], comp[7.9e+13], Q(146, 0, 0, 0), Trans[(256, 2, 8) -> 49.877500036556256]
[Tue Dec  2 15:06:49 2025] >> [t:229] (r: 0.000), [f:     0/1000], inf[3.3e+13], comp[0.0e+00], Q(146, 0, 0, 0), Trans[(256, 2, 8) -> 49.877500036556256]
[Tue Dec  2 15:06:49 2025] >> [t:230] (r: 0.000), [f:     0/1000], inf[8.1e+13], comp[0.0e+00], Q(146, 0, 0, 0), Trans[(512, 2, 8) -> 31.796302199813397]
[Tue Dec  2 15:06:49 2025] >> [t:231] (r: 0.000), [f:     0/1000], inf[8.1e+13], comp[0.0e+00], Q(146, 0, 0, 0), Trans[(512, 2, 8) -> 31.796302199813397]
[Tue Dec  2 15:06:49 2025] >> [t:232] (r: 0.000), [f:     0/1000], inf[8.1e+13], comp[0.0e+00], Q(146, 0, 0, 0), Trans[(512, 2, 8) -> 31.796302199813397]
[Tue Dec  2 15:06:49 2025] >> [t:233] (r: 0.000), [f:     0/1000], inf[8.1e+13], comp[0.0e+00], Q(145, 1, 0, 0), Trans[(512, 2, 8) -> 31.796302199813397]
[Tue Dec  2 15:06:49 2025] >> [t:234] (r:-0.100), [f:   300/1000], inf[3.3e+13], comp[7.9e+13], Q(145, 1, 0, 0), Trans[(256, 2, 8) -> 49.877500036556256]
[Tue Dec  2 15:06:49 2025] >> [t:235] (r:-0.100), [f:   300/1000], inf[3.3e+13], comp[7.9e+13], Q(145, 0, 0, 0), Trans[(256, 2, 8) -> 49.877500036556256]
[Tue Dec  2 15:06:49 2025] >> [t:236] (r: 0.000), [f:     0/1000], inf[3.3e+13], comp[0.0e+00], Q(145, 0, 0, 0), Trans[(256, 2, 8) -> 49.877500036556256]
[Tue Dec  2 15:06:49 2025] >> [t:237] (r: 0.000), [f:     0/1000], inf[8.1e+13], comp[0.0e+00], Q(145, 0, 0, 0), Trans[(512, 2, 8) -> 31.796302199813397]
[Tue Dec  2 15:06:49 2025] >> [t:238] (r: 0.000), [f:     0/1000], inf[8.1e+13], comp[0.0e+00], Q(145, 0, 0, 0), Trans[(512, 2, 8) -> 31.796302199813397]
[Tue Dec  2 15:06:49 2025] >> [t:239] (r: 0.000), [f:     0/1000], inf[8.1e+13], comp[0.0e+00], Q(144, 1, 0, 0), Trans[(512, 2, 8) -> 31.796302199813397]
[Tue Dec  2 15:06:49 2025] >> [t:240] (r:-0.100), [f:   300/1000], inf[3.3e+13], comp[7.9e+13], Q(144, 1, 0, 0), Trans[(256, 2, 8) -> 49.877500036556256]
[Tue Dec  2 15:06:49 2025] >> [t:241] (r:-0.100), [f:   300/1000], inf[3.3e+13], comp[7.9e+13], Q(144, 0, 0, 0), Trans[(256, 2, 8) -> 49.877500036556256]
[Tue Dec  2 15:06:49 2025] >> [t:242] (r: 0.000), [f:     0/1000], inf[3.3e+13], comp[0.0e+00], Q(144, 0, 0, 0), Trans[(256, 2, 8) -> 49.877500036556256]
[Tue Dec  2 15:06:49 2025] >> [t:243] (r: 0.000), [f:     0/1000], inf[8.1e+13], comp[0.0e+00], Q(144, 0, 0, 0), Trans[(512, 2, 8) -> 31.796302199813397]
[Tue Dec  2 15:06:49 2025] >> [t:244] (r: 0.000), [f:     0/1000], inf[8.1e+13], comp[0.0e+00], Q(143, 1, 0, 0), Trans[(512, 2, 8) -> 31.796302199813397]
[Tue Dec  2 15:06:49 2025] >> [t:245] (r:-0.100), [f:   300/1000], inf[3.3e+13], comp[7.9e+13], Q(143, 1, 0, 0), Trans[(256, 2, 8) -> 49.877500036556256]
[Tue Dec  2 15:06:49 2025] >> [t:246] (r:-0.100), [f:   300/1000], inf[3.3e+13], comp[7.9e+13], Q(142, 0, 0, 0), Trans[(256, 2, 8) -> 49.877500036556256]
[Tue Dec  2 15:06:49 2025] >> [t:247] (r: 0.000), [f:     0/1000], inf[3.3e+13], comp[0.0e+00], Q(142, 0, 0, 0), Trans[(256, 2, 8) -> 49.877500036556256]
[Tue Dec  2 15:06:49 2025] >> [t:248] (r: 0.000), [f:     0/1000], inf[8.1e+13], comp[0.0e+00], Q(140, 2, 0, 0), Trans[(512, 2, 8) -> 31.796302199813397]
[Tue Dec  2 15:06:49 2025] >> [t:249] (r:-0.100), [f:   300/1000], inf[3.3e+13], comp[7.9e+13], Q(140, 2, 0, 0), Trans[(256, 2, 8) -> 49.877500036556256]
[Tue Dec  2 15:06:49 2025] >> [t:250] (r:-0.100), [f:   300/1000], inf[3.3e+13], comp[7.9e+13], Q(140, 1, 0, 0), Trans[(256, 2, 8) -> 49.877500036556256]
[Tue Dec  2 15:06:49 2025] >> [t:251] (r:-0.100), [f:   300/1000], inf[3.3e+13], comp[7.9e+13], Q(140, 0, 0, 0), Trans[(256, 2, 8) -> 49.877500036556256]
[Tue Dec  2 15:06:49 2025] >> [t:252] (r: 0.000), [f:     0/1000], inf[3.3e+13], comp[0.0e+00], Q(140, 0, 0, 0), Trans[(256, 2, 8) -> 49.877500036556256]
[Tue Dec  2 15:06:49 2025] >> [t:253] (r: 0.000), [f:     0/1000], inf[8.1e+13], comp[0.0e+00], Q(139, 1, 0, 0), Trans[(512, 2, 8) -> 31.796302199813397]
[Tue Dec  2 15:06:49 2025] >> [t:254] (r:-0.100), [f:   300/1000], inf[3.3e+13], comp[7.9e+13], Q(139, 1, 0, 0), Trans[(256, 2, 8) -> 49.877500036556256]
[Tue Dec  2 15:06:49 2025] >> [t:255] (r:-0.100), [f:   300/1000], inf[3.3e+13], comp[7.9e+13], Q(139, 0, 0, 0), Trans[(256, 2, 8) -> 49.877500036556256]
[Tue Dec  2 15:06:49 2025] >> [t:256] (r: 0.000), [f:     0/1000], inf[3.3e+13], comp[0.0e+00], Q(139, 0, 0, 0), Trans[(256, 2, 8) -> 49.877500036556256]
[Tue Dec  2 15:06:49 2025] >> [t:257] (r: 0.000), [f:     0/1000], inf[8.1e+13], comp[0.0e+00], Q(139, 0, 0, 0), Trans[(512, 2, 8) -> 31.796302199813397]
[Tue Dec  2 15:06:49 2025] >> [t:258] (r: 0.000), [f:     0/1000], inf[8.1e+13], comp[0.0e+00], Q(138, 1, 0, 0), Trans[(512, 2, 8) -> 31.796302199813397]
[Tue Dec  2 15:06:49 2025] >> [t:259] (r:-0.100), [f:   300/1000], inf[3.3e+13], comp[7.9e+13], Q(138, 1, 0, 0), Trans[(256, 2, 8) -> 49.877500036556256]
[Tue Dec  2 15:06:49 2025] >> [t:260] (r:-0.100), [f:   300/1000], inf[3.3e+13], comp[7.9e+13], Q(138, 0, 0, 0), Trans[(256, 2, 8) -> 49.877500036556256]
[Tue Dec  2 15:06:49 2025] >> [t:261] (r: 0.000), [f:     0/1000], inf[3.3e+13], comp[0.0e+00], Q(138, 0, 0, 0), Trans[(256, 2, 8) -> 49.877500036556256]
[Tue Dec  2 15:06:49 2025] >> [t:262] (r: 0.000), [f:     0/1000], inf[8.1e+13], comp[0.0e+00], Q(138, 0, 0, 0), Trans[(512, 2, 8) -> 31.796302199813397]
[Tue Dec  2 15:06:49 2025] >> [t:263] (r: 0.000), [f:     0/1000], inf[8.1e+13], comp[0.0e+00], Q(137, 1, 0, 0), Trans[(512, 2, 8) -> 31.796302199813397]
[Tue Dec  2 15:06:49 2025] >> [t:264] (r:-0.100), [f:   300/1000], inf[3.3e+13], comp[7.9e+13], Q(137, 1, 0, 0), Trans[(256, 2, 8) -> 49.877500036556256]
[Tue Dec  2 15:06:49 2025] >> [t:265] (r:-0.100), [f:   300/1000], inf[3.3e+13], comp[7.9e+13], Q(137, 0, 0, 0), Trans[(256, 2, 8) -> 49.877500036556256]
[Tue Dec  2 15:06:49 2025] >> [t:266] (r: 0.000), [f:     0/1000], inf[3.3e+13], comp[0.0e+00], Q(137, 0, 0, 0), Trans[(256, 2, 8) -> 49.877500036556256]
[Tue Dec  2 15:06:49 2025] >> [t:267] (r: 0.000), [f:     0/1000], inf[8.1e+13], comp[0.0e+00], Q(137, 0, 0, 0), Trans[(512, 2, 8) -> 31.796302199813397]
[Tue Dec  2 15:06:49 2025] >> [t:268] (r: 0.000), [f:     0/1000], inf[8.1e+13], comp[0.0e+00], Q(136, 1, 0, 0), Trans[(512, 2, 8) -> 31.796302199813397]
[Tue Dec  2 15:06:49 2025] >> [t:269] (r:-0.100), [f:   300/1000], inf[3.3e+13], comp[7.9e+13], Q(136, 1, 0, 0), Trans[(256, 2, 8) -> 49.877500036556256]
[Tue Dec  2 15:06:49 2025] >> [t:270] (r:-0.100), [f:   300/1000], inf[3.3e+13], comp[7.9e+13], Q(136, 0, 0, 0), Trans[(256, 2, 8) -> 49.877500036556256]
[Tue Dec  2 15:06:49 2025] >> [t:271] (r: 0.000), [f:     0/1000], inf[3.3e+13], comp[0.0e+00], Q(136, 0, 0, 0), Trans[(256, 2, 8) -> 49.877500036556256]
[Tue Dec  2 15:06:50 2025] >> [t:272] (r: 0.000), [f:     0/1000], inf[8.1e+13], comp[0.0e+00], Q(135, 1, 0, 0), Trans[(512, 2, 8) -> 31.796302199813397]
[Tue Dec  2 15:06:50 2025] >> [t:273] (r:-0.100), [f:   300/1000], inf[3.3e+13], comp[7.9e+13], Q(135, 1, 0, 0), Trans[(256, 2, 8) -> 49.877500036556256]
[Tue Dec  2 15:06:50 2025] >> [t:274] (r:-0.100), [f:   300/1000], inf[3.3e+13], comp[7.9e+13], Q(135, 0, 0, 0), Trans[(256, 2, 8) -> 49.877500036556256]
[Tue Dec  2 15:06:50 2025] >> [t:275] (r: 0.000), [f:     0/1000], inf[3.3e+13], comp[0.0e+00], Q(135, 0, 0, 0), Trans[(256, 2, 8) -> 49.877500036556256]
[Tue Dec  2 15:06:50 2025] >> [t:276] (r: 0.000), [f:     0/1000], inf[8.1e+13], comp[0.0e+00], Q(135, 0, 0, 0), Trans[(512, 2, 8) -> 31.796302199813397]
[Tue Dec  2 15:06:50 2025] >> [t:277] (r: 0.000), [f:     0/1000], inf[8.1e+13], comp[0.0e+00], Q(135, 0, 0, 0), Trans[(512, 2, 8) -> 31.796302199813397]
[Tue Dec  2 15:06:50 2025] >> [t:278] (r: 0.000), [f:     0/1000], inf[8.1e+13], comp[0.0e+00], Q(135, 0, 0, 0), Trans[(512, 2, 8) -> 31.796302199813397]
[Tue Dec  2 15:06:50 2025] >> [t:279] (r: 0.000), [f:     0/1000], inf[8.1e+13], comp[0.0e+00], Q(135, 0, 0, 0), Trans[(512, 2, 8) -> 31.796302199813397]
[Tue Dec  2 15:06:50 2025] >> [t:280] (r: 0.000), [f:     0/1000], inf[8.1e+13], comp[0.0e+00], Q(135, 0, 0, 0), Trans[(512, 2, 8) -> 31.796302199813397]
[Tue Dec  2 15:06:50 2025] >> [t:281] (r: 0.000), [f:     0/1000], inf[8.1e+13], comp[0.0e+00], Q(135, 0, 0, 0), Trans[(512, 2, 8) -> 31.796302199813397]
[Tue Dec  2 15:06:50 2025] >> [t:282] (r: 0.000), [f:     0/1000], inf[8.1e+13], comp[0.0e+00], Q(135, 0, 0, 0), Trans[(512, 2, 8) -> 31.796302199813397]
[Tue Dec  2 15:06:50 2025] >> [t:283] (r: 0.000), [f:     0/1000], inf[8.1e+13], comp[0.0e+00], Q(134, 1, 0, 0), Trans[(512, 2, 8) -> 31.796302199813397]
[Tue Dec  2 15:06:50 2025] >> [t:284] (r:-0.100), [f:   300/1000], inf[3.3e+13], comp[7.9e+13], Q(134, 1, 0, 0), Trans[(256, 2, 8) -> 49.877500036556256]
[Tue Dec  2 15:06:50 2025] >> [t:285] (r:-0.100), [f:   300/1000], inf[3.3e+13], comp[7.9e+13], Q(134, 0, 0, 0), Trans[(256, 2, 8) -> 49.877500036556256]
[Tue Dec  2 15:06:50 2025] >> [t:286] (r: 0.000), [f:     0/1000], inf[3.3e+13], comp[0.0e+00], Q(134, 0, 0, 0), Trans[(256, 2, 8) -> 49.877500036556256]
[Tue Dec  2 15:06:50 2025] >> [t:287] (r: 0.000), [f:     0/1000], inf[8.1e+13], comp[0.0e+00], Q(134, 0, 0, 0), Trans[(512, 2, 8) -> 31.796302199813397]
[Tue Dec  2 15:06:50 2025] >> [t:288] (r: 0.000), [f:     0/1000], inf[8.1e+13], comp[0.0e+00], Q(134, 0, 0, 0), Trans[(512, 2, 8) -> 31.796302199813397]
[Tue Dec  2 15:06:50 2025] >> [t:289] (r: 0.000), [f:     0/1000], inf[8.1e+13], comp[0.0e+00], Q(134, 0, 0, 0), Trans[(512, 2, 8) -> 31.796302199813397]
[Tue Dec  2 15:06:50 2025] >> [t:290] (r: 0.000), [f:     0/1000], inf[8.1e+13], comp[0.0e+00], Q(133, 1, 0, 0), Trans[(512, 2, 8) -> 31.796302199813397]
[Tue Dec  2 15:06:50 2025] >> [t:291] (r:-0.100), [f:   300/1000], inf[3.3e+13], comp[7.9e+13], Q(133, 1, 0, 0), Trans[(256, 2, 8) -> 49.877500036556256]
[Tue Dec  2 15:06:50 2025] >> [t:292] (r:-0.100), [f:   300/1000], inf[3.3e+13], comp[7.9e+13], Q(132, 0, 0, 0), Trans[(256, 2, 8) -> 49.877500036556256]
[Tue Dec  2 15:06:50 2025] >> [t:293] (r: 0.000), [f:     0/1000], inf[3.3e+13], comp[0.0e+00], Q(132, 0, 0, 0), Trans[(256, 2, 8) -> 49.877500036556256]
[Tue Dec  2 15:06:50 2025] >> [t:294] (r: 0.000), [f:     0/1000], inf[8.1e+13], comp[0.0e+00], Q(132, 0, 0, 0), Trans[(512, 2, 8) -> 31.796302199813397]
[Tue Dec  2 15:06:50 2025] >> [t:295] (r: 0.000), [f:     0/1000], inf[8.1e+13], comp[0.0e+00], Q(131, 1, 0, 0), Trans[(512, 2, 8) -> 31.796302199813397]
[Tue Dec  2 15:06:50 2025] >> [t:296] (r:-0.100), [f:   300/1000], inf[3.3e+13], comp[7.9e+13], Q(131, 1, 0, 0), Trans[(256, 2, 8) -> 49.877500036556256]
[Tue Dec  2 15:06:50 2025] >> [t:297] (r:-0.100), [f:   300/1000], inf[3.3e+13], comp[7.9e+13], Q(131, 0, 0, 0), Trans[(256, 2, 8) -> 49.877500036556256]
[Tue Dec  2 15:06:50 2025] >> [t:298] (r: 0.000), [f:     0/1000], inf[3.3e+13], comp[0.0e+00], Q(130, 1, 0, 0), Trans[(256, 2, 8) -> 49.877500036556256]
[Tue Dec  2 15:06:50 2025] >> [t:299] (r:-0.100), [f:   300/1000], inf[3.3e+13], comp[7.9e+13], Q(130, 0, 0, 0), Trans[(256, 2, 8) -> 49.877500036556256]
[Tue Dec  2 15:06:50 2025] >> [t:300] (r: 0.000), [f:     0/1000], inf[3.3e+13], comp[0.0e+00], Q(130, 0, 0, 0), Trans[(256, 2, 8) -> 49.877500036556256]
[Tue Dec  2 15:06:50 2025] >> [t:301] (r: 0.000), [f:     0/1000], inf[8.1e+13], comp[0.0e+00], Q(129, 1, 0, 0), Trans[(512, 2, 8) -> 31.796302199813397]
[Tue Dec  2 15:06:50 2025] >> [t:302] (r:-0.100), [f:   300/1000], inf[3.3e+13], comp[7.9e+13], Q(128, 2, 0, 0), Trans[(256, 2, 8) -> 49.877500036556256]
[Tue Dec  2 15:06:50 2025] >> [t:303] (r:-0.100), [f:   300/1000], inf[3.3e+13], comp[7.9e+13], Q(128, 0, 0, 0), Trans[(256, 2, 8) -> 49.877500036556256]
[Tue Dec  2 15:06:50 2025] >> [t:304] (r: 0.000), [f:     0/1000], inf[3.3e+13], comp[0.0e+00], Q(128, 0, 0, 0), Trans[(256, 2, 8) -> 49.877500036556256]
[Tue Dec  2 15:06:50 2025] >> [t:305] (r: 0.000), [f:     0/1000], inf[8.1e+13], comp[0.0e+00], Q(128, 0, 0, 0), Trans[(512, 2, 8) -> 31.796302199813397]
[Tue Dec  2 15:06:50 2025] >> [t:306] (r: 0.000), [f:     0/1000], inf[8.1e+13], comp[0.0e+00], Q(128, 0, 0, 0), Trans[(512, 2, 8) -> 31.796302199813397]
[Tue Dec  2 15:06:50 2025] >> [t:307] (r: 0.000), [f:     0/1000], inf[8.1e+13], comp[0.0e+00], Q(125, 3, 0, 0), Trans[(512, 2, 8) -> 31.796302199813397]
[Tue Dec  2 15:06:50 2025] >> [t:308] (r:-0.100), [f:   300/1000], inf[3.3e+13], comp[7.9e+13], Q(125, 3, 0, 0), Trans[(256, 2, 8) -> 49.877500036556256]
[Tue Dec  2 15:06:50 2025] >> [t:309] (r:-0.100), [f:   300/1000], inf[3.3e+13], comp[7.9e+13], Q(125, 2, 0, 0), Trans[(256, 2, 8) -> 49.877500036556256]
[Tue Dec  2 15:06:50 2025] >> [t:310] (r:-0.100), [f:   300/1000], inf[3.3e+13], comp[7.9e+13], Q(125, 1, 0, 0), Trans[(256, 2, 8) -> 49.877500036556256]
[Tue Dec  2 15:06:50 2025] >> [t:311] (r:-0.100), [f:   300/1000], inf[3.3e+13], comp[7.9e+13], Q(125, 0, 0, 0), Trans[(256, 2, 8) -> 49.877500036556256]
[Tue Dec  2 15:06:50 2025] >> [t:312] (r: 0.000), [f:     0/1000], inf[3.3e+13], comp[0.0e+00], Q(125, 0, 0, 0), Trans[(256, 2, 8) -> 49.877500036556256]
[Tue Dec  2 15:06:50 2025] >> [t:313] (r: 0.000), [f:     0/1000], inf[8.1e+13], comp[0.0e+00], Q(125, 0, 0, 0), Trans[(512, 2, 8) -> 31.796302199813397]
[Tue Dec  2 15:06:50 2025] >> [t:314] (r: 0.000), [f:     0/1000], inf[8.1e+13], comp[0.0e+00], Q(125, 0, 0, 0), Trans[(512, 2, 8) -> 31.796302199813397]
[Tue Dec  2 15:06:50 2025] >> [t:315] (r: 0.000), [f:     0/1000], inf[8.1e+13], comp[0.0e+00], Q(125, 0, 0, 0), Trans[(512, 2, 8) -> 31.796302199813397]
[Tue Dec  2 15:06:50 2025] >> [t:316] (r: 0.000), [f:     0/1000], inf[8.1e+13], comp[0.0e+00], Q(125, 0, 0, 0), Trans[(512, 2, 8) -> 31.796302199813397]
[Tue Dec  2 15:06:50 2025] >> [t:317] (r: 0.000), [f:     0/1000], inf[8.1e+13], comp[0.0e+00], Q(125, 0, 0, 0), Trans[(512, 2, 8) -> 31.796302199813397]
[Tue Dec  2 15:06:50 2025] >> [t:318] (r: 0.000), [f:     0/1000], inf[8.1e+13], comp[0.0e+00], Q(125, 0, 0, 0), Trans[(512, 2, 8) -> 31.796302199813397]
[Tue Dec  2 15:06:50 2025] >> [t:319] (r: 0.000), [f:     0/1000], inf[8.1e+13], comp[0.0e+00], Q(125, 0, 0, 0), Trans[(512, 2, 8) -> 31.796302199813397]
[Tue Dec  2 15:06:50 2025] >> [t:320] (r: 0.000), [f:     0/1000], inf[8.1e+13], comp[0.0e+00], Q(124, 1, 0, 0), Trans[(512, 2, 8) -> 31.796302199813397]
[Tue Dec  2 15:06:50 2025] >> [t:321] (r:-0.100), [f:   300/1000], inf[3.3e+13], comp[7.9e+13], Q(123, 2, 0, 0), Trans[(256, 2, 8) -> 49.877500036556256]
[Tue Dec  2 15:06:50 2025] >> [t:322] (r:-0.100), [f:   300/1000], inf[3.3e+13], comp[7.9e+13], Q(123, 0, 0, 0), Trans[(256, 2, 8) -> 49.877500036556256]
[Tue Dec  2 15:06:50 2025] >> [t:323] (r: 0.000), [f:     0/1000], inf[3.3e+13], comp[0.0e+00], Q(122, 1, 0, 0), Trans[(256, 2, 8) -> 49.877500036556256]
[Tue Dec  2 15:06:50 2025] >> [t:324] (r:-0.100), [f:   300/1000], inf[3.3e+13], comp[7.9e+13], Q(120, 1, 0, 0), Trans[(256, 2, 8) -> 49.877500036556256]
[Tue Dec  2 15:06:50 2025] >> [t:325] (r:-0.100), [f:   300/1000], inf[3.3e+13], comp[7.9e+13], Q(120, 0, 0, 0), Trans[(256, 2, 8) -> 49.877500036556256]
[Tue Dec  2 15:06:50 2025] >> [t:326] (r: 0.000), [f:     0/1000], inf[3.3e+13], comp[0.0e+00], Q(119, 1, 0, 0), Trans[(256, 2, 8) -> 49.877500036556256]
[Tue Dec  2 15:06:50 2025] >> [t:327] (r:-0.100), [f:   300/1000], inf[3.3e+13], comp[7.9e+13], Q(119, 0, 0, 0), Trans[(256, 2, 8) -> 49.877500036556256]
[Tue Dec  2 15:06:50 2025] >> [t:328] (r: 0.000), [f:     0/1000], inf[3.3e+13], comp[0.0e+00], Q(119, 0, 0, 0), Trans[(256, 2, 8) -> 49.877500036556256]
[Tue Dec  2 15:06:50 2025] >> [t:329] (r: 0.000), [f:     0/1000], inf[8.1e+13], comp[0.0e+00], Q(119, 0, 0, 0), Trans[(512, 2, 8) -> 31.796302199813397]
[Tue Dec  2 15:06:50 2025] >> [t:330] (r: 0.000), [f:     0/1000], inf[8.1e+13], comp[0.0e+00], Q(119, 0, 0, 0), Trans[(512, 2, 8) -> 31.796302199813397]
[Tue Dec  2 15:06:50 2025] >> [t:331] (r: 0.000), [f:     0/1000], inf[8.1e+13], comp[0.0e+00], Q(119, 0, 0, 0), Trans[(512, 2, 8) -> 31.796302199813397]
[Tue Dec  2 15:06:50 2025] >> [t:332] (r: 0.000), [f:     0/1000], inf[8.1e+13], comp[0.0e+00], Q(119, 0, 0, 0), Trans[(512, 2, 8) -> 31.796302199813397]
[Tue Dec  2 15:06:50 2025] >> [t:333] (r: 0.000), [f:     0/1000], inf[8.1e+13], comp[0.0e+00], Q(119, 0, 0, 0), Trans[(512, 2, 8) -> 31.796302199813397]
[Tue Dec  2 15:06:50 2025] >> [t:334] (r: 0.000), [f:     0/1000], inf[8.1e+13], comp[0.0e+00], Q(119, 0, 0, 0), Trans[(512, 2, 8) -> 31.796302199813397]
[Tue Dec  2 15:06:50 2025] >> [t:335] (r: 0.000), [f:     0/1000], inf[8.1e+13], comp[0.0e+00], Q(119, 0, 0, 0), Trans[(512, 2, 8) -> 31.796302199813397]
[Tue Dec  2 15:06:50 2025] >> [t:336] (r: 0.000), [f:     0/1000], inf[8.1e+13], comp[0.0e+00], Q(119, 0, 0, 0), Trans[(512, 2, 8) -> 31.796302199813397]
[Tue Dec  2 15:06:50 2025] >> [t:337] (r: 0.000), [f:     0/1000], inf[8.1e+13], comp[0.0e+00], Q(119, 0, 0, 0), Trans[(512, 2, 8) -> 31.796302199813397]
[Tue Dec  2 15:06:50 2025] >> [t:338] (r: 0.000), [f:     0/1000], inf[8.1e+13], comp[0.0e+00], Q(119, 0, 0, 0), Trans[(512, 2, 8) -> 31.796302199813397]
[Tue Dec  2 15:06:50 2025] >> [t:339] (r: 0.000), [f:     0/1000], inf[8.1e+13], comp[0.0e+00], Q(119, 0, 0, 0), Trans[(512, 2, 8) -> 31.796302199813397]
[Tue Dec  2 15:06:50 2025] >> [t:340] (r: 0.000), [f:     0/1000], inf[8.1e+13], comp[0.0e+00], Q(118, 1, 0, 0), Trans[(512, 2, 8) -> 31.796302199813397]
[Tue Dec  2 15:06:50 2025] >> [t:341] (r:-0.100), [f:   300/1000], inf[3.3e+13], comp[7.9e+13], Q(118, 1, 0, 0), Trans[(256, 2, 8) -> 49.877500036556256]
[Tue Dec  2 15:06:50 2025] >> [t:342] (r:-0.100), [f:   300/1000], inf[3.3e+13], comp[7.9e+13], Q(117, 0, 0, 0), Trans[(256, 2, 8) -> 49.877500036556256]
[Tue Dec  2 15:06:50 2025] >> [t:343] (r: 0.000), [f:     0/1000], inf[3.3e+13], comp[0.0e+00], Q(117, 0, 0, 0), Trans[(256, 2, 8) -> 49.877500036556256]
[Tue Dec  2 15:06:50 2025] >> [t:344] (r: 0.000), [f:     0/1000], inf[8.1e+13], comp[0.0e+00], Q(116, 1, 0, 0), Trans[(512, 2, 8) -> 31.796302199813397]
[Tue Dec  2 15:06:50 2025] >> [t:345] (r:-0.100), [f:   300/1000], inf[3.3e+13], comp[7.9e+13], Q(116, 1, 0, 0), Trans[(256, 2, 8) -> 49.877500036556256]
[Tue Dec  2 15:06:50 2025] >> [t:346] (r:-0.100), [f:   300/1000], inf[3.3e+13], comp[7.9e+13], Q(116, 0, 0, 0), Trans[(256, 2, 8) -> 49.877500036556256]
[Tue Dec  2 15:06:50 2025] >> [t:347] (r: 0.000), [f:     0/1000], inf[3.3e+13], comp[0.0e+00], Q(116, 0, 0, 0), Trans[(256, 2, 8) -> 49.877500036556256]
[Tue Dec  2 15:06:50 2025] >> [t:348] (r: 0.000), [f:     0/1000], inf[8.1e+13], comp[0.0e+00], Q(116, 0, 0, 0), Trans[(512, 2, 8) -> 31.796302199813397]
[Tue Dec  2 15:06:50 2025] >> [t:349] (r: 0.000), [f:     0/1000], inf[8.1e+13], comp[0.0e+00], Q(116, 0, 0, 0), Trans[(512, 2, 8) -> 31.796302199813397]
[Tue Dec  2 15:06:50 2025] >> [t:350] (r: 0.000), [f:     0/1000], inf[8.1e+13], comp[0.0e+00], Q(116, 0, 0, 0), Trans[(512, 2, 8) -> 31.796302199813397]
[Tue Dec  2 15:06:50 2025] >> [t:351] (r: 0.000), [f:     0/1000], inf[8.1e+13], comp[0.0e+00], Q(116, 0, 0, 0), Trans[(512, 2, 8) -> 31.796302199813397]
[Tue Dec  2 15:06:50 2025] >> [t:352] (r: 0.000), [f:     0/1000], inf[8.1e+13], comp[0.0e+00], Q(116, 0, 0, 0), Trans[(512, 2, 8) -> 31.796302199813397]
[Tue Dec  2 15:06:50 2025] >> [t:353] (r: 0.000), [f:     0/1000], inf[8.1e+13], comp[0.0e+00], Q(116, 0, 0, 0), Trans[(512, 2, 8) -> 31.796302199813397]
[Tue Dec  2 15:06:50 2025] >> [t:354] (r: 0.000), [f:     0/1000], inf[8.1e+13], comp[0.0e+00], Q(116, 0, 0, 0), Trans[(512, 2, 8) -> 31.796302199813397]
[Tue Dec  2 15:06:50 2025] >> [t:355] (r: 0.000), [f:     0/1000], inf[8.1e+13], comp[0.0e+00], Q(115, 1, 0, 0), Trans[(512, 2, 8) -> 31.796302199813397]
[Tue Dec  2 15:06:50 2025] >> [t:356] (r:-0.100), [f:   300/1000], inf[3.3e+13], comp[7.9e+13], Q(114, 2, 0, 0), Trans[(256, 2, 8) -> 49.877500036556256]
[Tue Dec  2 15:06:50 2025] >> [t:357] (r:-0.100), [f:   300/1000], inf[3.3e+13], comp[7.9e+13], Q(114, 0, 0, 0), Trans[(256, 2, 8) -> 49.877500036556256]
[Tue Dec  2 15:06:50 2025] >> [t:358] (r: 0.000), [f:     0/1000], inf[3.3e+13], comp[0.0e+00], Q(114, 0, 0, 0), Trans[(256, 2, 8) -> 49.877500036556256]
[Tue Dec  2 15:06:50 2025] >> [t:359] (r: 0.000), [f:     0/1000], inf[8.1e+13], comp[0.0e+00], Q(114, 0, 0, 0), Trans[(512, 2, 8) -> 31.796302199813397]
[Tue Dec  2 15:06:50 2025] >> [t:360] (r: 0.000), [f:     0/1000], inf[8.1e+13], comp[0.0e+00], Q(114, 0, 0, 0), Trans[(512, 2, 8) -> 31.796302199813397]
[Tue Dec  2 15:06:50 2025] >> [t:361] (r: 0.000), [f:     0/1000], inf[8.1e+13], comp[0.0e+00], Q(114, 0, 0, 0), Trans[(512, 2, 8) -> 31.796302199813397]
[Tue Dec  2 15:06:50 2025] >> [t:362] (r: 0.000), [f:     0/1000], inf[8.1e+13], comp[0.0e+00], Q(113, 1, 0, 0), Trans[(512, 2, 8) -> 31.796302199813397]
[Tue Dec  2 15:06:50 2025] >> [t:363] (r:-0.100), [f:   300/1000], inf[3.3e+13], comp[7.9e+13], Q(112, 2, 0, 0), Trans[(256, 2, 8) -> 49.877500036556256]
[Tue Dec  2 15:06:50 2025] >> [t:364] (r:-0.100), [f:   300/1000], inf[3.3e+13], comp[7.9e+13], Q(111, 0, 0, 0), Trans[(256, 2, 8) -> 49.877500036556256]
[Tue Dec  2 15:06:50 2025] >> [t:365] (r: 0.000), [f:     0/1000], inf[3.3e+13], comp[0.0e+00], Q(111, 0, 0, 0), Trans[(256, 2, 8) -> 49.877500036556256]
[Tue Dec  2 15:06:50 2025] >> [t:366] (r: 0.000), [f:     0/1000], inf[8.1e+13], comp[0.0e+00], Q(111, 0, 0, 0), Trans[(512, 2, 8) -> 31.796302199813397]
[Tue Dec  2 15:06:50 2025] >> [t:367] (r: 0.000), [f:     0/1000], inf[8.1e+13], comp[0.0e+00], Q(111, 0, 0, 0), Trans[(512, 2, 8) -> 31.796302199813397]
[Tue Dec  2 15:06:50 2025] >> [t:368] (r: 0.000), [f:     0/1000], inf[8.1e+13], comp[0.0e+00], Q(111, 0, 0, 0), Trans[(512, 2, 8) -> 31.796302199813397]
[Tue Dec  2 15:06:50 2025] >> [t:369] (r: 0.000), [f:     0/1000], inf[8.1e+13], comp[0.0e+00], Q(110, 1, 0, 0), Trans[(512, 2, 8) -> 31.796302199813397]
[Tue Dec  2 15:06:50 2025] >> [t:370] (r:-0.100), [f:   300/1000], inf[3.3e+13], comp[7.9e+13], Q(110, 1, 0, 0), Trans[(256, 2, 8) -> 49.877500036556256]
[Tue Dec  2 15:06:50 2025] >> [t:371] (r:-0.100), [f:   300/1000], inf[3.3e+13], comp[7.9e+13], Q(110, 0, 0, 0), Trans[(256, 2, 8) -> 49.877500036556256]
[Tue Dec  2 15:06:50 2025] >> [t:372] (r: 0.000), [f:     0/1000], inf[3.3e+13], comp[0.0e+00], Q(110, 0, 0, 0), Trans[(256, 2, 8) -> 49.877500036556256]
[Tue Dec  2 15:06:50 2025] >> [t:373] (r: 0.000), [f:     0/1000], inf[8.1e+13], comp[0.0e+00], Q(110, 0, 0, 0), Trans[(512, 2, 8) -> 31.796302199813397]
[Tue Dec  2 15:06:50 2025] >> [t:374] (r: 0.000), [f:     0/1000], inf[8.1e+13], comp[0.0e+00], Q(110, 0, 0, 0), Trans[(512, 2, 8) -> 31.796302199813397]
[Tue Dec  2 15:06:50 2025] >> [t:375] (r: 0.000), [f:     0/1000], inf[8.1e+13], comp[0.0e+00], Q(110, 0, 0, 0), Trans[(512, 2, 8) -> 31.796302199813397]
[Tue Dec  2 15:06:50 2025] >> [t:376] (r: 0.000), [f:     0/1000], inf[8.1e+13], comp[0.0e+00], Q(109, 1, 0, 0), Trans[(512, 2, 8) -> 31.796302199813397]
[Tue Dec  2 15:06:50 2025] >> [t:377] (r:-0.100), [f:   300/1000], inf[3.3e+13], comp[7.9e+13], Q(108, 2, 0, 0), Trans[(256, 2, 8) -> 49.877500036556256]
[Tue Dec  2 15:06:50 2025] >> [t:378] (r:-0.100), [f:   300/1000], inf[3.3e+13], comp[7.9e+13], Q(108, 0, 0, 0), Trans[(256, 2, 8) -> 49.877500036556256]
[Tue Dec  2 15:06:50 2025] >> [t:379] (r: 0.000), [f:     0/1000], inf[3.3e+13], comp[0.0e+00], Q(108, 0, 0, 0), Trans[(256, 2, 8) -> 49.877500036556256]
[Tue Dec  2 15:06:50 2025] >> [t:380] (r: 0.000), [f:     0/1000], inf[8.1e+13], comp[0.0e+00], Q(108, 0, 0, 0), Trans[(512, 2, 8) -> 31.796302199813397]
[Tue Dec  2 15:06:50 2025] >> [t:381] (r: 0.000), [f:     0/1000], inf[8.1e+13], comp[0.0e+00], Q(107, 1, 0, 0), Trans[(512, 2, 8) -> 31.796302199813397]
[Tue Dec  2 15:06:50 2025] >> [t:382] (r:-0.100), [f:   300/1000], inf[3.3e+13], comp[7.9e+13], Q(106, 2, 0, 0), Trans[(256, 2, 8) -> 49.877500036556256]
[Tue Dec  2 15:06:50 2025] >> [t:383] (r:-0.100), [f:   300/1000], inf[3.3e+13], comp[7.9e+13], Q(106, 0, 0, 0), Trans[(256, 2, 8) -> 49.877500036556256]
[Tue Dec  2 15:06:50 2025] >> [t:384] (r: 0.000), [f:     0/1000], inf[3.3e+13], comp[0.0e+00], Q(106, 0, 0, 0), Trans[(256, 2, 8) -> 49.877500036556256]
[Tue Dec  2 15:06:50 2025] >> [t:385] (r: 0.000), [f:     0/1000], inf[8.1e+13], comp[0.0e+00], Q(105, 1, 0, 0), Trans[(512, 2, 8) -> 31.796302199813397]
[Tue Dec  2 15:06:50 2025] >> [t:386] (r:-0.100), [f:   300/1000], inf[3.3e+13], comp[7.9e+13], Q(105, 1, 0, 0), Trans[(256, 2, 8) -> 49.877500036556256]
[Tue Dec  2 15:06:50 2025] >> [t:387] (r:-0.100), [f:   300/1000], inf[3.3e+13], comp[7.9e+13], Q(105, 0, 0, 0), Trans[(256, 2, 8) -> 49.877500036556256]
[Tue Dec  2 15:06:50 2025] >> [t:388] (r: 0.000), [f:     0/1000], inf[3.3e+13], comp[0.0e+00], Q(105, 0, 0, 0), Trans[(256, 2, 8) -> 49.877500036556256]
[Tue Dec  2 15:06:50 2025] >> [t:389] (r: 0.000), [f:     0/1000], inf[8.1e+13], comp[0.0e+00], Q(104, 1, 0, 0), Trans[(512, 2, 8) -> 31.796302199813397]
[Tue Dec  2 15:06:50 2025] >> [t:390] (r:-0.100), [f:   300/1000], inf[3.3e+13], comp[7.9e+13], Q(104, 1, 0, 0), Trans[(256, 2, 8) -> 49.877500036556256]
[Tue Dec  2 15:06:50 2025] >> [t:391] (r:-0.100), [f:   300/1000], inf[3.3e+13], comp[7.9e+13], Q(103, 0, 0, 0), Trans[(256, 2, 8) -> 49.877500036556256]
[Tue Dec  2 15:06:50 2025] >> [t:392] (r: 0.000), [f:     0/1000], inf[3.3e+13], comp[0.0e+00], Q(103, 0, 0, 0), Trans[(256, 2, 8) -> 49.877500036556256]
[Tue Dec  2 15:06:50 2025] >> [t:393] (r: 0.000), [f:     0/1000], inf[8.1e+13], comp[0.0e+00], Q(102, 1, 0, 0), Trans[(512, 2, 8) -> 31.796302199813397]
[Tue Dec  2 15:06:50 2025] >> [t:394] (r:-0.100), [f:   300/1000], inf[3.3e+13], comp[7.9e+13], Q(102, 1, 0, 0), Trans[(256, 2, 8) -> 49.877500036556256]
[Tue Dec  2 15:06:50 2025] >> [t:395] (r:-0.100), [f:   300/1000], inf[3.3e+13], comp[7.9e+13], Q(102, 0, 0, 0), Trans[(256, 2, 8) -> 49.877500036556256]
[Tue Dec  2 15:06:50 2025] >> [t:396] (r: 0.000), [f:     0/1000], inf[3.3e+13], comp[0.0e+00], Q(102, 0, 0, 0), Trans[(256, 2, 8) -> 49.877500036556256]
[Tue Dec  2 15:06:50 2025] >> [t:397] (r: 0.000), [f:     0/1000], inf[8.1e+13], comp[0.0e+00], Q(102, 0, 0, 0), Trans[(512, 2, 8) -> 31.796302199813397]
[Tue Dec  2 15:06:50 2025] >> [t:398] (r: 0.000), [f:     0/1000], inf[8.1e+13], comp[0.0e+00], Q(101, 1, 0, 0), Trans[(512, 2, 8) -> 31.796302199813397]
[Tue Dec  2 15:06:50 2025] >> [t:399] (r:-0.100), [f:   300/1000], inf[3.3e+13], comp[7.9e+13], Q(101, 1, 0, 0), Trans[(256, 2, 8) -> 49.877500036556256]
[Tue Dec  2 15:06:50 2025] >> [t:400] (r:-0.100), [f:   300/1000], inf[3.3e+13], comp[7.9e+13], Q(101, 0, 0, 0), Trans[(256, 2, 8) -> 49.877500036556256]
[Tue Dec  2 15:06:50 2025] >> [t:401] (r: 0.000), [f:     0/1000], inf[3.3e+13], comp[0.0e+00], Q(101, 0, 0, 0), Trans[(256, 2, 8) -> 49.877500036556256]
[Tue Dec  2 15:06:50 2025] >> [t:402] (r: 0.000), [f:     0/1000], inf[8.1e+13], comp[0.0e+00], Q(100, 1, 0, 0), Trans[(512, 2, 8) -> 31.796302199813397]
[Tue Dec  2 15:06:50 2025] >> [t:403] (r:-0.100), [f:   300/1000], inf[3.3e+13], comp[7.9e+13], Q(99, 2, 0, 0), Trans[(256, 2, 8) -> 49.877500036556256]
[Tue Dec  2 15:06:50 2025] >> [t:404] (r:-0.100), [f:   300/1000], inf[3.3e+13], comp[7.9e+13], Q(99, 0, 0, 0), Trans[(256, 2, 8) -> 49.877500036556256]
[Tue Dec  2 15:06:50 2025] >> [t:405] (r: 0.000), [f:     0/1000], inf[3.3e+13], comp[0.0e+00], Q(99, 0, 0, 0), Trans[(256, 2, 8) -> 49.877500036556256]
[Tue Dec  2 15:06:50 2025] >> [t:406] (r: 0.000), [f:     0/1000], inf[8.1e+13], comp[0.0e+00], Q(99, 0, 0, 0), Trans[(512, 2, 8) -> 31.796302199813397]
[Tue Dec  2 15:06:50 2025] >> [t:407] (r: 0.000), [f:     0/1000], inf[8.1e+13], comp[0.0e+00], Q(99, 0, 0, 0), Trans[(512, 2, 8) -> 31.796302199813397]
[Tue Dec  2 15:06:50 2025] >> [t:408] (r: 0.000), [f:     0/1000], inf[8.1e+13], comp[0.0e+00], Q(99, 0, 0, 0), Trans[(512, 2, 8) -> 31.796302199813397]
[Tue Dec  2 15:06:50 2025] >> [t:409] (r: 0.000), [f:     0/1000], inf[8.1e+13], comp[0.0e+00], Q(99, 0, 0, 0), Trans[(512, 2, 8) -> 31.796302199813397]
[Tue Dec  2 15:06:50 2025] >> [t:410] (r: 0.000), [f:     0/1000], inf[8.1e+13], comp[0.0e+00], Q(99, 0, 0, 0), Trans[(512, 2, 8) -> 31.796302199813397]
[Tue Dec  2 15:06:50 2025] >> [t:411] (r: 0.000), [f:     0/1000], inf[8.1e+13], comp[0.0e+00], Q(99, 0, 0, 0), Trans[(512, 2, 8) -> 31.796302199813397]
[Tue Dec  2 15:06:50 2025] >> [t:412] (r: 0.000), [f:     0/1000], inf[8.1e+13], comp[0.0e+00], Q(99, 0, 0, 0), Trans[(512, 2, 8) -> 31.796302199813397]
[Tue Dec  2 15:06:50 2025] >> [t:413] (r: 0.000), [f:     0/1000], inf[8.1e+13], comp[0.0e+00], Q(99, 0, 0, 0), Trans[(512, 2, 8) -> 31.796302199813397]
[Tue Dec  2 15:06:50 2025] >> [t:414] (r: 0.000), [f:     0/1000], inf[8.1e+13], comp[0.0e+00], Q(98, 1, 0, 0), Trans[(512, 2, 8) -> 31.796302199813397]
[Tue Dec  2 15:06:50 2025] >> [t:415] (r:-0.100), [f:   300/1000], inf[3.3e+13], comp[7.9e+13], Q(98, 1, 0, 0), Trans[(256, 2, 8) -> 49.877500036556256]
[Tue Dec  2 15:06:50 2025] >> [t:416] (r:-0.100), [f:   300/1000], inf[3.3e+13], comp[7.9e+13], Q(97, 0, 0, 0), Trans[(256, 2, 8) -> 49.877500036556256]
[Tue Dec  2 15:06:50 2025] >> [t:417] (r: 0.000), [f:     0/1000], inf[3.3e+13], comp[0.0e+00], Q(97, 0, 0, 0), Trans[(256, 2, 8) -> 49.877500036556256]
[Tue Dec  2 15:06:50 2025] >> [t:418] (r: 0.000), [f:     0/1000], inf[8.1e+13], comp[0.0e+00], Q(97, 0, 0, 0), Trans[(512, 2, 8) -> 31.796302199813397]
[Tue Dec  2 15:06:50 2025] >> [t:419] (r: 0.000), [f:     0/1000], inf[8.1e+13], comp[0.0e+00], Q(96, 1, 0, 0), Trans[(512, 2, 8) -> 31.796302199813397]
[Tue Dec  2 15:06:50 2025] >> [t:420] (r:-0.100), [f:   300/1000], inf[3.3e+13], comp[7.9e+13], Q(96, 1, 0, 0), Trans[(256, 2, 8) -> 49.877500036556256]
[Tue Dec  2 15:06:50 2025] >> [t:421] (r:-0.100), [f:   300/1000], inf[3.3e+13], comp[7.9e+13], Q(96, 0, 0, 0), Trans[(256, 2, 8) -> 49.877500036556256]
[Tue Dec  2 15:06:50 2025] >> [t:422] (r: 0.000), [f:     0/1000], inf[3.3e+13], comp[0.0e+00], Q(96, 0, 0, 0), Trans[(256, 2, 8) -> 49.877500036556256]
[Tue Dec  2 15:06:50 2025] >> [t:423] (r: 0.000), [f:     0/1000], inf[8.1e+13], comp[0.0e+00], Q(96, 0, 0, 0), Trans[(512, 2, 8) -> 31.796302199813397]
[Tue Dec  2 15:06:50 2025] >> [t:424] (r: 0.000), [f:     0/1000], inf[8.1e+13], comp[0.0e+00], Q(95, 1, 0, 0), Trans[(512, 2, 8) -> 31.796302199813397]
[Tue Dec  2 15:06:50 2025] >> [t:425] (r:-0.100), [f:   300/1000], inf[3.3e+13], comp[7.9e+13], Q(95, 1, 0, 0), Trans[(256, 2, 8) -> 49.877500036556256]
[Tue Dec  2 15:06:50 2025] >> [t:426] (r:-0.100), [f:   300/1000], inf[3.3e+13], comp[7.9e+13], Q(95, 0, 0, 0), Trans[(256, 2, 8) -> 49.877500036556256]
[Tue Dec  2 15:06:50 2025] >> [t:427] (r: 0.000), [f:     0/1000], inf[3.3e+13], comp[0.0e+00], Q(95, 0, 0, 0), Trans[(256, 2, 8) -> 49.877500036556256]
[Tue Dec  2 15:06:50 2025] >> [t:428] (r: 0.000), [f:     0/1000], inf[8.1e+13], comp[0.0e+00], Q(95, 0, 0, 0), Trans[(512, 2, 8) -> 31.796302199813397]
[Tue Dec  2 15:06:50 2025] >> [t:429] (r: 0.000), [f:     0/1000], inf[8.1e+13], comp[0.0e+00], Q(95, 0, 0, 0), Trans[(512, 2, 8) -> 31.796302199813397]
[Tue Dec  2 15:06:50 2025] >> [t:430] (r: 0.000), [f:     0/1000], inf[8.1e+13], comp[0.0e+00], Q(95, 0, 0, 0), Trans[(512, 2, 8) -> 31.796302199813397]
[Tue Dec  2 15:06:50 2025] >> [t:431] (r: 0.000), [f:     0/1000], inf[8.1e+13], comp[0.0e+00], Q(95, 0, 0, 0), Trans[(512, 2, 8) -> 31.796302199813397]
[Tue Dec  2 15:06:50 2025] >> [t:432] (r: 0.000), [f:     0/1000], inf[8.1e+13], comp[0.0e+00], Q(95, 0, 0, 0), Trans[(512, 2, 8) -> 31.796302199813397]
[Tue Dec  2 15:06:50 2025] >> [t:433] (r: 0.000), [f:     0/1000], inf[8.1e+13], comp[0.0e+00], Q(95, 0, 0, 0), Trans[(512, 2, 8) -> 31.796302199813397]
[Tue Dec  2 15:06:50 2025] >> [t:434] (r: 0.000), [f:     0/1000], inf[8.1e+13], comp[0.0e+00], Q(95, 0, 0, 0), Trans[(512, 2, 8) -> 31.796302199813397]
[Tue Dec  2 15:06:50 2025] >> [t:435] (r: 0.000), [f:     0/1000], inf[8.1e+13], comp[0.0e+00], Q(95, 0, 0, 0), Trans[(512, 2, 8) -> 31.796302199813397]
[Tue Dec  2 15:06:50 2025] >> [t:436] (r: 0.000), [f:     0/1000], inf[8.1e+13], comp[0.0e+00], Q(95, 0, 0, 0), Trans[(512, 2, 8) -> 31.796302199813397]
[Tue Dec  2 15:06:50 2025] >> [t:437] (r: 0.000), [f:     0/1000], inf[8.1e+13], comp[0.0e+00], Q(94, 1, 0, 0), Trans[(512, 2, 8) -> 31.796302199813397]
[Tue Dec  2 15:06:50 2025] >> [t:438] (r:-0.100), [f:   300/1000], inf[3.3e+13], comp[7.9e+13], Q(94, 1, 0, 0), Trans[(256, 2, 8) -> 49.877500036556256]
[Tue Dec  2 15:06:50 2025] >> [t:439] (r:-0.100), [f:   300/1000], inf[3.3e+13], comp[7.9e+13], Q(94, 0, 0, 0), Trans[(256, 2, 8) -> 49.877500036556256]
[Tue Dec  2 15:06:50 2025] >> [t:440] (r: 0.000), [f:     0/1000], inf[3.3e+13], comp[0.0e+00], Q(94, 0, 0, 0), Trans[(256, 2, 8) -> 49.877500036556256]
[Tue Dec  2 15:06:50 2025] >> [t:441] (r: 0.000), [f:     0/1000], inf[8.1e+13], comp[0.0e+00], Q(93, 1, 0, 0), Trans[(512, 2, 8) -> 31.796302199813397]
[Tue Dec  2 15:06:50 2025] >> [t:442] (r:-0.100), [f:   300/1000], inf[3.3e+13], comp[7.9e+13], Q(93, 1, 0, 0), Trans[(256, 2, 8) -> 49.877500036556256]
[Tue Dec  2 15:06:50 2025] >> [t:443] (r:-0.100), [f:   300/1000], inf[3.3e+13], comp[7.9e+13], Q(93, 0, 0, 0), Trans[(256, 2, 8) -> 49.877500036556256]
[Tue Dec  2 15:06:50 2025] >> [t:444] (r: 0.000), [f:     0/1000], inf[3.3e+13], comp[0.0e+00], Q(93, 0, 0, 0), Trans[(256, 2, 8) -> 49.877500036556256]
[Tue Dec  2 15:06:50 2025] >> [t:445] (r: 0.000), [f:     0/1000], inf[8.1e+13], comp[0.0e+00], Q(93, 0, 0, 0), Trans[(512, 2, 8) -> 31.796302199813397]
[Tue Dec  2 15:06:50 2025] >> [t:446] (r: 0.000), [f:     0/1000], inf[8.1e+13], comp[0.0e+00], Q(93, 0, 0, 0), Trans[(512, 2, 8) -> 31.796302199813397]
[Tue Dec  2 15:06:50 2025] >> [t:447] (r: 0.000), [f:     0/1000], inf[8.1e+13], comp[0.0e+00], Q(93, 0, 0, 0), Trans[(512, 2, 8) -> 31.796302199813397]
[Tue Dec  2 15:06:50 2025] >> [t:448] (r: 0.000), [f:     0/1000], inf[8.1e+13], comp[0.0e+00], Q(93, 0, 0, 0), Trans[(512, 2, 8) -> 31.796302199813397]
[Tue Dec  2 15:06:50 2025] >> [t:449] (r: 0.000), [f:     0/1000], inf[8.1e+13], comp[0.0e+00], Q(93, 0, 0, 0), Trans[(512, 2, 8) -> 31.796302199813397]
[Tue Dec  2 15:06:50 2025] >> [t:450] (r: 0.000), [f:     0/1000], inf[8.1e+13], comp[0.0e+00], Q(93, 0, 0, 0), Trans[(512, 2, 8) -> 31.796302199813397]
[Tue Dec  2 15:06:50 2025] >> [t:451] (r: 0.000), [f:     0/1000], inf[8.1e+13], comp[0.0e+00], Q(93, 0, 0, 0), Trans[(512, 2, 8) -> 31.796302199813397]
[Tue Dec  2 15:06:50 2025] >> [t:452] (r: 0.000), [f:     0/1000], inf[8.1e+13], comp[0.0e+00], Q(93, 0, 0, 0), Trans[(512, 2, 8) -> 31.796302199813397]
[Tue Dec  2 15:06:50 2025] >> [t:453] (r: 0.000), [f:     0/1000], inf[8.1e+13], comp[0.0e+00], Q(92, 1, 0, 0), Trans[(512, 2, 8) -> 31.796302199813397]
[Tue Dec  2 15:06:50 2025] >> [t:454] (r:-0.100), [f:   300/1000], inf[3.3e+13], comp[7.9e+13], Q(90, 3, 0, 0), Trans[(256, 2, 8) -> 49.877500036556256]
[Tue Dec  2 15:06:50 2025] >> [t:455] (r:-0.100), [f:   300/1000], inf[3.3e+13], comp[7.9e+13], Q(90, 0, 0, 0), Trans[(256, 2, 8) -> 49.877500036556256]
[Tue Dec  2 15:06:50 2025] >> [t:456] (r: 0.000), [f:     0/1000], inf[3.3e+13], comp[0.0e+00], Q(89, 1, 0, 0), Trans[(256, 2, 8) -> 49.877500036556256]
[Tue Dec  2 15:06:50 2025] >> [t:457] (r:-0.100), [f:   300/1000], inf[3.3e+13], comp[7.9e+13], Q(89, 0, 0, 0), Trans[(256, 2, 8) -> 49.877500036556256]
[Tue Dec  2 15:06:50 2025] >> [t:458] (r: 0.000), [f:     0/1000], inf[3.3e+13], comp[0.0e+00], Q(89, 0, 0, 0), Trans[(256, 2, 8) -> 49.877500036556256]
[Tue Dec  2 15:06:50 2025] >> [t:459] (r: 0.000), [f:     0/1000], inf[8.1e+13], comp[0.0e+00], Q(89, 0, 0, 0), Trans[(512, 2, 8) -> 31.796302199813397]
[Tue Dec  2 15:06:50 2025] >> [t:460] (r: 0.000), [f:     0/1000], inf[8.1e+13], comp[0.0e+00], Q(89, 0, 0, 0), Trans[(512, 2, 8) -> 31.796302199813397]
[Tue Dec  2 15:06:50 2025] >> [t:461] (r: 0.000), [f:     0/1000], inf[8.1e+13], comp[0.0e+00], Q(89, 0, 0, 0), Trans[(512, 2, 8) -> 31.796302199813397]
[Tue Dec  2 15:06:50 2025] >> [t:462] (r: 0.000), [f:     0/1000], inf[8.1e+13], comp[0.0e+00], Q(89, 0, 0, 0), Trans[(512, 2, 8) -> 31.796302199813397]
[Tue Dec  2 15:06:50 2025] >> [t:463] (r: 0.000), [f:     0/1000], inf[8.1e+13], comp[0.0e+00], Q(89, 0, 0, 0), Trans[(512, 2, 8) -> 31.796302199813397]
[Tue Dec  2 15:06:50 2025] >> [t:464] (r: 0.000), [f:     0/1000], inf[8.1e+13], comp[0.0e+00], Q(89, 0, 0, 0), Trans[(512, 2, 8) -> 31.796302199813397]
[Tue Dec  2 15:06:50 2025] >> [t:465] (r: 0.000), [f:     0/1000], inf[8.1e+13], comp[0.0e+00], Q(89, 0, 0, 0), Trans[(512, 2, 8) -> 31.796302199813397]
[Tue Dec  2 15:06:50 2025] >> [t:466] (r: 0.000), [f:     0/1000], inf[8.1e+13], comp[0.0e+00], Q(88, 1, 0, 0), Trans[(512, 2, 8) -> 31.796302199813397]
[Tue Dec  2 15:06:50 2025] >> [t:467] (r:-0.100), [f:   300/1000], inf[3.3e+13], comp[7.9e+13], Q(87, 2, 0, 0), Trans[(256, 2, 8) -> 49.877500036556256]
[Tue Dec  2 15:06:50 2025] >> [t:468] (r:-0.100), [f:   300/1000], inf[3.3e+13], comp[7.9e+13], Q(87, 0, 0, 0), Trans[(256, 2, 8) -> 49.877500036556256]
[Tue Dec  2 15:06:50 2025] >> [t:469] (r: 0.000), [f:     0/1000], inf[3.3e+13], comp[0.0e+00], Q(86, 1, 0, 0), Trans[(256, 2, 8) -> 49.877500036556256]
[Tue Dec  2 15:06:50 2025] >> [t:470] (r:-0.100), [f:   300/1000], inf[3.3e+13], comp[7.9e+13], Q(86, 0, 0, 0), Trans[(256, 2, 8) -> 49.877500036556256]
[Tue Dec  2 15:06:50 2025] >> [t:471] (r: 0.000), [f:     0/1000], inf[3.3e+13], comp[0.0e+00], Q(85, 1, 0, 0), Trans[(256, 2, 8) -> 49.877500036556256]
[Tue Dec  2 15:06:50 2025] >> [t:472] (r:-0.100), [f:   300/1000], inf[3.3e+13], comp[7.9e+13], Q(85, 0, 0, 0), Trans[(256, 2, 8) -> 49.877500036556256]
[Tue Dec  2 15:06:50 2025] >> [t:473] (r: 0.000), [f:     0/1000], inf[3.3e+13], comp[0.0e+00], Q(85, 0, 0, 0), Trans[(256, 2, 8) -> 49.877500036556256]
[Tue Dec  2 15:06:50 2025] >> [t:474] (r: 0.000), [f:     0/1000], inf[8.1e+13], comp[0.0e+00], Q(84, 1, 0, 0), Trans[(512, 2, 8) -> 31.796302199813397]
[Tue Dec  2 15:06:50 2025] >> [t:475] (r:-0.100), [f:   300/1000], inf[3.3e+13], comp[7.9e+13], Q(84, 1, 0, 0), Trans[(256, 2, 8) -> 49.877500036556256]
[Tue Dec  2 15:06:50 2025] >> [t:476] (r:-0.100), [f:   300/1000], inf[3.3e+13], comp[7.9e+13], Q(84, 0, 0, 0), Trans[(256, 2, 8) -> 49.877500036556256]
[Tue Dec  2 15:06:50 2025] >> [t:477] (r: 0.000), [f:     0/1000], inf[3.3e+13], comp[0.0e+00], Q(84, 0, 0, 0), Trans[(256, 2, 8) -> 49.877500036556256]
[Tue Dec  2 15:06:50 2025] >> [t:478] (r: 0.000), [f:     0/1000], inf[8.1e+13], comp[0.0e+00], Q(84, 0, 0, 0), Trans[(512, 2, 8) -> 31.796302199813397]
[Tue Dec  2 15:06:50 2025] >> [t:479] (r: 0.000), [f:     0/1000], inf[8.1e+13], comp[0.0e+00], Q(84, 0, 0, 0), Trans[(512, 2, 8) -> 31.796302199813397]
[Tue Dec  2 15:06:50 2025] >> [t:480] (r: 0.000), [f:     0/1000], inf[8.1e+13], comp[0.0e+00], Q(84, 0, 0, 0), Trans[(512, 2, 8) -> 31.796302199813397]
[Tue Dec  2 15:06:50 2025] >> [t:481] (r: 0.000), [f:     0/1000], inf[8.1e+13], comp[0.0e+00], Q(83, 1, 0, 0), Trans[(512, 2, 8) -> 31.796302199813397]
[Tue Dec  2 15:06:50 2025] >> [t:482] (r:-0.100), [f:   300/1000], inf[3.3e+13], comp[7.9e+13], Q(82, 2, 0, 0), Trans[(256, 2, 8) -> 49.877500036556256]
[Tue Dec  2 15:06:50 2025] >> [t:483] (r:-0.100), [f:   300/1000], inf[3.3e+13], comp[7.9e+13], Q(81, 0, 0, 0), Trans[(256, 2, 8) -> 49.877500036556256]
[Tue Dec  2 15:06:50 2025] >> [t:484] (r: 0.000), [f:     0/1000], inf[3.3e+13], comp[0.0e+00], Q(81, 0, 0, 0), Trans[(256, 2, 8) -> 49.877500036556256]
[Tue Dec  2 15:06:50 2025] >> [t:485] (r: 0.000), [f:     0/1000], inf[8.1e+13], comp[0.0e+00], Q(81, 0, 0, 0), Trans[(512, 2, 8) -> 31.796302199813397]
[Tue Dec  2 15:06:50 2025] >> [t:486] (r: 0.000), [f:     0/1000], inf[8.1e+13], comp[0.0e+00], Q(81, 0, 0, 0), Trans[(512, 2, 8) -> 31.796302199813397]
[Tue Dec  2 15:06:50 2025] >> [t:487] (r: 0.000), [f:     0/1000], inf[8.1e+13], comp[0.0e+00], Q(80, 1, 0, 0), Trans[(512, 2, 8) -> 31.796302199813397]
[Tue Dec  2 15:06:50 2025] >> [t:488] (r:-0.100), [f:   300/1000], inf[3.3e+13], comp[7.9e+13], Q(80, 1, 0, 0), Trans[(256, 2, 8) -> 49.877500036556256]
[Tue Dec  2 15:06:50 2025] >> [t:489] (r:-0.100), [f:   300/1000], inf[3.3e+13], comp[7.9e+13], Q(80, 0, 0, 0), Trans[(256, 2, 8) -> 49.877500036556256]
[Tue Dec  2 15:06:50 2025] >> [t:490] (r: 0.000), [f:     0/1000], inf[3.3e+13], comp[0.0e+00], Q(80, 0, 0, 0), Trans[(256, 2, 8) -> 49.877500036556256]
[Tue Dec  2 15:06:50 2025] >> [t:491] (r: 0.000), [f:     0/1000], inf[8.1e+13], comp[0.0e+00], Q(80, 0, 0, 0), Trans[(512, 2, 8) -> 31.796302199813397]
[Tue Dec  2 15:06:50 2025] >> [t:492] (r: 0.000), [f:     0/1000], inf[8.1e+13], comp[0.0e+00], Q(80, 0, 0, 0), Trans[(512, 2, 8) -> 31.796302199813397]
[Tue Dec  2 15:06:50 2025] >> [t:493] (r: 0.000), [f:     0/1000], inf[8.1e+13], comp[0.0e+00], Q(80, 0, 0, 0), Trans[(512, 2, 8) -> 31.796302199813397]
[Tue Dec  2 15:06:50 2025] >> [t:494] (r: 0.000), [f:     0/1000], inf[8.1e+13], comp[0.0e+00], Q(80, 0, 0, 0), Trans[(512, 2, 8) -> 31.796302199813397]
[Tue Dec  2 15:06:50 2025] >> [t:495] (r: 0.000), [f:     0/1000], inf[8.1e+13], comp[0.0e+00], Q(80, 0, 0, 0), Trans[(512, 2, 8) -> 31.796302199813397]
[Tue Dec  2 15:06:50 2025] >> [t:496] (r: 0.000), [f:     0/1000], inf[8.1e+13], comp[0.0e+00], Q(79, 1, 0, 0), Trans[(512, 2, 8) -> 31.796302199813397]
[Tue Dec  2 15:06:50 2025] >> [t:497] (r:-0.100), [f:   300/1000], inf[3.3e+13], comp[7.9e+13], Q(79, 1, 0, 0), Trans[(256, 2, 8) -> 49.877500036556256]
[Tue Dec  2 15:06:50 2025] >> [t:498] (r:-0.100), [f:   300/1000], inf[3.3e+13], comp[7.9e+13], Q(79, 0, 0, 0), Trans[(256, 2, 8) -> 49.877500036556256]
[Tue Dec  2 15:06:50 2025] >> [t:499] (r: 0.000), [f:     0/1000], inf[3.3e+13], comp[0.0e+00], Q(79, 0, 0, 0), Trans[(256, 2, 8) -> 49.877500036556256]
[Tue Dec  2 15:06:50 2025] >> [t:500] (r: 0.000), [f:     0/1000], inf[8.1e+13], comp[0.0e+00], Q(79, 0, 0, 0), Trans[(512, 2, 8) -> 31.796302199813397]
[Tue Dec  2 15:06:50 2025] >> [t:501] (r: 0.000), [f:     0/1000], inf[8.1e+13], comp[0.0e+00], Q(79, 0, 0, 0), Trans[(512, 2, 8) -> 31.796302199813397]
[Tue Dec  2 15:06:50 2025] >> [t:502] (r: 0.000), [f:     0/1000], inf[8.1e+13], comp[0.0e+00], Q(79, 0, 0, 0), Trans[(512, 2, 8) -> 31.796302199813397]
[Tue Dec  2 15:06:50 2025] >> [t:503] (r: 0.000), [f:     0/1000], inf[8.1e+13], comp[0.0e+00], Q(79, 0, 0, 0), Trans[(512, 2, 8) -> 31.796302199813397]
[Tue Dec  2 15:06:50 2025] >> [t:504] (r: 0.000), [f:     0/1000], inf[8.1e+13], comp[0.0e+00], Q(79, 0, 0, 0), Trans[(512, 2, 8) -> 31.796302199813397]
[Tue Dec  2 15:06:50 2025] >> [t:505] (r: 0.000), [f:     0/1000], inf[8.1e+13], comp[0.0e+00], Q(79, 0, 0, 0), Trans[(512, 2, 8) -> 31.796302199813397]
[Tue Dec  2 15:06:50 2025] >> [t:506] (r: 0.000), [f:     0/1000], inf[8.1e+13], comp[0.0e+00], Q(79, 0, 0, 0), Trans[(512, 2, 8) -> 31.796302199813397]
[Tue Dec  2 15:06:50 2025] >> [t:507] (r: 0.000), [f:     0/1000], inf[8.1e+13], comp[0.0e+00], Q(79, 0, 0, 0), Trans[(512, 2, 8) -> 31.796302199813397]
[Tue Dec  2 15:06:50 2025] >> [t:508] (r: 0.000), [f:     0/1000], inf[8.1e+13], comp[0.0e+00], Q(79, 0, 0, 0), Trans[(512, 2, 8) -> 31.796302199813397]
[Tue Dec  2 15:06:50 2025] >> [t:509] (r: 0.000), [f:     0/1000], inf[8.1e+13], comp[0.0e+00], Q(78, 1, 0, 0), Trans[(512, 2, 8) -> 31.796302199813397]
[Tue Dec  2 15:06:50 2025] >> [t:510] (r:-0.100), [f:   300/1000], inf[3.3e+13], comp[7.9e+13], Q(77, 2, 0, 0), Trans[(256, 2, 8) -> 49.877500036556256]
[Tue Dec  2 15:06:50 2025] >> [t:511] (r:-0.100), [f:   300/1000], inf[3.3e+13], comp[7.9e+13], Q(77, 0, 0, 0), Trans[(256, 2, 8) -> 49.877500036556256]
[Tue Dec  2 15:06:50 2025] >> [t:512] (r: 0.000), [f:     0/1000], inf[3.3e+13], comp[0.0e+00], Q(77, 0, 0, 0), Trans[(256, 2, 8) -> 49.877500036556256]
[Tue Dec  2 15:06:50 2025] >> [t:513] (r: 0.000), [f:     0/1000], inf[8.1e+13], comp[0.0e+00], Q(77, 0, 0, 0), Trans[(512, 2, 8) -> 31.796302199813397]
[Tue Dec  2 15:06:50 2025] >> [t:514] (r: 0.000), [f:     0/1000], inf[8.1e+13], comp[0.0e+00], Q(76, 1, 0, 0), Trans[(512, 2, 8) -> 31.796302199813397]
[Tue Dec  2 15:06:50 2025] >> [t:515] (r:-0.100), [f:   300/1000], inf[3.3e+13], comp[7.9e+13], Q(76, 1, 0, 0), Trans[(256, 2, 8) -> 49.877500036556256]
[Tue Dec  2 15:06:50 2025] >> [t:516] (r:-0.100), [f:   300/1000], inf[3.3e+13], comp[7.9e+13], Q(76, 0, 0, 0), Trans[(256, 2, 8) -> 49.877500036556256]
[Tue Dec  2 15:06:50 2025] >> [t:517] (r: 0.000), [f:     0/1000], inf[3.3e+13], comp[0.0e+00], Q(75, 1, 0, 0), Trans[(256, 2, 8) -> 49.877500036556256]
[Tue Dec  2 15:06:50 2025] >> [t:518] (r:-0.100), [f:   300/1000], inf[3.3e+13], comp[7.9e+13], Q(75, 0, 0, 0), Trans[(256, 2, 8) -> 49.877500036556256]
[Tue Dec  2 15:06:50 2025] >> [t:519] (r: 0.000), [f:     0/1000], inf[3.3e+13], comp[0.0e+00], Q(75, 0, 0, 0), Trans[(256, 2, 8) -> 49.877500036556256]
[Tue Dec  2 15:06:50 2025] >> [t:520] (r: 0.000), [f:     0/1000], inf[8.1e+13], comp[0.0e+00], Q(75, 0, 0, 0), Trans[(512, 2, 8) -> 31.796302199813397]
[Tue Dec  2 15:06:50 2025] >> [t:521] (r: 0.000), [f:     0/1000], inf[8.1e+13], comp[0.0e+00], Q(74, 1, 0, 0), Trans[(512, 2, 8) -> 31.796302199813397]
[Tue Dec  2 15:06:50 2025] >> [t:522] (r:-0.100), [f:   300/1000], inf[3.3e+13], comp[7.9e+13], Q(73, 2, 0, 0), Trans[(256, 2, 8) -> 49.877500036556256]
[Tue Dec  2 15:06:50 2025] >> [t:523] (r:-0.100), [f:   300/1000], inf[3.3e+13], comp[7.9e+13], Q(73, 0, 0, 0), Trans[(256, 2, 8) -> 49.877500036556256]
[Tue Dec  2 15:06:50 2025] >> [t:524] (r: 0.000), [f:     0/1000], inf[3.3e+13], comp[0.0e+00], Q(73, 0, 0, 0), Trans[(256, 2, 8) -> 49.877500036556256]
[Tue Dec  2 15:06:50 2025] >> [t:525] (r: 0.000), [f:     0/1000], inf[8.1e+13], comp[0.0e+00], Q(73, 0, 0, 0), Trans[(512, 2, 8) -> 31.796302199813397]
[Tue Dec  2 15:06:50 2025] >> [t:526] (r: 0.000), [f:     0/1000], inf[8.1e+13], comp[0.0e+00], Q(71, 2, 0, 0), Trans[(512, 2, 8) -> 31.796302199813397]
[Tue Dec  2 15:06:50 2025] >> [t:527] (r:-0.100), [f:   300/1000], inf[3.3e+13], comp[7.9e+13], Q(71, 2, 0, 0), Trans[(256, 2, 8) -> 49.877500036556256]
[Tue Dec  2 15:06:50 2025] >> [t:528] (r:-0.100), [f:   300/1000], inf[3.3e+13], comp[7.9e+13], Q(70, 2, 0, 0), Trans[(256, 2, 8) -> 49.877500036556256]
[Tue Dec  2 15:06:50 2025] >> [t:529] (r:-0.100), [f:   300/1000], inf[3.3e+13], comp[7.9e+13], Q(70, 0, 0, 0), Trans[(256, 2, 8) -> 49.877500036556256]
[Tue Dec  2 15:06:50 2025] >> [t:530] (r: 0.000), [f:     0/1000], inf[3.3e+13], comp[0.0e+00], Q(70, 0, 0, 0), Trans[(256, 2, 8) -> 49.877500036556256]
[Tue Dec  2 15:06:50 2025] >> [t:531] (r: 0.000), [f:     0/1000], inf[8.1e+13], comp[0.0e+00], Q(70, 0, 0, 0), Trans[(512, 2, 8) -> 31.796302199813397]
[Tue Dec  2 15:06:50 2025] >> [t:532] (r: 0.000), [f:     0/1000], inf[8.1e+13], comp[0.0e+00], Q(70, 0, 0, 0), Trans[(512, 2, 8) -> 31.796302199813397]
[Tue Dec  2 15:06:50 2025] >> [t:533] (r: 0.000), [f:     0/1000], inf[8.1e+13], comp[0.0e+00], Q(70, 0, 0, 0), Trans[(512, 2, 8) -> 31.796302199813397]
[Tue Dec  2 15:06:50 2025] >> [t:534] (r: 0.000), [f:     0/1000], inf[8.1e+13], comp[0.0e+00], Q(70, 0, 0, 0), Trans[(512, 2, 8) -> 31.796302199813397]
[Tue Dec  2 15:06:50 2025] >> [t:535] (r: 0.000), [f:     0/1000], inf[8.1e+13], comp[0.0e+00], Q(69, 1, 0, 0), Trans[(512, 2, 8) -> 31.796302199813397]
[Tue Dec  2 15:06:50 2025] >> [t:536] (r:-0.100), [f:   300/1000], inf[3.3e+13], comp[7.9e+13], Q(69, 1, 0, 0), Trans[(256, 2, 8) -> 49.877500036556256]
[Tue Dec  2 15:06:50 2025] >> [t:537] (r:-0.100), [f:   300/1000], inf[3.3e+13], comp[7.9e+13], Q(68, 0, 0, 0), Trans[(256, 2, 8) -> 49.877500036556256]
[Tue Dec  2 15:06:50 2025] >> [t:538] (r: 0.000), [f:     0/1000], inf[3.3e+13], comp[0.0e+00], Q(68, 0, 0, 0), Trans[(256, 2, 8) -> 49.877500036556256]
[Tue Dec  2 15:06:50 2025] >> [t:539] (r: 0.000), [f:     0/1000], inf[8.1e+13], comp[0.0e+00], Q(68, 0, 0, 0), Trans[(512, 2, 8) -> 31.796302199813397]
[Tue Dec  2 15:06:50 2025] >> [t:540] (r: 0.000), [f:     0/1000], inf[8.1e+13], comp[0.0e+00], Q(68, 0, 0, 0), Trans[(512, 2, 8) -> 31.796302199813397]
[Tue Dec  2 15:06:50 2025] >> [t:541] (r: 0.000), [f:     0/1000], inf[8.1e+13], comp[0.0e+00], Q(68, 0, 0, 0), Trans[(512, 2, 8) -> 31.796302199813397]
[Tue Dec  2 15:06:50 2025] >> [t:542] (r: 0.000), [f:     0/1000], inf[8.1e+13], comp[0.0e+00], Q(68, 0, 0, 0), Trans[(512, 2, 8) -> 31.796302199813397]
[Tue Dec  2 15:06:50 2025] >> [t:543] (r: 0.000), [f:     0/1000], inf[8.1e+13], comp[0.0e+00], Q(68, 0, 0, 0), Trans[(512, 2, 8) -> 31.796302199813397]
[Tue Dec  2 15:06:50 2025] >> [t:544] (r: 0.000), [f:     0/1000], inf[8.1e+13], comp[0.0e+00], Q(68, 0, 0, 0), Trans[(512, 2, 8) -> 31.796302199813397]
[Tue Dec  2 15:06:50 2025] >> [t:545] (r: 0.000), [f:     0/1000], inf[8.1e+13], comp[0.0e+00], Q(68, 0, 0, 0), Trans[(512, 2, 8) -> 31.796302199813397]
[Tue Dec  2 15:06:50 2025] >> [t:546] (r: 0.000), [f:     0/1000], inf[8.1e+13], comp[0.0e+00], Q(67, 1, 0, 0), Trans[(512, 2, 8) -> 31.796302199813397]
[Tue Dec  2 15:06:50 2025] >> [t:547] (r:-0.100), [f:   300/1000], inf[3.3e+13], comp[7.9e+13], Q(66, 2, 0, 0), Trans[(256, 2, 8) -> 49.877500036556256]
[Tue Dec  2 15:06:50 2025] >> [t:548] (r:-0.100), [f:   300/1000], inf[3.3e+13], comp[7.9e+13], Q(66, 0, 0, 0), Trans[(256, 2, 8) -> 49.877500036556256]
[Tue Dec  2 15:06:50 2025] >> [t:549] (r: 0.000), [f:     0/1000], inf[3.3e+13], comp[0.0e+00], Q(66, 0, 0, 0), Trans[(256, 2, 8) -> 49.877500036556256]
[Tue Dec  2 15:06:50 2025] >> [t:550] (r: 0.000), [f:     0/1000], inf[8.1e+13], comp[0.0e+00], Q(66, 0, 0, 0), Trans[(512, 2, 8) -> 31.796302199813397]
[Tue Dec  2 15:06:50 2025] >> [t:551] (r: 0.000), [f:     0/1000], inf[8.1e+13], comp[0.0e+00], Q(66, 0, 0, 0), Trans[(512, 2, 8) -> 31.796302199813397]
[Tue Dec  2 15:06:50 2025] >> [t:552] (r: 0.000), [f:     0/1000], inf[8.1e+13], comp[0.0e+00], Q(65, 1, 0, 0), Trans[(512, 2, 8) -> 31.796302199813397]
[Tue Dec  2 15:06:50 2025] >> [t:553] (r:-0.100), [f:   300/1000], inf[3.3e+13], comp[7.9e+13], Q(65, 1, 0, 0), Trans[(256, 2, 8) -> 49.877500036556256]
[Tue Dec  2 15:06:50 2025] >> [t:554] (r:-0.100), [f:   300/1000], inf[3.3e+13], comp[7.9e+13], Q(65, 0, 0, 0), Trans[(256, 2, 8) -> 49.877500036556256]
[Tue Dec  2 15:06:50 2025] >> [t:555] (r: 0.000), [f:     0/1000], inf[3.3e+13], comp[0.0e+00], Q(65, 0, 0, 0), Trans[(256, 2, 8) -> 49.877500036556256]
[Tue Dec  2 15:06:50 2025] >> [t:556] (r: 0.000), [f:     0/1000], inf[8.1e+13], comp[0.0e+00], Q(65, 0, 0, 0), Trans[(512, 2, 8) -> 31.796302199813397]
[Tue Dec  2 15:06:50 2025] >> [t:557] (r: 0.000), [f:     0/1000], inf[8.1e+13], comp[0.0e+00], Q(65, 0, 0, 0), Trans[(512, 2, 8) -> 31.796302199813397]
[Tue Dec  2 15:06:50 2025] >> [t:558] (r: 0.000), [f:     0/1000], inf[8.1e+13], comp[0.0e+00], Q(65, 0, 0, 0), Trans[(512, 2, 8) -> 31.796302199813397]
[Tue Dec  2 15:06:50 2025] >> [t:559] (r: 0.000), [f:     0/1000], inf[8.1e+13], comp[0.0e+00], Q(64, 1, 0, 0), Trans[(512, 2, 8) -> 31.796302199813397]
[Tue Dec  2 15:06:50 2025] >> [t:560] (r:-0.100), [f:   300/1000], inf[3.3e+13], comp[7.9e+13], Q(64, 1, 0, 0), Trans[(256, 2, 8) -> 49.877500036556256]
[Tue Dec  2 15:06:50 2025] >> [t:561] (r:-0.100), [f:   300/1000], inf[3.3e+13], comp[7.9e+13], Q(64, 0, 0, 0), Trans[(256, 2, 8) -> 49.877500036556256]
[Tue Dec  2 15:06:50 2025] >> [t:562] (r: 0.000), [f:     0/1000], inf[3.3e+13], comp[0.0e+00], Q(64, 0, 0, 0), Trans[(256, 2, 8) -> 49.877500036556256]
[Tue Dec  2 15:06:50 2025] >> [t:563] (r: 0.000), [f:     0/1000], inf[8.1e+13], comp[0.0e+00], Q(64, 0, 0, 0), Trans[(512, 2, 8) -> 31.796302199813397]
[Tue Dec  2 15:06:50 2025] >> [t:564] (r: 0.000), [f:     0/1000], inf[8.1e+13], comp[0.0e+00], Q(64, 0, 0, 0), Trans[(512, 2, 8) -> 31.796302199813397]
[Tue Dec  2 15:06:50 2025] >> [t:565] (r: 0.000), [f:     0/1000], inf[8.1e+13], comp[0.0e+00], Q(63, 1, 0, 0), Trans[(512, 2, 8) -> 31.796302199813397]
[Tue Dec  2 15:06:50 2025] >> [t:566] (r:-0.100), [f:   300/1000], inf[3.3e+13], comp[7.9e+13], Q(63, 1, 0, 0), Trans[(256, 2, 8) -> 49.877500036556256]
[Tue Dec  2 15:06:50 2025] >> [t:567] (r:-0.100), [f:   300/1000], inf[3.3e+13], comp[7.9e+13], Q(62, 0, 0, 0), Trans[(256, 2, 8) -> 49.877500036556256]
[Tue Dec  2 15:06:50 2025] >> [t:568] (r: 0.000), [f:     0/1000], inf[3.3e+13], comp[0.0e+00], Q(62, 0, 0, 0), Trans[(256, 2, 8) -> 49.877500036556256]
[Tue Dec  2 15:06:50 2025] >> [t:569] (r: 0.000), [f:     0/1000], inf[8.1e+13], comp[0.0e+00], Q(62, 0, 0, 0), Trans[(512, 2, 8) -> 31.796302199813397]
[Tue Dec  2 15:06:50 2025] >> [t:570] (r: 0.000), [f:     0/1000], inf[8.1e+13], comp[0.0e+00], Q(62, 0, 0, 0), Trans[(512, 2, 8) -> 31.796302199813397]
[Tue Dec  2 15:06:50 2025] >> [t:571] (r: 0.000), [f:     0/1000], inf[8.1e+13], comp[0.0e+00], Q(62, 0, 0, 0), Trans[(512, 2, 8) -> 31.796302199813397]
[Tue Dec  2 15:06:50 2025] >> [t:572] (r: 0.000), [f:     0/1000], inf[8.1e+13], comp[0.0e+00], Q(62, 0, 0, 0), Trans[(512, 2, 8) -> 31.796302199813397]
[Tue Dec  2 15:06:50 2025] >> [t:573] (r: 0.000), [f:     0/1000], inf[8.1e+13], comp[0.0e+00], Q(62, 0, 0, 0), Trans[(512, 2, 8) -> 31.796302199813397]
[Tue Dec  2 15:06:50 2025] >> [t:574] (r: 0.000), [f:     0/1000], inf[8.1e+13], comp[0.0e+00], Q(62, 0, 0, 0), Trans[(512, 2, 8) -> 31.796302199813397]
[Tue Dec  2 15:06:50 2025] >> [t:575] (r: 0.000), [f:     0/1000], inf[8.1e+13], comp[0.0e+00], Q(61, 1, 0, 0), Trans[(512, 2, 8) -> 31.796302199813397]
[Tue Dec  2 15:06:50 2025] >> [t:576] (r:-0.100), [f:   300/1000], inf[3.3e+13], comp[7.9e+13], Q(61, 1, 0, 0), Trans[(256, 2, 8) -> 49.877500036556256]
[Tue Dec  2 15:06:50 2025] >> [t:577] (r:-0.100), [f:   300/1000], inf[3.3e+13], comp[7.9e+13], Q(61, 0, 0, 0), Trans[(256, 2, 8) -> 49.877500036556256]
[Tue Dec  2 15:06:50 2025] >> [t:578] (r: 0.000), [f:     0/1000], inf[3.3e+13], comp[0.0e+00], Q(61, 0, 0, 0), Trans[(256, 2, 8) -> 49.877500036556256]
[Tue Dec  2 15:06:50 2025] >> [t:579] (r: 0.000), [f:     0/1000], inf[8.1e+13], comp[0.0e+00], Q(61, 0, 0, 0), Trans[(512, 2, 8) -> 31.796302199813397]
[Tue Dec  2 15:06:50 2025] >> [t:580] (r: 0.000), [f:     0/1000], inf[8.1e+13], comp[0.0e+00], Q(61, 0, 0, 0), Trans[(512, 2, 8) -> 31.796302199813397]
[Tue Dec  2 15:06:50 2025] >> [t:581] (r: 0.000), [f:     0/1000], inf[8.1e+13], comp[0.0e+00], Q(59, 2, 0, 0), Trans[(512, 2, 8) -> 31.796302199813397]
[Tue Dec  2 15:06:50 2025] >> [t:582] (r:-0.100), [f:   300/1000], inf[3.3e+13], comp[7.9e+13], Q(59, 2, 0, 0), Trans[(256, 2, 8) -> 49.877500036556256]
[Tue Dec  2 15:06:50 2025] >> [t:583] (r:-0.100), [f:   300/1000], inf[3.3e+13], comp[7.9e+13], Q(59, 1, 0, 0), Trans[(256, 2, 8) -> 49.877500036556256]
[Tue Dec  2 15:06:50 2025] >> [t:584] (r:-0.100), [f:   300/1000], inf[3.3e+13], comp[7.9e+13], Q(59, 0, 0, 0), Trans[(256, 2, 8) -> 49.877500036556256]
[Tue Dec  2 15:06:50 2025] >> [t:585] (r: 0.000), [f:     0/1000], inf[3.3e+13], comp[0.0e+00], Q(58, 1, 0, 0), Trans[(256, 2, 8) -> 49.877500036556256]
[Tue Dec  2 15:06:50 2025] >> [t:586] (r:-0.100), [f:   300/1000], inf[3.3e+13], comp[7.9e+13], Q(58, 0, 0, 0), Trans[(256, 2, 8) -> 49.877500036556256]
[Tue Dec  2 15:06:50 2025] >> [t:587] (r: 0.000), [f:     0/1000], inf[3.3e+13], comp[0.0e+00], Q(58, 0, 0, 0), Trans[(256, 2, 8) -> 49.877500036556256]
[Tue Dec  2 15:06:50 2025] >> [t:588] (r: 0.000), [f:     0/1000], inf[8.1e+13], comp[0.0e+00], Q(56, 2, 0, 0), Trans[(512, 2, 8) -> 31.796302199813397]
[Tue Dec  2 15:06:50 2025] >> [t:589] (r:-0.100), [f:   300/1000], inf[3.3e+13], comp[7.9e+13], Q(56, 2, 0, 0), Trans[(256, 2, 8) -> 49.877500036556256]
[Tue Dec  2 15:06:50 2025] >> [t:590] (r:-0.100), [f:   300/1000], inf[3.3e+13], comp[7.9e+13], Q(56, 1, 0, 0), Trans[(256, 2, 8) -> 49.877500036556256]
[Tue Dec  2 15:06:50 2025] >> [t:591] (r:-0.100), [f:   300/1000], inf[3.3e+13], comp[7.9e+13], Q(55, 0, 0, 0), Trans[(256, 2, 8) -> 49.877500036556256]
[Tue Dec  2 15:06:50 2025] >> [t:592] (r: 0.000), [f:     0/1000], inf[3.3e+13], comp[0.0e+00], Q(55, 0, 0, 0), Trans[(256, 2, 8) -> 49.877500036556256]
[Tue Dec  2 15:06:50 2025] >> [t:593] (r: 0.000), [f:     0/1000], inf[8.1e+13], comp[0.0e+00], Q(55, 0, 0, 0), Trans[(512, 2, 8) -> 31.796302199813397]
[Tue Dec  2 15:06:50 2025] >> [t:594] (r: 0.000), [f:     0/1000], inf[8.1e+13], comp[0.0e+00], Q(54, 1, 0, 0), Trans[(512, 2, 8) -> 31.796302199813397]
[Tue Dec  2 15:06:50 2025] >> [t:595] (r:-0.100), [f:   300/1000], inf[3.3e+13], comp[7.9e+13], Q(54, 1, 0, 0), Trans[(256, 2, 8) -> 49.877500036556256]
[Tue Dec  2 15:06:50 2025] >> [t:596] (r:-0.100), [f:   300/1000], inf[3.3e+13], comp[7.9e+13], Q(54, 0, 0, 0), Trans[(256, 2, 8) -> 49.877500036556256]
[Tue Dec  2 15:06:50 2025] >> [t:597] (r: 0.000), [f:     0/1000], inf[3.3e+13], comp[0.0e+00], Q(54, 0, 0, 0), Trans[(256, 2, 8) -> 49.877500036556256]
[Tue Dec  2 15:06:50 2025] >> [t:598] (r: 0.000), [f:     0/1000], inf[8.1e+13], comp[0.0e+00], Q(54, 0, 0, 0), Trans[(512, 2, 8) -> 31.796302199813397]
[Tue Dec  2 15:06:50 2025] >> [t:599] (r: 0.000), [f:     0/1000], inf[8.1e+13], comp[0.0e+00], Q(54, 0, 0, 0), Trans[(512, 2, 8) -> 31.796302199813397]
[Tue Dec  2 15:06:50 2025] >> [t:600] (r: 0.000), [f:     0/1000], inf[8.1e+13], comp[0.0e+00], Q(54, 0, 0, 0), Trans[(512, 2, 8) -> 31.796302199813397]
[Tue Dec  2 15:06:50 2025] >> [t:601] (r: 0.000), [f:     0/1000], inf[8.1e+13], comp[0.0e+00], Q(54, 0, 0, 0), Trans[(512, 2, 8) -> 31.796302199813397]
[Tue Dec  2 15:06:50 2025] >> [t:602] (r: 0.000), [f:     0/1000], inf[8.1e+13], comp[0.0e+00], Q(53, 1, 0, 0), Trans[(512, 2, 8) -> 31.796302199813397]
[Tue Dec  2 15:06:50 2025] >> [t:603] (r:-0.100), [f:   300/1000], inf[3.3e+13], comp[7.9e+13], Q(53, 1, 0, 0), Trans[(256, 2, 8) -> 49.877500036556256]
[Tue Dec  2 15:06:50 2025] >> [t:604] (r:-0.100), [f:   300/1000], inf[3.3e+13], comp[7.9e+13], Q(53, 0, 0, 0), Trans[(256, 2, 8) -> 49.877500036556256]
[Tue Dec  2 15:06:50 2025] >> [t:605] (r: 0.000), [f:     0/1000], inf[3.3e+13], comp[0.0e+00], Q(53, 0, 0, 0), Trans[(256, 2, 8) -> 49.877500036556256]
[Tue Dec  2 15:06:50 2025] >> [t:606] (r: 0.000), [f:     0/1000], inf[8.1e+13], comp[0.0e+00], Q(53, 0, 0, 0), Trans[(512, 2, 8) -> 31.796302199813397]
[Tue Dec  2 15:06:50 2025] >> [t:607] (r: 0.000), [f:     0/1000], inf[8.1e+13], comp[0.0e+00], Q(53, 0, 0, 0), Trans[(512, 2, 8) -> 31.796302199813397]
[Tue Dec  2 15:06:50 2025] >> [t:608] (r: 0.000), [f:     0/1000], inf[8.1e+13], comp[0.0e+00], Q(53, 0, 0, 0), Trans[(512, 2, 8) -> 31.796302199813397]
[Tue Dec  2 15:06:50 2025] >> [t:609] (r: 0.000), [f:     0/1000], inf[8.1e+13], comp[0.0e+00], Q(51, 2, 0, 0), Trans[(512, 2, 8) -> 31.796302199813397]
[Tue Dec  2 15:06:50 2025] >> [t:610] (r:-0.100), [f:   300/1000], inf[3.3e+13], comp[7.9e+13], Q(49, 4, 0, 0), Trans[(256, 2, 8) -> 49.877500036556256]
[Tue Dec  2 15:06:50 2025] >> [t:611] (r:-0.100), [f:   300/1000], inf[3.3e+13], comp[7.9e+13], Q(49, 3, 0, 0), Trans[(256, 2, 8) -> 49.877500036556256]
[Tue Dec  2 15:06:50 2025] >> [t:612] (r:-0.100), [f:   300/1000], inf[3.3e+13], comp[7.9e+13], Q(49, 0, 0, 0), Trans[(256, 2, 8) -> 49.877500036556256]
[Tue Dec  2 15:06:50 2025] >> [t:613] (r: 0.000), [f:     0/1000], inf[3.3e+13], comp[0.0e+00], Q(49, 0, 0, 0), Trans[(256, 2, 8) -> 49.877500036556256]
[Tue Dec  2 15:06:50 2025] >> [t:614] (r: 0.000), [f:     0/1000], inf[8.1e+13], comp[0.0e+00], Q(49, 0, 0, 0), Trans[(512, 2, 8) -> 31.796302199813397]
[Tue Dec  2 15:06:50 2025] >> [t:615] (r: 0.000), [f:     0/1000], inf[8.1e+13], comp[0.0e+00], Q(49, 0, 0, 0), Trans[(512, 2, 8) -> 31.796302199813397]
[Tue Dec  2 15:06:50 2025] >> [t:616] (r: 0.000), [f:     0/1000], inf[8.1e+13], comp[0.0e+00], Q(49, 0, 0, 0), Trans[(512, 2, 8) -> 31.796302199813397]
[Tue Dec  2 15:06:50 2025] >> [t:617] (r: 0.000), [f:     0/1000], inf[8.1e+13], comp[0.0e+00], Q(49, 0, 0, 0), Trans[(512, 2, 8) -> 31.796302199813397]
[Tue Dec  2 15:06:50 2025] >> [t:618] (r: 0.000), [f:     0/1000], inf[8.1e+13], comp[0.0e+00], Q(49, 0, 0, 0), Trans[(512, 2, 8) -> 31.796302199813397]
[Tue Dec  2 15:06:50 2025] >> [t:619] (r: 0.000), [f:     0/1000], inf[8.1e+13], comp[0.0e+00], Q(49, 0, 0, 0), Trans[(512, 2, 8) -> 31.796302199813397]
[Tue Dec  2 15:06:50 2025] >> [t:620] (r: 0.000), [f:     0/1000], inf[8.1e+13], comp[0.0e+00], Q(49, 0, 0, 0), Trans[(512, 2, 8) -> 31.796302199813397]
[Tue Dec  2 15:06:50 2025] >> [t:621] (r: 0.000), [f:     0/1000], inf[8.1e+13], comp[0.0e+00], Q(49, 0, 0, 0), Trans[(512, 2, 8) -> 31.796302199813397]
[Tue Dec  2 15:06:50 2025] >> [t:622] (r: 0.000), [f:     0/1000], inf[8.1e+13], comp[0.0e+00], Q(49, 0, 0, 0), Trans[(512, 2, 8) -> 31.796302199813397]
[Tue Dec  2 15:06:50 2025] >> [t:623] (r: 0.000), [f:     0/1000], inf[8.1e+13], comp[0.0e+00], Q(49, 0, 0, 0), Trans[(512, 2, 8) -> 31.796302199813397]
[Tue Dec  2 15:06:50 2025] >> [t:624] (r: 0.000), [f:     0/1000], inf[8.1e+13], comp[0.0e+00], Q(49, 0, 0, 0), Trans[(512, 2, 8) -> 31.796302199813397]
[Tue Dec  2 15:06:50 2025] >> [t:625] (r: 0.000), [f:     0/1000], inf[8.1e+13], comp[0.0e+00], Q(49, 0, 0, 0), Trans[(512, 2, 8) -> 31.796302199813397]
[Tue Dec  2 15:06:50 2025] >> [t:626] (r: 0.000), [f:     0/1000], inf[8.1e+13], comp[0.0e+00], Q(49, 0, 0, 0), Trans[(512, 2, 8) -> 31.796302199813397]
[Tue Dec  2 15:06:50 2025] >> [t:627] (r: 0.000), [f:     0/1000], inf[8.1e+13], comp[0.0e+00], Q(48, 1, 0, 0), Trans[(512, 2, 8) -> 31.796302199813397]
[Tue Dec  2 15:06:50 2025] >> [t:628] (r:-0.100), [f:   300/1000], inf[3.3e+13], comp[7.9e+13], Q(48, 1, 0, 0), Trans[(256, 2, 8) -> 49.877500036556256]
[Tue Dec  2 15:06:50 2025] >> [t:629] (r:-0.100), [f:   300/1000], inf[3.3e+13], comp[7.9e+13], Q(48, 0, 0, 0), Trans[(256, 2, 8) -> 49.877500036556256]
[Tue Dec  2 15:06:50 2025] >> [t:630] (r: 0.000), [f:     0/1000], inf[3.3e+13], comp[0.0e+00], Q(48, 0, 0, 0), Trans[(256, 2, 8) -> 49.877500036556256]
[Tue Dec  2 15:06:50 2025] >> [t:631] (r: 0.000), [f:     0/1000], inf[8.1e+13], comp[0.0e+00], Q(48, 0, 0, 0), Trans[(512, 2, 8) -> 31.796302199813397]
[Tue Dec  2 15:06:50 2025] >> [t:632] (r: 0.000), [f:     0/1000], inf[8.1e+13], comp[0.0e+00], Q(48, 0, 0, 0), Trans[(512, 2, 8) -> 31.796302199813397]
[Tue Dec  2 15:06:50 2025] >> [t:633] (r: 0.000), [f:     0/1000], inf[8.1e+13], comp[0.0e+00], Q(48, 0, 0, 0), Trans[(512, 2, 8) -> 31.796302199813397]
[Tue Dec  2 15:06:50 2025] >> [t:634] (r: 0.000), [f:     0/1000], inf[8.1e+13], comp[0.0e+00], Q(48, 0, 0, 0), Trans[(512, 2, 8) -> 31.796302199813397]
[Tue Dec  2 15:06:50 2025] >> [t:635] (r: 0.000), [f:     0/1000], inf[8.1e+13], comp[0.0e+00], Q(48, 0, 0, 0), Trans[(512, 2, 8) -> 31.796302199813397]
[Tue Dec  2 15:06:50 2025] >> [t:636] (r: 0.000), [f:     0/1000], inf[8.1e+13], comp[0.0e+00], Q(48, 0, 0, 0), Trans[(512, 2, 8) -> 31.796302199813397]
[Tue Dec  2 15:06:50 2025] >> [t:637] (r: 0.000), [f:     0/1000], inf[8.1e+13], comp[0.0e+00], Q(48, 0, 0, 0), Trans[(512, 2, 8) -> 31.796302199813397]
[Tue Dec  2 15:06:50 2025] >> [t:638] (r: 0.000), [f:     0/1000], inf[8.1e+13], comp[0.0e+00], Q(48, 0, 0, 0), Trans[(512, 2, 8) -> 31.796302199813397]
[Tue Dec  2 15:06:50 2025] >> [t:639] (r: 0.000), [f:     0/1000], inf[8.1e+13], comp[0.0e+00], Q(48, 0, 0, 0), Trans[(512, 2, 8) -> 31.796302199813397]
[Tue Dec  2 15:06:50 2025] >> [t:640] (r: 0.000), [f:     0/1000], inf[8.1e+13], comp[0.0e+00], Q(48, 0, 0, 0), Trans[(512, 2, 8) -> 31.796302199813397]
[Tue Dec  2 15:06:50 2025] >> [t:641] (r: 0.000), [f:     0/1000], inf[8.1e+13], comp[0.0e+00], Q(48, 0, 0, 0), Trans[(512, 2, 8) -> 31.796302199813397]
[Tue Dec  2 15:06:50 2025] >> [t:642] (r: 0.000), [f:     0/1000], inf[8.1e+13], comp[0.0e+00], Q(48, 0, 0, 0), Trans[(512, 2, 8) -> 31.796302199813397]
[Tue Dec  2 15:06:50 2025] >> [t:643] (r: 0.000), [f:     0/1000], inf[8.1e+13], comp[0.0e+00], Q(48, 0, 0, 0), Trans[(512, 2, 8) -> 31.796302199813397]
[Tue Dec  2 15:06:50 2025] >> [t:644] (r: 0.000), [f:     0/1000], inf[8.1e+13], comp[0.0e+00], Q(48, 0, 0, 0), Trans[(512, 2, 8) -> 31.796302199813397]
[Tue Dec  2 15:06:50 2025] >> [t:645] (r: 0.000), [f:     0/1000], inf[8.1e+13], comp[0.0e+00], Q(48, 0, 0, 0), Trans[(512, 2, 8) -> 31.796302199813397]
[Tue Dec  2 15:06:50 2025] >> [t:646] (r: 0.000), [f:     0/1000], inf[8.1e+13], comp[0.0e+00], Q(48, 0, 0, 0), Trans[(512, 2, 8) -> 31.796302199813397]
[Tue Dec  2 15:06:50 2025] >> [t:647] (r: 0.000), [f:     0/1000], inf[8.1e+13], comp[0.0e+00], Q(48, 0, 0, 0), Trans[(512, 2, 8) -> 31.796302199813397]
[Tue Dec  2 15:06:50 2025] >> [t:648] (r: 0.000), [f:     0/1000], inf[8.1e+13], comp[0.0e+00], Q(48, 0, 0, 0), Trans[(512, 2, 8) -> 31.796302199813397]
[Tue Dec  2 15:06:50 2025] >> [t:649] (r: 0.000), [f:     0/1000], inf[8.1e+13], comp[0.0e+00], Q(48, 0, 0, 0), Trans[(512, 2, 8) -> 31.796302199813397]
[Tue Dec  2 15:06:50 2025] >> [t:650] (r: 0.000), [f:     0/1000], inf[8.1e+13], comp[0.0e+00], Q(47, 1, 0, 0), Trans[(512, 2, 8) -> 31.796302199813397]
[Tue Dec  2 15:06:50 2025] >> [t:651] (r:-0.100), [f:   300/1000], inf[3.3e+13], comp[7.9e+13], Q(47, 1, 0, 0), Trans[(256, 2, 8) -> 49.877500036556256]
[Tue Dec  2 15:06:50 2025] >> [t:652] (r:-0.100), [f:   300/1000], inf[3.3e+13], comp[7.9e+13], Q(47, 0, 0, 0), Trans[(256, 2, 8) -> 49.877500036556256]
[Tue Dec  2 15:06:50 2025] >> [t:653] (r: 0.000), [f:     0/1000], inf[3.3e+13], comp[0.0e+00], Q(46, 1, 0, 0), Trans[(256, 2, 8) -> 49.877500036556256]
[Tue Dec  2 15:06:50 2025] >> [t:654] (r:-0.100), [f:   300/1000], inf[3.3e+13], comp[7.9e+13], Q(46, 0, 0, 0), Trans[(256, 2, 8) -> 49.877500036556256]
[Tue Dec  2 15:06:50 2025] >> [t:655] (r: 0.000), [f:     0/1000], inf[3.3e+13], comp[0.0e+00], Q(46, 0, 0, 0), Trans[(256, 2, 8) -> 49.877500036556256]
[Tue Dec  2 15:06:50 2025] >> [t:656] (r: 0.000), [f:     0/1000], inf[8.1e+13], comp[0.0e+00], Q(46, 0, 0, 0), Trans[(512, 2, 8) -> 31.796302199813397]
[Tue Dec  2 15:06:50 2025] >> [t:657] (r: 0.000), [f:     0/1000], inf[8.1e+13], comp[0.0e+00], Q(46, 0, 0, 0), Trans[(512, 2, 8) -> 31.796302199813397]
[Tue Dec  2 15:06:50 2025] >> [t:658] (r: 0.000), [f:     0/1000], inf[8.1e+13], comp[0.0e+00], Q(46, 0, 0, 0), Trans[(512, 2, 8) -> 31.796302199813397]
[Tue Dec  2 15:06:50 2025] >> [t:659] (r: 0.000), [f:     0/1000], inf[8.1e+13], comp[0.0e+00], Q(46, 0, 0, 0), Trans[(512, 2, 8) -> 31.796302199813397]
[Tue Dec  2 15:06:50 2025] >> [t:660] (r: 0.000), [f:     0/1000], inf[8.1e+13], comp[0.0e+00], Q(46, 0, 0, 0), Trans[(512, 2, 8) -> 31.796302199813397]
[Tue Dec  2 15:06:50 2025] >> [t:661] (r: 0.000), [f:     0/1000], inf[8.1e+13], comp[0.0e+00], Q(46, 0, 0, 0), Trans[(512, 2, 8) -> 31.796302199813397]
[Tue Dec  2 15:06:50 2025] >> [t:662] (r: 0.000), [f:     0/1000], inf[8.1e+13], comp[0.0e+00], Q(46, 0, 0, 0), Trans[(512, 2, 8) -> 31.796302199813397]
[Tue Dec  2 15:06:50 2025] >> [t:663] (r: 0.000), [f:     0/1000], inf[8.1e+13], comp[0.0e+00], Q(46, 0, 0, 0), Trans[(512, 2, 8) -> 31.796302199813397]
[Tue Dec  2 15:06:50 2025] >> [t:664] (r: 0.000), [f:     0/1000], inf[8.1e+13], comp[0.0e+00], Q(46, 0, 0, 0), Trans[(512, 2, 8) -> 31.796302199813397]
[Tue Dec  2 15:06:50 2025] >> [t:665] (r: 0.000), [f:     0/1000], inf[8.1e+13], comp[0.0e+00], Q(46, 0, 0, 0), Trans[(512, 2, 8) -> 31.796302199813397]
[Tue Dec  2 15:06:50 2025] >> [t:666] (r: 0.000), [f:     0/1000], inf[8.1e+13], comp[0.0e+00], Q(46, 0, 0, 0), Trans[(512, 2, 8) -> 31.796302199813397]
[Tue Dec  2 15:06:50 2025] >> [t:667] (r: 0.000), [f:     0/1000], inf[8.1e+13], comp[0.0e+00], Q(44, 2, 0, 0), Trans[(512, 2, 8) -> 31.796302199813397]
[Tue Dec  2 15:06:50 2025] >> [t:668] (r:-0.100), [f:   300/1000], inf[3.3e+13], comp[7.9e+13], Q(44, 2, 0, 0), Trans[(256, 2, 8) -> 49.877500036556256]
[Tue Dec  2 15:06:50 2025] >> [t:669] (r:-0.100), [f:   300/1000], inf[3.3e+13], comp[7.9e+13], Q(44, 1, 0, 0), Trans[(256, 2, 8) -> 49.877500036556256]
[Tue Dec  2 15:06:50 2025] >> [t:670] (r:-0.100), [f:   300/1000], inf[3.3e+13], comp[7.9e+13], Q(44, 0, 0, 0), Trans[(256, 2, 8) -> 49.877500036556256]
[Tue Dec  2 15:06:50 2025] >> [t:671] (r: 0.000), [f:     0/1000], inf[3.3e+13], comp[0.0e+00], Q(44, 0, 0, 0), Trans[(256, 2, 8) -> 49.877500036556256]
[Tue Dec  2 15:06:50 2025] >> [t:672] (r: 0.000), [f:     0/1000], inf[8.1e+13], comp[0.0e+00], Q(43, 1, 0, 0), Trans[(512, 2, 8) -> 31.796302199813397]
[Tue Dec  2 15:06:50 2025] >> [t:673] (r:-0.100), [f:   300/1000], inf[3.3e+13], comp[7.9e+13], Q(43, 1, 0, 0), Trans[(256, 2, 8) -> 49.877500036556256]
[Tue Dec  2 15:06:50 2025] >> [t:674] (r:-0.100), [f:   300/1000], inf[3.3e+13], comp[7.9e+13], Q(43, 0, 0, 0), Trans[(256, 2, 8) -> 49.877500036556256]
[Tue Dec  2 15:06:50 2025] >> [t:675] (r: 0.000), [f:     0/1000], inf[3.3e+13], comp[0.0e+00], Q(43, 0, 0, 0), Trans[(256, 2, 8) -> 49.877500036556256]
[Tue Dec  2 15:06:50 2025] >> [t:676] (r: 0.000), [f:     0/1000], inf[8.1e+13], comp[0.0e+00], Q(43, 0, 0, 0), Trans[(512, 2, 8) -> 31.796302199813397]
[Tue Dec  2 15:06:50 2025] >> [t:677] (r: 0.000), [f:     0/1000], inf[8.1e+13], comp[0.0e+00], Q(43, 0, 0, 0), Trans[(512, 2, 8) -> 31.796302199813397]
[Tue Dec  2 15:06:50 2025] >> [t:678] (r: 0.000), [f:     0/1000], inf[8.1e+13], comp[0.0e+00], Q(43, 0, 0, 0), Trans[(512, 2, 8) -> 31.796302199813397]
[Tue Dec  2 15:06:50 2025] >> [t:679] (r: 0.000), [f:     0/1000], inf[8.1e+13], comp[0.0e+00], Q(42, 1, 0, 0), Trans[(512, 2, 8) -> 31.796302199813397]
[Tue Dec  2 15:06:50 2025] >> [t:680] (r:-0.100), [f:   300/1000], inf[3.3e+13], comp[7.9e+13], Q(42, 1, 0, 0), Trans[(256, 2, 8) -> 49.877500036556256]
[Tue Dec  2 15:06:50 2025] >> [t:681] (r:-0.100), [f:   300/1000], inf[3.3e+13], comp[7.9e+13], Q(42, 0, 0, 0), Trans[(256, 2, 8) -> 49.877500036556256]
[Tue Dec  2 15:06:50 2025] >> [t:682] (r: 0.000), [f:     0/1000], inf[3.3e+13], comp[0.0e+00], Q(42, 0, 0, 0), Trans[(256, 2, 8) -> 49.877500036556256]
[Tue Dec  2 15:06:50 2025] >> [t:683] (r: 0.000), [f:     0/1000], inf[8.1e+13], comp[0.0e+00], Q(41, 1, 0, 0), Trans[(512, 2, 8) -> 31.796302199813397]
[Tue Dec  2 15:06:50 2025] >> [t:684] (r:-0.100), [f:   300/1000], inf[3.3e+13], comp[7.9e+13], Q(41, 1, 0, 0), Trans[(256, 2, 8) -> 49.877500036556256]
[Tue Dec  2 15:06:50 2025] >> [t:685] (r:-0.100), [f:   300/1000], inf[3.3e+13], comp[7.9e+13], Q(41, 0, 0, 0), Trans[(256, 2, 8) -> 49.877500036556256]
[Tue Dec  2 15:06:50 2025] >> [t:686] (r: 0.000), [f:     0/1000], inf[3.3e+13], comp[0.0e+00], Q(41, 0, 0, 0), Trans[(256, 2, 8) -> 49.877500036556256]
[Tue Dec  2 15:06:50 2025] >> [t:687] (r: 0.000), [f:     0/1000], inf[8.1e+13], comp[0.0e+00], Q(41, 0, 0, 0), Trans[(512, 2, 8) -> 31.796302199813397]
[Tue Dec  2 15:06:50 2025] >> [t:688] (r: 0.000), [f:     0/1000], inf[8.1e+13], comp[0.0e+00], Q(40, 1, 0, 0), Trans[(512, 2, 8) -> 31.796302199813397]
[Tue Dec  2 15:06:50 2025] >> [t:689] (r:-0.100), [f:   300/1000], inf[3.3e+13], comp[7.9e+13], Q(40, 1, 0, 0), Trans[(256, 2, 8) -> 49.877500036556256]
[Tue Dec  2 15:06:50 2025] >> [t:690] (r:-0.100), [f:   300/1000], inf[3.3e+13], comp[7.9e+13], Q(40, 0, 0, 0), Trans[(256, 2, 8) -> 49.877500036556256]
[Tue Dec  2 15:06:50 2025] >> [t:691] (r: 0.000), [f:     0/1000], inf[3.3e+13], comp[0.0e+00], Q(40, 0, 0, 0), Trans[(256, 2, 8) -> 49.877500036556256]
[Tue Dec  2 15:06:50 2025] >> [t:692] (r: 0.000), [f:     0/1000], inf[8.1e+13], comp[0.0e+00], Q(40, 0, 0, 0), Trans[(512, 2, 8) -> 31.796302199813397]
[Tue Dec  2 15:06:50 2025] >> [t:693] (r: 0.000), [f:     0/1000], inf[8.1e+13], comp[0.0e+00], Q(39, 1, 0, 0), Trans[(512, 2, 8) -> 31.796302199813397]
[Tue Dec  2 15:06:50 2025] >> [t:694] (r:-0.100), [f:   300/1000], inf[3.3e+13], comp[7.9e+13], Q(39, 1, 0, 0), Trans[(256, 2, 8) -> 49.877500036556256]
[Tue Dec  2 15:06:50 2025] >> [t:695] (r:-0.100), [f:   300/1000], inf[3.3e+13], comp[7.9e+13], Q(38, 0, 0, 0), Trans[(256, 2, 8) -> 49.877500036556256]
[Tue Dec  2 15:06:50 2025] >> [t:696] (r: 0.000), [f:     0/1000], inf[3.3e+13], comp[0.0e+00], Q(38, 0, 0, 0), Trans[(256, 2, 8) -> 49.877500036556256]
[Tue Dec  2 15:06:50 2025] >> [t:697] (r: 0.000), [f:     0/1000], inf[8.1e+13], comp[0.0e+00], Q(37, 1, 0, 0), Trans[(512, 2, 8) -> 31.796302199813397]
[Tue Dec  2 15:06:50 2025] >> [t:698] (r:-0.100), [f:   300/1000], inf[3.3e+13], comp[7.9e+13], Q(37, 1, 0, 0), Trans[(256, 2, 8) -> 49.877500036556256]
[Tue Dec  2 15:06:50 2025] >> [t:699] (r:-0.100), [f:   300/1000], inf[3.3e+13], comp[7.9e+13], Q(37, 0, 0, 0), Trans[(256, 2, 8) -> 49.877500036556256]
[Tue Dec  2 15:06:50 2025] >> [t:700] (r: 0.000), [f:     0/1000], inf[3.3e+13], comp[0.0e+00], Q(36, 1, 0, 0), Trans[(256, 2, 8) -> 49.877500036556256]
[Tue Dec  2 15:06:50 2025] >> [t:701] (r:-0.100), [f:   300/1000], inf[3.3e+13], comp[7.9e+13], Q(36, 0, 0, 0), Trans[(256, 2, 8) -> 49.877500036556256]
[Tue Dec  2 15:06:50 2025] >> [t:702] (r: 0.000), [f:     0/1000], inf[3.3e+13], comp[0.0e+00], Q(34, 2, 0, 0), Trans[(256, 2, 8) -> 49.877500036556256]
[Tue Dec  2 15:06:50 2025] >> [t:703] (r:-0.100), [f:   300/1000], inf[3.3e+13], comp[7.9e+13], Q(34, 0, 0, 0), Trans[(256, 2, 8) -> 49.877500036556256]
[Tue Dec  2 15:06:50 2025] >> [t:704] (r: 0.000), [f:     0/1000], inf[3.3e+13], comp[0.0e+00], Q(34, 0, 0, 0), Trans[(256, 2, 8) -> 49.877500036556256]
[Tue Dec  2 15:06:50 2025] >> [t:705] (r: 0.000), [f:     0/1000], inf[8.1e+13], comp[0.0e+00], Q(34, 0, 0, 0), Trans[(512, 2, 8) -> 31.796302199813397]
[Tue Dec  2 15:06:50 2025] >> [t:706] (r: 0.000), [f:     0/1000], inf[8.1e+13], comp[0.0e+00], Q(34, 0, 0, 0), Trans[(512, 2, 8) -> 31.796302199813397]
[Tue Dec  2 15:06:50 2025] >> [t:707] (r: 0.000), [f:     0/1000], inf[8.1e+13], comp[0.0e+00], Q(34, 0, 0, 0), Trans[(512, 2, 8) -> 31.796302199813397]
[Tue Dec  2 15:06:50 2025] >> [t:708] (r: 0.000), [f:     0/1000], inf[8.1e+13], comp[0.0e+00], Q(34, 0, 0, 0), Trans[(512, 2, 8) -> 31.796302199813397]
[Tue Dec  2 15:06:50 2025] >> [t:709] (r: 0.000), [f:     0/1000], inf[8.1e+13], comp[0.0e+00], Q(34, 0, 0, 0), Trans[(512, 2, 8) -> 31.796302199813397]
[Tue Dec  2 15:06:50 2025] >> [t:710] (r: 0.000), [f:     0/1000], inf[8.1e+13], comp[0.0e+00], Q(34, 0, 0, 0), Trans[(512, 2, 8) -> 31.796302199813397]
[Tue Dec  2 15:06:50 2025] >> [t:711] (r: 0.000), [f:     0/1000], inf[8.1e+13], comp[0.0e+00], Q(34, 0, 0, 0), Trans[(512, 2, 8) -> 31.796302199813397]
[Tue Dec  2 15:06:50 2025] >> [t:712] (r: 0.000), [f:     0/1000], inf[8.1e+13], comp[0.0e+00], Q(33, 1, 0, 0), Trans[(512, 2, 8) -> 31.796302199813397]
[Tue Dec  2 15:06:50 2025] >> [t:713] (r:-0.100), [f:   300/1000], inf[3.3e+13], comp[7.9e+13], Q(33, 1, 0, 0), Trans[(256, 2, 8) -> 49.877500036556256]
[Tue Dec  2 15:06:50 2025] >> [t:714] (r:-0.100), [f:   300/1000], inf[3.3e+13], comp[7.9e+13], Q(33, 0, 0, 0), Trans[(256, 2, 8) -> 49.877500036556256]
[Tue Dec  2 15:06:50 2025] >> [t:715] (r: 0.000), [f:     0/1000], inf[3.3e+13], comp[0.0e+00], Q(32, 1, 0, 0), Trans[(256, 2, 8) -> 49.877500036556256]
[Tue Dec  2 15:06:50 2025] >> [t:716] (r:-0.100), [f:   300/1000], inf[3.3e+13], comp[7.9e+13], Q(32, 0, 0, 0), Trans[(256, 2, 8) -> 49.877500036556256]
[Tue Dec  2 15:06:50 2025] >> [t:717] (r: 0.000), [f:     0/1000], inf[3.3e+13], comp[0.0e+00], Q(32, 0, 0, 0), Trans[(256, 2, 8) -> 49.877500036556256]
[Tue Dec  2 15:06:50 2025] >> [t:718] (r: 0.000), [f:     0/1000], inf[8.1e+13], comp[0.0e+00], Q(32, 0, 0, 0), Trans[(512, 2, 8) -> 31.796302199813397]
[Tue Dec  2 15:06:50 2025] >> [t:719] (r: 0.000), [f:     0/1000], inf[8.1e+13], comp[0.0e+00], Q(31, 1, 0, 0), Trans[(512, 2, 8) -> 31.796302199813397]
[Tue Dec  2 15:06:50 2025] >> [t:720] (r:-0.100), [f:   300/1000], inf[3.3e+13], comp[7.9e+13], Q(31, 1, 0, 0), Trans[(256, 2, 8) -> 49.877500036556256]
[Tue Dec  2 15:06:50 2025] >> [t:721] (r:-0.100), [f:   300/1000], inf[3.3e+13], comp[7.9e+13], Q(31, 0, 0, 0), Trans[(256, 2, 8) -> 49.877500036556256]
[Tue Dec  2 15:06:50 2025] >> [t:722] (r: 0.000), [f:     0/1000], inf[3.3e+13], comp[0.0e+00], Q(30, 1, 0, 0), Trans[(256, 2, 8) -> 49.877500036556256]
[Tue Dec  2 15:06:50 2025] >> [t:723] (r:-0.100), [f:   300/1000], inf[3.3e+13], comp[7.9e+13], Q(30, 0, 0, 0), Trans[(256, 2, 8) -> 49.877500036556256]
[Tue Dec  2 15:06:50 2025] >> [t:724] (r: 0.000), [f:     0/1000], inf[3.3e+13], comp[0.0e+00], Q(30, 0, 0, 0), Trans[(256, 2, 8) -> 49.877500036556256]
[Tue Dec  2 15:06:50 2025] >> [t:725] (r: 0.000), [f:     0/1000], inf[8.1e+13], comp[0.0e+00], Q(30, 0, 0, 0), Trans[(512, 2, 8) -> 31.796302199813397]
[Tue Dec  2 15:06:50 2025] >> [t:726] (r: 0.000), [f:     0/1000], inf[8.1e+13], comp[0.0e+00], Q(29, 1, 0, 0), Trans[(512, 2, 8) -> 31.796302199813397]
[Tue Dec  2 15:06:50 2025] >> [t:727] (r:-0.100), [f:   300/1000], inf[3.3e+13], comp[7.9e+13], Q(29, 1, 0, 0), Trans[(256, 2, 8) -> 49.877500036556256]
[Tue Dec  2 15:06:50 2025] >> [t:728] (r:-0.100), [f:   300/1000], inf[3.3e+13], comp[7.9e+13], Q(28, 0, 0, 0), Trans[(256, 2, 8) -> 49.877500036556256]
[Tue Dec  2 15:06:50 2025] >> [t:729] (r: 0.000), [f:     0/1000], inf[3.3e+13], comp[0.0e+00], Q(28, 0, 0, 0), Trans[(256, 2, 8) -> 49.877500036556256]
[Tue Dec  2 15:06:50 2025] >> [t:730] (r: 0.000), [f:     0/1000], inf[8.1e+13], comp[0.0e+00], Q(28, 0, 0, 0), Trans[(512, 2, 8) -> 31.796302199813397]
[Tue Dec  2 15:06:50 2025] >> [t:731] (r: 0.000), [f:     0/1000], inf[8.1e+13], comp[0.0e+00], Q(28, 0, 0, 0), Trans[(512, 2, 8) -> 31.796302199813397]
[Tue Dec  2 15:06:50 2025] >> [t:732] (r: 0.000), [f:     0/1000], inf[8.1e+13], comp[0.0e+00], Q(28, 0, 0, 0), Trans[(512, 2, 8) -> 31.796302199813397]
[Tue Dec  2 15:06:50 2025] >> [t:733] (r: 0.000), [f:     0/1000], inf[8.1e+13], comp[0.0e+00], Q(27, 1, 0, 0), Trans[(512, 2, 8) -> 31.796302199813397]
[Tue Dec  2 15:06:50 2025] >> [t:734] (r:-0.100), [f:   300/1000], inf[3.3e+13], comp[7.9e+13], Q(26, 2, 0, 0), Trans[(256, 2, 8) -> 49.877500036556256]
[Tue Dec  2 15:06:50 2025] >> [t:735] (r:-0.100), [f:   300/1000], inf[3.3e+13], comp[7.9e+13], Q(25, 0, 0, 0), Trans[(256, 2, 8) -> 49.877500036556256]
[Tue Dec  2 15:06:50 2025] >> [t:736] (r: 0.000), [f:     0/1000], inf[3.3e+13], comp[0.0e+00], Q(25, 0, 0, 0), Trans[(256, 2, 8) -> 49.877500036556256]
[Tue Dec  2 15:06:50 2025] >> [t:737] (r: 0.000), [f:     0/1000], inf[8.1e+13], comp[0.0e+00], Q(24, 1, 0, 0), Trans[(512, 2, 8) -> 31.796302199813397]
[Tue Dec  2 15:06:50 2025] >> [t:738] (r:-0.100), [f:   300/1000], inf[3.3e+13], comp[7.9e+13], Q(24, 1, 0, 0), Trans[(256, 2, 8) -> 49.877500036556256]
[Tue Dec  2 15:06:50 2025] >> [t:739] (r:-0.100), [f:   300/1000], inf[3.3e+13], comp[7.9e+13], Q(24, 0, 0, 0), Trans[(256, 2, 8) -> 49.877500036556256]
[Tue Dec  2 15:06:50 2025] >> [t:740] (r: 0.000), [f:     0/1000], inf[3.3e+13], comp[0.0e+00], Q(24, 0, 0, 0), Trans[(256, 2, 8) -> 49.877500036556256]
[Tue Dec  2 15:06:50 2025] >> [t:741] (r: 0.000), [f:     0/1000], inf[8.1e+13], comp[0.0e+00], Q(24, 0, 0, 0), Trans[(512, 2, 8) -> 31.796302199813397]
[Tue Dec  2 15:06:50 2025] >> [t:742] (r: 0.000), [f:     0/1000], inf[8.1e+13], comp[0.0e+00], Q(24, 0, 0, 0), Trans[(512, 2, 8) -> 31.796302199813397]
[Tue Dec  2 15:06:50 2025] >> [t:743] (r: 0.000), [f:     0/1000], inf[8.1e+13], comp[0.0e+00], Q(24, 0, 0, 0), Trans[(512, 2, 8) -> 31.796302199813397]
[Tue Dec  2 15:06:50 2025] >> [t:744] (r: 0.000), [f:     0/1000], inf[8.1e+13], comp[0.0e+00], Q(24, 0, 0, 0), Trans[(512, 2, 8) -> 31.796302199813397]
[Tue Dec  2 15:06:50 2025] >> [t:745] (r: 0.000), [f:     0/1000], inf[8.1e+13], comp[0.0e+00], Q(24, 0, 0, 0), Trans[(512, 2, 8) -> 31.796302199813397]
[Tue Dec  2 15:06:50 2025] >> [t:746] (r: 0.000), [f:     0/1000], inf[8.1e+13], comp[0.0e+00], Q(24, 0, 0, 0), Trans[(512, 2, 8) -> 31.796302199813397]
[Tue Dec  2 15:06:50 2025] >> [t:747] (r: 0.000), [f:     0/1000], inf[8.1e+13], comp[0.0e+00], Q(24, 0, 0, 0), Trans[(512, 2, 8) -> 31.796302199813397]
[Tue Dec  2 15:06:50 2025] >> [t:748] (r: 0.000), [f:     0/1000], inf[8.1e+13], comp[0.0e+00], Q(23, 1, 0, 0), Trans[(512, 2, 8) -> 31.796302199813397]
[Tue Dec  2 15:06:50 2025] >> [t:749] (r:-0.100), [f:   300/1000], inf[3.3e+13], comp[7.9e+13], Q(23, 1, 0, 0), Trans[(256, 2, 8) -> 49.877500036556256]
[Tue Dec  2 15:06:50 2025] >> [t:750] (r:-0.100), [f:   300/1000], inf[3.3e+13], comp[7.9e+13], Q(23, 0, 0, 0), Trans[(256, 2, 8) -> 49.877500036556256]
[Tue Dec  2 15:06:50 2025] >> [t:751] (r: 0.000), [f:     0/1000], inf[3.3e+13], comp[0.0e+00], Q(23, 0, 0, 0), Trans[(256, 2, 8) -> 49.877500036556256]
[Tue Dec  2 15:06:50 2025] >> [t:752] (r: 0.000), [f:     0/1000], inf[8.1e+13], comp[0.0e+00], Q(23, 0, 0, 0), Trans[(512, 2, 8) -> 31.796302199813397]
[Tue Dec  2 15:06:50 2025] >> [t:753] (r: 0.000), [f:     0/1000], inf[8.1e+13], comp[0.0e+00], Q(22, 1, 0, 0), Trans[(512, 2, 8) -> 31.796302199813397]
[Tue Dec  2 15:06:50 2025] >> [t:754] (r:-0.100), [f:   300/1000], inf[3.3e+13], comp[7.9e+13], Q(21, 2, 0, 0), Trans[(256, 2, 8) -> 49.877500036556256]
[Tue Dec  2 15:06:50 2025] >> [t:755] (r:-0.100), [f:   300/1000], inf[3.3e+13], comp[7.9e+13], Q(21, 0, 0, 0), Trans[(256, 2, 8) -> 49.877500036556256]
[Tue Dec  2 15:06:50 2025] >> [t:756] (r: 0.000), [f:     0/1000], inf[3.3e+13], comp[0.0e+00], Q(21, 0, 0, 0), Trans[(256, 2, 8) -> 49.877500036556256]
[Tue Dec  2 15:06:50 2025] >> [t:757] (r: 0.000), [f:     0/1000], inf[8.1e+13], comp[0.0e+00], Q(21, 0, 0, 0), Trans[(512, 2, 8) -> 31.796302199813397]
[Tue Dec  2 15:06:50 2025] >> [t:758] (r: 0.000), [f:     0/1000], inf[8.1e+13], comp[0.0e+00], Q(21, 0, 0, 0), Trans[(512, 2, 8) -> 31.796302199813397]
[Tue Dec  2 15:06:50 2025] >> [t:759] (r: 0.000), [f:     0/1000], inf[8.1e+13], comp[0.0e+00], Q(21, 0, 0, 0), Trans[(512, 2, 8) -> 31.796302199813397]
[Tue Dec  2 15:06:50 2025] >> [t:760] (r: 0.000), [f:     0/1000], inf[8.1e+13], comp[0.0e+00], Q(21, 0, 0, 0), Trans[(512, 2, 8) -> 31.796302199813397]
[Tue Dec  2 15:06:50 2025] >> [t:761] (r: 0.000), [f:     0/1000], inf[8.1e+13], comp[0.0e+00], Q(21, 0, 0, 0), Trans[(512, 2, 8) -> 31.796302199813397]
[Tue Dec  2 15:06:50 2025] >> [t:762] (r: 0.000), [f:     0/1000], inf[8.1e+13], comp[0.0e+00], Q(21, 0, 0, 0), Trans[(512, 2, 8) -> 31.796302199813397]
[Tue Dec  2 15:06:50 2025] >> [t:763] (r: 0.000), [f:     0/1000], inf[8.1e+13], comp[0.0e+00], Q(21, 0, 0, 0), Trans[(512, 2, 8) -> 31.796302199813397]
[Tue Dec  2 15:06:50 2025] >> [t:764] (r: 0.000), [f:     0/1000], inf[8.1e+13], comp[0.0e+00], Q(20, 1, 0, 0), Trans[(512, 2, 8) -> 31.796302199813397]
[Tue Dec  2 15:06:50 2025] >> [t:765] (r:-0.100), [f:   300/1000], inf[3.3e+13], comp[7.9e+13], Q(20, 1, 0, 0), Trans[(256, 2, 8) -> 49.877500036556256]
[Tue Dec  2 15:06:50 2025] >> [t:766] (r:-0.100), [f:   300/1000], inf[3.3e+13], comp[7.9e+13], Q(20, 0, 0, 0), Trans[(256, 2, 8) -> 49.877500036556256]
[Tue Dec  2 15:06:50 2025] >> [t:767] (r: 0.000), [f:     0/1000], inf[3.3e+13], comp[0.0e+00], Q(20, 0, 0, 0), Trans[(256, 2, 8) -> 49.877500036556256]
[Tue Dec  2 15:06:50 2025] >> [t:768] (r: 0.000), [f:     0/1000], inf[8.1e+13], comp[0.0e+00], Q(19, 1, 0, 0), Trans[(512, 2, 8) -> 31.796302199813397]
[Tue Dec  2 15:06:50 2025] >> [t:769] (r:-0.100), [f:   300/1000], inf[3.3e+13], comp[7.9e+13], Q(19, 1, 0, 0), Trans[(256, 2, 8) -> 49.877500036556256]
[Tue Dec  2 15:06:50 2025] >> [t:770] (r:-0.100), [f:   300/1000], inf[3.3e+13], comp[7.9e+13], Q(19, 0, 0, 0), Trans[(256, 2, 8) -> 49.877500036556256]
[Tue Dec  2 15:06:50 2025] >> [t:771] (r: 0.000), [f:     0/1000], inf[3.3e+13], comp[0.0e+00], Q(19, 0, 0, 0), Trans[(256, 2, 8) -> 49.877500036556256]
[Tue Dec  2 15:06:50 2025] >> [t:772] (r: 0.000), [f:     0/1000], inf[8.1e+13], comp[0.0e+00], Q(19, 0, 0, 0), Trans[(512, 2, 8) -> 31.796302199813397]
[Tue Dec  2 15:06:50 2025] >> [t:773] (r: 0.000), [f:     0/1000], inf[8.1e+13], comp[0.0e+00], Q(19, 0, 0, 0), Trans[(512, 2, 8) -> 31.796302199813397]
[Tue Dec  2 15:06:50 2025] >> [t:774] (r: 0.000), [f:     0/1000], inf[8.1e+13], comp[0.0e+00], Q(19, 0, 0, 0), Trans[(512, 2, 8) -> 31.796302199813397]
[Tue Dec  2 15:06:50 2025] >> [t:775] (r: 0.000), [f:     0/1000], inf[8.1e+13], comp[0.0e+00], Q(19, 0, 0, 0), Trans[(512, 2, 8) -> 31.796302199813397]
[Tue Dec  2 15:06:50 2025] >> [t:776] (r: 0.000), [f:     0/1000], inf[8.1e+13], comp[0.0e+00], Q(19, 0, 0, 0), Trans[(512, 2, 8) -> 31.796302199813397]
[Tue Dec  2 15:06:50 2025] >> [t:777] (r: 0.000), [f:     0/1000], inf[8.1e+13], comp[0.0e+00], Q(19, 0, 0, 0), Trans[(512, 2, 8) -> 31.796302199813397]
[Tue Dec  2 15:06:50 2025] >> [t:778] (r: 0.000), [f:     0/1000], inf[8.1e+13], comp[0.0e+00], Q(19, 0, 0, 0), Trans[(512, 2, 8) -> 31.796302199813397]
[Tue Dec  2 15:06:50 2025] >> [t:779] (r: 0.000), [f:     0/1000], inf[8.1e+13], comp[0.0e+00], Q(19, 0, 0, 0), Trans[(512, 2, 8) -> 31.796302199813397]
[Tue Dec  2 15:06:50 2025] >> [t:780] (r: 0.000), [f:     0/1000], inf[8.1e+13], comp[0.0e+00], Q(19, 0, 0, 0), Trans[(512, 2, 8) -> 31.796302199813397]
[Tue Dec  2 15:06:50 2025] >> [t:781] (r: 0.000), [f:     0/1000], inf[8.1e+13], comp[0.0e+00], Q(19, 0, 0, 0), Trans[(512, 2, 8) -> 31.796302199813397]
[Tue Dec  2 15:06:50 2025] >> [t:782] (r: 0.000), [f:     0/1000], inf[8.1e+13], comp[0.0e+00], Q(18, 1, 0, 0), Trans[(512, 2, 8) -> 31.796302199813397]
[Tue Dec  2 15:06:50 2025] >> [t:783] (r:-0.100), [f:   300/1000], inf[3.3e+13], comp[7.9e+13], Q(18, 1, 0, 0), Trans[(256, 2, 8) -> 49.877500036556256]
[Tue Dec  2 15:06:50 2025] >> [t:784] (r:-0.100), [f:   300/1000], inf[3.3e+13], comp[7.9e+13], Q(18, 0, 0, 0), Trans[(256, 2, 8) -> 49.877500036556256]
[Tue Dec  2 15:06:50 2025] >> [t:785] (r: 0.000), [f:     0/1000], inf[3.3e+13], comp[0.0e+00], Q(18, 0, 0, 0), Trans[(256, 2, 8) -> 49.877500036556256]
[Tue Dec  2 15:06:50 2025] >> [t:786] (r: 0.000), [f:     0/1000], inf[8.1e+13], comp[0.0e+00], Q(18, 0, 0, 0), Trans[(512, 2, 8) -> 31.796302199813397]
[Tue Dec  2 15:06:50 2025] >> [t:787] (r: 0.000), [f:     0/1000], inf[8.1e+13], comp[0.0e+00], Q(18, 0, 0, 0), Trans[(512, 2, 8) -> 31.796302199813397]
[Tue Dec  2 15:06:50 2025] >> [t:788] (r: 0.000), [f:     0/1000], inf[8.1e+13], comp[0.0e+00], Q(18, 0, 0, 0), Trans[(512, 2, 8) -> 31.796302199813397]
[Tue Dec  2 15:06:50 2025] >> [t:789] (r: 0.000), [f:     0/1000], inf[8.1e+13], comp[0.0e+00], Q(18, 0, 0, 0), Trans[(512, 2, 8) -> 31.796302199813397]
[Tue Dec  2 15:06:50 2025] >> [t:790] (r: 0.000), [f:     0/1000], inf[8.1e+13], comp[0.0e+00], Q(17, 1, 0, 0), Trans[(512, 2, 8) -> 31.796302199813397]
[Tue Dec  2 15:06:50 2025] >> [t:791] (r:-0.100), [f:   300/1000], inf[3.3e+13], comp[7.9e+13], Q(17, 1, 0, 0), Trans[(256, 2, 8) -> 49.877500036556256]
[Tue Dec  2 15:06:50 2025] >> [t:792] (r:-0.100), [f:   300/1000], inf[3.3e+13], comp[7.9e+13], Q(17, 0, 0, 0), Trans[(256, 2, 8) -> 49.877500036556256]
[Tue Dec  2 15:06:50 2025] >> [t:793] (r: 0.000), [f:     0/1000], inf[3.3e+13], comp[0.0e+00], Q(16, 1, 0, 0), Trans[(256, 2, 8) -> 49.877500036556256]
[Tue Dec  2 15:06:50 2025] >> [t:794] (r:-0.100), [f:   300/1000], inf[3.3e+13], comp[7.9e+13], Q(16, 0, 0, 0), Trans[(256, 2, 8) -> 49.877500036556256]
[Tue Dec  2 15:06:50 2025] >> [t:795] (r: 0.000), [f:     0/1000], inf[3.3e+13], comp[0.0e+00], Q(16, 0, 0, 0), Trans[(256, 2, 8) -> 49.877500036556256]
[Tue Dec  2 15:06:50 2025] >> [t:796] (r: 0.000), [f:     0/1000], inf[8.1e+13], comp[0.0e+00], Q(16, 0, 0, 0), Trans[(512, 2, 8) -> 31.796302199813397]
[Tue Dec  2 15:06:50 2025] >> [t:797] (r: 0.000), [f:     0/1000], inf[8.1e+13], comp[0.0e+00], Q(16, 0, 0, 0), Trans[(512, 2, 8) -> 31.796302199813397]
[Tue Dec  2 15:06:50 2025] >> [t:798] (r: 0.000), [f:     0/1000], inf[8.1e+13], comp[0.0e+00], Q(16, 0, 0, 0), Trans[(512, 2, 8) -> 31.796302199813397]
[Tue Dec  2 15:06:50 2025] >> [t:799] (r: 0.000), [f:     0/1000], inf[8.1e+13], comp[0.0e+00], Q(16, 0, 0, 0), Trans[(512, 2, 8) -> 31.796302199813397]
[Tue Dec  2 15:06:50 2025] >> [t:800] (r: 0.000), [f:     0/1000], inf[8.1e+13], comp[0.0e+00], Q(16, 0, 0, 0), Trans[(512, 2, 8) -> 31.796302199813397]
[Tue Dec  2 15:06:50 2025] >> [t:801] (r: 0.000), [f:     0/1000], inf[8.1e+13], comp[0.0e+00], Q(16, 0, 0, 0), Trans[(512, 2, 8) -> 31.796302199813397]
[Tue Dec  2 15:06:50 2025] >> [t:802] (r: 0.000), [f:     0/1000], inf[8.1e+13], comp[0.0e+00], Q(16, 0, 0, 0), Trans[(512, 2, 8) -> 31.796302199813397]
[Tue Dec  2 15:06:50 2025] >> [t:803] (r: 0.000), [f:     0/1000], inf[8.1e+13], comp[0.0e+00], Q(16, 0, 0, 0), Trans[(512, 2, 8) -> 31.796302199813397]
[Tue Dec  2 15:06:50 2025] >> [t:804] (r: 0.000), [f:     0/1000], inf[8.1e+13], comp[0.0e+00], Q(14, 2, 0, 0), Trans[(512, 2, 8) -> 31.796302199813397]
[Tue Dec  2 15:06:50 2025] >> [t:805] (r:-0.100), [f:   300/1000], inf[3.3e+13], comp[7.9e+13], Q(14, 2, 0, 0), Trans[(256, 2, 8) -> 49.877500036556256]
[Tue Dec  2 15:06:50 2025] >> [t:806] (r:-0.100), [f:   300/1000], inf[3.3e+13], comp[7.9e+13], Q(14, 1, 0, 0), Trans[(256, 2, 8) -> 49.877500036556256]
[Tue Dec  2 15:06:50 2025] >> [t:807] (r:-0.100), [f:   300/1000], inf[3.3e+13], comp[7.9e+13], Q(14, 0, 0, 0), Trans[(256, 2, 8) -> 49.877500036556256]
[Tue Dec  2 15:06:50 2025] >> [t:808] (r: 0.000), [f:     0/1000], inf[3.3e+13], comp[0.0e+00], Q(13, 1, 0, 0), Trans[(256, 2, 8) -> 49.877500036556256]
[Tue Dec  2 15:06:50 2025] >> [t:809] (r:-0.100), [f:   300/1000], inf[3.3e+13], comp[7.9e+13], Q(13, 0, 0, 0), Trans[(256, 2, 8) -> 49.877500036556256]
[Tue Dec  2 15:06:50 2025] >> [t:810] (r: 0.000), [f:     0/1000], inf[3.3e+13], comp[0.0e+00], Q(12, 1, 0, 0), Trans[(256, 2, 8) -> 49.877500036556256]
[Tue Dec  2 15:06:50 2025] >> [t:811] (r:-0.100), [f:   300/1000], inf[3.3e+13], comp[7.9e+13], Q(12, 0, 0, 0), Trans[(256, 2, 8) -> 49.877500036556256]
[Tue Dec  2 15:06:50 2025] >> [t:812] (r: 0.000), [f:     0/1000], inf[3.3e+13], comp[0.0e+00], Q(12, 0, 0, 0), Trans[(256, 2, 8) -> 49.877500036556256]
[Tue Dec  2 15:06:50 2025] >> [t:813] (r: 0.000), [f:     0/1000], inf[8.1e+13], comp[0.0e+00], Q(12, 0, 0, 0), Trans[(512, 2, 8) -> 31.796302199813397]
[Tue Dec  2 15:06:50 2025] >> [t:814] (r: 0.000), [f:     0/1000], inf[8.1e+13], comp[0.0e+00], Q(12, 0, 0, 0), Trans[(512, 2, 8) -> 31.796302199813397]
[Tue Dec  2 15:06:50 2025] >> [t:815] (r: 0.000), [f:     0/1000], inf[8.1e+13], comp[0.0e+00], Q(12, 0, 0, 0), Trans[(512, 2, 8) -> 31.796302199813397]
[Tue Dec  2 15:06:50 2025] >> [t:816] (r: 0.000), [f:     0/1000], inf[8.1e+13], comp[0.0e+00], Q(12, 0, 0, 0), Trans[(512, 2, 8) -> 31.796302199813397]
[Tue Dec  2 15:06:50 2025] >> [t:817] (r: 0.000), [f:     0/1000], inf[8.1e+13], comp[0.0e+00], Q(12, 0, 0, 0), Trans[(512, 2, 8) -> 31.796302199813397]
[Tue Dec  2 15:06:50 2025] >> [t:818] (r: 0.000), [f:     0/1000], inf[8.1e+13], comp[0.0e+00], Q(12, 0, 0, 0), Trans[(512, 2, 8) -> 31.796302199813397]
[Tue Dec  2 15:06:50 2025] >> [t:819] (r: 0.000), [f:     0/1000], inf[8.1e+13], comp[0.0e+00], Q(12, 0, 0, 0), Trans[(512, 2, 8) -> 31.796302199813397]
[Tue Dec  2 15:06:50 2025] >> [t:820] (r: 0.000), [f:     0/1000], inf[8.1e+13], comp[0.0e+00], Q(12, 0, 0, 0), Trans[(512, 2, 8) -> 31.796302199813397]
[Tue Dec  2 15:06:50 2025] >> [t:821] (r: 0.000), [f:     0/1000], inf[8.1e+13], comp[0.0e+00], Q(12, 0, 0, 0), Trans[(512, 2, 8) -> 31.796302199813397]
[Tue Dec  2 15:06:50 2025] >> [t:822] (r: 0.000), [f:     0/1000], inf[8.1e+13], comp[0.0e+00], Q(12, 0, 0, 0), Trans[(512, 2, 8) -> 31.796302199813397]
[Tue Dec  2 15:06:50 2025] >> [t:823] (r: 0.000), [f:     0/1000], inf[8.1e+13], comp[0.0e+00], Q(12, 0, 0, 0), Trans[(512, 2, 8) -> 31.796302199813397]
[Tue Dec  2 15:06:50 2025] >> [t:824] (r: 0.000), [f:     0/1000], inf[8.1e+13], comp[0.0e+00], Q(12, 0, 0, 0), Trans[(512, 2, 8) -> 31.796302199813397]
[Tue Dec  2 15:06:50 2025] >> [t:825] (r: 0.000), [f:     0/1000], inf[8.1e+13], comp[0.0e+00], Q(12, 0, 0, 0), Trans[(512, 2, 8) -> 31.796302199813397]
[Tue Dec  2 15:06:50 2025] >> [t:826] (r: 0.000), [f:     0/1000], inf[8.1e+13], comp[0.0e+00], Q(12, 0, 0, 0), Trans[(512, 2, 8) -> 31.796302199813397]
[Tue Dec  2 15:06:50 2025] >> [t:827] (r: 0.000), [f:     0/1000], inf[8.1e+13], comp[0.0e+00], Q(12, 0, 0, 0), Trans[(512, 2, 8) -> 31.796302199813397]
[Tue Dec  2 15:06:50 2025] >> [t:828] (r: 0.000), [f:     0/1000], inf[8.1e+13], comp[0.0e+00], Q(12, 0, 0, 0), Trans[(512, 2, 8) -> 31.796302199813397]
[Tue Dec  2 15:06:50 2025] >> [t:829] (r: 0.000), [f:     0/1000], inf[8.1e+13], comp[0.0e+00], Q(12, 0, 0, 0), Trans[(512, 2, 8) -> 31.796302199813397]
[Tue Dec  2 15:06:50 2025] >> [t:830] (r: 0.000), [f:     0/1000], inf[8.1e+13], comp[0.0e+00], Q(12, 0, 0, 0), Trans[(512, 2, 8) -> 31.796302199813397]
[Tue Dec  2 15:06:50 2025] >> [t:831] (r: 0.000), [f:     0/1000], inf[8.1e+13], comp[0.0e+00], Q(12, 0, 0, 0), Trans[(512, 2, 8) -> 31.796302199813397]
[Tue Dec  2 15:06:50 2025] >> [t:832] (r: 0.000), [f:     0/1000], inf[8.1e+13], comp[0.0e+00], Q(12, 0, 0, 0), Trans[(512, 2, 8) -> 31.796302199813397]
[Tue Dec  2 15:06:50 2025] >> [t:833] (r: 0.000), [f:     0/1000], inf[8.1e+13], comp[0.0e+00], Q(11, 1, 0, 0), Trans[(512, 2, 8) -> 31.796302199813397]
[Tue Dec  2 15:06:50 2025] >> [t:834] (r:-0.100), [f:   300/1000], inf[3.3e+13], comp[7.9e+13], Q(11, 1, 0, 0), Trans[(256, 2, 8) -> 49.877500036556256]
[Tue Dec  2 15:06:50 2025] >> [t:835] (r:-0.100), [f:   300/1000], inf[3.3e+13], comp[7.9e+13], Q(11, 0, 0, 0), Trans[(256, 2, 8) -> 49.877500036556256]
[Tue Dec  2 15:06:50 2025] >> [t:836] (r: 0.000), [f:     0/1000], inf[3.3e+13], comp[0.0e+00], Q(11, 0, 0, 0), Trans[(256, 2, 8) -> 49.877500036556256]
[Tue Dec  2 15:06:50 2025] >> [t:837] (r: 0.000), [f:     0/1000], inf[8.1e+13], comp[0.0e+00], Q(11, 0, 0, 0), Trans[(512, 2, 8) -> 31.796302199813397]
[Tue Dec  2 15:06:50 2025] >> [t:838] (r: 0.000), [f:     0/1000], inf[8.1e+13], comp[0.0e+00], Q(11, 0, 0, 0), Trans[(512, 2, 8) -> 31.796302199813397]
[Tue Dec  2 15:06:50 2025] >> [t:839] (r: 0.000), [f:     0/1000], inf[8.1e+13], comp[0.0e+00], Q(11, 0, 0, 0), Trans[(512, 2, 8) -> 31.796302199813397]
[Tue Dec  2 15:06:50 2025] >> [t:840] (r: 0.000), [f:     0/1000], inf[8.1e+13], comp[0.0e+00], Q(11, 0, 0, 0), Trans[(512, 2, 8) -> 31.796302199813397]
[Tue Dec  2 15:06:50 2025] >> [t:841] (r: 0.000), [f:     0/1000], inf[8.1e+13], comp[0.0e+00], Q(11, 0, 0, 0), Trans[(512, 2, 8) -> 31.796302199813397]
[Tue Dec  2 15:06:50 2025] >> [t:842] (r: 0.000), [f:     0/1000], inf[8.1e+13], comp[0.0e+00], Q(11, 0, 0, 0), Trans[(512, 2, 8) -> 31.796302199813397]
[Tue Dec  2 15:06:50 2025] >> [t:843] (r: 0.000), [f:     0/1000], inf[8.1e+13], comp[0.0e+00], Q(11, 0, 0, 0), Trans[(512, 2, 8) -> 31.796302199813397]
[Tue Dec  2 15:06:50 2025] >> [t:844] (r: 0.000), [f:     0/1000], inf[8.1e+13], comp[0.0e+00], Q(11, 0, 0, 0), Trans[(512, 2, 8) -> 31.796302199813397]
[Tue Dec  2 15:06:50 2025] >> [t:845] (r: 0.000), [f:     0/1000], inf[8.1e+13], comp[0.0e+00], Q(11, 0, 0, 0), Trans[(512, 2, 8) -> 31.796302199813397]
[Tue Dec  2 15:06:50 2025] >> [t:846] (r: 0.000), [f:     0/1000], inf[8.1e+13], comp[0.0e+00], Q(11, 0, 0, 0), Trans[(512, 2, 8) -> 31.796302199813397]
[Tue Dec  2 15:06:50 2025] >> [t:847] (r: 0.000), [f:     0/1000], inf[8.1e+13], comp[0.0e+00], Q(11, 0, 0, 0), Trans[(512, 2, 8) -> 31.796302199813397]
[Tue Dec  2 15:06:50 2025] >> [t:848] (r: 0.000), [f:     0/1000], inf[8.1e+13], comp[0.0e+00], Q(11, 0, 0, 0), Trans[(512, 2, 8) -> 31.796302199813397]
[Tue Dec  2 15:06:50 2025] >> [t:849] (r: 0.000), [f:     0/1000], inf[8.1e+13], comp[0.0e+00], Q(11, 0, 0, 0), Trans[(512, 2, 8) -> 31.796302199813397]
[Tue Dec  2 15:06:50 2025] >> [t:850] (r: 0.000), [f:     0/1000], inf[8.1e+13], comp[0.0e+00], Q(10, 1, 0, 0), Trans[(512, 2, 8) -> 31.796302199813397]
[Tue Dec  2 15:06:50 2025] >> [t:851] (r:-0.100), [f:   300/1000], inf[3.3e+13], comp[7.9e+13], Q(10, 1, 0, 0), Trans[(256, 2, 8) -> 49.877500036556256]
[Tue Dec  2 15:06:50 2025] >> [t:852] (r:-0.100), [f:   300/1000], inf[3.3e+13], comp[7.9e+13], Q(10, 0, 0, 0), Trans[(256, 2, 8) -> 49.877500036556256]
[Tue Dec  2 15:06:50 2025] >> [t:853] (r: 0.000), [f:     0/1000], inf[3.3e+13], comp[0.0e+00], Q(10, 0, 0, 0), Trans[(256, 2, 8) -> 49.877500036556256]
[Tue Dec  2 15:06:50 2025] >> [t:854] (r: 0.000), [f:     0/1000], inf[8.1e+13], comp[0.0e+00], Q(10, 0, 0, 0), Trans[(512, 2, 8) -> 31.796302199813397]
[Tue Dec  2 15:06:50 2025] >> [t:855] (r: 0.000), [f:     0/1000], inf[8.1e+13], comp[0.0e+00], Q(10, 0, 0, 0), Trans[(512, 2, 8) -> 31.796302199813397]
[Tue Dec  2 15:06:50 2025] >> [t:856] (r: 0.000), [f:     0/1000], inf[8.1e+13], comp[0.0e+00], Q(10, 0, 0, 0), Trans[(512, 2, 8) -> 31.796302199813397]
[Tue Dec  2 15:06:50 2025] >> [t:857] (r: 0.000), [f:     0/1000], inf[8.1e+13], comp[0.0e+00], Q(9, 1, 0, 0), Trans[(512, 2, 8) -> 31.796302199813397]
[Tue Dec  2 15:06:50 2025] >> [t:858] (r:-0.100), [f:   300/1000], inf[3.3e+13], comp[7.9e+13], Q(9, 1, 0, 0), Trans[(256, 2, 8) -> 49.877500036556256]
[Tue Dec  2 15:06:50 2025] >> [t:859] (r:-0.100), [f:   300/1000], inf[3.3e+13], comp[7.9e+13], Q(9, 0, 0, 0), Trans[(256, 2, 8) -> 49.877500036556256]
[Tue Dec  2 15:06:50 2025] >> [t:860] (r: 0.000), [f:     0/1000], inf[3.3e+13], comp[0.0e+00], Q(8, 1, 0, 0), Trans[(256, 2, 8) -> 49.877500036556256]
[Tue Dec  2 15:06:50 2025] >> [t:861] (r:-0.100), [f:   300/1000], inf[3.3e+13], comp[7.9e+13], Q(8, 0, 0, 0), Trans[(256, 2, 8) -> 49.877500036556256]
[Tue Dec  2 15:06:50 2025] >> [t:862] (r: 0.000), [f:     0/1000], inf[3.3e+13], comp[0.0e+00], Q(8, 0, 0, 0), Trans[(256, 2, 8) -> 49.877500036556256]
[Tue Dec  2 15:06:50 2025] >> [t:863] (r: 0.000), [f:     0/1000], inf[8.1e+13], comp[0.0e+00], Q(8, 0, 0, 0), Trans[(512, 2, 8) -> 31.796302199813397]
[Tue Dec  2 15:06:50 2025] >> [t:864] (r: 0.000), [f:     0/1000], inf[8.1e+13], comp[0.0e+00], Q(8, 0, 0, 0), Trans[(512, 2, 8) -> 31.796302199813397]
[Tue Dec  2 15:06:50 2025] >> [t:865] (r: 0.000), [f:     0/1000], inf[8.1e+13], comp[0.0e+00], Q(8, 0, 0, 0), Trans[(512, 2, 8) -> 31.796302199813397]
[Tue Dec  2 15:06:50 2025] >> [t:866] (r: 0.000), [f:     0/1000], inf[8.1e+13], comp[0.0e+00], Q(8, 0, 0, 0), Trans[(512, 2, 8) -> 31.796302199813397]
[Tue Dec  2 15:06:50 2025] >> [t:867] (r: 0.000), [f:     0/1000], inf[8.1e+13], comp[0.0e+00], Q(8, 0, 0, 0), Trans[(512, 2, 8) -> 31.796302199813397]
[Tue Dec  2 15:06:50 2025] >> [t:868] (r: 0.000), [f:     0/1000], inf[8.1e+13], comp[0.0e+00], Q(8, 0, 0, 0), Trans[(512, 2, 8) -> 31.796302199813397]
[Tue Dec  2 15:06:50 2025] >> [t:869] (r: 0.000), [f:     0/1000], inf[8.1e+13], comp[0.0e+00], Q(8, 0, 0, 0), Trans[(512, 2, 8) -> 31.796302199813397]
[Tue Dec  2 15:06:50 2025] >> [t:870] (r: 0.000), [f:     0/1000], inf[8.1e+13], comp[0.0e+00], Q(8, 0, 0, 0), Trans[(512, 2, 8) -> 31.796302199813397]
[Tue Dec  2 15:06:50 2025] >> [t:871] (r: 0.000), [f:     0/1000], inf[8.1e+13], comp[0.0e+00], Q(8, 0, 0, 0), Trans[(512, 2, 8) -> 31.796302199813397]
[Tue Dec  2 15:06:50 2025] >> [t:872] (r: 0.000), [f:     0/1000], inf[8.1e+13], comp[0.0e+00], Q(7, 1, 0, 0), Trans[(512, 2, 8) -> 31.796302199813397]
[Tue Dec  2 15:06:50 2025] >> [t:873] (r:-0.100), [f:   300/1000], inf[3.3e+13], comp[7.9e+13], Q(7, 1, 0, 0), Trans[(256, 2, 8) -> 49.877500036556256]
[Tue Dec  2 15:06:50 2025] >> [t:874] (r:-0.100), [f:   300/1000], inf[3.3e+13], comp[7.9e+13], Q(7, 0, 0, 0), Trans[(256, 2, 8) -> 49.877500036556256]
[Tue Dec  2 15:06:50 2025] >> [t:875] (r: 0.000), [f:     0/1000], inf[3.3e+13], comp[0.0e+00], Q(7, 0, 0, 0), Trans[(256, 2, 8) -> 49.877500036556256]
[Tue Dec  2 15:06:50 2025] >> [t:876] (r: 0.000), [f:     0/1000], inf[8.1e+13], comp[0.0e+00], Q(7, 0, 0, 0), Trans[(512, 2, 8) -> 31.796302199813397]
[Tue Dec  2 15:06:50 2025] >> [t:877] (r: 0.000), [f:     0/1000], inf[8.1e+13], comp[0.0e+00], Q(6, 1, 0, 0), Trans[(512, 2, 8) -> 31.796302199813397]
[Tue Dec  2 15:06:50 2025] >> [t:878] (r:-0.100), [f:   300/1000], inf[3.3e+13], comp[7.9e+13], Q(6, 1, 0, 0), Trans[(256, 2, 8) -> 49.877500036556256]
[Tue Dec  2 15:06:50 2025] >> [t:879] (r:-0.100), [f:   300/1000], inf[3.3e+13], comp[7.9e+13], Q(5, 0, 0, 0), Trans[(256, 2, 8) -> 49.877500036556256]
[Tue Dec  2 15:06:50 2025] >> [t:880] (r: 0.000), [f:     0/1000], inf[3.3e+13], comp[0.0e+00], Q(5, 0, 0, 0), Trans[(256, 2, 8) -> 49.877500036556256]
[Tue Dec  2 15:06:50 2025] >> [t:881] (r: 0.000), [f:     0/1000], inf[8.1e+13], comp[0.0e+00], Q(5, 0, 0, 0), Trans[(512, 2, 8) -> 31.796302199813397]
[Tue Dec  2 15:06:50 2025] >> [t:882] (r: 0.000), [f:     0/1000], inf[8.1e+13], comp[0.0e+00], Q(5, 0, 0, 0), Trans[(512, 2, 8) -> 31.796302199813397]
[Tue Dec  2 15:06:50 2025] >> [t:883] (r: 0.000), [f:     0/1000], inf[8.1e+13], comp[0.0e+00], Q(5, 0, 0, 0), Trans[(512, 2, 8) -> 31.796302199813397]
[Tue Dec  2 15:06:50 2025] >> [t:884] (r: 0.000), [f:     0/1000], inf[8.1e+13], comp[0.0e+00], Q(5, 0, 0, 0), Trans[(512, 2, 8) -> 31.796302199813397]
[Tue Dec  2 15:06:50 2025] >> [t:885] (r: 0.000), [f:     0/1000], inf[8.1e+13], comp[0.0e+00], Q(5, 0, 0, 0), Trans[(512, 2, 8) -> 31.796302199813397]
[Tue Dec  2 15:06:50 2025] >> [t:886] (r: 0.000), [f:     0/1000], inf[8.1e+13], comp[0.0e+00], Q(5, 0, 0, 0), Trans[(512, 2, 8) -> 31.796302199813397]
[Tue Dec  2 15:06:50 2025] >> [t:887] (r: 0.000), [f:     0/1000], inf[8.1e+13], comp[0.0e+00], Q(5, 0, 0, 0), Trans[(512, 2, 8) -> 31.796302199813397]
[Tue Dec  2 15:06:50 2025] >> [t:888] (r: 0.000), [f:     0/1000], inf[8.1e+13], comp[0.0e+00], Q(5, 0, 0, 0), Trans[(512, 2, 8) -> 31.796302199813397]
[Tue Dec  2 15:06:50 2025] >> [t:889] (r: 0.000), [f:     0/1000], inf[8.1e+13], comp[0.0e+00], Q(4, 1, 0, 0), Trans[(512, 2, 8) -> 31.796302199813397]
[Tue Dec  2 15:06:50 2025] >> [t:890] (r:-0.100), [f:   300/1000], inf[3.3e+13], comp[7.9e+13], Q(2, 3, 0, 0), Trans[(256, 2, 8) -> 49.877500036556256]
[Tue Dec  2 15:06:50 2025] >> [t:891] (r:-0.100), [f:   300/1000], inf[3.3e+13], comp[7.9e+13], Q(1, 1, 0, 0), Trans[(256, 2, 8) -> 49.877500036556256]
[Tue Dec  2 15:06:50 2025] >> [t:892] (r:-0.100), [f:   300/1000], inf[3.3e+13], comp[7.9e+13], Q(1, 0, 0, 0), Trans[(256, 2, 8) -> 49.877500036556256]
[Tue Dec  2 15:06:50 2025] >> [t:893] (r: 0.000), [f:     0/1000], inf[3.3e+13], comp[0.0e+00], Q(1, 0, 0, 0), Trans[(256, 2, 8) -> 49.877500036556256]
[Tue Dec  2 15:06:50 2025] >> [t:894] (r: 0.000), [f:     0/1000], inf[8.1e+13], comp[0.0e+00], Q(1, 0, 0, 0), Trans[(512, 2, 8) -> 31.796302199813397]
[Tue Dec  2 15:06:50 2025] >> [t:895] (r: 0.000), [f:     0/1000], inf[8.1e+13], comp[0.0e+00], Q(1, 0, 0, 0), Trans[(512, 2, 8) -> 31.796302199813397]
[Tue Dec  2 15:06:50 2025] >> [t:896] (r: 0.000), [f:     0/1000], inf[8.1e+13], comp[0.0e+00], Q(0, 1, 0, 0), Trans[(512, 2, 8) -> 31.796302199813397]
[Tue Dec  2 15:06:50 2025] >> [t:897] (r:-0.100), [f:   300/1000], inf[3.3e+13], comp[7.9e+13], Q(0, 1, 0, 0), Trans[(256, 2, 8) -> 49.877500036556256]
[Tue Dec  2 15:06:50 2025] >> [t:898] (r:-0.100), [f:   300/1000], inf[3.3e+13], comp[7.9e+13], Q(0, 0, 0, 0), Trans[(256, 2, 8) -> 49.877500036556256]
[Tue Dec  2 15:06:50 2025] >> [t:899] (r: 0.000), [f:     0/1000], inf[3.3e+13], comp[0.0e+00], Q(0, 0, 0, 0), Trans[(256, 2, 8) -> 49.877500036556256]
[Tue Dec  2 15:06:50 2025] >> [t:900] (r: 0.000), [f:     0/1000], inf[8.1e+13], comp[0.0e+00], Q(0, 0, 0, 0), Trans[(512, 2, 8) -> 31.796302199813397]
[Tue Dec  2 15:06:50 2025] >> [t:901] (r: 0.000), [f:     0/1000], inf[8.1e+13], comp[0.0e+00], Q(0, 0, 0, 0), Trans[(512, 2, 8) -> 31.796302199813397]
[Tue Dec  2 15:06:50 2025] >> [t:902] (r: 0.000), [f:     0/1000], inf[8.1e+13], comp[0.0e+00], Q(0, 0, 0, 0), Trans[(512, 2, 8) -> 31.796302199813397]
[Tue Dec  2 15:06:50 2025] >> [t:903] (r: 0.000), [f:     0/1000], inf[8.1e+13], comp[0.0e+00], Q(0, 0, 0, 0), Trans[(512, 2, 8) -> 31.796302199813397]
[Tue Dec  2 15:06:50 2025] >> [t:904] (r: 0.000), [f:     0/1000], inf[8.1e+13], comp[0.0e+00], Q(0, 0, 0, 0), Trans[(512, 2, 8) -> 31.796302199813397]
[Tue Dec  2 15:06:50 2025] >> [t:905] (r: 0.000), [f:     0/1000], inf[8.1e+13], comp[0.0e+00], Q(0, 0, 0, 0), Trans[(512, 2, 8) -> 31.796302199813397]
[Tue Dec  2 15:06:50 2025] >> [t:906] (r: 0.000), [f:     0/1000], inf[8.1e+13], comp[0.0e+00], Q(0, 0, 0, 0), Trans[(512, 2, 8) -> 31.796302199813397]
[Tue Dec  2 15:06:50 2025] >> [t:907] (r: 0.000), [f:     0/1000], inf[8.1e+13], comp[0.0e+00], Q(0, 0, 0, 0), Trans[(512, 2, 8) -> 31.796302199813397]
[Tue Dec  2 15:06:50 2025] >> [t:908] (r: 0.000), [f:     0/1000], inf[8.1e+13], comp[0.0e+00], Q(0, 0, 0, 0), Trans[(512, 2, 8) -> 31.796302199813397]
[Tue Dec  2 15:06:50 2025] >> [t:909] (r: 0.000), [f:     0/1000], inf[8.1e+13], comp[0.0e+00], Q(0, 0, 0, 0), Trans[(512, 2, 8) -> 31.796302199813397]
[Tue Dec  2 15:06:50 2025] >> [t:910] (r: 0.000), [f:     0/1000], inf[8.1e+13], comp[0.0e+00], Q(0, 0, 0, 0), Trans[(512, 2, 8) -> 31.796302199813397]
[Tue Dec  2 15:06:50 2025] >> [t:911] (r: 0.000), [f:     0/1000], inf[8.1e+13], comp[0.0e+00], Q(0, 0, 0, 0), Trans[(512, 2, 8) -> 31.796302199813397]
[Tue Dec  2 15:06:50 2025] >> [t:912] (r: 0.000), [f:     0/1000], inf[8.1e+13], comp[0.0e+00], Q(0, 0, 0, 0), Trans[(512, 2, 8) -> 31.796302199813397]
[Tue Dec  2 15:06:50 2025] >> [t:913] (r: 0.000), [f:     0/1000], inf[8.1e+13], comp[0.0e+00], Q(0, 0, 0, 0), Trans[(512, 2, 8) -> 31.796302199813397]
[Tue Dec  2 15:06:50 2025] >> [t:914] (r: 0.000), [f:     0/1000], inf[8.1e+13], comp[0.0e+00], Q(0, 0, 0, 0), Trans[(512, 2, 8) -> 31.796302199813397]
[Tue Dec  2 15:06:50 2025] >> [t:915] (r: 0.000), [f:     0/1000], inf[8.1e+13], comp[0.0e+00], Q(0, 0, 0, 0), Trans[(512, 2, 8) -> 31.796302199813397]
[Tue Dec  2 15:06:50 2025] >> [t:916] (r: 0.000), [f:     0/1000], inf[8.1e+13], comp[0.0e+00], Q(0, 0, 0, 0), Trans[(512, 2, 8) -> 31.796302199813397]
[Tue Dec  2 15:06:50 2025] >> [t:917] (r: 0.000), [f:     0/1000], inf[8.1e+13], comp[0.0e+00], Q(0, 0, 0, 0), Trans[(512, 2, 8) -> 31.796302199813397]
[Tue Dec  2 15:06:50 2025] >> [t:918] (r: 0.000), [f:     0/1000], inf[8.1e+13], comp[0.0e+00], Q(0, 0, 0, 0), Trans[(512, 2, 8) -> 31.796302199813397]
[Tue Dec  2 15:06:50 2025] >> [t:919] (r: 0.000), [f:     0/1000], inf[8.1e+13], comp[0.0e+00], Q(0, 0, 0, 0), Trans[(512, 2, 8) -> 31.796302199813397]
[Tue Dec  2 15:06:50 2025] >> [t:920] (r: 0.000), [f:     0/1000], inf[8.1e+13], comp[0.0e+00], Q(0, 0, 0, 0), Trans[(512, 2, 8) -> 31.796302199813397]
[Tue Dec  2 15:06:50 2025] >> [t:921] (r: 0.000), [f:     0/1000], inf[8.1e+13], comp[0.0e+00], Q(0, 0, 0, 0), Trans[(512, 2, 8) -> 31.796302199813397]
[Tue Dec  2 15:06:50 2025] >> [t:922] (r: 0.000), [f:     0/1000], inf[8.1e+13], comp[0.0e+00], Q(0, 0, 0, 0), Trans[(512, 2, 8) -> 31.796302199813397]
[Tue Dec  2 15:06:50 2025] >> [t:923] (r: 0.000), [f:     0/1000], inf[8.1e+13], comp[0.0e+00], Q(0, 0, 0, 0), Trans[(512, 2, 8) -> 31.796302199813397]
[Tue Dec  2 15:06:50 2025] >> [t:924] (r: 0.000), [f:     0/1000], inf[8.1e+13], comp[0.0e+00], Q(0, 0, 0, 0), Trans[(512, 2, 8) -> 31.796302199813397]
[Tue Dec  2 15:06:50 2025] >> [t:925] (r: 0.000), [f:     0/1000], inf[8.1e+13], comp[0.0e+00], Q(0, 0, 0, 0), Trans[(512, 2, 8) -> 31.796302199813397]
[Tue Dec  2 15:06:50 2025] >> [t:926] (r: 0.000), [f:     0/1000], inf[8.1e+13], comp[0.0e+00], Q(0, 0, 0, 0), Trans[(512, 2, 8) -> 31.796302199813397]
[Tue Dec  2 15:06:50 2025] >> [t:927] (r: 0.000), [f:     0/1000], inf[8.1e+13], comp[0.0e+00], Q(0, 0, 0, 0), Trans[(512, 2, 8) -> 31.796302199813397]
[Tue Dec  2 15:06:50 2025] >> [t:928] (r: 0.000), [f:     0/1000], inf[8.1e+13], comp[0.0e+00], Q(0, 0, 0, 0), Trans[(512, 2, 8) -> 31.796302199813397]
[Tue Dec  2 15:06:50 2025] >> [t:929] (r: 0.000), [f:     0/1000], inf[8.1e+13], comp[0.0e+00], Q(0, 0, 0, 0), Trans[(512, 2, 8) -> 31.796302199813397]
[Tue Dec  2 15:06:50 2025] >> [t:930] (r: 0.000), [f:     0/1000], inf[8.1e+13], comp[0.0e+00], Q(0, 0, 0, 0), Trans[(512, 2, 8) -> 31.796302199813397]
[Tue Dec  2 15:06:50 2025] >> [t:931] (r: 0.000), [f:     0/1000], inf[8.1e+13], comp[0.0e+00], Q(0, 0, 0, 0), Trans[(512, 2, 8) -> 31.796302199813397]
[Tue Dec  2 15:06:50 2025] >> [t:932] (r: 0.000), [f:     0/1000], inf[8.1e+13], comp[0.0e+00], Q(0, 0, 0, 0), Trans[(512, 2, 8) -> 31.796302199813397]
[Tue Dec  2 15:06:50 2025] >> [t:933] (r: 0.000), [f:     0/1000], inf[8.1e+13], comp[0.0e+00], Q(0, 0, 0, 0), Trans[(512, 2, 8) -> 31.796302199813397]
[Tue Dec  2 15:06:50 2025] >> [t:934] (r: 0.000), [f:     0/1000], inf[8.1e+13], comp[0.0e+00], Q(0, 0, 0, 0), Trans[(512, 2, 8) -> 31.796302199813397]
[Tue Dec  2 15:06:50 2025] >> [t:935] (r: 0.000), [f:     0/1000], inf[8.1e+13], comp[0.0e+00], Q(0, 0, 0, 0), Trans[(512, 2, 8) -> 31.796302199813397]
[Tue Dec  2 15:06:50 2025] >> [t:936] (r: 0.000), [f:     0/1000], inf[8.1e+13], comp[0.0e+00], Q(0, 0, 0, 0), Trans[(512, 2, 8) -> 31.796302199813397]
[Tue Dec  2 15:06:50 2025] >> [t:937] (r: 0.000), [f:     0/1000], inf[8.1e+13], comp[0.0e+00], Q(0, 0, 0, 0), Trans[(512, 2, 8) -> 31.796302199813397]
[Tue Dec  2 15:06:50 2025] >> [t:938] (r: 0.000), [f:     0/1000], inf[8.1e+13], comp[0.0e+00], Q(0, 0, 0, 0), Trans[(512, 2, 8) -> 31.796302199813397]
[Tue Dec  2 15:06:50 2025] >> [t:939] (r: 0.000), [f:     0/1000], inf[8.1e+13], comp[0.0e+00], Q(0, 0, 0, 0), Trans[(512, 2, 8) -> 31.796302199813397]
[Tue Dec  2 15:06:50 2025] >> [t:940] (r: 0.000), [f:     0/1000], inf[8.1e+13], comp[0.0e+00], Q(0, 0, 0, 0), Trans[(512, 2, 8) -> 31.796302199813397]
[Tue Dec  2 15:06:50 2025] >> [t:941] (r: 0.000), [f:     0/1000], inf[8.1e+13], comp[0.0e+00], Q(0, 0, 0, 0), Trans[(512, 2, 8) -> 31.796302199813397]
[Tue Dec  2 15:06:50 2025] >> [t:942] (r: 0.000), [f:     0/1000], inf[8.1e+13], comp[0.0e+00], Q(0, 0, 0, 0), Trans[(512, 2, 8) -> 31.796302199813397]
[Tue Dec  2 15:06:50 2025] >> [t:943] (r: 0.000), [f:     0/1000], inf[8.1e+13], comp[0.0e+00], Q(0, 0, 0, 0), Trans[(512, 2, 8) -> 31.796302199813397]
[Tue Dec  2 15:06:50 2025] >> [t:944] (r: 0.000), [f:     0/1000], inf[8.1e+13], comp[0.0e+00], Q(0, 0, 0, 0), Trans[(512, 2, 8) -> 31.796302199813397]
[Tue Dec  2 15:06:50 2025] >> [t:945] (r: 0.000), [f:     0/1000], inf[8.1e+13], comp[0.0e+00], Q(0, 0, 0, 0), Trans[(512, 2, 8) -> 31.796302199813397]
[Tue Dec  2 15:06:50 2025] >> [t:946] (r: 0.000), [f:     0/1000], inf[8.1e+13], comp[0.0e+00], Q(0, 0, 0, 0), Trans[(512, 2, 8) -> 31.796302199813397]
[Tue Dec  2 15:06:50 2025] >> [t:947] (r: 0.000), [f:     0/1000], inf[8.1e+13], comp[0.0e+00], Q(0, 0, 0, 0), Trans[(512, 2, 8) -> 31.796302199813397]
[Tue Dec  2 15:06:50 2025] >> [t:948] (r: 0.000), [f:     0/1000], inf[8.1e+13], comp[0.0e+00], Q(0, 0, 0, 0), Trans[(512, 2, 8) -> 31.796302199813397]
[Tue Dec  2 15:06:50 2025] >> [t:949] (r: 0.000), [f:     0/1000], inf[8.1e+13], comp[0.0e+00], Q(0, 0, 0, 0), Trans[(512, 2, 8) -> 31.796302199813397]
[Tue Dec  2 15:06:50 2025] >> [t:950] (r: 0.000), [f:     0/1000], inf[8.1e+13], comp[0.0e+00], Q(0, 0, 0, 0), Trans[(512, 2, 8) -> 31.796302199813397]
[Tue Dec  2 15:06:50 2025] >> [t:951] (r: 0.000), [f:     0/1000], inf[8.1e+13], comp[0.0e+00], Q(0, 0, 0, 0), Trans[(512, 2, 8) -> 31.796302199813397]
[Tue Dec  2 15:06:50 2025] >> [t:952] (r: 0.000), [f:     0/1000], inf[8.1e+13], comp[0.0e+00], Q(0, 0, 0, 0), Trans[(512, 2, 8) -> 31.796302199813397]
[Tue Dec  2 15:06:50 2025] >> [t:953] (r: 0.000), [f:     0/1000], inf[8.1e+13], comp[0.0e+00], Q(0, 0, 0, 0), Trans[(512, 2, 8) -> 31.796302199813397]
[Tue Dec  2 15:06:50 2025] >> [t:954] (r: 0.000), [f:     0/1000], inf[8.1e+13], comp[0.0e+00], Q(0, 0, 0, 0), Trans[(512, 2, 8) -> 31.796302199813397]
[Tue Dec  2 15:06:50 2025] >> [t:955] (r: 0.000), [f:     0/1000], inf[8.1e+13], comp[0.0e+00], Q(0, 0, 0, 0), Trans[(512, 2, 8) -> 31.796302199813397]
[Tue Dec  2 15:06:50 2025] >> [t:956] (r: 0.000), [f:     0/1000], inf[8.1e+13], comp[0.0e+00], Q(0, 0, 0, 0), Trans[(512, 2, 8) -> 31.796302199813397]
[Tue Dec  2 15:06:50 2025] >> [t:957] (r: 0.000), [f:     0/1000], inf[8.1e+13], comp[0.0e+00], Q(0, 0, 0, 0), Trans[(512, 2, 8) -> 31.796302199813397]
[Tue Dec  2 15:06:50 2025] >> [t:958] (r: 0.000), [f:     0/1000], inf[8.1e+13], comp[0.0e+00], Q(0, 0, 0, 0), Trans[(512, 2, 8) -> 31.796302199813397]
[Tue Dec  2 15:06:50 2025] >> [t:959] (r: 0.000), [f:     0/1000], inf[8.1e+13], comp[0.0e+00], Q(0, 0, 0, 0), Trans[(512, 2, 8) -> 31.796302199813397]
[Tue Dec  2 15:06:50 2025] >> [t:960] (r: 0.000), [f:     0/1000], inf[8.1e+13], comp[0.0e+00], Q(0, 0, 0, 0), Trans[(512, 2, 8) -> 31.796302199813397]
[Tue Dec  2 15:06:50 2025] >> [t:961] (r: 0.000), [f:     0/1000], inf[8.1e+13], comp[0.0e+00], Q(0, 0, 0, 0), Trans[(512, 2, 8) -> 31.796302199813397]
[Tue Dec  2 15:06:50 2025] >> [t:962] (r: 0.000), [f:     0/1000], inf[8.1e+13], comp[0.0e+00], Q(0, 0, 0, 0), Trans[(512, 2, 8) -> 31.796302199813397]
[Tue Dec  2 15:06:50 2025] >> [t:963] (r: 0.000), [f:     0/1000], inf[8.1e+13], comp[0.0e+00], Q(0, 0, 0, 0), Trans[(512, 2, 8) -> 31.796302199813397]
[Tue Dec  2 15:06:50 2025] >> [t:964] (r: 0.000), [f:     0/1000], inf[8.1e+13], comp[0.0e+00], Q(0, 0, 0, 0), Trans[(512, 2, 8) -> 31.796302199813397]
[Tue Dec  2 15:06:50 2025] >> [t:965] (r: 0.000), [f:     0/1000], inf[8.1e+13], comp[0.0e+00], Q(0, 0, 0, 0), Trans[(512, 2, 8) -> 31.796302199813397]
[Tue Dec  2 15:06:50 2025] >> [t:966] (r: 0.000), [f:     0/1000], inf[8.1e+13], comp[0.0e+00], Q(0, 0, 0, 0), Trans[(512, 2, 8) -> 31.796302199813397]
[Tue Dec  2 15:06:50 2025] >> [t:967] (r: 0.000), [f:     0/1000], inf[8.1e+13], comp[0.0e+00], Q(0, 0, 0, 0), Trans[(512, 2, 8) -> 31.796302199813397]
[Tue Dec  2 15:06:50 2025] >> [t:968] (r: 0.000), [f:     0/1000], inf[8.1e+13], comp[0.0e+00], Q(0, 0, 0, 0), Trans[(512, 2, 8) -> 31.796302199813397]
[Tue Dec  2 15:06:50 2025] >> [t:969] (r: 0.000), [f:     0/1000], inf[8.1e+13], comp[0.0e+00], Q(0, 0, 0, 0), Trans[(512, 2, 8) -> 31.796302199813397]
[Tue Dec  2 15:06:50 2025] >> [t:970] (r: 0.000), [f:     0/1000], inf[8.1e+13], comp[0.0e+00], Q(0, 0, 0, 0), Trans[(512, 2, 8) -> 31.796302199813397]
[Tue Dec  2 15:06:50 2025] >> [t:971] (r: 0.000), [f:     0/1000], inf[8.1e+13], comp[0.0e+00], Q(0, 0, 0, 0), Trans[(512, 2, 8) -> 31.796302199813397]
[Tue Dec  2 15:06:50 2025] >> [t:972] (r: 0.000), [f:     0/1000], inf[8.1e+13], comp[0.0e+00], Q(0, 0, 0, 0), Trans[(512, 2, 8) -> 31.796302199813397]
[Tue Dec  2 15:06:50 2025] >> [t:973] (r: 0.000), [f:     0/1000], inf[8.1e+13], comp[0.0e+00], Q(0, 0, 0, 0), Trans[(512, 2, 8) -> 31.796302199813397]
[Tue Dec  2 15:06:50 2025] >> [t:974] (r: 0.000), [f:     0/1000], inf[8.1e+13], comp[0.0e+00], Q(0, 0, 0, 0), Trans[(512, 2, 8) -> 31.796302199813397]
[Tue Dec  2 15:06:50 2025] >> [t:975] (r: 0.000), [f:     0/1000], inf[8.1e+13], comp[0.0e+00], Q(0, 0, 0, 0), Trans[(512, 2, 8) -> 31.796302199813397]
[Tue Dec  2 15:06:50 2025] >> [t:976] (r: 0.000), [f:     0/1000], inf[8.1e+13], comp[0.0e+00], Q(0, 0, 0, 0), Trans[(512, 2, 8) -> 31.796302199813397]
[Tue Dec  2 15:06:50 2025] >> [t:977] (r: 0.000), [f:     0/1000], inf[8.1e+13], comp[0.0e+00], Q(0, 0, 0, 0), Trans[(512, 2, 8) -> 31.796302199813397]
[Tue Dec  2 15:06:50 2025] >> [t:978] (r: 0.000), [f:     0/1000], inf[8.1e+13], comp[0.0e+00], Q(0, 0, 0, 0), Trans[(512, 2, 8) -> 31.796302199813397]
[Tue Dec  2 15:06:50 2025] >> [t:979] (r: 0.000), [f:     0/1000], inf[8.1e+13], comp[0.0e+00], Q(0, 0, 0, 0), Trans[(512, 2, 8) -> 31.796302199813397]
[Tue Dec  2 15:06:50 2025] >> [t:980] (r: 0.000), [f:     0/1000], inf[8.1e+13], comp[0.0e+00], Q(0, 0, 0, 0), Trans[(512, 2, 8) -> 31.796302199813397]
[Tue Dec  2 15:06:50 2025] >> [t:981] (r: 0.000), [f:     0/1000], inf[8.1e+13], comp[0.0e+00], Q(0, 0, 0, 0), Trans[(512, 2, 8) -> 31.796302199813397]
[Tue Dec  2 15:06:50 2025] >> [t:982] (r: 0.000), [f:     0/1000], inf[8.1e+13], comp[0.0e+00], Q(0, 0, 0, 0), Trans[(512, 2, 8) -> 31.796302199813397]
[Tue Dec  2 15:06:50 2025] >> [t:983] (r: 0.000), [f:     0/1000], inf[8.1e+13], comp[0.0e+00], Q(0, 0, 0, 0), Trans[(512, 2, 8) -> 31.796302199813397]
[Tue Dec  2 15:06:50 2025] >> [t:984] (r: 0.000), [f:     0/1000], inf[8.1e+13], comp[0.0e+00], Q(0, 0, 0, 0), Trans[(512, 2, 8) -> 31.796302199813397]
[Tue Dec  2 15:06:50 2025] >> [t:985] (r: 0.000), [f:     0/1000], inf[8.1e+13], comp[0.0e+00], Q(0, 0, 0, 0), Trans[(512, 2, 8) -> 31.796302199813397]
[Tue Dec  2 15:06:50 2025] >> [t:986] (r: 0.000), [f:     0/1000], inf[8.1e+13], comp[0.0e+00], Q(0, 0, 0, 0), Trans[(512, 2, 8) -> 31.796302199813397]
[Tue Dec  2 15:06:50 2025] >> [t:987] (r: 0.000), [f:     0/1000], inf[8.1e+13], comp[0.0e+00], Q(0, 0, 0, 0), Trans[(512, 2, 8) -> 31.796302199813397]
[Tue Dec  2 15:06:50 2025] >> [t:988] (r: 0.000), [f:     0/1000], inf[8.1e+13], comp[0.0e+00], Q(0, 0, 0, 0), Trans[(512, 2, 8) -> 31.796302199813397]
[Tue Dec  2 15:06:50 2025] >> [t:989] (r: 0.000), [f:     0/1000], inf[8.1e+13], comp[0.0e+00], Q(0, 0, 0, 0), Trans[(512, 2, 8) -> 31.796302199813397]
[Tue Dec  2 15:06:50 2025] >> [t:990] (r: 0.000), [f:     0/1000], inf[8.1e+13], comp[0.0e+00], Q(0, 0, 0, 0), Trans[(512, 2, 8) -> 31.796302199813397]
[Tue Dec  2 15:06:50 2025] >> [t:991] (r: 0.000), [f:     0/1000], inf[8.1e+13], comp[0.0e+00], Q(0, 0, 0, 0), Trans[(512, 2, 8) -> 31.796302199813397]
[Tue Dec  2 15:06:50 2025] >> [t:992] (r: 0.000), [f:     0/1000], inf[8.1e+13], comp[0.0e+00], Q(0, 0, 0, 0), Trans[(512, 2, 8) -> 31.796302199813397]
[Tue Dec  2 15:06:50 2025] >> [t:993] (r: 0.000), [f:     0/1000], inf[8.1e+13], comp[0.0e+00], Q(0, 0, 0, 0), Trans[(512, 2, 8) -> 31.796302199813397]
[Tue Dec  2 15:06:50 2025] >> [t:994] (r: 0.000), [f:     0/1000], inf[8.1e+13], comp[0.0e+00], Q(0, 0, 0, 0), Trans[(512, 2, 8) -> 31.796302199813397]
[Tue Dec  2 15:06:50 2025] >> [t:995] (r: 0.000), [f:     0/1000], inf[8.1e+13], comp[0.0e+00], Q(0, 0, 0, 0), Trans[(512, 2, 8) -> 31.796302199813397]
[Tue Dec  2 15:06:50 2025] >> [t:996] (r: 0.000), [f:     0/1000], inf[8.1e+13], comp[0.0e+00], Q(0, 0, 0, 0), Trans[(512, 2, 8) -> 31.796302199813397]
[Tue Dec  2 15:06:50 2025] >> [t:997] (r: 0.000), [f:     0/1000], inf[8.1e+13], comp[0.0e+00], Q(0, 0, 0, 0), Trans[(512, 2, 8) -> 31.796302199813397]
[Tue Dec  2 15:06:50 2025] >> [t:998] (r: 0.000), [f:     0/1000], inf[8.1e+13], comp[0.0e+00], Q(0, 0, 0, 0), Trans[(512, 2, 8) -> 31.796302199813397]
[Tue Dec  2 15:06:50 2025] >> [t:999] (r: 0.000), [f:     0/1000], inf[8.1e+13], comp[0.0e+00], Q(0, 0, 0, 0), Trans[(512, 2, 8) -> 31.796302199813397]
[Tue Dec  2 17:24:43 2025] >> [t:  0] (r:-0.200), [f:   300/1000], inf[3.3e+13], comp[7.9e+13], Q(597, 0, 0, 0), Trans[(256, 2, 8) -> 49.877500036556256]
[Tue Dec  2 17:24:43 2025] >> [t:  1] (r: 0.000), [f:     0/1000], inf[3.3e+13], comp[0.0e+00], Q(597, 0, 0, 0), Trans[(256, 2, 8) -> 49.877500036556256]
[Tue Dec  2 17:24:43 2025] >> [t:  2] (r: 0.000), [f:     0/1000], inf[8.1e+13], comp[0.0e+00], Q(597, 0, 0, 0), Trans[(512, 2, 8) -> 31.796302199813397]
[Tue Dec  2 17:24:43 2025] >> [t:  3] (r: 0.000), [f:     0/1000], inf[8.1e+13], comp[0.0e+00], Q(596, 1, 0, 0), Trans[(512, 2, 8) -> 31.796302199813397]
[Tue Dec  2 17:24:43 2025] >> [t:  4] (r:-0.100), [f:   300/1000], inf[3.3e+13], comp[7.9e+13], Q(596, 1, 0, 0), Trans[(256, 2, 8) -> 49.877500036556256]
[Tue Dec  2 17:24:43 2025] >> [t:  5] (r:-0.100), [f:   300/1000], inf[3.3e+13], comp[7.9e+13], Q(595, 0, 0, 0), Trans[(256, 2, 8) -> 49.877500036556256]
[Tue Dec  2 17:24:43 2025] >> [t:  6] (r: 0.000), [f:     0/1000], inf[3.3e+13], comp[0.0e+00], Q(595, 0, 0, 0), Trans[(256, 2, 8) -> 49.877500036556256]
[Tue Dec  2 17:24:43 2025] >> [t:  7] (r: 0.000), [f:     0/1000], inf[8.1e+13], comp[0.0e+00], Q(595, 0, 0, 0), Trans[(512, 2, 8) -> 31.796302199813397]
[Tue Dec  2 17:24:43 2025] >> [t:  8] (r: 0.000), [f:     0/1000], inf[8.1e+13], comp[0.0e+00], Q(595, 0, 0, 0), Trans[(512, 2, 8) -> 31.796302199813397]
[Tue Dec  2 17:24:43 2025] >> [t:  9] (r: 0.000), [f:     0/1000], inf[8.1e+13], comp[0.0e+00], Q(594, 1, 0, 0), Trans[(512, 2, 8) -> 31.796302199813397]
[Tue Dec  2 17:24:43 2025] >> [t: 10] (r:-0.100), [f:   300/1000], inf[3.3e+13], comp[7.9e+13], Q(594, 1, 0, 0), Trans[(256, 2, 8) -> 49.877500036556256]
[Tue Dec  2 17:24:43 2025] >> [t: 11] (r:-0.100), [f:   300/1000], inf[3.3e+13], comp[7.9e+13], Q(593, 0, 0, 0), Trans[(256, 2, 8) -> 49.877500036556256]
[Tue Dec  2 17:24:43 2025] >> [t: 12] (r: 0.000), [f:     0/1000], inf[3.3e+13], comp[0.0e+00], Q(593, 0, 0, 0), Trans[(256, 2, 8) -> 49.877500036556256]
[Tue Dec  2 17:24:43 2025] >> [t: 13] (r: 0.000), [f:     0/1000], inf[8.1e+13], comp[0.0e+00], Q(593, 0, 0, 0), Trans[(512, 2, 8) -> 31.796302199813397]
[Tue Dec  2 17:24:43 2025] >> [t: 14] (r: 0.000), [f:     0/1000], inf[8.1e+13], comp[0.0e+00], Q(592, 1, 0, 0), Trans[(512, 2, 8) -> 31.796302199813397]
[Tue Dec  2 17:24:43 2025] >> [t: 15] (r:-0.100), [f:   300/1000], inf[3.3e+13], comp[7.9e+13], Q(592, 1, 0, 0), Trans[(256, 2, 8) -> 49.877500036556256]
[Tue Dec  2 17:24:43 2025] >> [t: 16] (r:-0.100), [f:   300/1000], inf[3.3e+13], comp[7.9e+13], Q(591, 0, 0, 0), Trans[(256, 2, 8) -> 49.877500036556256]
[Tue Dec  2 17:24:43 2025] >> [t: 17] (r: 0.000), [f:     0/1000], inf[3.3e+13], comp[0.0e+00], Q(591, 0, 0, 0), Trans[(256, 2, 8) -> 49.877500036556256]
[Tue Dec  2 17:24:43 2025] >> [t: 18] (r: 0.000), [f:     0/1000], inf[8.1e+13], comp[0.0e+00], Q(591, 0, 0, 0), Trans[(512, 2, 8) -> 31.796302199813397]
[Tue Dec  2 17:24:43 2025] >> [t: 19] (r: 0.000), [f:     0/1000], inf[8.1e+13], comp[0.0e+00], Q(589, 2, 0, 0), Trans[(512, 2, 8) -> 31.796302199813397]
[Tue Dec  2 17:24:43 2025] >> [t: 20] (r:-0.100), [f:   300/1000], inf[3.3e+13], comp[7.9e+13], Q(589, 2, 0, 0), Trans[(256, 2, 8) -> 49.877500036556256]
[Tue Dec  2 17:24:43 2025] >> [t: 21] (r:-0.100), [f:   300/1000], inf[3.3e+13], comp[7.9e+13], Q(588, 2, 0, 0), Trans[(256, 2, 8) -> 49.877500036556256]
[Tue Dec  2 17:24:43 2025] >> [t: 22] (r:-0.100), [f:   300/1000], inf[3.3e+13], comp[7.9e+13], Q(587, 0, 0, 0), Trans[(256, 2, 8) -> 49.877500036556256]
[Tue Dec  2 17:24:43 2025] >> [t: 23] (r: 0.000), [f:     0/1000], inf[3.3e+13], comp[0.0e+00], Q(587, 0, 0, 0), Trans[(256, 2, 8) -> 49.877500036556256]
[Tue Dec  2 17:24:43 2025] >> [t: 24] (r: 0.000), [f:     0/1000], inf[8.1e+13], comp[0.0e+00], Q(586, 1, 0, 0), Trans[(512, 2, 8) -> 31.796302199813397]
[Tue Dec  2 17:24:43 2025] >> [t: 25] (r:-0.100), [f:   300/1000], inf[3.3e+13], comp[7.9e+13], Q(584, 3, 0, 0), Trans[(256, 2, 8) -> 49.877500036556256]
[Tue Dec  2 17:24:43 2025] >> [t: 26] (r:-0.100), [f:   300/1000], inf[3.3e+13], comp[7.9e+13], Q(584, 0, 0, 0), Trans[(256, 2, 8) -> 49.877500036556256]
[Tue Dec  2 17:24:43 2025] >> [t: 27] (r: 0.000), [f:     0/1000], inf[3.3e+13], comp[0.0e+00], Q(584, 0, 0, 0), Trans[(256, 2, 8) -> 49.877500036556256]
[Tue Dec  2 17:24:43 2025] >> [t: 28] (r: 0.000), [f:     0/1000], inf[8.1e+13], comp[0.0e+00], Q(583, 1, 0, 0), Trans[(512, 2, 8) -> 31.796302199813397]
[Tue Dec  2 17:24:43 2025] >> [t: 29] (r:-0.100), [f:   300/1000], inf[3.3e+13], comp[7.9e+13], Q(583, 1, 0, 0), Trans[(256, 2, 8) -> 49.877500036556256]
[Tue Dec  2 17:24:43 2025] >> [t: 30] (r:-0.100), [f:   300/1000], inf[3.3e+13], comp[7.9e+13], Q(583, 0, 0, 0), Trans[(256, 2, 8) -> 49.877500036556256]
[Tue Dec  2 17:24:43 2025] >> [t: 31] (r: 0.000), [f:     0/1000], inf[3.3e+13], comp[0.0e+00], Q(580, 3, 0, 0), Trans[(256, 2, 8) -> 49.877500036556256]
[Tue Dec  2 17:24:43 2025] >> [t: 32] (r:-0.100), [f:   300/1000], inf[3.3e+13], comp[7.9e+13], Q(580, 1, 0, 0), Trans[(256, 2, 8) -> 49.877500036556256]
[Tue Dec  2 17:24:43 2025] >> [t: 33] (r:-0.100), [f:   300/1000], inf[3.3e+13], comp[7.9e+13], Q(579, 0, 0, 0), Trans[(256, 2, 8) -> 49.877500036556256]
[Tue Dec  2 17:24:43 2025] >> [t: 34] (r: 0.000), [f:     0/1000], inf[3.3e+13], comp[0.0e+00], Q(579, 0, 0, 0), Trans[(256, 2, 8) -> 49.877500036556256]
[Tue Dec  2 17:24:43 2025] >> [t: 35] (r: 0.000), [f:     0/1000], inf[8.1e+13], comp[0.0e+00], Q(577, 2, 0, 0), Trans[(512, 2, 8) -> 31.796302199813397]
[Tue Dec  2 17:24:43 2025] >> [t: 36] (r:-0.100), [f:   300/1000], inf[3.3e+13], comp[7.9e+13], Q(576, 3, 0, 0), Trans[(256, 2, 8) -> 49.877500036556256]
[Tue Dec  2 17:24:43 2025] >> [t: 37] (r:-0.100), [f:   300/1000], inf[3.3e+13], comp[7.9e+13], Q(575, 3, 0, 0), Trans[(256, 2, 8) -> 49.877500036556256]
[Tue Dec  2 17:24:43 2025] >> [t: 38] (r:-0.100), [f:   300/1000], inf[3.3e+13], comp[7.9e+13], Q(575, 0, 0, 0), Trans[(256, 2, 8) -> 49.877500036556256]
[Tue Dec  2 17:24:43 2025] >> [t: 39] (r: 0.000), [f:     0/1000], inf[3.3e+13], comp[0.0e+00], Q(574, 1, 0, 0), Trans[(256, 2, 8) -> 49.877500036556256]
[Tue Dec  2 17:24:43 2025] >> [t: 40] (r:-0.100), [f:   300/1000], inf[3.3e+13], comp[7.9e+13], Q(574, 0, 0, 0), Trans[(256, 2, 8) -> 49.877500036556256]
[Tue Dec  2 17:24:43 2025] >> [t: 41] (r: 0.000), [f:     0/1000], inf[3.3e+13], comp[0.0e+00], Q(573, 1, 0, 0), Trans[(256, 2, 8) -> 49.877500036556256]
[Tue Dec  2 17:24:43 2025] >> [t: 42] (r:-0.100), [f:   300/1000], inf[3.3e+13], comp[7.9e+13], Q(573, 0, 0, 0), Trans[(256, 2, 8) -> 49.877500036556256]
[Tue Dec  2 17:24:43 2025] >> [t: 43] (r: 0.000), [f:     0/1000], inf[3.3e+13], comp[0.0e+00], Q(573, 0, 0, 0), Trans[(256, 2, 8) -> 49.877500036556256]
[Tue Dec  2 17:24:43 2025] >> [t: 44] (r: 0.000), [f:     0/1000], inf[8.1e+13], comp[0.0e+00], Q(572, 1, 0, 0), Trans[(512, 2, 8) -> 31.796302199813397]
[Tue Dec  2 17:24:43 2025] >> [t: 45] (r:-0.100), [f:   300/1000], inf[3.3e+13], comp[7.9e+13], Q(571, 2, 0, 0), Trans[(256, 2, 8) -> 49.877500036556256]
[Tue Dec  2 17:24:43 2025] >> [t: 46] (r:-0.100), [f:   300/1000], inf[3.3e+13], comp[7.9e+13], Q(570, 0, 0, 0), Trans[(256, 2, 8) -> 49.877500036556256]
[Tue Dec  2 17:24:43 2025] >> [t: 47] (r: 0.000), [f:     0/1000], inf[3.3e+13], comp[0.0e+00], Q(569, 1, 0, 0), Trans[(256, 2, 8) -> 49.877500036556256]
[Tue Dec  2 17:24:43 2025] >> [t: 48] (r:-0.100), [f:   300/1000], inf[3.3e+13], comp[7.9e+13], Q(569, 0, 0, 0), Trans[(256, 2, 8) -> 49.877500036556256]
[Tue Dec  2 17:24:43 2025] >> [t: 49] (r: 0.000), [f:     0/1000], inf[3.3e+13], comp[0.0e+00], Q(568, 1, 0, 0), Trans[(256, 2, 8) -> 49.877500036556256]
[Tue Dec  2 17:24:43 2025] >> [t: 50] (r:-0.100), [f:   300/1000], inf[3.3e+13], comp[7.9e+13], Q(567, 0, 0, 0), Trans[(256, 2, 8) -> 49.877500036556256]
[Tue Dec  2 17:24:43 2025] >> [t: 51] (r: 0.000), [f:     0/1000], inf[3.3e+13], comp[0.0e+00], Q(565, 2, 0, 0), Trans[(256, 2, 8) -> 49.877500036556256]
[Tue Dec  2 17:24:43 2025] >> [t: 52] (r:-0.100), [f:   300/1000], inf[3.3e+13], comp[7.9e+13], Q(565, 0, 0, 0), Trans[(256, 2, 8) -> 49.877500036556256]
[Tue Dec  2 17:24:43 2025] >> [t: 53] (r: 0.000), [f:     0/1000], inf[3.3e+13], comp[0.0e+00], Q(564, 1, 0, 0), Trans[(256, 2, 8) -> 49.877500036556256]
[Tue Dec  2 17:24:43 2025] >> [t: 54] (r:-0.100), [f:   300/1000], inf[3.3e+13], comp[7.9e+13], Q(562, 1, 0, 0), Trans[(256, 2, 8) -> 49.877500036556256]
[Tue Dec  2 17:24:43 2025] >> [t: 55] (r:-0.100), [f:   300/1000], inf[3.3e+13], comp[7.9e+13], Q(562, 0, 0, 0), Trans[(256, 2, 8) -> 49.877500036556256]
[Tue Dec  2 17:24:43 2025] >> [t: 56] (r: 0.000), [f:     0/1000], inf[3.3e+13], comp[0.0e+00], Q(560, 2, 0, 0), Trans[(256, 2, 8) -> 49.877500036556256]
[Tue Dec  2 17:24:43 2025] >> [t: 57] (r:-0.100), [f:   300/1000], inf[3.3e+13], comp[7.9e+13], Q(559, 1, 0, 0), Trans[(256, 2, 8) -> 49.877500036556256]
[Tue Dec  2 17:24:43 2025] >> [t: 58] (r:-0.100), [f:   300/1000], inf[3.3e+13], comp[7.9e+13], Q(559, 0, 0, 0), Trans[(256, 2, 8) -> 49.877500036556256]
[Tue Dec  2 17:24:43 2025] >> [t: 59] (r: 0.000), [f:     0/1000], inf[3.3e+13], comp[0.0e+00], Q(558, 1, 0, 0), Trans[(256, 2, 8) -> 49.877500036556256]
[Tue Dec  2 17:24:43 2025] >> [t: 60] (r:-0.100), [f:   300/1000], inf[3.3e+13], comp[7.9e+13], Q(557, 0, 0, 0), Trans[(256, 2, 8) -> 49.877500036556256]
[Tue Dec  2 17:24:43 2025] >> [t: 61] (r: 0.000), [f:     0/1000], inf[3.3e+13], comp[0.0e+00], Q(556, 1, 0, 0), Trans[(256, 2, 8) -> 49.877500036556256]
[Tue Dec  2 17:24:43 2025] >> [t: 62] (r:-0.100), [f:   300/1000], inf[3.3e+13], comp[7.9e+13], Q(556, 0, 0, 0), Trans[(256, 2, 8) -> 49.877500036556256]
[Tue Dec  2 17:24:43 2025] >> [t: 63] (r: 0.000), [f:     0/1000], inf[3.3e+13], comp[0.0e+00], Q(556, 0, 0, 0), Trans[(256, 2, 8) -> 49.877500036556256]
[Tue Dec  2 17:24:43 2025] >> [t: 64] (r: 0.000), [f:     0/1000], inf[8.1e+13], comp[0.0e+00], Q(556, 0, 0, 0), Trans[(512, 2, 8) -> 31.796302199813397]
[Tue Dec  2 17:24:43 2025] >> [t: 65] (r: 0.000), [f:     0/1000], inf[8.1e+13], comp[0.0e+00], Q(554, 2, 0, 0), Trans[(512, 2, 8) -> 31.796302199813397]
[Tue Dec  2 17:24:43 2025] >> [t: 66] (r:-0.100), [f:   300/1000], inf[3.3e+13], comp[7.9e+13], Q(552, 4, 0, 0), Trans[(256, 2, 8) -> 49.877500036556256]
[Tue Dec  2 17:24:43 2025] >> [t: 67] (r:-0.100), [f:   300/1000], inf[3.3e+13], comp[7.9e+13], Q(552, 3, 0, 0), Trans[(256, 2, 8) -> 49.877500036556256]
[Tue Dec  2 17:24:43 2025] >> [t: 68] (r:-0.100), [f:   300/1000], inf[3.3e+13], comp[7.9e+13], Q(552, 0, 0, 0), Trans[(256, 2, 8) -> 49.877500036556256]
[Tue Dec  2 17:24:43 2025] >> [t: 69] (r: 0.000), [f:     0/1000], inf[3.3e+13], comp[0.0e+00], Q(552, 0, 0, 0), Trans[(256, 2, 8) -> 49.877500036556256]
[Tue Dec  2 17:24:43 2025] >> [t: 70] (r: 0.000), [f:     0/1000], inf[8.1e+13], comp[0.0e+00], Q(552, 0, 0, 0), Trans[(512, 2, 8) -> 31.796302199813397]
[Tue Dec  2 17:24:43 2025] >> [t: 71] (r: 0.000), [f:     0/1000], inf[8.1e+13], comp[0.0e+00], Q(552, 0, 0, 0), Trans[(512, 2, 8) -> 31.796302199813397]
[Tue Dec  2 17:24:43 2025] >> [t: 72] (r: 0.000), [f:     0/1000], inf[8.1e+13], comp[0.0e+00], Q(551, 1, 0, 0), Trans[(512, 2, 8) -> 31.796302199813397]
[Tue Dec  2 17:24:43 2025] >> [t: 73] (r:-0.100), [f:   300/1000], inf[3.3e+13], comp[7.9e+13], Q(550, 2, 0, 0), Trans[(256, 2, 8) -> 49.877500036556256]
[Tue Dec  2 17:24:43 2025] >> [t: 74] (r:-0.100), [f:   300/1000], inf[3.3e+13], comp[7.9e+13], Q(550, 0, 0, 0), Trans[(256, 2, 8) -> 49.877500036556256]
[Tue Dec  2 17:24:43 2025] >> [t: 75] (r: 0.000), [f:     0/1000], inf[3.3e+13], comp[0.0e+00], Q(549, 1, 0, 0), Trans[(256, 2, 8) -> 49.877500036556256]
[Tue Dec  2 17:24:43 2025] >> [t: 76] (r:-0.100), [f:   300/1000], inf[3.3e+13], comp[7.9e+13], Q(549, 0, 0, 0), Trans[(256, 2, 8) -> 49.877500036556256]
[Tue Dec  2 17:24:43 2025] >> [t: 77] (r: 0.000), [f:     0/1000], inf[3.3e+13], comp[0.0e+00], Q(547, 2, 0, 0), Trans[(256, 2, 8) -> 49.877500036556256]
[Tue Dec  2 17:24:43 2025] >> [t: 78] (r:-0.100), [f:   300/1000], inf[3.3e+13], comp[7.9e+13], Q(547, 0, 0, 0), Trans[(256, 2, 8) -> 49.877500036556256]
[Tue Dec  2 17:24:43 2025] >> [t: 79] (r: 0.000), [f:     0/1000], inf[3.3e+13], comp[0.0e+00], Q(547, 0, 0, 0), Trans[(256, 2, 8) -> 49.877500036556256]
[Tue Dec  2 17:24:43 2025] >> [t: 80] (r: 0.000), [f:     0/1000], inf[8.1e+13], comp[0.0e+00], Q(547, 0, 0, 0), Trans[(512, 2, 8) -> 31.796302199813397]
[Tue Dec  2 17:24:43 2025] >> [t: 81] (r: 0.000), [f:     0/1000], inf[8.1e+13], comp[0.0e+00], Q(547, 0, 0, 0), Trans[(512, 2, 8) -> 31.796302199813397]
[Tue Dec  2 17:24:43 2025] >> [t: 82] (r: 0.000), [f:     0/1000], inf[8.1e+13], comp[0.0e+00], Q(546, 1, 0, 0), Trans[(512, 2, 8) -> 31.796302199813397]
[Tue Dec  2 17:24:43 2025] >> [t: 83] (r:-0.100), [f:   300/1000], inf[3.3e+13], comp[7.9e+13], Q(546, 1, 0, 0), Trans[(256, 2, 8) -> 49.877500036556256]
[Tue Dec  2 17:24:43 2025] >> [t: 84] (r:-0.100), [f:   300/1000], inf[3.3e+13], comp[7.9e+13], Q(545, 0, 0, 0), Trans[(256, 2, 8) -> 49.877500036556256]
[Tue Dec  2 17:24:43 2025] >> [t: 85] (r: 0.000), [f:     0/1000], inf[3.3e+13], comp[0.0e+00], Q(545, 0, 0, 0), Trans[(256, 2, 8) -> 49.877500036556256]
[Tue Dec  2 17:24:43 2025] >> [t: 86] (r: 0.000), [f:     0/1000], inf[8.1e+13], comp[0.0e+00], Q(544, 1, 0, 0), Trans[(512, 2, 8) -> 31.796302199813397]
[Tue Dec  2 17:24:43 2025] >> [t: 87] (r:-0.100), [f:   300/1000], inf[3.3e+13], comp[7.9e+13], Q(544, 1, 0, 0), Trans[(256, 2, 8) -> 49.877500036556256]
[Tue Dec  2 17:24:43 2025] >> [t: 88] (r:-0.100), [f:   300/1000], inf[3.3e+13], comp[7.9e+13], Q(543, 0, 0, 0), Trans[(256, 2, 8) -> 49.877500036556256]
[Tue Dec  2 17:24:43 2025] >> [t: 89] (r: 0.000), [f:     0/1000], inf[3.3e+13], comp[0.0e+00], Q(542, 1, 0, 0), Trans[(256, 2, 8) -> 49.877500036556256]
[Tue Dec  2 17:24:43 2025] >> [t: 90] (r:-0.100), [f:   300/1000], inf[3.3e+13], comp[7.9e+13], Q(542, 0, 0, 0), Trans[(256, 2, 8) -> 49.877500036556256]
[Tue Dec  2 17:24:43 2025] >> [t: 91] (r: 0.000), [f:     0/1000], inf[3.3e+13], comp[0.0e+00], Q(539, 3, 0, 0), Trans[(256, 2, 8) -> 49.877500036556256]
[Tue Dec  2 17:24:43 2025] >> [t: 92] (r:-0.100), [f:   300/1000], inf[3.3e+13], comp[7.9e+13], Q(534, 6, 0, 0), Trans[(256, 2, 8) -> 49.877500036556256]
[Tue Dec  2 17:24:43 2025] >> [t: 93] (r:-0.696), [f:  1000/1000], inf[1.2e+14], comp[2.6e+14], Q(534, 0, 0, 0), Trans[(256, 8, 8) -> 45.38401724482199]
[Tue Dec  2 17:24:43 2025] >> [t: 94] (r: 0.000), [f:     0/1000], inf[3.3e+13], comp[0.0e+00], Q(532, 2, 0, 0), Trans[(256, 2, 8) -> 49.877500036556256]
[Tue Dec  2 17:24:43 2025] >> [t: 95] (r:-0.100), [f:   300/1000], inf[3.3e+13], comp[7.9e+13], Q(532, 0, 0, 0), Trans[(256, 2, 8) -> 49.877500036556256]
[Tue Dec  2 17:24:43 2025] >> [t: 96] (r: 0.000), [f:     0/1000], inf[3.3e+13], comp[0.0e+00], Q(532, 0, 0, 0), Trans[(256, 2, 8) -> 49.877500036556256]
[Tue Dec  2 17:24:43 2025] >> [t: 97] (r: 0.000), [f:     0/1000], inf[8.1e+13], comp[0.0e+00], Q(531, 1, 0, 0), Trans[(512, 2, 8) -> 31.796302199813397]
[Tue Dec  2 17:24:43 2025] >> [t: 98] (r:-0.100), [f:   300/1000], inf[3.3e+13], comp[7.9e+13], Q(530, 2, 0, 0), Trans[(256, 2, 8) -> 49.877500036556256]
[Tue Dec  2 17:24:43 2025] >> [t: 99] (r:-0.100), [f:   300/1000], inf[3.3e+13], comp[7.9e+13], Q(529, 0, 0, 0), Trans[(256, 2, 8) -> 49.877500036556256]
[Tue Dec  2 17:24:43 2025] >> [t:100] (r: 0.000), [f:     0/1000], inf[3.3e+13], comp[0.0e+00], Q(529, 0, 0, 0), Trans[(256, 2, 8) -> 49.877500036556256]
[Tue Dec  2 17:24:43 2025] >> [t:101] (r: 0.000), [f:     0/1000], inf[8.1e+13], comp[0.0e+00], Q(528, 1, 0, 0), Trans[(512, 2, 8) -> 31.796302199813397]
[Tue Dec  2 17:24:43 2025] >> [t:102] (r:-0.100), [f:   300/1000], inf[3.3e+13], comp[7.9e+13], Q(528, 1, 0, 0), Trans[(256, 2, 8) -> 49.877500036556256]
[Tue Dec  2 17:24:43 2025] >> [t:103] (r:-0.100), [f:   300/1000], inf[3.3e+13], comp[7.9e+13], Q(528, 0, 0, 0), Trans[(256, 2, 8) -> 49.877500036556256]
[Tue Dec  2 17:24:43 2025] >> [t:104] (r: 0.000), [f:     0/1000], inf[3.3e+13], comp[0.0e+00], Q(528, 0, 0, 0), Trans[(256, 2, 8) -> 49.877500036556256]
[Tue Dec  2 17:24:43 2025] >> [t:105] (r: 0.000), [f:     0/1000], inf[8.1e+13], comp[0.0e+00], Q(527, 1, 0, 0), Trans[(512, 2, 8) -> 31.796302199813397]
[Tue Dec  2 17:24:43 2025] >> [t:106] (r:-0.100), [f:   300/1000], inf[3.3e+13], comp[7.9e+13], Q(526, 2, 0, 0), Trans[(256, 2, 8) -> 49.877500036556256]
[Tue Dec  2 17:24:43 2025] >> [t:107] (r:-0.100), [f:   300/1000], inf[3.3e+13], comp[7.9e+13], Q(524, 1, 0, 0), Trans[(256, 2, 8) -> 49.877500036556256]
[Tue Dec  2 17:24:43 2025] >> [t:108] (r:-0.100), [f:   300/1000], inf[3.3e+13], comp[7.9e+13], Q(524, 0, 0, 0), Trans[(256, 2, 8) -> 49.877500036556256]
[Tue Dec  2 17:24:43 2025] >> [t:109] (r: 0.000), [f:     0/1000], inf[3.3e+13], comp[0.0e+00], Q(524, 0, 0, 0), Trans[(256, 2, 8) -> 49.877500036556256]
[Tue Dec  2 17:24:43 2025] >> [t:110] (r: 0.000), [f:     0/1000], inf[8.1e+13], comp[0.0e+00], Q(524, 0, 0, 0), Trans[(512, 2, 8) -> 31.796302199813397]
[Tue Dec  2 17:24:43 2025] >> [t:111] (r: 0.000), [f:     0/1000], inf[8.1e+13], comp[0.0e+00], Q(524, 0, 0, 0), Trans[(512, 2, 8) -> 31.796302199813397]
[Tue Dec  2 17:24:43 2025] >> [t:112] (r: 0.000), [f:     0/1000], inf[8.1e+13], comp[0.0e+00], Q(521, 3, 0, 0), Trans[(512, 2, 8) -> 31.796302199813397]
[Tue Dec  2 17:24:43 2025] >> [t:113] (r:-0.100), [f:   300/1000], inf[3.3e+13], comp[7.9e+13], Q(521, 3, 0, 0), Trans[(256, 2, 8) -> 49.877500036556256]
[Tue Dec  2 17:24:43 2025] >> [t:114] (r:-0.100), [f:   300/1000], inf[3.3e+13], comp[7.9e+13], Q(520, 3, 0, 0), Trans[(256, 2, 8) -> 49.877500036556256]
[Tue Dec  2 17:24:43 2025] >> [t:115] (r:-0.100), [f:   300/1000], inf[3.3e+13], comp[7.9e+13], Q(520, 2, 0, 0), Trans[(256, 2, 8) -> 49.877500036556256]
[Tue Dec  2 17:24:43 2025] >> [t:116] (r:-0.100), [f:   300/1000], inf[3.3e+13], comp[7.9e+13], Q(520, 0, 0, 0), Trans[(256, 2, 8) -> 49.877500036556256]
[Tue Dec  2 17:24:43 2025] >> [t:117] (r: 0.000), [f:     0/1000], inf[3.3e+13], comp[0.0e+00], Q(518, 2, 0, 0), Trans[(256, 2, 8) -> 49.877500036556256]
[Tue Dec  2 17:24:43 2025] >> [t:118] (r:-0.100), [f:   300/1000], inf[3.3e+13], comp[7.9e+13], Q(517, 1, 0, 0), Trans[(256, 2, 8) -> 49.877500036556256]
[Tue Dec  2 17:24:43 2025] >> [t:119] (r:-0.100), [f:   300/1000], inf[3.3e+13], comp[7.9e+13], Q(517, 0, 0, 0), Trans[(256, 2, 8) -> 49.877500036556256]
[Tue Dec  2 17:24:43 2025] >> [t:120] (r: 0.000), [f:     0/1000], inf[3.3e+13], comp[0.0e+00], Q(516, 1, 0, 0), Trans[(256, 2, 8) -> 49.877500036556256]
[Tue Dec  2 17:24:43 2025] >> [t:121] (r:-0.100), [f:   300/1000], inf[3.3e+13], comp[7.9e+13], Q(514, 1, 0, 0), Trans[(256, 2, 8) -> 49.877500036556256]
[Tue Dec  2 17:24:43 2025] >> [t:122] (r:-0.100), [f:   300/1000], inf[3.3e+13], comp[7.9e+13], Q(514, 0, 0, 0), Trans[(256, 2, 8) -> 49.877500036556256]
[Tue Dec  2 17:24:43 2025] >> [t:123] (r: 0.000), [f:     0/1000], inf[3.3e+13], comp[0.0e+00], Q(513, 1, 0, 0), Trans[(256, 2, 8) -> 49.877500036556256]
[Tue Dec  2 17:24:43 2025] >> [t:124] (r:-0.100), [f:   300/1000], inf[3.3e+13], comp[7.9e+13], Q(512, 0, 0, 0), Trans[(256, 2, 8) -> 49.877500036556256]
[Tue Dec  2 17:24:43 2025] >> [t:125] (r: 0.000), [f:     0/1000], inf[3.3e+13], comp[0.0e+00], Q(512, 0, 0, 0), Trans[(256, 2, 8) -> 49.877500036556256]
[Tue Dec  2 17:24:43 2025] >> [t:126] (r: 0.000), [f:     0/1000], inf[8.1e+13], comp[0.0e+00], Q(511, 1, 0, 0), Trans[(512, 2, 8) -> 31.796302199813397]
[Tue Dec  2 17:24:43 2025] >> [t:127] (r:-0.100), [f:   300/1000], inf[3.3e+13], comp[7.9e+13], Q(511, 1, 0, 0), Trans[(256, 2, 8) -> 49.877500036556256]
[Tue Dec  2 17:24:43 2025] >> [t:128] (r:-0.100), [f:   300/1000], inf[3.3e+13], comp[7.9e+13], Q(510, 0, 0, 0), Trans[(256, 2, 8) -> 49.877500036556256]
[Tue Dec  2 17:24:43 2025] >> [t:129] (r: 0.000), [f:     0/1000], inf[3.3e+13], comp[0.0e+00], Q(510, 0, 0, 0), Trans[(256, 2, 8) -> 49.877500036556256]
[Tue Dec  2 17:24:43 2025] >> [t:130] (r: 0.000), [f:     0/1000], inf[8.1e+13], comp[0.0e+00], Q(510, 0, 0, 0), Trans[(512, 2, 8) -> 31.796302199813397]
[Tue Dec  2 17:24:43 2025] >> [t:131] (r: 0.000), [f:     0/1000], inf[8.1e+13], comp[0.0e+00], Q(509, 1, 0, 0), Trans[(512, 2, 8) -> 31.796302199813397]
[Tue Dec  2 17:24:43 2025] >> [t:132] (r:-0.100), [f:   300/1000], inf[3.3e+13], comp[7.9e+13], Q(508, 2, 0, 0), Trans[(256, 2, 8) -> 49.877500036556256]
[Tue Dec  2 17:24:43 2025] >> [t:133] (r:-0.100), [f:   300/1000], inf[3.3e+13], comp[7.9e+13], Q(506, 1, 0, 0), Trans[(256, 2, 8) -> 49.877500036556256]
[Tue Dec  2 17:24:43 2025] >> [t:134] (r:-0.100), [f:   300/1000], inf[3.3e+13], comp[7.9e+13], Q(506, 0, 0, 0), Trans[(256, 2, 8) -> 49.877500036556256]
[Tue Dec  2 17:24:43 2025] >> [t:135] (r: 0.000), [f:     0/1000], inf[3.3e+13], comp[0.0e+00], Q(503, 3, 0, 0), Trans[(256, 2, 8) -> 49.877500036556256]
[Tue Dec  2 17:24:43 2025] >> [t:136] (r:-0.100), [f:   300/1000], inf[3.3e+13], comp[7.9e+13], Q(503, 1, 0, 0), Trans[(256, 2, 8) -> 49.877500036556256]
[Tue Dec  2 17:24:43 2025] >> [t:137] (r:-0.100), [f:   300/1000], inf[3.3e+13], comp[7.9e+13], Q(502, 0, 0, 0), Trans[(256, 2, 8) -> 49.877500036556256]
[Tue Dec  2 17:24:43 2025] >> [t:138] (r: 0.000), [f:     0/1000], inf[3.3e+13], comp[0.0e+00], Q(501, 1, 0, 0), Trans[(256, 2, 8) -> 49.877500036556256]
[Tue Dec  2 17:24:43 2025] >> [t:139] (r:-0.100), [f:   300/1000], inf[3.3e+13], comp[7.9e+13], Q(499, 1, 0, 0), Trans[(256, 2, 8) -> 49.877500036556256]
[Tue Dec  2 17:24:43 2025] >> [t:140] (r:-0.100), [f:   300/1000], inf[3.3e+13], comp[7.9e+13], Q(496, 2, 0, 0), Trans[(256, 2, 8) -> 49.877500036556256]
[Tue Dec  2 17:24:43 2025] >> [t:141] (r:-0.100), [f:   300/1000], inf[3.3e+13], comp[7.9e+13], Q(495, 0, 0, 0), Trans[(256, 2, 8) -> 49.877500036556256]
[Tue Dec  2 17:24:43 2025] >> [t:142] (r: 0.000), [f:     0/1000], inf[3.3e+13], comp[0.0e+00], Q(495, 0, 0, 0), Trans[(256, 2, 8) -> 49.877500036556256]
[Tue Dec  2 17:24:43 2025] >> [t:143] (r: 0.000), [f:     0/1000], inf[8.1e+13], comp[0.0e+00], Q(495, 0, 0, 0), Trans[(512, 2, 8) -> 31.796302199813397]
[Tue Dec  2 17:24:43 2025] >> [t:144] (r: 0.000), [f:     0/1000], inf[8.1e+13], comp[0.0e+00], Q(495, 0, 0, 0), Trans[(512, 2, 8) -> 31.796302199813397]
[Tue Dec  2 17:24:43 2025] >> [t:145] (r: 0.000), [f:     0/1000], inf[8.1e+13], comp[0.0e+00], Q(493, 2, 0, 0), Trans[(512, 2, 8) -> 31.796302199813397]
[Tue Dec  2 17:24:43 2025] >> [t:146] (r:-0.100), [f:   300/1000], inf[3.3e+13], comp[7.9e+13], Q(492, 3, 0, 0), Trans[(256, 2, 8) -> 49.877500036556256]
[Tue Dec  2 17:24:43 2025] >> [t:147] (r:-0.100), [f:   300/1000], inf[3.3e+13], comp[7.9e+13], Q(492, 2, 0, 0), Trans[(256, 2, 8) -> 49.877500036556256]
[Tue Dec  2 17:24:43 2025] >> [t:148] (r:-0.100), [f:   300/1000], inf[3.3e+13], comp[7.9e+13], Q(492, 0, 0, 0), Trans[(256, 2, 8) -> 49.877500036556256]
[Tue Dec  2 17:24:43 2025] >> [t:149] (r: 0.000), [f:     0/1000], inf[3.3e+13], comp[0.0e+00], Q(491, 1, 0, 0), Trans[(256, 2, 8) -> 49.877500036556256]
[Tue Dec  2 17:24:43 2025] >> [t:150] (r:-0.100), [f:   300/1000], inf[3.3e+13], comp[7.9e+13], Q(488, 2, 0, 0), Trans[(256, 2, 8) -> 49.877500036556256]
[Tue Dec  2 17:24:43 2025] >> [t:151] (r:-0.100), [f:   300/1000], inf[3.3e+13], comp[7.9e+13], Q(486, 2, 0, 0), Trans[(256, 2, 8) -> 49.877500036556256]
[Tue Dec  2 17:24:43 2025] >> [t:152] (r:-0.100), [f:   300/1000], inf[3.3e+13], comp[7.9e+13], Q(486, 0, 0, 0), Trans[(256, 2, 8) -> 49.877500036556256]
[Tue Dec  2 17:24:43 2025] >> [t:153] (r: 0.000), [f:     0/1000], inf[3.3e+13], comp[0.0e+00], Q(485, 1, 0, 0), Trans[(256, 2, 8) -> 49.877500036556256]
[Tue Dec  2 17:24:43 2025] >> [t:154] (r:-0.100), [f:   300/1000], inf[3.3e+13], comp[7.9e+13], Q(485, 0, 0, 0), Trans[(256, 2, 8) -> 49.877500036556256]
[Tue Dec  2 17:24:43 2025] >> [t:155] (r: 0.000), [f:     0/1000], inf[3.3e+13], comp[0.0e+00], Q(484, 1, 0, 0), Trans[(256, 2, 8) -> 49.877500036556256]
[Tue Dec  2 17:24:43 2025] >> [t:156] (r:-0.100), [f:   300/1000], inf[3.3e+13], comp[7.9e+13], Q(484, 0, 0, 0), Trans[(256, 2, 8) -> 49.877500036556256]
[Tue Dec  2 17:24:43 2025] >> [t:157] (r: 0.000), [f:     0/1000], inf[3.3e+13], comp[0.0e+00], Q(482, 2, 0, 0), Trans[(256, 2, 8) -> 49.877500036556256]
[Tue Dec  2 17:24:43 2025] >> [t:158] (r:-0.100), [f:   300/1000], inf[3.3e+13], comp[7.9e+13], Q(480, 2, 0, 0), Trans[(256, 2, 8) -> 49.877500036556256]
[Tue Dec  2 17:24:43 2025] >> [t:159] (r:-0.100), [f:   300/1000], inf[3.3e+13], comp[7.9e+13], Q(479, 1, 0, 0), Trans[(256, 2, 8) -> 49.877500036556256]
[Tue Dec  2 17:24:43 2025] >> [t:160] (r:-0.100), [f:   300/1000], inf[3.3e+13], comp[7.9e+13], Q(477, 0, 0, 0), Trans[(256, 2, 8) -> 49.877500036556256]
[Tue Dec  2 17:24:43 2025] >> [t:161] (r: 0.000), [f:     0/1000], inf[3.3e+13], comp[0.0e+00], Q(475, 2, 0, 0), Trans[(256, 2, 8) -> 49.877500036556256]
[Tue Dec  2 17:24:43 2025] >> [t:162] (r:-0.100), [f:   300/1000], inf[3.3e+13], comp[7.9e+13], Q(473, 2, 0, 0), Trans[(256, 2, 8) -> 49.877500036556256]
[Tue Dec  2 17:24:43 2025] >> [t:163] (r:-0.100), [f:   300/1000], inf[3.3e+13], comp[7.9e+13], Q(473, 0, 0, 0), Trans[(256, 2, 8) -> 49.877500036556256]
[Tue Dec  2 17:24:43 2025] >> [t:164] (r: 0.000), [f:     0/1000], inf[3.3e+13], comp[0.0e+00], Q(472, 1, 0, 0), Trans[(256, 2, 8) -> 49.877500036556256]
[Tue Dec  2 17:24:43 2025] >> [t:165] (r:-0.100), [f:   300/1000], inf[3.3e+13], comp[7.9e+13], Q(471, 0, 0, 0), Trans[(256, 2, 8) -> 49.877500036556256]
[Tue Dec  2 17:24:43 2025] >> [t:166] (r: 0.000), [f:     0/1000], inf[3.3e+13], comp[0.0e+00], Q(471, 0, 0, 0), Trans[(256, 2, 8) -> 49.877500036556256]
[Tue Dec  2 17:24:43 2025] >> [t:167] (r: 0.000), [f:     0/1000], inf[8.1e+13], comp[0.0e+00], Q(470, 1, 0, 0), Trans[(512, 2, 8) -> 31.796302199813397]
[Tue Dec  2 17:24:43 2025] >> [t:168] (r:-0.100), [f:   300/1000], inf[3.3e+13], comp[7.9e+13], Q(469, 2, 0, 0), Trans[(256, 2, 8) -> 49.877500036556256]
[Tue Dec  2 17:24:43 2025] >> [t:169] (r:-0.100), [f:   300/1000], inf[3.3e+13], comp[7.9e+13], Q(466, 2, 0, 0), Trans[(256, 2, 8) -> 49.877500036556256]
[Tue Dec  2 17:24:43 2025] >> [t:170] (r:-0.100), [f:   300/1000], inf[3.3e+13], comp[7.9e+13], Q(466, 0, 0, 0), Trans[(256, 2, 8) -> 49.877500036556256]
[Tue Dec  2 17:24:43 2025] >> [t:171] (r: 0.000), [f:     0/1000], inf[3.3e+13], comp[0.0e+00], Q(465, 1, 0, 0), Trans[(256, 2, 8) -> 49.877500036556256]
[Tue Dec  2 17:24:43 2025] >> [t:172] (r:-0.100), [f:   300/1000], inf[3.3e+13], comp[7.9e+13], Q(464, 0, 0, 0), Trans[(256, 2, 8) -> 49.877500036556256]
[Tue Dec  2 17:24:43 2025] >> [t:173] (r: 0.000), [f:     0/1000], inf[3.3e+13], comp[0.0e+00], Q(463, 1, 0, 0), Trans[(256, 2, 8) -> 49.877500036556256]
[Tue Dec  2 17:24:43 2025] >> [t:174] (r:-0.100), [f:   300/1000], inf[3.3e+13], comp[7.9e+13], Q(462, 0, 0, 0), Trans[(256, 2, 8) -> 49.877500036556256]
[Tue Dec  2 17:24:43 2025] >> [t:175] (r: 0.000), [f:     0/1000], inf[3.3e+13], comp[0.0e+00], Q(462, 0, 0, 0), Trans[(256, 2, 8) -> 49.877500036556256]
[Tue Dec  2 17:24:43 2025] >> [t:176] (r: 0.000), [f:     0/1000], inf[8.1e+13], comp[0.0e+00], Q(462, 0, 0, 0), Trans[(512, 2, 8) -> 31.796302199813397]
[Tue Dec  2 17:24:43 2025] >> [t:177] (r: 0.000), [f:     0/1000], inf[8.1e+13], comp[0.0e+00], Q(461, 1, 0, 0), Trans[(512, 2, 8) -> 31.796302199813397]
[Tue Dec  2 17:24:43 2025] >> [t:178] (r:-0.100), [f:   300/1000], inf[3.3e+13], comp[7.9e+13], Q(461, 1, 0, 0), Trans[(256, 2, 8) -> 49.877500036556256]
[Tue Dec  2 17:24:43 2025] >> [t:179] (r:-0.100), [f:   300/1000], inf[3.3e+13], comp[7.9e+13], Q(461, 0, 0, 0), Trans[(256, 2, 8) -> 49.877500036556256]
[Tue Dec  2 17:24:43 2025] >> [t:180] (r: 0.000), [f:     0/1000], inf[3.3e+13], comp[0.0e+00], Q(460, 1, 0, 0), Trans[(256, 2, 8) -> 49.877500036556256]
[Tue Dec  2 17:24:43 2025] >> [t:181] (r:-0.100), [f:   300/1000], inf[3.3e+13], comp[7.9e+13], Q(459, 0, 0, 0), Trans[(256, 2, 8) -> 49.877500036556256]
[Tue Dec  2 17:24:43 2025] >> [t:182] (r: 0.000), [f:     0/1000], inf[3.3e+13], comp[0.0e+00], Q(459, 0, 0, 0), Trans[(256, 2, 8) -> 49.877500036556256]
[Tue Dec  2 17:24:43 2025] >> [t:183] (r: 0.000), [f:     0/1000], inf[8.1e+13], comp[0.0e+00], Q(458, 1, 0, 0), Trans[(512, 2, 8) -> 31.796302199813397]
[Tue Dec  2 17:24:43 2025] >> [t:184] (r:-0.100), [f:   300/1000], inf[3.3e+13], comp[7.9e+13], Q(457, 2, 0, 0), Trans[(256, 2, 8) -> 49.877500036556256]
[Tue Dec  2 17:24:43 2025] >> [t:185] (r:-0.100), [f:   300/1000], inf[3.3e+13], comp[7.9e+13], Q(456, 0, 0, 0), Trans[(256, 2, 8) -> 49.877500036556256]
[Tue Dec  2 17:24:43 2025] >> [t:186] (r: 0.000), [f:     0/1000], inf[3.3e+13], comp[0.0e+00], Q(455, 1, 0, 0), Trans[(256, 2, 8) -> 49.877500036556256]
[Tue Dec  2 17:24:43 2025] >> [t:187] (r:-0.100), [f:   300/1000], inf[3.3e+13], comp[7.9e+13], Q(454, 0, 0, 0), Trans[(256, 2, 8) -> 49.877500036556256]
[Tue Dec  2 17:24:43 2025] >> [t:188] (r: 0.000), [f:     0/1000], inf[3.3e+13], comp[0.0e+00], Q(454, 0, 0, 0), Trans[(256, 2, 8) -> 49.877500036556256]
[Tue Dec  2 17:24:43 2025] >> [t:189] (r: 0.000), [f:     0/1000], inf[8.1e+13], comp[0.0e+00], Q(453, 1, 0, 0), Trans[(512, 2, 8) -> 31.796302199813397]
[Tue Dec  2 17:24:43 2025] >> [t:190] (r:-0.100), [f:   300/1000], inf[3.3e+13], comp[7.9e+13], Q(452, 2, 0, 0), Trans[(256, 2, 8) -> 49.877500036556256]
[Tue Dec  2 17:24:43 2025] >> [t:191] (r:-0.100), [f:   300/1000], inf[3.3e+13], comp[7.9e+13], Q(451, 0, 0, 0), Trans[(256, 2, 8) -> 49.877500036556256]
[Tue Dec  2 17:24:43 2025] >> [t:192] (r: 0.000), [f:     0/1000], inf[3.3e+13], comp[0.0e+00], Q(450, 1, 0, 0), Trans[(256, 2, 8) -> 49.877500036556256]
[Tue Dec  2 17:24:43 2025] >> [t:193] (r:-0.100), [f:   300/1000], inf[3.3e+13], comp[7.9e+13], Q(449, 0, 0, 0), Trans[(256, 2, 8) -> 49.877500036556256]
[Tue Dec  2 17:24:43 2025] >> [t:194] (r: 0.000), [f:     0/1000], inf[3.3e+13], comp[0.0e+00], Q(448, 1, 0, 0), Trans[(256, 2, 8) -> 49.877500036556256]
[Tue Dec  2 17:24:43 2025] >> [t:195] (r:-0.100), [f:   300/1000], inf[3.3e+13], comp[7.9e+13], Q(446, 1, 0, 0), Trans[(256, 2, 8) -> 49.877500036556256]
[Tue Dec  2 17:24:43 2025] >> [t:196] (r:-0.100), [f:   300/1000], inf[3.3e+13], comp[7.9e+13], Q(446, 0, 0, 0), Trans[(256, 2, 8) -> 49.877500036556256]
[Tue Dec  2 17:24:43 2025] >> [t:197] (r: 0.000), [f:     0/1000], inf[3.3e+13], comp[0.0e+00], Q(445, 1, 0, 0), Trans[(256, 2, 8) -> 49.877500036556256]
[Tue Dec  2 17:24:43 2025] >> [t:198] (r:-0.100), [f:   300/1000], inf[3.3e+13], comp[7.9e+13], Q(444, 0, 0, 0), Trans[(256, 2, 8) -> 49.877500036556256]
[Tue Dec  2 17:24:43 2025] >> [t:199] (r: 0.000), [f:     0/1000], inf[3.3e+13], comp[0.0e+00], Q(443, 1, 0, 0), Trans[(256, 2, 8) -> 49.877500036556256]
[Tue Dec  2 17:24:43 2025] >> [t:200] (r:-0.100), [f:   300/1000], inf[3.3e+13], comp[7.9e+13], Q(443, 0, 0, 0), Trans[(256, 2, 8) -> 49.877500036556256]
[Tue Dec  2 17:24:43 2025] >> [t:201] (r: 0.000), [f:     0/1000], inf[3.3e+13], comp[0.0e+00], Q(442, 1, 0, 0), Trans[(256, 2, 8) -> 49.877500036556256]
[Tue Dec  2 17:24:43 2025] >> [t:202] (r:-0.100), [f:   300/1000], inf[3.3e+13], comp[7.9e+13], Q(442, 0, 0, 0), Trans[(256, 2, 8) -> 49.877500036556256]
[Tue Dec  2 17:24:43 2025] >> [t:203] (r: 0.000), [f:     0/1000], inf[3.3e+13], comp[0.0e+00], Q(442, 0, 0, 0), Trans[(256, 2, 8) -> 49.877500036556256]
[Tue Dec  2 17:24:43 2025] >> [t:204] (r: 0.000), [f:     0/1000], inf[8.1e+13], comp[0.0e+00], Q(439, 3, 0, 0), Trans[(512, 2, 8) -> 31.796302199813397]
[Tue Dec  2 17:24:43 2025] >> [t:205] (r:-0.100), [f:   300/1000], inf[3.3e+13], comp[7.9e+13], Q(439, 3, 0, 0), Trans[(256, 2, 8) -> 49.877500036556256]
[Tue Dec  2 17:24:43 2025] >> [t:206] (r:-0.100), [f:   300/1000], inf[3.3e+13], comp[7.9e+13], Q(439, 2, 0, 0), Trans[(256, 2, 8) -> 49.877500036556256]
[Tue Dec  2 17:24:43 2025] >> [t:207] (r:-0.100), [f:   300/1000], inf[3.3e+13], comp[7.9e+13], Q(439, 1, 0, 0), Trans[(256, 2, 8) -> 49.877500036556256]
[Tue Dec  2 17:24:43 2025] >> [t:208] (r:-0.100), [f:   300/1000], inf[3.3e+13], comp[7.9e+13], Q(439, 0, 0, 0), Trans[(256, 2, 8) -> 49.877500036556256]
[Tue Dec  2 17:24:43 2025] >> [t:209] (r: 0.000), [f:     0/1000], inf[3.3e+13], comp[0.0e+00], Q(439, 0, 0, 0), Trans[(256, 2, 8) -> 49.877500036556256]
[Tue Dec  2 17:24:43 2025] >> [t:210] (r: 0.000), [f:     0/1000], inf[8.1e+13], comp[0.0e+00], Q(438, 1, 0, 0), Trans[(512, 2, 8) -> 31.796302199813397]
[Tue Dec  2 17:24:43 2025] >> [t:211] (r:-0.100), [f:   300/1000], inf[3.3e+13], comp[7.9e+13], Q(434, 5, 0, 0), Trans[(256, 2, 8) -> 49.877500036556256]
[Tue Dec  2 17:24:43 2025] >> [t:212] (r:-0.100), [f:   300/1000], inf[3.3e+13], comp[7.9e+13], Q(434, 2, 0, 0), Trans[(256, 2, 8) -> 49.877500036556256]
[Tue Dec  2 17:24:43 2025] >> [t:213] (r:-0.100), [f:   300/1000], inf[3.3e+13], comp[7.9e+13], Q(431, 3, 0, 0), Trans[(256, 2, 8) -> 49.877500036556256]
[Tue Dec  2 17:24:43 2025] >> [t:214] (r:-0.100), [f:   300/1000], inf[3.3e+13], comp[7.9e+13], Q(430, 1, 0, 0), Trans[(256, 2, 8) -> 49.877500036556256]
[Tue Dec  2 17:24:43 2025] >> [t:215] (r:-0.100), [f:   300/1000], inf[3.3e+13], comp[7.9e+13], Q(429, 0, 0, 0), Trans[(256, 2, 8) -> 49.877500036556256]
[Tue Dec  2 17:24:43 2025] >> [t:216] (r: 0.000), [f:     0/1000], inf[3.3e+13], comp[0.0e+00], Q(429, 0, 0, 0), Trans[(256, 2, 8) -> 49.877500036556256]
[Tue Dec  2 17:24:43 2025] >> [t:217] (r: 0.000), [f:     0/1000], inf[8.1e+13], comp[0.0e+00], Q(429, 0, 0, 0), Trans[(512, 2, 8) -> 31.796302199813397]
[Tue Dec  2 17:24:43 2025] >> [t:218] (r: 0.000), [f:     0/1000], inf[8.1e+13], comp[0.0e+00], Q(428, 1, 0, 0), Trans[(512, 2, 8) -> 31.796302199813397]
[Tue Dec  2 17:24:43 2025] >> [t:219] (r:-0.100), [f:   300/1000], inf[3.3e+13], comp[7.9e+13], Q(427, 2, 0, 0), Trans[(256, 2, 8) -> 49.877500036556256]
[Tue Dec  2 17:24:43 2025] >> [t:220] (r:-0.100), [f:   300/1000], inf[3.3e+13], comp[7.9e+13], Q(426, 0, 0, 0), Trans[(256, 2, 8) -> 49.877500036556256]
[Tue Dec  2 17:24:43 2025] >> [t:221] (r: 0.000), [f:     0/1000], inf[3.3e+13], comp[0.0e+00], Q(426, 0, 0, 0), Trans[(256, 2, 8) -> 49.877500036556256]
[Tue Dec  2 17:24:43 2025] >> [t:222] (r: 0.000), [f:     0/1000], inf[8.1e+13], comp[0.0e+00], Q(426, 0, 0, 0), Trans[(512, 2, 8) -> 31.796302199813397]
[Tue Dec  2 17:24:43 2025] >> [t:223] (r: 0.000), [f:     0/1000], inf[8.1e+13], comp[0.0e+00], Q(426, 0, 0, 0), Trans[(512, 2, 8) -> 31.796302199813397]
[Tue Dec  2 17:24:43 2025] >> [t:224] (r: 0.000), [f:     0/1000], inf[8.1e+13], comp[0.0e+00], Q(424, 2, 0, 0), Trans[(512, 2, 8) -> 31.796302199813397]
[Tue Dec  2 17:24:43 2025] >> [t:225] (r:-0.100), [f:   300/1000], inf[3.3e+13], comp[7.9e+13], Q(423, 3, 0, 0), Trans[(256, 2, 8) -> 49.877500036556256]
[Tue Dec  2 17:24:43 2025] >> [t:226] (r:-0.100), [f:   300/1000], inf[3.3e+13], comp[7.9e+13], Q(422, 3, 0, 0), Trans[(256, 2, 8) -> 49.877500036556256]
[Tue Dec  2 17:24:43 2025] >> [t:227] (r:-0.100), [f:   300/1000], inf[3.3e+13], comp[7.9e+13], Q(422, 0, 0, 0), Trans[(256, 2, 8) -> 49.877500036556256]
[Tue Dec  2 17:24:43 2025] >> [t:228] (r: 0.000), [f:     0/1000], inf[3.3e+13], comp[0.0e+00], Q(422, 0, 0, 0), Trans[(256, 2, 8) -> 49.877500036556256]
[Tue Dec  2 17:24:43 2025] >> [t:229] (r: 0.000), [f:     0/1000], inf[8.1e+13], comp[0.0e+00], Q(422, 0, 0, 0), Trans[(512, 2, 8) -> 31.796302199813397]
[Tue Dec  2 17:24:43 2025] >> [t:230] (r: 0.000), [f:     0/1000], inf[8.1e+13], comp[0.0e+00], Q(422, 0, 0, 0), Trans[(512, 2, 8) -> 31.796302199813397]
[Tue Dec  2 17:24:43 2025] >> [t:231] (r: 0.000), [f:     0/1000], inf[8.1e+13], comp[0.0e+00], Q(422, 0, 0, 0), Trans[(512, 2, 8) -> 31.796302199813397]
[Tue Dec  2 17:24:43 2025] >> [t:232] (r: 0.000), [f:     0/1000], inf[8.1e+13], comp[0.0e+00], Q(422, 0, 0, 0), Trans[(512, 2, 8) -> 31.796302199813397]
[Tue Dec  2 17:24:43 2025] >> [t:233] (r: 0.000), [f:     0/1000], inf[8.1e+13], comp[0.0e+00], Q(422, 0, 0, 0), Trans[(512, 2, 8) -> 31.796302199813397]
[Tue Dec  2 17:24:43 2025] >> [t:234] (r: 0.000), [f:     0/1000], inf[8.1e+13], comp[0.0e+00], Q(422, 0, 0, 0), Trans[(512, 2, 8) -> 31.796302199813397]
[Tue Dec  2 17:24:43 2025] >> [t:235] (r: 0.000), [f:     0/1000], inf[8.1e+13], comp[0.0e+00], Q(422, 0, 0, 0), Trans[(512, 2, 8) -> 31.796302199813397]
[Tue Dec  2 17:24:43 2025] >> [t:236] (r: 0.000), [f:     0/1000], inf[8.1e+13], comp[0.0e+00], Q(419, 3, 0, 0), Trans[(512, 2, 8) -> 31.796302199813397]
[Tue Dec  2 17:24:43 2025] >> [t:237] (r:-0.100), [f:   300/1000], inf[3.3e+13], comp[7.9e+13], Q(419, 3, 0, 0), Trans[(256, 2, 8) -> 49.877500036556256]
[Tue Dec  2 17:24:43 2025] >> [t:238] (r:-0.100), [f:   300/1000], inf[3.3e+13], comp[7.9e+13], Q(419, 2, 0, 0), Trans[(256, 2, 8) -> 49.877500036556256]
[Tue Dec  2 17:24:43 2025] >> [t:239] (r:-0.100), [f:   300/1000], inf[3.3e+13], comp[7.9e+13], Q(418, 2, 0, 0), Trans[(256, 2, 8) -> 49.877500036556256]
[Tue Dec  2 17:24:43 2025] >> [t:240] (r:-0.100), [f:   300/1000], inf[3.3e+13], comp[7.9e+13], Q(417, 0, 0, 0), Trans[(256, 2, 8) -> 49.877500036556256]
[Tue Dec  2 17:24:43 2025] >> [t:241] (r: 0.000), [f:     0/1000], inf[3.3e+13], comp[0.0e+00], Q(417, 0, 0, 0), Trans[(256, 2, 8) -> 49.877500036556256]
[Tue Dec  2 17:24:43 2025] >> [t:242] (r: 0.000), [f:     0/1000], inf[8.1e+13], comp[0.0e+00], Q(416, 1, 0, 0), Trans[(512, 2, 8) -> 31.796302199813397]
[Tue Dec  2 17:24:43 2025] >> [t:243] (r:-0.100), [f:   300/1000], inf[3.3e+13], comp[7.9e+13], Q(416, 1, 0, 0), Trans[(256, 2, 8) -> 49.877500036556256]
[Tue Dec  2 17:24:43 2025] >> [t:244] (r:-0.100), [f:   300/1000], inf[3.3e+13], comp[7.9e+13], Q(415, 0, 0, 0), Trans[(256, 2, 8) -> 49.877500036556256]
[Tue Dec  2 17:24:43 2025] >> [t:245] (r: 0.000), [f:     0/1000], inf[3.3e+13], comp[0.0e+00], Q(414, 1, 0, 0), Trans[(256, 2, 8) -> 49.877500036556256]
[Tue Dec  2 17:24:43 2025] >> [t:246] (r:-0.100), [f:   300/1000], inf[3.3e+13], comp[7.9e+13], Q(414, 0, 0, 0), Trans[(256, 2, 8) -> 49.877500036556256]
[Tue Dec  2 17:24:43 2025] >> [t:247] (r: 0.000), [f:     0/1000], inf[3.3e+13], comp[0.0e+00], Q(414, 0, 0, 0), Trans[(256, 2, 8) -> 49.877500036556256]
[Tue Dec  2 17:24:43 2025] >> [t:248] (r: 0.000), [f:     0/1000], inf[8.1e+13], comp[0.0e+00], Q(413, 1, 0, 0), Trans[(512, 2, 8) -> 31.796302199813397]
[Tue Dec  2 17:24:43 2025] >> [t:249] (r:-0.100), [f:   300/1000], inf[3.3e+13], comp[7.9e+13], Q(413, 1, 0, 0), Trans[(256, 2, 8) -> 49.877500036556256]
[Tue Dec  2 17:24:43 2025] >> [t:250] (r:-0.100), [f:   300/1000], inf[3.3e+13], comp[7.9e+13], Q(413, 0, 0, 0), Trans[(256, 2, 8) -> 49.877500036556256]
[Tue Dec  2 17:24:43 2025] >> [t:251] (r: 0.000), [f:     0/1000], inf[3.3e+13], comp[0.0e+00], Q(413, 0, 0, 0), Trans[(256, 2, 8) -> 49.877500036556256]
[Tue Dec  2 17:24:43 2025] >> [t:252] (r: 0.000), [f:     0/1000], inf[8.1e+13], comp[0.0e+00], Q(413, 0, 0, 0), Trans[(512, 2, 8) -> 31.796302199813397]
[Tue Dec  2 17:24:43 2025] >> [t:253] (r: 0.000), [f:     0/1000], inf[8.1e+13], comp[0.0e+00], Q(413, 0, 0, 0), Trans[(512, 2, 8) -> 31.796302199813397]
[Tue Dec  2 17:24:43 2025] >> [t:254] (r: 0.000), [f:     0/1000], inf[8.1e+13], comp[0.0e+00], Q(413, 0, 0, 0), Trans[(512, 2, 8) -> 31.796302199813397]
[Tue Dec  2 17:24:43 2025] >> [t:255] (r: 0.000), [f:     0/1000], inf[8.1e+13], comp[0.0e+00], Q(412, 1, 0, 0), Trans[(512, 2, 8) -> 31.796302199813397]
[Tue Dec  2 17:24:43 2025] >> [t:256] (r:-0.100), [f:   300/1000], inf[3.3e+13], comp[7.9e+13], Q(410, 3, 0, 0), Trans[(256, 2, 8) -> 49.877500036556256]
[Tue Dec  2 17:24:43 2025] >> [t:257] (r:-0.100), [f:   300/1000], inf[3.3e+13], comp[7.9e+13], Q(409, 1, 0, 0), Trans[(256, 2, 8) -> 49.877500036556256]
[Tue Dec  2 17:24:43 2025] >> [t:258] (r:-0.100), [f:   300/1000], inf[3.3e+13], comp[7.9e+13], Q(408, 0, 0, 0), Trans[(256, 2, 8) -> 49.877500036556256]
[Tue Dec  2 17:24:43 2025] >> [t:259] (r: 0.000), [f:     0/1000], inf[3.3e+13], comp[0.0e+00], Q(407, 1, 0, 0), Trans[(256, 2, 8) -> 49.877500036556256]
[Tue Dec  2 17:24:43 2025] >> [t:260] (r:-0.100), [f:   300/1000], inf[3.3e+13], comp[7.9e+13], Q(407, 0, 0, 0), Trans[(256, 2, 8) -> 49.877500036556256]
[Tue Dec  2 17:24:43 2025] >> [t:261] (r: 0.000), [f:     0/1000], inf[3.3e+13], comp[0.0e+00], Q(407, 0, 0, 0), Trans[(256, 2, 8) -> 49.877500036556256]
[Tue Dec  2 17:24:43 2025] >> [t:262] (r: 0.000), [f:     0/1000], inf[8.1e+13], comp[0.0e+00], Q(407, 0, 0, 0), Trans[(512, 2, 8) -> 31.796302199813397]
[Tue Dec  2 17:24:43 2025] >> [t:263] (r: 0.000), [f:     0/1000], inf[8.1e+13], comp[0.0e+00], Q(405, 2, 0, 0), Trans[(512, 2, 8) -> 31.796302199813397]
[Tue Dec  2 17:24:43 2025] >> [t:264] (r:-0.100), [f:   300/1000], inf[3.3e+13], comp[7.9e+13], Q(405, 2, 0, 0), Trans[(256, 2, 8) -> 49.877500036556256]
[Tue Dec  2 17:24:43 2025] >> [t:265] (r:-0.100), [f:   300/1000], inf[3.3e+13], comp[7.9e+13], Q(404, 2, 0, 0), Trans[(256, 2, 8) -> 49.877500036556256]
[Tue Dec  2 17:24:43 2025] >> [t:266] (r:-0.100), [f:   300/1000], inf[3.3e+13], comp[7.9e+13], Q(403, 0, 0, 0), Trans[(256, 2, 8) -> 49.877500036556256]
[Tue Dec  2 17:24:43 2025] >> [t:267] (r: 0.000), [f:     0/1000], inf[3.3e+13], comp[0.0e+00], Q(402, 1, 0, 0), Trans[(256, 2, 8) -> 49.877500036556256]
[Tue Dec  2 17:24:43 2025] >> [t:268] (r:-0.100), [f:   300/1000], inf[3.3e+13], comp[7.9e+13], Q(402, 0, 0, 0), Trans[(256, 2, 8) -> 49.877500036556256]
[Tue Dec  2 17:24:43 2025] >> [t:269] (r: 0.000), [f:     0/1000], inf[3.3e+13], comp[0.0e+00], Q(402, 0, 0, 0), Trans[(256, 2, 8) -> 49.877500036556256]
[Tue Dec  2 17:24:43 2025] >> [t:270] (r: 0.000), [f:     0/1000], inf[8.1e+13], comp[0.0e+00], Q(400, 2, 0, 0), Trans[(512, 2, 8) -> 31.796302199813397]
[Tue Dec  2 17:24:43 2025] >> [t:271] (r:-0.100), [f:   300/1000], inf[3.3e+13], comp[7.9e+13], Q(399, 3, 0, 0), Trans[(256, 2, 8) -> 49.877500036556256]
[Tue Dec  2 17:24:43 2025] >> [t:272] (r:-0.100), [f:   300/1000], inf[3.3e+13], comp[7.9e+13], Q(398, 3, 0, 0), Trans[(256, 2, 8) -> 49.877500036556256]
[Tue Dec  2 17:24:43 2025] >> [t:273] (r:-0.100), [f:   300/1000], inf[3.3e+13], comp[7.9e+13], Q(398, 0, 0, 0), Trans[(256, 2, 8) -> 49.877500036556256]
[Tue Dec  2 17:24:43 2025] >> [t:274] (r: 0.000), [f:     0/1000], inf[3.3e+13], comp[0.0e+00], Q(397, 1, 0, 0), Trans[(256, 2, 8) -> 49.877500036556256]
[Tue Dec  2 17:24:43 2025] >> [t:275] (r:-0.100), [f:   300/1000], inf[3.3e+13], comp[7.9e+13], Q(397, 0, 0, 0), Trans[(256, 2, 8) -> 49.877500036556256]
[Tue Dec  2 17:24:43 2025] >> [t:276] (r: 0.000), [f:     0/1000], inf[3.3e+13], comp[0.0e+00], Q(396, 1, 0, 0), Trans[(256, 2, 8) -> 49.877500036556256]
[Tue Dec  2 17:24:43 2025] >> [t:277] (r:-0.100), [f:   300/1000], inf[3.3e+13], comp[7.9e+13], Q(396, 0, 0, 0), Trans[(256, 2, 8) -> 49.877500036556256]
[Tue Dec  2 17:24:43 2025] >> [t:278] (r: 0.000), [f:     0/1000], inf[3.3e+13], comp[0.0e+00], Q(394, 2, 0, 0), Trans[(256, 2, 8) -> 49.877500036556256]
[Tue Dec  2 17:24:43 2025] >> [t:279] (r:-0.100), [f:   300/1000], inf[3.3e+13], comp[7.9e+13], Q(394, 0, 0, 0), Trans[(256, 2, 8) -> 49.877500036556256]
[Tue Dec  2 17:24:43 2025] >> [t:280] (r: 0.000), [f:     0/1000], inf[3.3e+13], comp[0.0e+00], Q(393, 1, 0, 0), Trans[(256, 2, 8) -> 49.877500036556256]
[Tue Dec  2 17:24:43 2025] >> [t:281] (r:-0.100), [f:   300/1000], inf[3.3e+13], comp[7.9e+13], Q(393, 0, 0, 0), Trans[(256, 2, 8) -> 49.877500036556256]
[Tue Dec  2 17:24:43 2025] >> [t:282] (r: 0.000), [f:     0/1000], inf[3.3e+13], comp[0.0e+00], Q(392, 1, 0, 0), Trans[(256, 2, 8) -> 49.877500036556256]
[Tue Dec  2 17:24:43 2025] >> [t:283] (r:-0.100), [f:   300/1000], inf[3.3e+13], comp[7.9e+13], Q(390, 1, 0, 0), Trans[(256, 2, 8) -> 49.877500036556256]
[Tue Dec  2 17:24:43 2025] >> [t:284] (r:-0.100), [f:   300/1000], inf[3.3e+13], comp[7.9e+13], Q(389, 0, 0, 0), Trans[(256, 2, 8) -> 49.877500036556256]
[Tue Dec  2 17:24:43 2025] >> [t:285] (r: 0.000), [f:     0/1000], inf[3.3e+13], comp[0.0e+00], Q(389, 0, 0, 0), Trans[(256, 2, 8) -> 49.877500036556256]
[Tue Dec  2 17:24:43 2025] >> [t:286] (r: 0.000), [f:     0/1000], inf[8.1e+13], comp[0.0e+00], Q(388, 1, 0, 0), Trans[(512, 2, 8) -> 31.796302199813397]
[Tue Dec  2 17:24:43 2025] >> [t:287] (r:-0.100), [f:   300/1000], inf[3.3e+13], comp[7.9e+13], Q(386, 3, 0, 0), Trans[(256, 2, 8) -> 49.877500036556256]
[Tue Dec  2 17:24:43 2025] >> [t:288] (r:-0.100), [f:   300/1000], inf[3.3e+13], comp[7.9e+13], Q(384, 2, 0, 0), Trans[(256, 2, 8) -> 49.877500036556256]
[Tue Dec  2 17:24:43 2025] >> [t:289] (r:-0.100), [f:   300/1000], inf[3.3e+13], comp[7.9e+13], Q(383, 1, 0, 0), Trans[(256, 2, 8) -> 49.877500036556256]
[Tue Dec  2 17:24:43 2025] >> [t:290] (r:-0.100), [f:   300/1000], inf[3.3e+13], comp[7.9e+13], Q(382, 0, 0, 0), Trans[(256, 2, 8) -> 49.877500036556256]
[Tue Dec  2 17:24:43 2025] >> [t:291] (r: 0.000), [f:     0/1000], inf[3.3e+13], comp[0.0e+00], Q(381, 1, 0, 0), Trans[(256, 2, 8) -> 49.877500036556256]
[Tue Dec  2 17:24:43 2025] >> [t:292] (r:-0.100), [f:   300/1000], inf[3.3e+13], comp[7.9e+13], Q(381, 0, 0, 0), Trans[(256, 2, 8) -> 49.877500036556256]
[Tue Dec  2 17:24:43 2025] >> [t:293] (r: 0.000), [f:     0/1000], inf[3.3e+13], comp[0.0e+00], Q(381, 0, 0, 0), Trans[(256, 2, 8) -> 49.877500036556256]
[Tue Dec  2 17:24:43 2025] >> [t:294] (r: 0.000), [f:     0/1000], inf[8.1e+13], comp[0.0e+00], Q(381, 0, 0, 0), Trans[(512, 2, 8) -> 31.796302199813397]
[Tue Dec  2 17:24:43 2025] >> [t:295] (r: 0.000), [f:     0/1000], inf[8.1e+13], comp[0.0e+00], Q(379, 2, 0, 0), Trans[(512, 2, 8) -> 31.796302199813397]
[Tue Dec  2 17:24:43 2025] >> [t:296] (r:-0.100), [f:   300/1000], inf[3.3e+13], comp[7.9e+13], Q(379, 2, 0, 0), Trans[(256, 2, 8) -> 49.877500036556256]
[Tue Dec  2 17:24:43 2025] >> [t:297] (r:-0.100), [f:   300/1000], inf[3.3e+13], comp[7.9e+13], Q(378, 2, 0, 0), Trans[(256, 2, 8) -> 49.877500036556256]
[Tue Dec  2 17:24:43 2025] >> [t:298] (r:-0.100), [f:   300/1000], inf[3.3e+13], comp[7.9e+13], Q(378, 0, 0, 0), Trans[(256, 2, 8) -> 49.877500036556256]
[Tue Dec  2 17:24:43 2025] >> [t:299] (r: 0.000), [f:     0/1000], inf[3.3e+13], comp[0.0e+00], Q(377, 1, 0, 0), Trans[(256, 2, 8) -> 49.877500036556256]
[Tue Dec  2 17:24:43 2025] >> [t:300] (r:-0.100), [f:   300/1000], inf[3.3e+13], comp[7.9e+13], Q(376, 0, 0, 0), Trans[(256, 2, 8) -> 49.877500036556256]
[Tue Dec  2 17:24:43 2025] >> [t:301] (r: 0.000), [f:     0/1000], inf[3.3e+13], comp[0.0e+00], Q(376, 0, 0, 0), Trans[(256, 2, 8) -> 49.877500036556256]
[Tue Dec  2 17:24:43 2025] >> [t:302] (r: 0.000), [f:     0/1000], inf[8.1e+13], comp[0.0e+00], Q(375, 1, 0, 0), Trans[(512, 2, 8) -> 31.796302199813397]
[Tue Dec  2 17:24:43 2025] >> [t:303] (r:-0.100), [f:   300/1000], inf[3.3e+13], comp[7.9e+13], Q(375, 1, 0, 0), Trans[(256, 2, 8) -> 49.877500036556256]
[Tue Dec  2 17:24:43 2025] >> [t:304] (r:-0.100), [f:   300/1000], inf[3.3e+13], comp[7.9e+13], Q(374, 0, 0, 0), Trans[(256, 2, 8) -> 49.877500036556256]
[Tue Dec  2 17:24:43 2025] >> [t:305] (r: 0.000), [f:     0/1000], inf[3.3e+13], comp[0.0e+00], Q(374, 0, 0, 0), Trans[(256, 2, 8) -> 49.877500036556256]
[Tue Dec  2 17:24:43 2025] >> [t:306] (r: 0.000), [f:     0/1000], inf[8.1e+13], comp[0.0e+00], Q(373, 1, 0, 0), Trans[(512, 2, 8) -> 31.796302199813397]
[Tue Dec  2 17:24:43 2025] >> [t:307] (r:-0.100), [f:   300/1000], inf[3.3e+13], comp[7.9e+13], Q(373, 1, 0, 0), Trans[(256, 2, 8) -> 49.877500036556256]
[Tue Dec  2 17:24:43 2025] >> [t:308] (r:-0.100), [f:   300/1000], inf[3.3e+13], comp[7.9e+13], Q(372, 0, 0, 0), Trans[(256, 2, 8) -> 49.877500036556256]
[Tue Dec  2 17:24:43 2025] >> [t:309] (r: 0.000), [f:     0/1000], inf[3.3e+13], comp[0.0e+00], Q(372, 0, 0, 0), Trans[(256, 2, 8) -> 49.877500036556256]
[Tue Dec  2 17:24:43 2025] >> [t:310] (r: 0.000), [f:     0/1000], inf[8.1e+13], comp[0.0e+00], Q(371, 1, 0, 0), Trans[(512, 2, 8) -> 31.796302199813397]
[Tue Dec  2 17:24:43 2025] >> [t:311] (r:-0.100), [f:   300/1000], inf[3.3e+13], comp[7.9e+13], Q(371, 1, 0, 0), Trans[(256, 2, 8) -> 49.877500036556256]
[Tue Dec  2 17:24:43 2025] >> [t:312] (r:-0.100), [f:   300/1000], inf[3.3e+13], comp[7.9e+13], Q(371, 0, 0, 0), Trans[(256, 2, 8) -> 49.877500036556256]
[Tue Dec  2 17:24:43 2025] >> [t:313] (r: 0.000), [f:     0/1000], inf[3.3e+13], comp[0.0e+00], Q(371, 0, 0, 0), Trans[(256, 2, 8) -> 49.877500036556256]
[Tue Dec  2 17:24:43 2025] >> [t:314] (r: 0.000), [f:     0/1000], inf[8.1e+13], comp[0.0e+00], Q(371, 0, 0, 0), Trans[(512, 2, 8) -> 31.796302199813397]
[Tue Dec  2 17:24:43 2025] >> [t:315] (r: 0.000), [f:     0/1000], inf[8.1e+13], comp[0.0e+00], Q(368, 3, 0, 0), Trans[(512, 2, 8) -> 31.796302199813397]
[Tue Dec  2 17:24:43 2025] >> [t:316] (r:-0.100), [f:   300/1000], inf[3.3e+13], comp[7.9e+13], Q(368, 3, 0, 0), Trans[(256, 2, 8) -> 49.877500036556256]
[Tue Dec  2 17:24:43 2025] >> [t:317] (r:-0.100), [f:   300/1000], inf[3.3e+13], comp[7.9e+13], Q(368, 2, 0, 0), Trans[(256, 2, 8) -> 49.877500036556256]
[Tue Dec  2 17:24:43 2025] >> [t:318] (r:-0.100), [f:   300/1000], inf[3.3e+13], comp[7.9e+13], Q(368, 1, 0, 0), Trans[(256, 2, 8) -> 49.877500036556256]
[Tue Dec  2 17:24:43 2025] >> [t:319] (r:-0.100), [f:   300/1000], inf[3.3e+13], comp[7.9e+13], Q(367, 0, 0, 0), Trans[(256, 2, 8) -> 49.877500036556256]
[Tue Dec  2 17:24:43 2025] >> [t:320] (r: 0.000), [f:     0/1000], inf[3.3e+13], comp[0.0e+00], Q(366, 1, 0, 0), Trans[(256, 2, 8) -> 49.877500036556256]
[Tue Dec  2 17:24:43 2025] >> [t:321] (r:-0.100), [f:   300/1000], inf[3.3e+13], comp[7.9e+13], Q(366, 0, 0, 0), Trans[(256, 2, 8) -> 49.877500036556256]
[Tue Dec  2 17:24:43 2025] >> [t:322] (r: 0.000), [f:     0/1000], inf[3.3e+13], comp[0.0e+00], Q(363, 3, 0, 0), Trans[(256, 2, 8) -> 49.877500036556256]
[Tue Dec  2 17:24:43 2025] >> [t:323] (r:-0.100), [f:   300/1000], inf[3.3e+13], comp[7.9e+13], Q(361, 3, 0, 0), Trans[(256, 2, 8) -> 49.877500036556256]
[Tue Dec  2 17:24:43 2025] >> [t:324] (r:-0.100), [f:   300/1000], inf[3.3e+13], comp[7.9e+13], Q(360, 2, 0, 0), Trans[(256, 2, 8) -> 49.877500036556256]
[Tue Dec  2 17:24:43 2025] >> [t:325] (r:-0.100), [f:   300/1000], inf[3.3e+13], comp[7.9e+13], Q(360, 0, 0, 0), Trans[(256, 2, 8) -> 49.877500036556256]
[Tue Dec  2 17:24:43 2025] >> [t:326] (r: 0.000), [f:     0/1000], inf[3.3e+13], comp[0.0e+00], Q(360, 0, 0, 0), Trans[(256, 2, 8) -> 49.877500036556256]
[Tue Dec  2 17:24:43 2025] >> [t:327] (r: 0.000), [f:     0/1000], inf[8.1e+13], comp[0.0e+00], Q(358, 2, 0, 0), Trans[(512, 2, 8) -> 31.796302199813397]
[Tue Dec  2 17:24:43 2025] >> [t:328] (r:-0.100), [f:   300/1000], inf[3.3e+13], comp[7.9e+13], Q(357, 3, 0, 0), Trans[(256, 2, 8) -> 49.877500036556256]
[Tue Dec  2 17:24:43 2025] >> [t:329] (r:-0.100), [f:   300/1000], inf[3.3e+13], comp[7.9e+13], Q(357, 2, 0, 0), Trans[(256, 2, 8) -> 49.877500036556256]
[Tue Dec  2 17:24:43 2025] >> [t:330] (r:-0.100), [f:   300/1000], inf[3.3e+13], comp[7.9e+13], Q(357, 0, 0, 0), Trans[(256, 2, 8) -> 49.877500036556256]
[Tue Dec  2 17:24:43 2025] >> [t:331] (r: 0.000), [f:     0/1000], inf[3.3e+13], comp[0.0e+00], Q(356, 1, 0, 0), Trans[(256, 2, 8) -> 49.877500036556256]
[Tue Dec  2 17:24:43 2025] >> [t:332] (r:-0.100), [f:   300/1000], inf[3.3e+13], comp[7.9e+13], Q(356, 0, 0, 0), Trans[(256, 2, 8) -> 49.877500036556256]
[Tue Dec  2 17:24:43 2025] >> [t:333] (r: 0.000), [f:     0/1000], inf[3.3e+13], comp[0.0e+00], Q(354, 2, 0, 0), Trans[(256, 2, 8) -> 49.877500036556256]
[Tue Dec  2 17:24:43 2025] >> [t:334] (r:-0.100), [f:   300/1000], inf[3.3e+13], comp[7.9e+13], Q(354, 0, 0, 0), Trans[(256, 2, 8) -> 49.877500036556256]
[Tue Dec  2 17:24:43 2025] >> [t:335] (r: 0.000), [f:     0/1000], inf[3.3e+13], comp[0.0e+00], Q(353, 1, 0, 0), Trans[(256, 2, 8) -> 49.877500036556256]
[Tue Dec  2 17:24:43 2025] >> [t:336] (r:-0.100), [f:   300/1000], inf[3.3e+13], comp[7.9e+13], Q(353, 0, 0, 0), Trans[(256, 2, 8) -> 49.877500036556256]
[Tue Dec  2 17:24:43 2025] >> [t:337] (r: 0.000), [f:     0/1000], inf[3.3e+13], comp[0.0e+00], Q(352, 1, 0, 0), Trans[(256, 2, 8) -> 49.877500036556256]
[Tue Dec  2 17:24:43 2025] >> [t:338] (r:-0.100), [f:   300/1000], inf[3.3e+13], comp[7.9e+13], Q(352, 0, 0, 0), Trans[(256, 2, 8) -> 49.877500036556256]
[Tue Dec  2 17:24:43 2025] >> [t:339] (r: 0.000), [f:     0/1000], inf[3.3e+13], comp[0.0e+00], Q(351, 1, 0, 0), Trans[(256, 2, 8) -> 49.877500036556256]
[Tue Dec  2 17:24:43 2025] >> [t:340] (r:-0.100), [f:   300/1000], inf[3.3e+13], comp[7.9e+13], Q(351, 0, 0, 0), Trans[(256, 2, 8) -> 49.877500036556256]
[Tue Dec  2 17:24:43 2025] >> [t:341] (r: 0.000), [f:     0/1000], inf[3.3e+13], comp[0.0e+00], Q(351, 0, 0, 0), Trans[(256, 2, 8) -> 49.877500036556256]
[Tue Dec  2 17:24:43 2025] >> [t:342] (r: 0.000), [f:     0/1000], inf[8.1e+13], comp[0.0e+00], Q(350, 1, 0, 0), Trans[(512, 2, 8) -> 31.796302199813397]
[Tue Dec  2 17:24:43 2025] >> [t:343] (r:-0.100), [f:   300/1000], inf[3.3e+13], comp[7.9e+13], Q(349, 2, 0, 0), Trans[(256, 2, 8) -> 49.877500036556256]
[Tue Dec  2 17:24:43 2025] >> [t:344] (r:-0.100), [f:   300/1000], inf[3.3e+13], comp[7.9e+13], Q(348, 0, 0, 0), Trans[(256, 2, 8) -> 49.877500036556256]
[Tue Dec  2 17:24:43 2025] >> [t:345] (r: 0.000), [f:     0/1000], inf[3.3e+13], comp[0.0e+00], Q(348, 0, 0, 0), Trans[(256, 2, 8) -> 49.877500036556256]
[Tue Dec  2 17:24:43 2025] >> [t:346] (r: 0.000), [f:     0/1000], inf[8.1e+13], comp[0.0e+00], Q(348, 0, 0, 0), Trans[(512, 2, 8) -> 31.796302199813397]
[Tue Dec  2 17:24:43 2025] >> [t:347] (r: 0.000), [f:     0/1000], inf[8.1e+13], comp[0.0e+00], Q(347, 1, 0, 0), Trans[(512, 2, 8) -> 31.796302199813397]
[Tue Dec  2 17:24:43 2025] >> [t:348] (r:-0.100), [f:   300/1000], inf[3.3e+13], comp[7.9e+13], Q(347, 1, 0, 0), Trans[(256, 2, 8) -> 49.877500036556256]
[Tue Dec  2 17:24:43 2025] >> [t:349] (r:-0.100), [f:   300/1000], inf[3.3e+13], comp[7.9e+13], Q(347, 0, 0, 0), Trans[(256, 2, 8) -> 49.877500036556256]
[Tue Dec  2 17:24:43 2025] >> [t:350] (r: 0.000), [f:     0/1000], inf[3.3e+13], comp[0.0e+00], Q(347, 0, 0, 0), Trans[(256, 2, 8) -> 49.877500036556256]
[Tue Dec  2 17:24:43 2025] >> [t:351] (r: 0.000), [f:     0/1000], inf[8.1e+13], comp[0.0e+00], Q(346, 1, 0, 0), Trans[(512, 2, 8) -> 31.796302199813397]
[Tue Dec  2 17:24:43 2025] >> [t:352] (r:-0.100), [f:   300/1000], inf[3.3e+13], comp[7.9e+13], Q(345, 2, 0, 0), Trans[(256, 2, 8) -> 49.877500036556256]
[Tue Dec  2 17:24:43 2025] >> [t:353] (r:-0.100), [f:   300/1000], inf[3.3e+13], comp[7.9e+13], Q(345, 0, 0, 0), Trans[(256, 2, 8) -> 49.877500036556256]
[Tue Dec  2 17:24:43 2025] >> [t:354] (r: 0.000), [f:     0/1000], inf[3.3e+13], comp[0.0e+00], Q(345, 0, 0, 0), Trans[(256, 2, 8) -> 49.877500036556256]
[Tue Dec  2 17:24:43 2025] >> [t:355] (r: 0.000), [f:     0/1000], inf[8.1e+13], comp[0.0e+00], Q(345, 0, 0, 0), Trans[(512, 2, 8) -> 31.796302199813397]
[Tue Dec  2 17:24:43 2025] >> [t:356] (r: 0.000), [f:     0/1000], inf[8.1e+13], comp[0.0e+00], Q(344, 1, 0, 0), Trans[(512, 2, 8) -> 31.796302199813397]
[Tue Dec  2 17:24:43 2025] >> [t:357] (r:-0.100), [f:   300/1000], inf[3.3e+13], comp[7.9e+13], Q(343, 2, 0, 0), Trans[(256, 2, 8) -> 49.877500036556256]
[Tue Dec  2 17:24:43 2025] >> [t:358] (r:-0.100), [f:   300/1000], inf[3.3e+13], comp[7.9e+13], Q(342, 0, 0, 0), Trans[(256, 2, 8) -> 49.877500036556256]
[Tue Dec  2 17:24:43 2025] >> [t:359] (r: 0.000), [f:     0/1000], inf[3.3e+13], comp[0.0e+00], Q(342, 0, 0, 0), Trans[(256, 2, 8) -> 49.877500036556256]
[Tue Dec  2 17:24:43 2025] >> [t:360] (r: 0.000), [f:     0/1000], inf[8.1e+13], comp[0.0e+00], Q(342, 0, 0, 0), Trans[(512, 2, 8) -> 31.796302199813397]
[Tue Dec  2 17:24:43 2025] >> [t:361] (r: 0.000), [f:     0/1000], inf[8.1e+13], comp[0.0e+00], Q(342, 0, 0, 0), Trans[(512, 2, 8) -> 31.796302199813397]
[Tue Dec  2 17:24:43 2025] >> [t:362] (r: 0.000), [f:     0/1000], inf[8.1e+13], comp[0.0e+00], Q(342, 0, 0, 0), Trans[(512, 2, 8) -> 31.796302199813397]
[Tue Dec  2 17:24:43 2025] >> [t:363] (r: 0.000), [f:     0/1000], inf[8.1e+13], comp[0.0e+00], Q(342, 0, 0, 0), Trans[(512, 2, 8) -> 31.796302199813397]
[Tue Dec  2 17:24:43 2025] >> [t:364] (r: 0.000), [f:     0/1000], inf[8.1e+13], comp[0.0e+00], Q(340, 2, 0, 0), Trans[(512, 2, 8) -> 31.796302199813397]
[Tue Dec  2 17:24:43 2025] >> [t:365] (r:-0.100), [f:   300/1000], inf[3.3e+13], comp[7.9e+13], Q(340, 2, 0, 0), Trans[(256, 2, 8) -> 49.877500036556256]
[Tue Dec  2 17:24:43 2025] >> [t:366] (r:-0.100), [f:   300/1000], inf[3.3e+13], comp[7.9e+13], Q(340, 1, 0, 0), Trans[(256, 2, 8) -> 49.877500036556256]
[Tue Dec  2 17:24:43 2025] >> [t:367] (r:-0.100), [f:   300/1000], inf[3.3e+13], comp[7.9e+13], Q(339, 0, 0, 0), Trans[(256, 2, 8) -> 49.877500036556256]
[Tue Dec  2 17:24:43 2025] >> [t:368] (r: 0.000), [f:     0/1000], inf[3.3e+13], comp[0.0e+00], Q(339, 0, 0, 0), Trans[(256, 2, 8) -> 49.877500036556256]
[Tue Dec  2 17:24:43 2025] >> [t:369] (r: 0.000), [f:     0/1000], inf[8.1e+13], comp[0.0e+00], Q(339, 0, 0, 0), Trans[(512, 2, 8) -> 31.796302199813397]
[Tue Dec  2 17:24:43 2025] >> [t:370] (r: 0.000), [f:     0/1000], inf[8.1e+13], comp[0.0e+00], Q(337, 2, 0, 0), Trans[(512, 2, 8) -> 31.796302199813397]
[Tue Dec  2 17:24:43 2025] >> [t:371] (r:-0.100), [f:   300/1000], inf[3.3e+13], comp[7.9e+13], Q(336, 3, 0, 0), Trans[(256, 2, 8) -> 49.877500036556256]
[Tue Dec  2 17:24:43 2025] >> [t:372] (r:-0.100), [f:   300/1000], inf[3.3e+13], comp[7.9e+13], Q(336, 2, 0, 0), Trans[(256, 2, 8) -> 49.877500036556256]
[Tue Dec  2 17:24:43 2025] >> [t:373] (r:-0.100), [f:   300/1000], inf[3.3e+13], comp[7.9e+13], Q(335, 0, 0, 0), Trans[(256, 2, 8) -> 49.877500036556256]
[Tue Dec  2 17:24:43 2025] >> [t:374] (r: 0.000), [f:     0/1000], inf[3.3e+13], comp[0.0e+00], Q(335, 0, 0, 0), Trans[(256, 2, 8) -> 49.877500036556256]
[Tue Dec  2 17:24:43 2025] >> [t:375] (r: 0.000), [f:     0/1000], inf[8.1e+13], comp[0.0e+00], Q(335, 0, 0, 0), Trans[(512, 2, 8) -> 31.796302199813397]
[Tue Dec  2 17:24:43 2025] >> [t:376] (r: 0.000), [f:     0/1000], inf[8.1e+13], comp[0.0e+00], Q(335, 0, 0, 0), Trans[(512, 2, 8) -> 31.796302199813397]
[Tue Dec  2 17:24:43 2025] >> [t:377] (r: 0.000), [f:     0/1000], inf[8.1e+13], comp[0.0e+00], Q(334, 1, 0, 0), Trans[(512, 2, 8) -> 31.796302199813397]
[Tue Dec  2 17:24:43 2025] >> [t:378] (r:-0.100), [f:   300/1000], inf[3.3e+13], comp[7.9e+13], Q(334, 1, 0, 0), Trans[(256, 2, 8) -> 49.877500036556256]
[Tue Dec  2 17:24:43 2025] >> [t:379] (r:-0.100), [f:   300/1000], inf[3.3e+13], comp[7.9e+13], Q(334, 0, 0, 0), Trans[(256, 2, 8) -> 49.877500036556256]
[Tue Dec  2 17:24:43 2025] >> [t:380] (r: 0.000), [f:     0/1000], inf[3.3e+13], comp[0.0e+00], Q(334, 0, 0, 0), Trans[(256, 2, 8) -> 49.877500036556256]
[Tue Dec  2 17:24:43 2025] >> [t:381] (r: 0.000), [f:     0/1000], inf[8.1e+13], comp[0.0e+00], Q(333, 1, 0, 0), Trans[(512, 2, 8) -> 31.796302199813397]
[Tue Dec  2 17:24:43 2025] >> [t:382] (r:-0.100), [f:   300/1000], inf[3.3e+13], comp[7.9e+13], Q(333, 1, 0, 0), Trans[(256, 2, 8) -> 49.877500036556256]
[Tue Dec  2 17:24:43 2025] >> [t:383] (r:-0.100), [f:   300/1000], inf[3.3e+13], comp[7.9e+13], Q(333, 0, 0, 0), Trans[(256, 2, 8) -> 49.877500036556256]
[Tue Dec  2 17:24:43 2025] >> [t:384] (r: 0.000), [f:     0/1000], inf[3.3e+13], comp[0.0e+00], Q(333, 0, 0, 0), Trans[(256, 2, 8) -> 49.877500036556256]
[Tue Dec  2 17:24:43 2025] >> [t:385] (r: 0.000), [f:     0/1000], inf[8.1e+13], comp[0.0e+00], Q(332, 1, 0, 0), Trans[(512, 2, 8) -> 31.796302199813397]
[Tue Dec  2 17:24:43 2025] >> [t:386] (r:-0.100), [f:   300/1000], inf[3.3e+13], comp[7.9e+13], Q(331, 2, 0, 0), Trans[(256, 2, 8) -> 49.877500036556256]
[Tue Dec  2 17:24:43 2025] >> [t:387] (r:-0.100), [f:   300/1000], inf[3.3e+13], comp[7.9e+13], Q(331, 0, 0, 0), Trans[(256, 2, 8) -> 49.877500036556256]
[Tue Dec  2 17:24:43 2025] >> [t:388] (r: 0.000), [f:     0/1000], inf[3.3e+13], comp[0.0e+00], Q(330, 1, 0, 0), Trans[(256, 2, 8) -> 49.877500036556256]
[Tue Dec  2 17:24:43 2025] >> [t:389] (r:-0.100), [f:   300/1000], inf[3.3e+13], comp[7.9e+13], Q(330, 0, 0, 0), Trans[(256, 2, 8) -> 49.877500036556256]
[Tue Dec  2 17:24:43 2025] >> [t:390] (r: 0.000), [f:     0/1000], inf[3.3e+13], comp[0.0e+00], Q(328, 2, 0, 0), Trans[(256, 2, 8) -> 49.877500036556256]
[Tue Dec  2 17:24:43 2025] >> [t:391] (r:-0.100), [f:   300/1000], inf[3.3e+13], comp[7.9e+13], Q(328, 0, 0, 0), Trans[(256, 2, 8) -> 49.877500036556256]
[Tue Dec  2 17:24:43 2025] >> [t:392] (r: 0.000), [f:     0/1000], inf[3.3e+13], comp[0.0e+00], Q(326, 2, 0, 0), Trans[(256, 2, 8) -> 49.877500036556256]
[Tue Dec  2 17:24:43 2025] >> [t:393] (r:-0.100), [f:   300/1000], inf[3.3e+13], comp[7.9e+13], Q(326, 0, 0, 0), Trans[(256, 2, 8) -> 49.877500036556256]
[Tue Dec  2 17:24:43 2025] >> [t:394] (r: 0.000), [f:     0/1000], inf[3.3e+13], comp[0.0e+00], Q(325, 1, 0, 0), Trans[(256, 2, 8) -> 49.877500036556256]
[Tue Dec  2 17:24:43 2025] >> [t:395] (r:-0.100), [f:   300/1000], inf[3.3e+13], comp[7.9e+13], Q(325, 0, 0, 0), Trans[(256, 2, 8) -> 49.877500036556256]
[Tue Dec  2 17:24:43 2025] >> [t:396] (r: 0.000), [f:     0/1000], inf[3.3e+13], comp[0.0e+00], Q(323, 2, 0, 0), Trans[(256, 2, 8) -> 49.877500036556256]
[Tue Dec  2 17:24:43 2025] >> [t:397] (r:-0.100), [f:   300/1000], inf[3.3e+13], comp[7.9e+13], Q(322, 1, 0, 0), Trans[(256, 2, 8) -> 49.877500036556256]
[Tue Dec  2 17:24:43 2025] >> [t:398] (r:-0.100), [f:   300/1000], inf[3.3e+13], comp[7.9e+13], Q(322, 0, 0, 0), Trans[(256, 2, 8) -> 49.877500036556256]
[Tue Dec  2 17:24:43 2025] >> [t:399] (r: 0.000), [f:     0/1000], inf[3.3e+13], comp[0.0e+00], Q(320, 2, 0, 0), Trans[(256, 2, 8) -> 49.877500036556256]
[Tue Dec  2 17:24:43 2025] >> [t:400] (r:-0.100), [f:   300/1000], inf[3.3e+13], comp[7.9e+13], Q(317, 3, 0, 0), Trans[(256, 2, 8) -> 49.877500036556256]
[Tue Dec  2 17:24:43 2025] >> [t:401] (r:-0.100), [f:   300/1000], inf[3.3e+13], comp[7.9e+13], Q(316, 2, 0, 0), Trans[(256, 2, 8) -> 49.877500036556256]
[Tue Dec  2 17:24:43 2025] >> [t:402] (r:-0.100), [f:   300/1000], inf[3.3e+13], comp[7.9e+13], Q(316, 0, 0, 0), Trans[(256, 2, 8) -> 49.877500036556256]
[Tue Dec  2 17:24:43 2025] >> [t:403] (r: 0.000), [f:     0/1000], inf[3.3e+13], comp[0.0e+00], Q(316, 0, 0, 0), Trans[(256, 2, 8) -> 49.877500036556256]
[Tue Dec  2 17:24:43 2025] >> [t:404] (r: 0.000), [f:     0/1000], inf[8.1e+13], comp[0.0e+00], Q(316, 0, 0, 0), Trans[(512, 2, 8) -> 31.796302199813397]
[Tue Dec  2 17:24:43 2025] >> [t:405] (r: 0.000), [f:     0/1000], inf[8.1e+13], comp[0.0e+00], Q(311, 5, 0, 0), Trans[(512, 2, 8) -> 31.796302199813397]
[Tue Dec  2 17:24:43 2025] >> [t:406] (r:-0.796), [f:  1000/1000], inf[1.2e+14], comp[2.6e+14], Q(309, 4, 0, 0), Trans[(256, 8, 8) -> 45.38401724482199]
[Tue Dec  2 17:24:43 2025] >> [t:407] (r:-0.100), [f:   300/1000], inf[3.3e+13], comp[7.9e+13], Q(309, 3, 0, 0), Trans[(256, 2, 8) -> 49.877500036556256]
[Tue Dec  2 17:24:43 2025] >> [t:408] (r:-0.100), [f:   300/1000], inf[3.3e+13], comp[7.9e+13], Q(309, 2, 0, 0), Trans[(256, 2, 8) -> 49.877500036556256]
[Tue Dec  2 17:24:43 2025] >> [t:409] (r:-0.100), [f:   300/1000], inf[3.3e+13], comp[7.9e+13], Q(308, 3, 0, 0), Trans[(256, 2, 8) -> 49.877500036556256]
[Tue Dec  2 17:24:43 2025] >> [t:410] (r:-0.100), [f:   300/1000], inf[3.3e+13], comp[7.9e+13], Q(308, 2, 0, 0), Trans[(256, 2, 8) -> 49.877500036556256]
[Tue Dec  2 17:24:43 2025] >> [t:411] (r:-0.100), [f:   300/1000], inf[3.3e+13], comp[7.9e+13], Q(307, 2, 0, 0), Trans[(256, 2, 8) -> 49.877500036556256]
[Tue Dec  2 17:24:43 2025] >> [t:412] (r:-0.100), [f:   300/1000], inf[3.3e+13], comp[7.9e+13], Q(306, 1, 0, 0), Trans[(256, 2, 8) -> 49.877500036556256]
[Tue Dec  2 17:24:43 2025] >> [t:413] (r:-0.100), [f:   300/1000], inf[3.3e+13], comp[7.9e+13], Q(306, 0, 0, 0), Trans[(256, 2, 8) -> 49.877500036556256]
[Tue Dec  2 17:24:43 2025] >> [t:414] (r: 0.000), [f:     0/1000], inf[3.3e+13], comp[0.0e+00], Q(306, 0, 0, 0), Trans[(256, 2, 8) -> 49.877500036556256]
[Tue Dec  2 17:24:43 2025] >> [t:415] (r: 0.000), [f:     0/1000], inf[8.1e+13], comp[0.0e+00], Q(306, 0, 0, 0), Trans[(512, 2, 8) -> 31.796302199813397]
[Tue Dec  2 17:24:43 2025] >> [t:416] (r: 0.000), [f:     0/1000], inf[8.1e+13], comp[0.0e+00], Q(305, 1, 0, 0), Trans[(512, 2, 8) -> 31.796302199813397]
[Tue Dec  2 17:24:43 2025] >> [t:417] (r:-0.100), [f:   300/1000], inf[3.3e+13], comp[7.9e+13], Q(304, 2, 0, 0), Trans[(256, 2, 8) -> 49.877500036556256]
[Tue Dec  2 17:24:43 2025] >> [t:418] (r:-0.100), [f:   300/1000], inf[3.3e+13], comp[7.9e+13], Q(303, 0, 0, 0), Trans[(256, 2, 8) -> 49.877500036556256]
[Tue Dec  2 17:24:43 2025] >> [t:419] (r: 0.000), [f:     0/1000], inf[3.3e+13], comp[0.0e+00], Q(302, 1, 0, 0), Trans[(256, 2, 8) -> 49.877500036556256]
[Tue Dec  2 17:24:43 2025] >> [t:420] (r:-0.100), [f:   300/1000], inf[3.3e+13], comp[7.9e+13], Q(300, 1, 0, 0), Trans[(256, 2, 8) -> 49.877500036556256]
[Tue Dec  2 17:24:43 2025] >> [t:421] (r:-0.100), [f:   300/1000], inf[3.3e+13], comp[7.9e+13], Q(299, 0, 0, 0), Trans[(256, 2, 8) -> 49.877500036556256]
[Tue Dec  2 17:24:43 2025] >> [t:422] (r: 0.000), [f:     0/1000], inf[3.3e+13], comp[0.0e+00], Q(299, 0, 0, 0), Trans[(256, 2, 8) -> 49.877500036556256]
[Tue Dec  2 17:24:43 2025] >> [t:423] (r: 0.000), [f:     0/1000], inf[8.1e+13], comp[0.0e+00], Q(299, 0, 0, 0), Trans[(512, 2, 8) -> 31.796302199813397]
[Tue Dec  2 17:24:43 2025] >> [t:424] (r: 0.000), [f:     0/1000], inf[8.1e+13], comp[0.0e+00], Q(299, 0, 0, 0), Trans[(512, 2, 8) -> 31.796302199813397]
[Tue Dec  2 17:24:43 2025] >> [t:425] (r: 0.000), [f:     0/1000], inf[8.1e+13], comp[0.0e+00], Q(297, 2, 0, 0), Trans[(512, 2, 8) -> 31.796302199813397]
[Tue Dec  2 17:24:43 2025] >> [t:426] (r:-0.100), [f:   300/1000], inf[3.3e+13], comp[7.9e+13], Q(295, 4, 0, 0), Trans[(256, 2, 8) -> 49.877500036556256]
[Tue Dec  2 17:24:43 2025] >> [t:427] (r:-0.100), [f:   300/1000], inf[3.3e+13], comp[7.9e+13], Q(294, 4, 0, 0), Trans[(256, 2, 8) -> 49.877500036556256]
[Tue Dec  2 17:24:43 2025] >> [t:428] (r:-0.100), [f:   300/1000], inf[3.3e+13], comp[7.9e+13], Q(294, 1, 0, 0), Trans[(256, 2, 8) -> 49.877500036556256]
[Tue Dec  2 17:24:43 2025] >> [t:429] (r:-0.100), [f:   300/1000], inf[3.3e+13], comp[7.9e+13], Q(294, 0, 0, 0), Trans[(256, 2, 8) -> 49.877500036556256]
[Tue Dec  2 17:24:43 2025] >> [t:430] (r: 0.000), [f:     0/1000], inf[3.3e+13], comp[0.0e+00], Q(294, 0, 0, 0), Trans[(256, 2, 8) -> 49.877500036556256]
[Tue Dec  2 17:24:43 2025] >> [t:431] (r: 0.000), [f:     0/1000], inf[8.1e+13], comp[0.0e+00], Q(293, 1, 0, 0), Trans[(512, 2, 8) -> 31.796302199813397]
[Tue Dec  2 17:24:43 2025] >> [t:432] (r:-0.100), [f:   300/1000], inf[3.3e+13], comp[7.9e+13], Q(293, 1, 0, 0), Trans[(256, 2, 8) -> 49.877500036556256]
[Tue Dec  2 17:24:43 2025] >> [t:433] (r:-0.100), [f:   300/1000], inf[3.3e+13], comp[7.9e+13], Q(293, 0, 0, 0), Trans[(256, 2, 8) -> 49.877500036556256]
[Tue Dec  2 17:24:43 2025] >> [t:434] (r: 0.000), [f:     0/1000], inf[3.3e+13], comp[0.0e+00], Q(293, 0, 0, 0), Trans[(256, 2, 8) -> 49.877500036556256]
[Tue Dec  2 17:24:43 2025] >> [t:435] (r: 0.000), [f:     0/1000], inf[8.1e+13], comp[0.0e+00], Q(293, 0, 0, 0), Trans[(512, 2, 8) -> 31.796302199813397]
[Tue Dec  2 17:24:43 2025] >> [t:436] (r: 0.000), [f:     0/1000], inf[8.1e+13], comp[0.0e+00], Q(293, 0, 0, 0), Trans[(512, 2, 8) -> 31.796302199813397]
[Tue Dec  2 17:24:43 2025] >> [t:437] (r: 0.000), [f:     0/1000], inf[8.1e+13], comp[0.0e+00], Q(293, 0, 0, 0), Trans[(512, 2, 8) -> 31.796302199813397]
[Tue Dec  2 17:24:43 2025] >> [t:438] (r: 0.000), [f:     0/1000], inf[8.1e+13], comp[0.0e+00], Q(293, 0, 0, 0), Trans[(512, 2, 8) -> 31.796302199813397]
[Tue Dec  2 17:24:43 2025] >> [t:439] (r: 0.000), [f:     0/1000], inf[8.1e+13], comp[0.0e+00], Q(293, 0, 0, 0), Trans[(512, 2, 8) -> 31.796302199813397]
[Tue Dec  2 17:24:43 2025] >> [t:440] (r: 0.000), [f:     0/1000], inf[8.1e+13], comp[0.0e+00], Q(293, 0, 0, 0), Trans[(512, 2, 8) -> 31.796302199813397]
[Tue Dec  2 17:24:43 2025] >> [t:441] (r: 0.000), [f:     0/1000], inf[8.1e+13], comp[0.0e+00], Q(292, 1, 0, 0), Trans[(512, 2, 8) -> 31.796302199813397]
[Tue Dec  2 17:24:43 2025] >> [t:442] (r:-0.100), [f:   300/1000], inf[3.3e+13], comp[7.9e+13], Q(292, 1, 0, 0), Trans[(256, 2, 8) -> 49.877500036556256]
[Tue Dec  2 17:24:43 2025] >> [t:443] (r:-0.100), [f:   300/1000], inf[3.3e+13], comp[7.9e+13], Q(291, 0, 0, 0), Trans[(256, 2, 8) -> 49.877500036556256]
[Tue Dec  2 17:24:43 2025] >> [t:444] (r: 0.000), [f:     0/1000], inf[3.3e+13], comp[0.0e+00], Q(287, 4, 0, 0), Trans[(256, 2, 8) -> 49.877500036556256]
[Tue Dec  2 17:24:43 2025] >> [t:445] (r:-0.100), [f:   300/1000], inf[3.3e+13], comp[7.9e+13], Q(285, 4, 0, 0), Trans[(256, 2, 8) -> 49.877500036556256]
[Tue Dec  2 17:24:43 2025] >> [t:446] (r:-0.100), [f:   300/1000], inf[3.3e+13], comp[7.9e+13], Q(283, 4, 0, 0), Trans[(256, 2, 8) -> 49.877500036556256]
[Tue Dec  2 17:24:43 2025] >> [t:447] (r:-0.100), [f:   300/1000], inf[3.3e+13], comp[7.9e+13], Q(282, 2, 0, 0), Trans[(256, 2, 8) -> 49.877500036556256]
[Tue Dec  2 17:24:43 2025] >> [t:448] (r:-0.100), [f:   300/1000], inf[3.3e+13], comp[7.9e+13], Q(282, 0, 0, 0), Trans[(256, 2, 8) -> 49.877500036556256]
[Tue Dec  2 17:24:43 2025] >> [t:449] (r: 0.000), [f:     0/1000], inf[3.3e+13], comp[0.0e+00], Q(281, 1, 0, 0), Trans[(256, 2, 8) -> 49.877500036556256]
[Tue Dec  2 17:24:43 2025] >> [t:450] (r:-0.100), [f:   300/1000], inf[3.3e+13], comp[7.9e+13], Q(280, 0, 0, 0), Trans[(256, 2, 8) -> 49.877500036556256]
[Tue Dec  2 17:24:43 2025] >> [t:451] (r: 0.000), [f:     0/1000], inf[3.3e+13], comp[0.0e+00], Q(280, 0, 0, 0), Trans[(256, 2, 8) -> 49.877500036556256]
[Tue Dec  2 17:24:43 2025] >> [t:452] (r: 0.000), [f:     0/1000], inf[8.1e+13], comp[0.0e+00], Q(280, 0, 0, 0), Trans[(512, 2, 8) -> 31.796302199813397]
[Tue Dec  2 17:24:43 2025] >> [t:453] (r: 0.000), [f:     0/1000], inf[8.1e+13], comp[0.0e+00], Q(280, 0, 0, 0), Trans[(512, 2, 8) -> 31.796302199813397]
[Tue Dec  2 17:24:43 2025] >> [t:454] (r: 0.000), [f:     0/1000], inf[8.1e+13], comp[0.0e+00], Q(280, 0, 0, 0), Trans[(512, 2, 8) -> 31.796302199813397]
[Tue Dec  2 17:24:43 2025] >> [t:455] (r: 0.000), [f:     0/1000], inf[8.1e+13], comp[0.0e+00], Q(279, 1, 0, 0), Trans[(512, 2, 8) -> 31.796302199813397]
[Tue Dec  2 17:24:43 2025] >> [t:456] (r:-0.100), [f:   300/1000], inf[3.3e+13], comp[7.9e+13], Q(278, 2, 0, 0), Trans[(256, 2, 8) -> 49.877500036556256]
[Tue Dec  2 17:24:43 2025] >> [t:457] (r:-0.100), [f:   300/1000], inf[3.3e+13], comp[7.9e+13], Q(277, 0, 0, 0), Trans[(256, 2, 8) -> 49.877500036556256]
[Tue Dec  2 17:24:43 2025] >> [t:458] (r: 0.000), [f:     0/1000], inf[3.3e+13], comp[0.0e+00], Q(276, 1, 0, 0), Trans[(256, 2, 8) -> 49.877500036556256]
[Tue Dec  2 17:24:43 2025] >> [t:459] (r:-0.100), [f:   300/1000], inf[3.3e+13], comp[7.9e+13], Q(276, 0, 0, 0), Trans[(256, 2, 8) -> 49.877500036556256]
[Tue Dec  2 17:24:43 2025] >> [t:460] (r: 0.000), [f:     0/1000], inf[3.3e+13], comp[0.0e+00], Q(275, 1, 0, 0), Trans[(256, 2, 8) -> 49.877500036556256]
[Tue Dec  2 17:24:43 2025] >> [t:461] (r:-0.100), [f:   300/1000], inf[3.3e+13], comp[7.9e+13], Q(274, 0, 0, 0), Trans[(256, 2, 8) -> 49.877500036556256]
[Tue Dec  2 17:24:43 2025] >> [t:462] (r: 0.000), [f:     0/1000], inf[3.3e+13], comp[0.0e+00], Q(272, 2, 0, 0), Trans[(256, 2, 8) -> 49.877500036556256]
[Tue Dec  2 17:24:43 2025] >> [t:463] (r:-0.100), [f:   300/1000], inf[3.3e+13], comp[7.9e+13], Q(271, 1, 0, 0), Trans[(256, 2, 8) -> 49.877500036556256]
[Tue Dec  2 17:24:43 2025] >> [t:464] (r:-0.100), [f:   300/1000], inf[3.3e+13], comp[7.9e+13], Q(270, 0, 0, 0), Trans[(256, 2, 8) -> 49.877500036556256]
[Tue Dec  2 17:24:43 2025] >> [t:465] (r: 0.000), [f:     0/1000], inf[3.3e+13], comp[0.0e+00], Q(269, 1, 0, 0), Trans[(256, 2, 8) -> 49.877500036556256]
[Tue Dec  2 17:24:43 2025] >> [t:466] (r:-0.100), [f:   300/1000], inf[3.3e+13], comp[7.9e+13], Q(269, 0, 0, 0), Trans[(256, 2, 8) -> 49.877500036556256]
[Tue Dec  2 17:24:43 2025] >> [t:467] (r: 0.000), [f:     0/1000], inf[3.3e+13], comp[0.0e+00], Q(268, 1, 0, 0), Trans[(256, 2, 8) -> 49.877500036556256]
[Tue Dec  2 17:24:43 2025] >> [t:468] (r:-0.100), [f:   300/1000], inf[3.3e+13], comp[7.9e+13], Q(268, 0, 0, 0), Trans[(256, 2, 8) -> 49.877500036556256]
[Tue Dec  2 17:24:43 2025] >> [t:469] (r: 0.000), [f:     0/1000], inf[3.3e+13], comp[0.0e+00], Q(268, 0, 0, 0), Trans[(256, 2, 8) -> 49.877500036556256]
[Tue Dec  2 17:24:43 2025] >> [t:470] (r: 0.000), [f:     0/1000], inf[8.1e+13], comp[0.0e+00], Q(266, 2, 0, 0), Trans[(512, 2, 8) -> 31.796302199813397]
[Tue Dec  2 17:24:43 2025] >> [t:471] (r:-0.100), [f:   300/1000], inf[3.3e+13], comp[7.9e+13], Q(266, 2, 0, 0), Trans[(256, 2, 8) -> 49.877500036556256]
[Tue Dec  2 17:24:43 2025] >> [t:472] (r:-0.100), [f:   300/1000], inf[3.3e+13], comp[7.9e+13], Q(265, 2, 0, 0), Trans[(256, 2, 8) -> 49.877500036556256]
[Tue Dec  2 17:24:43 2025] >> [t:473] (r:-0.100), [f:   300/1000], inf[3.3e+13], comp[7.9e+13], Q(265, 0, 0, 0), Trans[(256, 2, 8) -> 49.877500036556256]
[Tue Dec  2 17:24:43 2025] >> [t:474] (r: 0.000), [f:     0/1000], inf[3.3e+13], comp[0.0e+00], Q(264, 1, 0, 0), Trans[(256, 2, 8) -> 49.877500036556256]
[Tue Dec  2 17:24:43 2025] >> [t:475] (r:-0.100), [f:   300/1000], inf[3.3e+13], comp[7.9e+13], Q(264, 0, 0, 0), Trans[(256, 2, 8) -> 49.877500036556256]
[Tue Dec  2 17:24:43 2025] >> [t:476] (r: 0.000), [f:     0/1000], inf[3.3e+13], comp[0.0e+00], Q(264, 0, 0, 0), Trans[(256, 2, 8) -> 49.877500036556256]
[Tue Dec  2 17:24:43 2025] >> [t:477] (r: 0.000), [f:     0/1000], inf[8.1e+13], comp[0.0e+00], Q(264, 0, 0, 0), Trans[(512, 2, 8) -> 31.796302199813397]
[Tue Dec  2 17:24:43 2025] >> [t:478] (r: 0.000), [f:     0/1000], inf[8.1e+13], comp[0.0e+00], Q(264, 0, 0, 0), Trans[(512, 2, 8) -> 31.796302199813397]
[Tue Dec  2 17:24:43 2025] >> [t:479] (r: 0.000), [f:     0/1000], inf[8.1e+13], comp[0.0e+00], Q(264, 0, 0, 0), Trans[(512, 2, 8) -> 31.796302199813397]
[Tue Dec  2 17:24:43 2025] >> [t:480] (r: 0.000), [f:     0/1000], inf[8.1e+13], comp[0.0e+00], Q(262, 2, 0, 0), Trans[(512, 2, 8) -> 31.796302199813397]
[Tue Dec  2 17:24:43 2025] >> [t:481] (r:-0.100), [f:   300/1000], inf[3.3e+13], comp[7.9e+13], Q(262, 2, 0, 0), Trans[(256, 2, 8) -> 49.877500036556256]
[Tue Dec  2 17:24:43 2025] >> [t:482] (r:-0.100), [f:   300/1000], inf[3.3e+13], comp[7.9e+13], Q(262, 1, 0, 0), Trans[(256, 2, 8) -> 49.877500036556256]
[Tue Dec  2 17:24:43 2025] >> [t:483] (r:-0.100), [f:   300/1000], inf[3.3e+13], comp[7.9e+13], Q(262, 0, 0, 0), Trans[(256, 2, 8) -> 49.877500036556256]
[Tue Dec  2 17:24:43 2025] >> [t:484] (r: 0.000), [f:     0/1000], inf[3.3e+13], comp[0.0e+00], Q(261, 1, 0, 0), Trans[(256, 2, 8) -> 49.877500036556256]
[Tue Dec  2 17:24:43 2025] >> [t:485] (r:-0.100), [f:   300/1000], inf[3.3e+13], comp[7.9e+13], Q(260, 0, 0, 0), Trans[(256, 2, 8) -> 49.877500036556256]
[Tue Dec  2 17:24:43 2025] >> [t:486] (r: 0.000), [f:     0/1000], inf[3.3e+13], comp[0.0e+00], Q(260, 0, 0, 0), Trans[(256, 2, 8) -> 49.877500036556256]
[Tue Dec  2 17:24:43 2025] >> [t:487] (r: 0.000), [f:     0/1000], inf[8.1e+13], comp[0.0e+00], Q(260, 0, 0, 0), Trans[(512, 2, 8) -> 31.796302199813397]
[Tue Dec  2 17:24:43 2025] >> [t:488] (r: 0.000), [f:     0/1000], inf[8.1e+13], comp[0.0e+00], Q(259, 1, 0, 0), Trans[(512, 2, 8) -> 31.796302199813397]
[Tue Dec  2 17:24:43 2025] >> [t:489] (r:-0.100), [f:   300/1000], inf[3.3e+13], comp[7.9e+13], Q(258, 2, 0, 0), Trans[(256, 2, 8) -> 49.877500036556256]
[Tue Dec  2 17:24:43 2025] >> [t:490] (r:-0.100), [f:   300/1000], inf[3.3e+13], comp[7.9e+13], Q(258, 0, 0, 0), Trans[(256, 2, 8) -> 49.877500036556256]
[Tue Dec  2 17:24:43 2025] >> [t:491] (r: 0.000), [f:     0/1000], inf[3.3e+13], comp[0.0e+00], Q(256, 2, 0, 0), Trans[(256, 2, 8) -> 49.877500036556256]
[Tue Dec  2 17:24:43 2025] >> [t:492] (r:-0.100), [f:   300/1000], inf[3.3e+13], comp[7.9e+13], Q(255, 1, 0, 0), Trans[(256, 2, 8) -> 49.877500036556256]
[Tue Dec  2 17:24:43 2025] >> [t:493] (r:-0.100), [f:   300/1000], inf[3.3e+13], comp[7.9e+13], Q(255, 0, 0, 0), Trans[(256, 2, 8) -> 49.877500036556256]
[Tue Dec  2 17:24:43 2025] >> [t:494] (r: 0.000), [f:     0/1000], inf[3.3e+13], comp[0.0e+00], Q(253, 2, 0, 0), Trans[(256, 2, 8) -> 49.877500036556256]
[Tue Dec  2 17:24:43 2025] >> [t:495] (r:-0.100), [f:   300/1000], inf[3.3e+13], comp[7.9e+13], Q(253, 0, 0, 0), Trans[(256, 2, 8) -> 49.877500036556256]
[Tue Dec  2 17:24:43 2025] >> [t:496] (r: 0.000), [f:     0/1000], inf[3.3e+13], comp[0.0e+00], Q(253, 0, 0, 0), Trans[(256, 2, 8) -> 49.877500036556256]
[Tue Dec  2 17:24:43 2025] >> [t:497] (r: 0.000), [f:     0/1000], inf[8.1e+13], comp[0.0e+00], Q(252, 1, 0, 0), Trans[(512, 2, 8) -> 31.796302199813397]
[Tue Dec  2 17:24:43 2025] >> [t:498] (r:-0.100), [f:   300/1000], inf[3.3e+13], comp[7.9e+13], Q(252, 1, 0, 0), Trans[(256, 2, 8) -> 49.877500036556256]
[Tue Dec  2 17:24:43 2025] >> [t:499] (r:-0.100), [f:   300/1000], inf[3.3e+13], comp[7.9e+13], Q(252, 0, 0, 0), Trans[(256, 2, 8) -> 49.877500036556256]
[Tue Dec  2 17:24:43 2025] >> [t:500] (r: 0.000), [f:     0/1000], inf[3.3e+13], comp[0.0e+00], Q(251, 1, 0, 0), Trans[(256, 2, 8) -> 49.877500036556256]
[Tue Dec  2 17:24:43 2025] >> [t:501] (r:-0.100), [f:   300/1000], inf[3.3e+13], comp[7.9e+13], Q(251, 0, 0, 0), Trans[(256, 2, 8) -> 49.877500036556256]
[Tue Dec  2 17:24:43 2025] >> [t:502] (r: 0.000), [f:     0/1000], inf[3.3e+13], comp[0.0e+00], Q(251, 0, 0, 0), Trans[(256, 2, 8) -> 49.877500036556256]
[Tue Dec  2 17:24:43 2025] >> [t:503] (r: 0.000), [f:     0/1000], inf[8.1e+13], comp[0.0e+00], Q(251, 0, 0, 0), Trans[(512, 2, 8) -> 31.796302199813397]
[Tue Dec  2 17:24:43 2025] >> [t:504] (r: 0.000), [f:     0/1000], inf[8.1e+13], comp[0.0e+00], Q(249, 2, 0, 0), Trans[(512, 2, 8) -> 31.796302199813397]
[Tue Dec  2 17:24:43 2025] >> [t:505] (r:-0.100), [f:   300/1000], inf[3.3e+13], comp[7.9e+13], Q(249, 2, 0, 0), Trans[(256, 2, 8) -> 49.877500036556256]
[Tue Dec  2 17:24:43 2025] >> [t:506] (r:-0.100), [f:   300/1000], inf[3.3e+13], comp[7.9e+13], Q(248, 2, 0, 0), Trans[(256, 2, 8) -> 49.877500036556256]
[Tue Dec  2 17:24:43 2025] >> [t:507] (r:-0.100), [f:   300/1000], inf[3.3e+13], comp[7.9e+13], Q(248, 0, 0, 0), Trans[(256, 2, 8) -> 49.877500036556256]
[Tue Dec  2 17:24:43 2025] >> [t:508] (r: 0.000), [f:     0/1000], inf[3.3e+13], comp[0.0e+00], Q(247, 1, 0, 0), Trans[(256, 2, 8) -> 49.877500036556256]
[Tue Dec  2 17:24:43 2025] >> [t:509] (r:-0.100), [f:   300/1000], inf[3.3e+13], comp[7.9e+13], Q(247, 0, 0, 0), Trans[(256, 2, 8) -> 49.877500036556256]
[Tue Dec  2 17:24:43 2025] >> [t:510] (r: 0.000), [f:     0/1000], inf[3.3e+13], comp[0.0e+00], Q(247, 0, 0, 0), Trans[(256, 2, 8) -> 49.877500036556256]
[Tue Dec  2 17:24:43 2025] >> [t:511] (r: 0.000), [f:     0/1000], inf[8.1e+13], comp[0.0e+00], Q(247, 0, 0, 0), Trans[(512, 2, 8) -> 31.796302199813397]
[Tue Dec  2 17:24:43 2025] >> [t:512] (r: 0.000), [f:     0/1000], inf[8.1e+13], comp[0.0e+00], Q(247, 0, 0, 0), Trans[(512, 2, 8) -> 31.796302199813397]
[Tue Dec  2 17:24:43 2025] >> [t:513] (r: 0.000), [f:     0/1000], inf[8.1e+13], comp[0.0e+00], Q(247, 0, 0, 0), Trans[(512, 2, 8) -> 31.796302199813397]
[Tue Dec  2 17:24:43 2025] >> [t:514] (r: 0.000), [f:     0/1000], inf[8.1e+13], comp[0.0e+00], Q(247, 0, 0, 0), Trans[(512, 2, 8) -> 31.796302199813397]
[Tue Dec  2 17:24:43 2025] >> [t:515] (r: 0.000), [f:     0/1000], inf[8.1e+13], comp[0.0e+00], Q(245, 2, 0, 0), Trans[(512, 2, 8) -> 31.796302199813397]
[Tue Dec  2 17:24:43 2025] >> [t:516] (r:-0.100), [f:   300/1000], inf[3.3e+13], comp[7.9e+13], Q(244, 3, 0, 0), Trans[(256, 2, 8) -> 49.877500036556256]
[Tue Dec  2 17:24:43 2025] >> [t:517] (r:-0.100), [f:   300/1000], inf[3.3e+13], comp[7.9e+13], Q(244, 2, 0, 0), Trans[(256, 2, 8) -> 49.877500036556256]
[Tue Dec  2 17:24:43 2025] >> [t:518] (r:-0.100), [f:   300/1000], inf[3.3e+13], comp[7.9e+13], Q(244, 0, 0, 0), Trans[(256, 2, 8) -> 49.877500036556256]
[Tue Dec  2 17:24:43 2025] >> [t:519] (r: 0.000), [f:     0/1000], inf[3.3e+13], comp[0.0e+00], Q(242, 2, 0, 0), Trans[(256, 2, 8) -> 49.877500036556256]
[Tue Dec  2 17:24:43 2025] >> [t:520] (r:-0.100), [f:   300/1000], inf[3.3e+13], comp[7.9e+13], Q(241, 1, 0, 0), Trans[(256, 2, 8) -> 49.877500036556256]
[Tue Dec  2 17:24:43 2025] >> [t:521] (r:-0.100), [f:   300/1000], inf[3.3e+13], comp[7.9e+13], Q(239, 1, 0, 0), Trans[(256, 2, 8) -> 49.877500036556256]
[Tue Dec  2 17:24:43 2025] >> [t:522] (r:-0.100), [f:   300/1000], inf[3.3e+13], comp[7.9e+13], Q(239, 0, 0, 0), Trans[(256, 2, 8) -> 49.877500036556256]
[Tue Dec  2 17:24:43 2025] >> [t:523] (r: 0.000), [f:     0/1000], inf[3.3e+13], comp[0.0e+00], Q(239, 0, 0, 0), Trans[(256, 2, 8) -> 49.877500036556256]
[Tue Dec  2 17:24:43 2025] >> [t:524] (r: 0.000), [f:     0/1000], inf[8.1e+13], comp[0.0e+00], Q(239, 0, 0, 0), Trans[(512, 2, 8) -> 31.796302199813397]
[Tue Dec  2 17:24:43 2025] >> [t:525] (r: 0.000), [f:     0/1000], inf[8.1e+13], comp[0.0e+00], Q(238, 1, 0, 0), Trans[(512, 2, 8) -> 31.796302199813397]
[Tue Dec  2 17:24:43 2025] >> [t:526] (r:-0.100), [f:   300/1000], inf[3.3e+13], comp[7.9e+13], Q(238, 1, 0, 0), Trans[(256, 2, 8) -> 49.877500036556256]
[Tue Dec  2 17:24:43 2025] >> [t:527] (r:-0.100), [f:   300/1000], inf[3.3e+13], comp[7.9e+13], Q(238, 0, 0, 0), Trans[(256, 2, 8) -> 49.877500036556256]
[Tue Dec  2 17:24:43 2025] >> [t:528] (r: 0.000), [f:     0/1000], inf[3.3e+13], comp[0.0e+00], Q(237, 1, 0, 0), Trans[(256, 2, 8) -> 49.877500036556256]
[Tue Dec  2 17:24:43 2025] >> [t:529] (r:-0.100), [f:   300/1000], inf[3.3e+13], comp[7.9e+13], Q(237, 0, 0, 0), Trans[(256, 2, 8) -> 49.877500036556256]
[Tue Dec  2 17:24:43 2025] >> [t:530] (r: 0.000), [f:     0/1000], inf[3.3e+13], comp[0.0e+00], Q(236, 1, 0, 0), Trans[(256, 2, 8) -> 49.877500036556256]
[Tue Dec  2 17:24:43 2025] >> [t:531] (r:-0.100), [f:   300/1000], inf[3.3e+13], comp[7.9e+13], Q(236, 0, 0, 0), Trans[(256, 2, 8) -> 49.877500036556256]
[Tue Dec  2 17:24:43 2025] >> [t:532] (r: 0.000), [f:     0/1000], inf[3.3e+13], comp[0.0e+00], Q(236, 0, 0, 0), Trans[(256, 2, 8) -> 49.877500036556256]
[Tue Dec  2 17:24:43 2025] >> [t:533] (r: 0.000), [f:     0/1000], inf[8.1e+13], comp[0.0e+00], Q(236, 0, 0, 0), Trans[(512, 2, 8) -> 31.796302199813397]
[Tue Dec  2 17:24:43 2025] >> [t:534] (r: 0.000), [f:     0/1000], inf[8.1e+13], comp[0.0e+00], Q(236, 0, 0, 0), Trans[(512, 2, 8) -> 31.796302199813397]
[Tue Dec  2 17:24:43 2025] >> [t:535] (r: 0.000), [f:     0/1000], inf[8.1e+13], comp[0.0e+00], Q(235, 1, 0, 0), Trans[(512, 2, 8) -> 31.796302199813397]
[Tue Dec  2 17:24:44 2025] >> [t:536] (r:-0.100), [f:   300/1000], inf[3.3e+13], comp[7.9e+13], Q(235, 1, 0, 0), Trans[(256, 2, 8) -> 49.877500036556256]
[Tue Dec  2 17:24:44 2025] >> [t:537] (r:-0.100), [f:   300/1000], inf[3.3e+13], comp[7.9e+13], Q(235, 0, 0, 0), Trans[(256, 2, 8) -> 49.877500036556256]
[Tue Dec  2 17:24:44 2025] >> [t:538] (r: 0.000), [f:     0/1000], inf[3.3e+13], comp[0.0e+00], Q(235, 0, 0, 0), Trans[(256, 2, 8) -> 49.877500036556256]
[Tue Dec  2 17:24:44 2025] >> [t:539] (r: 0.000), [f:     0/1000], inf[8.1e+13], comp[0.0e+00], Q(234, 1, 0, 0), Trans[(512, 2, 8) -> 31.796302199813397]
[Tue Dec  2 17:24:44 2025] >> [t:540] (r:-0.100), [f:   300/1000], inf[3.3e+13], comp[7.9e+13], Q(234, 1, 0, 0), Trans[(256, 2, 8) -> 49.877500036556256]
[Tue Dec  2 17:24:44 2025] >> [t:541] (r:-0.100), [f:   300/1000], inf[3.3e+13], comp[7.9e+13], Q(234, 0, 0, 0), Trans[(256, 2, 8) -> 49.877500036556256]
[Tue Dec  2 17:24:44 2025] >> [t:542] (r: 0.000), [f:     0/1000], inf[3.3e+13], comp[0.0e+00], Q(232, 2, 0, 0), Trans[(256, 2, 8) -> 49.877500036556256]
[Tue Dec  2 17:24:44 2025] >> [t:543] (r:-0.100), [f:   300/1000], inf[3.3e+13], comp[7.9e+13], Q(231, 1, 0, 0), Trans[(256, 2, 8) -> 49.877500036556256]
[Tue Dec  2 17:24:44 2025] >> [t:544] (r:-0.100), [f:   300/1000], inf[3.3e+13], comp[7.9e+13], Q(229, 1, 0, 0), Trans[(256, 2, 8) -> 49.877500036556256]
[Tue Dec  2 17:24:44 2025] >> [t:545] (r:-0.100), [f:   300/1000], inf[3.3e+13], comp[7.9e+13], Q(227, 0, 0, 0), Trans[(256, 2, 8) -> 49.877500036556256]
[Tue Dec  2 17:24:44 2025] >> [t:546] (r: 0.000), [f:     0/1000], inf[3.3e+13], comp[0.0e+00], Q(226, 1, 0, 0), Trans[(256, 2, 8) -> 49.877500036556256]
[Tue Dec  2 17:24:44 2025] >> [t:547] (r:-0.100), [f:   300/1000], inf[3.3e+13], comp[7.9e+13], Q(225, 0, 0, 0), Trans[(256, 2, 8) -> 49.877500036556256]
[Tue Dec  2 17:24:44 2025] >> [t:548] (r: 0.000), [f:     0/1000], inf[3.3e+13], comp[0.0e+00], Q(224, 1, 0, 0), Trans[(256, 2, 8) -> 49.877500036556256]
[Tue Dec  2 17:24:44 2025] >> [t:549] (r:-0.100), [f:   300/1000], inf[3.3e+13], comp[7.9e+13], Q(224, 0, 0, 0), Trans[(256, 2, 8) -> 49.877500036556256]
[Tue Dec  2 17:24:44 2025] >> [t:550] (r: 0.000), [f:     0/1000], inf[3.3e+13], comp[0.0e+00], Q(222, 2, 0, 0), Trans[(256, 2, 8) -> 49.877500036556256]
[Tue Dec  2 17:24:44 2025] >> [t:551] (r:-0.100), [f:   300/1000], inf[3.3e+13], comp[7.9e+13], Q(222, 0, 0, 0), Trans[(256, 2, 8) -> 49.877500036556256]
[Tue Dec  2 17:24:44 2025] >> [t:552] (r: 0.000), [f:     0/1000], inf[3.3e+13], comp[0.0e+00], Q(222, 0, 0, 0), Trans[(256, 2, 8) -> 49.877500036556256]
[Tue Dec  2 17:24:44 2025] >> [t:553] (r: 0.000), [f:     0/1000], inf[8.1e+13], comp[0.0e+00], Q(222, 0, 0, 0), Trans[(512, 2, 8) -> 31.796302199813397]
[Tue Dec  2 17:24:44 2025] >> [t:554] (r: 0.000), [f:     0/1000], inf[8.1e+13], comp[0.0e+00], Q(221, 1, 0, 0), Trans[(512, 2, 8) -> 31.796302199813397]
[Tue Dec  2 17:24:44 2025] >> [t:555] (r:-0.100), [f:   300/1000], inf[3.3e+13], comp[7.9e+13], Q(220, 2, 0, 0), Trans[(256, 2, 8) -> 49.877500036556256]
[Tue Dec  2 17:24:44 2025] >> [t:556] (r:-0.100), [f:   300/1000], inf[3.3e+13], comp[7.9e+13], Q(219, 0, 0, 0), Trans[(256, 2, 8) -> 49.877500036556256]
[Tue Dec  2 17:24:44 2025] >> [t:557] (r: 0.000), [f:     0/1000], inf[3.3e+13], comp[0.0e+00], Q(219, 0, 0, 0), Trans[(256, 2, 8) -> 49.877500036556256]
[Tue Dec  2 17:24:44 2025] >> [t:558] (r: 0.000), [f:     0/1000], inf[8.1e+13], comp[0.0e+00], Q(218, 1, 0, 0), Trans[(512, 2, 8) -> 31.796302199813397]
[Tue Dec  2 17:24:44 2025] >> [t:559] (r:-0.100), [f:   300/1000], inf[3.3e+13], comp[7.9e+13], Q(218, 1, 0, 0), Trans[(256, 2, 8) -> 49.877500036556256]
[Tue Dec  2 17:24:44 2025] >> [t:560] (r:-0.100), [f:   300/1000], inf[3.3e+13], comp[7.9e+13], Q(218, 0, 0, 0), Trans[(256, 2, 8) -> 49.877500036556256]
[Tue Dec  2 17:24:44 2025] >> [t:561] (r: 0.000), [f:     0/1000], inf[3.3e+13], comp[0.0e+00], Q(216, 2, 0, 0), Trans[(256, 2, 8) -> 49.877500036556256]
[Tue Dec  2 17:24:44 2025] >> [t:562] (r:-0.100), [f:   300/1000], inf[3.3e+13], comp[7.9e+13], Q(215, 1, 0, 0), Trans[(256, 2, 8) -> 49.877500036556256]
[Tue Dec  2 17:24:44 2025] >> [t:563] (r:-0.100), [f:   300/1000], inf[3.3e+13], comp[7.9e+13], Q(215, 0, 0, 0), Trans[(256, 2, 8) -> 49.877500036556256]
[Tue Dec  2 17:24:44 2025] >> [t:564] (r: 0.000), [f:     0/1000], inf[3.3e+13], comp[0.0e+00], Q(214, 1, 0, 0), Trans[(256, 2, 8) -> 49.877500036556256]
[Tue Dec  2 17:24:44 2025] >> [t:565] (r:-0.100), [f:   300/1000], inf[3.3e+13], comp[7.9e+13], Q(213, 0, 0, 0), Trans[(256, 2, 8) -> 49.877500036556256]
[Tue Dec  2 17:24:44 2025] >> [t:566] (r: 0.000), [f:     0/1000], inf[3.3e+13], comp[0.0e+00], Q(212, 1, 0, 0), Trans[(256, 2, 8) -> 49.877500036556256]
[Tue Dec  2 17:24:44 2025] >> [t:567] (r:-0.100), [f:   300/1000], inf[3.3e+13], comp[7.9e+13], Q(210, 1, 0, 0), Trans[(256, 2, 8) -> 49.877500036556256]
[Tue Dec  2 17:24:44 2025] >> [t:568] (r:-0.100), [f:   300/1000], inf[3.3e+13], comp[7.9e+13], Q(210, 0, 0, 0), Trans[(256, 2, 8) -> 49.877500036556256]
[Tue Dec  2 17:24:44 2025] >> [t:569] (r: 0.000), [f:     0/1000], inf[3.3e+13], comp[0.0e+00], Q(210, 0, 0, 0), Trans[(256, 2, 8) -> 49.877500036556256]
[Tue Dec  2 17:24:44 2025] >> [t:570] (r: 0.000), [f:     0/1000], inf[8.1e+13], comp[0.0e+00], Q(208, 2, 0, 0), Trans[(512, 2, 8) -> 31.796302199813397]
[Tue Dec  2 17:24:44 2025] >> [t:571] (r:-0.100), [f:   300/1000], inf[3.3e+13], comp[7.9e+13], Q(207, 3, 0, 0), Trans[(256, 2, 8) -> 49.877500036556256]
[Tue Dec  2 17:24:44 2025] >> [t:572] (r:-0.100), [f:   300/1000], inf[3.3e+13], comp[7.9e+13], Q(207, 2, 0, 0), Trans[(256, 2, 8) -> 49.877500036556256]
[Tue Dec  2 17:24:44 2025] >> [t:573] (r:-0.100), [f:   300/1000], inf[3.3e+13], comp[7.9e+13], Q(207, 0, 0, 0), Trans[(256, 2, 8) -> 49.877500036556256]
[Tue Dec  2 17:24:44 2025] >> [t:574] (r: 0.000), [f:     0/1000], inf[3.3e+13], comp[0.0e+00], Q(206, 1, 0, 0), Trans[(256, 2, 8) -> 49.877500036556256]
[Tue Dec  2 17:24:44 2025] >> [t:575] (r:-0.100), [f:   300/1000], inf[3.3e+13], comp[7.9e+13], Q(206, 0, 0, 0), Trans[(256, 2, 8) -> 49.877500036556256]
[Tue Dec  2 17:24:44 2025] >> [t:576] (r: 0.000), [f:     0/1000], inf[3.3e+13], comp[0.0e+00], Q(206, 0, 0, 0), Trans[(256, 2, 8) -> 49.877500036556256]
[Tue Dec  2 17:24:44 2025] >> [t:577] (r: 0.000), [f:     0/1000], inf[8.1e+13], comp[0.0e+00], Q(203, 3, 0, 0), Trans[(512, 2, 8) -> 31.796302199813397]
[Tue Dec  2 17:24:44 2025] >> [t:578] (r:-0.100), [f:   300/1000], inf[3.3e+13], comp[7.9e+13], Q(202, 4, 0, 0), Trans[(256, 2, 8) -> 49.877500036556256]
[Tue Dec  2 17:24:44 2025] >> [t:579] (r:-0.100), [f:   300/1000], inf[3.3e+13], comp[7.9e+13], Q(202, 3, 0, 0), Trans[(256, 2, 8) -> 49.877500036556256]
[Tue Dec  2 17:24:44 2025] >> [t:580] (r:-0.100), [f:   300/1000], inf[3.3e+13], comp[7.9e+13], Q(201, 3, 0, 0), Trans[(256, 2, 8) -> 49.877500036556256]
[Tue Dec  2 17:24:44 2025] >> [t:581] (r:-0.100), [f:   300/1000], inf[3.3e+13], comp[7.9e+13], Q(198, 3, 0, 0), Trans[(256, 2, 8) -> 49.877500036556256]
[Tue Dec  2 17:24:44 2025] >> [t:582] (r:-0.100), [f:   300/1000], inf[3.3e+13], comp[7.9e+13], Q(198, 1, 0, 0), Trans[(256, 2, 8) -> 49.877500036556256]
[Tue Dec  2 17:24:44 2025] >> [t:583] (r:-0.100), [f:   300/1000], inf[3.3e+13], comp[7.9e+13], Q(198, 0, 0, 0), Trans[(256, 2, 8) -> 49.877500036556256]
[Tue Dec  2 17:24:44 2025] >> [t:584] (r: 0.000), [f:     0/1000], inf[3.3e+13], comp[0.0e+00], Q(197, 1, 0, 0), Trans[(256, 2, 8) -> 49.877500036556256]
[Tue Dec  2 17:24:44 2025] >> [t:585] (r:-0.100), [f:   300/1000], inf[3.3e+13], comp[7.9e+13], Q(196, 0, 0, 0), Trans[(256, 2, 8) -> 49.877500036556256]
[Tue Dec  2 17:24:44 2025] >> [t:586] (r: 0.000), [f:     0/1000], inf[3.3e+13], comp[0.0e+00], Q(196, 0, 0, 0), Trans[(256, 2, 8) -> 49.877500036556256]
[Tue Dec  2 17:24:44 2025] >> [t:587] (r: 0.000), [f:     0/1000], inf[8.1e+13], comp[0.0e+00], Q(195, 1, 0, 0), Trans[(512, 2, 8) -> 31.796302199813397]
[Tue Dec  2 17:24:44 2025] >> [t:588] (r:-0.100), [f:   300/1000], inf[3.3e+13], comp[7.9e+13], Q(195, 1, 0, 0), Trans[(256, 2, 8) -> 49.877500036556256]
[Tue Dec  2 17:24:44 2025] >> [t:589] (r:-0.100), [f:   300/1000], inf[3.3e+13], comp[7.9e+13], Q(195, 0, 0, 0), Trans[(256, 2, 8) -> 49.877500036556256]
[Tue Dec  2 17:24:44 2025] >> [t:590] (r: 0.000), [f:     0/1000], inf[3.3e+13], comp[0.0e+00], Q(195, 0, 0, 0), Trans[(256, 2, 8) -> 49.877500036556256]
[Tue Dec  2 17:24:44 2025] >> [t:591] (r: 0.000), [f:     0/1000], inf[8.1e+13], comp[0.0e+00], Q(195, 0, 0, 0), Trans[(512, 2, 8) -> 31.796302199813397]
[Tue Dec  2 17:24:44 2025] >> [t:592] (r: 0.000), [f:     0/1000], inf[8.1e+13], comp[0.0e+00], Q(195, 0, 0, 0), Trans[(512, 2, 8) -> 31.796302199813397]
[Tue Dec  2 17:24:44 2025] >> [t:593] (r: 0.000), [f:     0/1000], inf[8.1e+13], comp[0.0e+00], Q(192, 3, 0, 0), Trans[(512, 2, 8) -> 31.796302199813397]
[Tue Dec  2 17:24:44 2025] >> [t:594] (r:-0.100), [f:   300/1000], inf[3.3e+13], comp[7.9e+13], Q(192, 3, 0, 0), Trans[(256, 2, 8) -> 49.877500036556256]
[Tue Dec  2 17:24:44 2025] >> [t:595] (r:-0.100), [f:   300/1000], inf[3.3e+13], comp[7.9e+13], Q(189, 5, 0, 0), Trans[(256, 2, 8) -> 49.877500036556256]
[Tue Dec  2 17:24:44 2025] >> [t:596] (r:-0.100), [f:   300/1000], inf[3.3e+13], comp[7.9e+13], Q(188, 5, 0, 0), Trans[(256, 2, 8) -> 49.877500036556256]
[Tue Dec  2 17:24:44 2025] >> [t:597] (r:-0.100), [f:   300/1000], inf[3.3e+13], comp[7.9e+13], Q(187, 3, 0, 0), Trans[(256, 2, 8) -> 49.877500036556256]
[Tue Dec  2 17:24:44 2025] >> [t:598] (r:-0.100), [f:   300/1000], inf[3.3e+13], comp[7.9e+13], Q(187, 1, 0, 0), Trans[(256, 2, 8) -> 49.877500036556256]
[Tue Dec  2 17:24:44 2025] >> [t:599] (r:-0.100), [f:   300/1000], inf[3.3e+13], comp[7.9e+13], Q(187, 0, 0, 0), Trans[(256, 2, 8) -> 49.877500036556256]
[Tue Dec  2 17:24:44 2025] >> [t:600] (r: 0.000), [f:     0/1000], inf[3.3e+13], comp[0.0e+00], Q(186, 1, 0, 0), Trans[(256, 2, 8) -> 49.877500036556256]
[Tue Dec  2 17:24:44 2025] >> [t:601] (r:-0.100), [f:   300/1000], inf[3.3e+13], comp[7.9e+13], Q(185, 0, 0, 0), Trans[(256, 2, 8) -> 49.877500036556256]
[Tue Dec  2 17:24:44 2025] >> [t:602] (r: 0.000), [f:     0/1000], inf[3.3e+13], comp[0.0e+00], Q(185, 0, 0, 0), Trans[(256, 2, 8) -> 49.877500036556256]
[Tue Dec  2 17:24:44 2025] >> [t:603] (r: 0.000), [f:     0/1000], inf[8.1e+13], comp[0.0e+00], Q(185, 0, 0, 0), Trans[(512, 2, 8) -> 31.796302199813397]
[Tue Dec  2 17:24:44 2025] >> [t:604] (r: 0.000), [f:     0/1000], inf[8.1e+13], comp[0.0e+00], Q(185, 0, 0, 0), Trans[(512, 2, 8) -> 31.796302199813397]
[Tue Dec  2 17:24:44 2025] >> [t:605] (r: 0.000), [f:     0/1000], inf[8.1e+13], comp[0.0e+00], Q(185, 0, 0, 0), Trans[(512, 2, 8) -> 31.796302199813397]
[Tue Dec  2 17:24:44 2025] >> [t:606] (r: 0.000), [f:     0/1000], inf[8.1e+13], comp[0.0e+00], Q(185, 0, 0, 0), Trans[(512, 2, 8) -> 31.796302199813397]
[Tue Dec  2 17:24:44 2025] >> [t:607] (r: 0.000), [f:     0/1000], inf[8.1e+13], comp[0.0e+00], Q(184, 1, 0, 0), Trans[(512, 2, 8) -> 31.796302199813397]
[Tue Dec  2 17:24:44 2025] >> [t:608] (r:-0.100), [f:   300/1000], inf[3.3e+13], comp[7.9e+13], Q(184, 1, 0, 0), Trans[(256, 2, 8) -> 49.877500036556256]
[Tue Dec  2 17:24:44 2025] >> [t:609] (r:-0.100), [f:   300/1000], inf[3.3e+13], comp[7.9e+13], Q(184, 0, 0, 0), Trans[(256, 2, 8) -> 49.877500036556256]
[Tue Dec  2 17:24:44 2025] >> [t:610] (r: 0.000), [f:     0/1000], inf[3.3e+13], comp[0.0e+00], Q(184, 0, 0, 0), Trans[(256, 2, 8) -> 49.877500036556256]
[Tue Dec  2 17:24:44 2025] >> [t:611] (r: 0.000), [f:     0/1000], inf[8.1e+13], comp[0.0e+00], Q(184, 0, 0, 0), Trans[(512, 2, 8) -> 31.796302199813397]
[Tue Dec  2 17:24:44 2025] >> [t:612] (r: 0.000), [f:     0/1000], inf[8.1e+13], comp[0.0e+00], Q(183, 1, 0, 0), Trans[(512, 2, 8) -> 31.796302199813397]
[Tue Dec  2 17:24:44 2025] >> [t:613] (r:-0.100), [f:   300/1000], inf[3.3e+13], comp[7.9e+13], Q(183, 1, 0, 0), Trans[(256, 2, 8) -> 49.877500036556256]
[Tue Dec  2 17:24:44 2025] >> [t:614] (r:-0.100), [f:   300/1000], inf[3.3e+13], comp[7.9e+13], Q(182, 0, 0, 0), Trans[(256, 2, 8) -> 49.877500036556256]
[Tue Dec  2 17:24:44 2025] >> [t:615] (r: 0.000), [f:     0/1000], inf[3.3e+13], comp[0.0e+00], Q(182, 0, 0, 0), Trans[(256, 2, 8) -> 49.877500036556256]
[Tue Dec  2 17:24:44 2025] >> [t:616] (r: 0.000), [f:     0/1000], inf[8.1e+13], comp[0.0e+00], Q(182, 0, 0, 0), Trans[(512, 2, 8) -> 31.796302199813397]
[Tue Dec  2 17:24:44 2025] >> [t:617] (r: 0.000), [f:     0/1000], inf[8.1e+13], comp[0.0e+00], Q(182, 0, 0, 0), Trans[(512, 2, 8) -> 31.796302199813397]
[Tue Dec  2 17:24:44 2025] >> [t:618] (r: 0.000), [f:     0/1000], inf[8.1e+13], comp[0.0e+00], Q(180, 2, 0, 0), Trans[(512, 2, 8) -> 31.796302199813397]
[Tue Dec  2 17:24:44 2025] >> [t:619] (r:-0.100), [f:   300/1000], inf[3.3e+13], comp[7.9e+13], Q(180, 2, 0, 0), Trans[(256, 2, 8) -> 49.877500036556256]
[Tue Dec  2 17:24:44 2025] >> [t:620] (r:-0.100), [f:   300/1000], inf[3.3e+13], comp[7.9e+13], Q(179, 2, 0, 0), Trans[(256, 2, 8) -> 49.877500036556256]
[Tue Dec  2 17:24:44 2025] >> [t:621] (r:-0.100), [f:   300/1000], inf[3.3e+13], comp[7.9e+13], Q(179, 0, 0, 0), Trans[(256, 2, 8) -> 49.877500036556256]
[Tue Dec  2 17:24:44 2025] >> [t:622] (r: 0.000), [f:     0/1000], inf[3.3e+13], comp[0.0e+00], Q(178, 1, 0, 0), Trans[(256, 2, 8) -> 49.877500036556256]
[Tue Dec  2 17:24:44 2025] >> [t:623] (r:-0.100), [f:   300/1000], inf[3.3e+13], comp[7.9e+13], Q(177, 0, 0, 0), Trans[(256, 2, 8) -> 49.877500036556256]
[Tue Dec  2 17:24:44 2025] >> [t:624] (r: 0.000), [f:     0/1000], inf[3.3e+13], comp[0.0e+00], Q(177, 0, 0, 0), Trans[(256, 2, 8) -> 49.877500036556256]
[Tue Dec  2 17:24:44 2025] >> [t:625] (r: 0.000), [f:     0/1000], inf[8.1e+13], comp[0.0e+00], Q(177, 0, 0, 0), Trans[(512, 2, 8) -> 31.796302199813397]
[Tue Dec  2 17:24:44 2025] >> [t:626] (r: 0.000), [f:     0/1000], inf[8.1e+13], comp[0.0e+00], Q(177, 0, 0, 0), Trans[(512, 2, 8) -> 31.796302199813397]
[Tue Dec  2 17:24:44 2025] >> [t:627] (r: 0.000), [f:     0/1000], inf[8.1e+13], comp[0.0e+00], Q(176, 1, 0, 0), Trans[(512, 2, 8) -> 31.796302199813397]
[Tue Dec  2 17:24:44 2025] >> [t:628] (r:-0.100), [f:   300/1000], inf[3.3e+13], comp[7.9e+13], Q(174, 3, 0, 0), Trans[(256, 2, 8) -> 49.877500036556256]
[Tue Dec  2 17:24:44 2025] >> [t:629] (r:-0.100), [f:   300/1000], inf[3.3e+13], comp[7.9e+13], Q(173, 1, 0, 0), Trans[(256, 2, 8) -> 49.877500036556256]
[Tue Dec  2 17:24:44 2025] >> [t:630] (r:-0.100), [f:   300/1000], inf[3.3e+13], comp[7.9e+13], Q(171, 1, 0, 0), Trans[(256, 2, 8) -> 49.877500036556256]
[Tue Dec  2 17:24:44 2025] >> [t:631] (r:-0.100), [f:   300/1000], inf[3.3e+13], comp[7.9e+13], Q(171, 0, 0, 0), Trans[(256, 2, 8) -> 49.877500036556256]
[Tue Dec  2 17:24:44 2025] >> [t:632] (r: 0.000), [f:     0/1000], inf[3.3e+13], comp[0.0e+00], Q(169, 2, 0, 0), Trans[(256, 2, 8) -> 49.877500036556256]
[Tue Dec  2 17:24:44 2025] >> [t:633] (r:-0.100), [f:   300/1000], inf[3.3e+13], comp[7.9e+13], Q(168, 1, 0, 0), Trans[(256, 2, 8) -> 49.877500036556256]
[Tue Dec  2 17:24:44 2025] >> [t:634] (r:-0.100), [f:   300/1000], inf[3.3e+13], comp[7.9e+13], Q(168, 0, 0, 0), Trans[(256, 2, 8) -> 49.877500036556256]
[Tue Dec  2 17:24:44 2025] >> [t:635] (r: 0.000), [f:     0/1000], inf[3.3e+13], comp[0.0e+00], Q(168, 0, 0, 0), Trans[(256, 2, 8) -> 49.877500036556256]
[Tue Dec  2 17:24:44 2025] >> [t:636] (r: 0.000), [f:     0/1000], inf[8.1e+13], comp[0.0e+00], Q(168, 0, 0, 0), Trans[(512, 2, 8) -> 31.796302199813397]
[Tue Dec  2 17:24:44 2025] >> [t:637] (r: 0.000), [f:     0/1000], inf[8.1e+13], comp[0.0e+00], Q(167, 1, 0, 0), Trans[(512, 2, 8) -> 31.796302199813397]
[Tue Dec  2 17:24:44 2025] >> [t:638] (r:-0.100), [f:   300/1000], inf[3.3e+13], comp[7.9e+13], Q(167, 1, 0, 0), Trans[(256, 2, 8) -> 49.877500036556256]
[Tue Dec  2 17:24:44 2025] >> [t:639] (r:-0.100), [f:   300/1000], inf[3.3e+13], comp[7.9e+13], Q(167, 0, 0, 0), Trans[(256, 2, 8) -> 49.877500036556256]
[Tue Dec  2 17:24:44 2025] >> [t:640] (r: 0.000), [f:     0/1000], inf[3.3e+13], comp[0.0e+00], Q(167, 0, 0, 0), Trans[(256, 2, 8) -> 49.877500036556256]
[Tue Dec  2 17:24:44 2025] >> [t:641] (r: 0.000), [f:     0/1000], inf[8.1e+13], comp[0.0e+00], Q(167, 0, 0, 0), Trans[(512, 2, 8) -> 31.796302199813397]
[Tue Dec  2 17:24:44 2025] >> [t:642] (r: 0.000), [f:     0/1000], inf[8.1e+13], comp[0.0e+00], Q(165, 2, 0, 0), Trans[(512, 2, 8) -> 31.796302199813397]
[Tue Dec  2 17:24:44 2025] >> [t:643] (r:-0.100), [f:   300/1000], inf[3.3e+13], comp[7.9e+13], Q(164, 3, 0, 0), Trans[(256, 2, 8) -> 49.877500036556256]
[Tue Dec  2 17:24:44 2025] >> [t:644] (r:-0.100), [f:   300/1000], inf[3.3e+13], comp[7.9e+13], Q(164, 2, 0, 0), Trans[(256, 2, 8) -> 49.877500036556256]
[Tue Dec  2 17:24:44 2025] >> [t:645] (r:-0.100), [f:   300/1000], inf[3.3e+13], comp[7.9e+13], Q(164, 0, 0, 0), Trans[(256, 2, 8) -> 49.877500036556256]
[Tue Dec  2 17:24:44 2025] >> [t:646] (r: 0.000), [f:     0/1000], inf[3.3e+13], comp[0.0e+00], Q(164, 0, 0, 0), Trans[(256, 2, 8) -> 49.877500036556256]
[Tue Dec  2 17:24:44 2025] >> [t:647] (r: 0.000), [f:     0/1000], inf[8.1e+13], comp[0.0e+00], Q(164, 0, 0, 0), Trans[(512, 2, 8) -> 31.796302199813397]
[Tue Dec  2 17:24:44 2025] >> [t:648] (r: 0.000), [f:     0/1000], inf[8.1e+13], comp[0.0e+00], Q(164, 0, 0, 0), Trans[(512, 2, 8) -> 31.796302199813397]
[Tue Dec  2 17:24:44 2025] >> [t:649] (r: 0.000), [f:     0/1000], inf[8.1e+13], comp[0.0e+00], Q(163, 1, 0, 0), Trans[(512, 2, 8) -> 31.796302199813397]
[Tue Dec  2 17:24:44 2025] >> [t:650] (r:-0.100), [f:   300/1000], inf[3.3e+13], comp[7.9e+13], Q(162, 2, 0, 0), Trans[(256, 2, 8) -> 49.877500036556256]
[Tue Dec  2 17:24:44 2025] >> [t:651] (r:-0.100), [f:   300/1000], inf[3.3e+13], comp[7.9e+13], Q(162, 0, 0, 0), Trans[(256, 2, 8) -> 49.877500036556256]
[Tue Dec  2 17:24:44 2025] >> [t:652] (r: 0.000), [f:     0/1000], inf[3.3e+13], comp[0.0e+00], Q(162, 0, 0, 0), Trans[(256, 2, 8) -> 49.877500036556256]
[Tue Dec  2 17:24:44 2025] >> [t:653] (r: 0.000), [f:     0/1000], inf[8.1e+13], comp[0.0e+00], Q(162, 0, 0, 0), Trans[(512, 2, 8) -> 31.796302199813397]
[Tue Dec  2 17:24:44 2025] >> [t:654] (r: 0.000), [f:     0/1000], inf[8.1e+13], comp[0.0e+00], Q(162, 0, 0, 0), Trans[(512, 2, 8) -> 31.796302199813397]
[Tue Dec  2 17:24:44 2025] >> [t:655] (r: 0.000), [f:     0/1000], inf[8.1e+13], comp[0.0e+00], Q(162, 0, 0, 0), Trans[(512, 2, 8) -> 31.796302199813397]
[Tue Dec  2 17:24:44 2025] >> [t:656] (r: 0.000), [f:     0/1000], inf[8.1e+13], comp[0.0e+00], Q(162, 0, 0, 0), Trans[(512, 2, 8) -> 31.796302199813397]
[Tue Dec  2 17:24:44 2025] >> [t:657] (r: 0.000), [f:     0/1000], inf[8.1e+13], comp[0.0e+00], Q(162, 0, 0, 0), Trans[(512, 2, 8) -> 31.796302199813397]
[Tue Dec  2 17:24:44 2025] >> [t:658] (r: 0.000), [f:     0/1000], inf[8.1e+13], comp[0.0e+00], Q(162, 0, 0, 0), Trans[(512, 2, 8) -> 31.796302199813397]
[Tue Dec  2 17:24:44 2025] >> [t:659] (r: 0.000), [f:     0/1000], inf[8.1e+13], comp[0.0e+00], Q(161, 1, 0, 0), Trans[(512, 2, 8) -> 31.796302199813397]
[Tue Dec  2 17:24:44 2025] >> [t:660] (r:-0.100), [f:   300/1000], inf[3.3e+13], comp[7.9e+13], Q(161, 1, 0, 0), Trans[(256, 2, 8) -> 49.877500036556256]
[Tue Dec  2 17:24:44 2025] >> [t:661] (r:-0.100), [f:   300/1000], inf[3.3e+13], comp[7.9e+13], Q(161, 0, 0, 0), Trans[(256, 2, 8) -> 49.877500036556256]
[Tue Dec  2 17:24:44 2025] >> [t:662] (r: 0.000), [f:     0/1000], inf[3.3e+13], comp[0.0e+00], Q(161, 0, 0, 0), Trans[(256, 2, 8) -> 49.877500036556256]
[Tue Dec  2 17:24:44 2025] >> [t:663] (r: 0.000), [f:     0/1000], inf[8.1e+13], comp[0.0e+00], Q(160, 1, 0, 0), Trans[(512, 2, 8) -> 31.796302199813397]
[Tue Dec  2 17:24:44 2025] >> [t:664] (r:-0.100), [f:   300/1000], inf[3.3e+13], comp[7.9e+13], Q(160, 1, 0, 0), Trans[(256, 2, 8) -> 49.877500036556256]
[Tue Dec  2 17:24:44 2025] >> [t:665] (r:-0.100), [f:   300/1000], inf[3.3e+13], comp[7.9e+13], Q(160, 0, 0, 0), Trans[(256, 2, 8) -> 49.877500036556256]
[Tue Dec  2 17:24:44 2025] >> [t:666] (r: 0.000), [f:     0/1000], inf[3.3e+13], comp[0.0e+00], Q(160, 0, 0, 0), Trans[(256, 2, 8) -> 49.877500036556256]
[Tue Dec  2 17:24:44 2025] >> [t:667] (r: 0.000), [f:     0/1000], inf[8.1e+13], comp[0.0e+00], Q(159, 1, 0, 0), Trans[(512, 2, 8) -> 31.796302199813397]
[Tue Dec  2 17:24:44 2025] >> [t:668] (r:-0.100), [f:   300/1000], inf[3.3e+13], comp[7.9e+13], Q(157, 3, 0, 0), Trans[(256, 2, 8) -> 49.877500036556256]
[Tue Dec  2 17:24:44 2025] >> [t:669] (r:-0.100), [f:   300/1000], inf[3.3e+13], comp[7.9e+13], Q(156, 1, 0, 0), Trans[(256, 2, 8) -> 49.877500036556256]
[Tue Dec  2 17:24:44 2025] >> [t:670] (r:-0.100), [f:   300/1000], inf[3.3e+13], comp[7.9e+13], Q(154, 1, 0, 0), Trans[(256, 2, 8) -> 49.877500036556256]
[Tue Dec  2 17:24:44 2025] >> [t:671] (r:-0.100), [f:   300/1000], inf[3.3e+13], comp[7.9e+13], Q(152, 0, 0, 0), Trans[(256, 2, 8) -> 49.877500036556256]
[Tue Dec  2 17:24:44 2025] >> [t:672] (r: 0.000), [f:     0/1000], inf[3.3e+13], comp[0.0e+00], Q(152, 0, 0, 0), Trans[(256, 2, 8) -> 49.877500036556256]
[Tue Dec  2 17:24:44 2025] >> [t:673] (r: 0.000), [f:     0/1000], inf[8.1e+13], comp[0.0e+00], Q(152, 0, 0, 0), Trans[(512, 2, 8) -> 31.796302199813397]
[Tue Dec  2 17:24:44 2025] >> [t:674] (r: 0.000), [f:     0/1000], inf[8.1e+13], comp[0.0e+00], Q(151, 1, 0, 0), Trans[(512, 2, 8) -> 31.796302199813397]
[Tue Dec  2 17:24:44 2025] >> [t:675] (r:-0.100), [f:   300/1000], inf[3.3e+13], comp[7.9e+13], Q(150, 2, 0, 0), Trans[(256, 2, 8) -> 49.877500036556256]
[Tue Dec  2 17:24:44 2025] >> [t:676] (r:-0.100), [f:   300/1000], inf[3.3e+13], comp[7.9e+13], Q(150, 0, 0, 0), Trans[(256, 2, 8) -> 49.877500036556256]
[Tue Dec  2 17:24:44 2025] >> [t:677] (r: 0.000), [f:     0/1000], inf[3.3e+13], comp[0.0e+00], Q(149, 1, 0, 0), Trans[(256, 2, 8) -> 49.877500036556256]
[Tue Dec  2 17:24:44 2025] >> [t:678] (r:-0.100), [f:   300/1000], inf[3.3e+13], comp[7.9e+13], Q(148, 0, 0, 0), Trans[(256, 2, 8) -> 49.877500036556256]
[Tue Dec  2 17:24:44 2025] >> [t:679] (r: 0.000), [f:     0/1000], inf[3.3e+13], comp[0.0e+00], Q(147, 1, 0, 0), Trans[(256, 2, 8) -> 49.877500036556256]
[Tue Dec  2 17:24:44 2025] >> [t:680] (r:-0.100), [f:   300/1000], inf[3.3e+13], comp[7.9e+13], Q(144, 2, 0, 0), Trans[(256, 2, 8) -> 49.877500036556256]
[Tue Dec  2 17:24:44 2025] >> [t:681] (r:-0.100), [f:   300/1000], inf[3.3e+13], comp[7.9e+13], Q(144, 0, 0, 0), Trans[(256, 2, 8) -> 49.877500036556256]
[Tue Dec  2 17:24:44 2025] >> [t:682] (r: 0.000), [f:     0/1000], inf[3.3e+13], comp[0.0e+00], Q(143, 1, 0, 0), Trans[(256, 2, 8) -> 49.877500036556256]
[Tue Dec  2 17:24:44 2025] >> [t:683] (r:-0.100), [f:   300/1000], inf[3.3e+13], comp[7.9e+13], Q(143, 0, 0, 0), Trans[(256, 2, 8) -> 49.877500036556256]
[Tue Dec  2 17:24:44 2025] >> [t:684] (r: 0.000), [f:     0/1000], inf[3.3e+13], comp[0.0e+00], Q(142, 1, 0, 0), Trans[(256, 2, 8) -> 49.877500036556256]
[Tue Dec  2 17:24:44 2025] >> [t:685] (r:-0.100), [f:   300/1000], inf[3.3e+13], comp[7.9e+13], Q(142, 0, 0, 0), Trans[(256, 2, 8) -> 49.877500036556256]
[Tue Dec  2 17:24:44 2025] >> [t:686] (r: 0.000), [f:     0/1000], inf[3.3e+13], comp[0.0e+00], Q(142, 0, 0, 0), Trans[(256, 2, 8) -> 49.877500036556256]
[Tue Dec  2 17:24:44 2025] >> [t:687] (r: 0.000), [f:     0/1000], inf[8.1e+13], comp[0.0e+00], Q(141, 1, 0, 0), Trans[(512, 2, 8) -> 31.796302199813397]
[Tue Dec  2 17:24:44 2025] >> [t:688] (r:-0.100), [f:   300/1000], inf[3.3e+13], comp[7.9e+13], Q(141, 1, 0, 0), Trans[(256, 2, 8) -> 49.877500036556256]
[Tue Dec  2 17:24:44 2025] >> [t:689] (r:-0.100), [f:   300/1000], inf[3.3e+13], comp[7.9e+13], Q(140, 0, 0, 0), Trans[(256, 2, 8) -> 49.877500036556256]
[Tue Dec  2 17:24:44 2025] >> [t:690] (r: 0.000), [f:     0/1000], inf[3.3e+13], comp[0.0e+00], Q(139, 1, 0, 0), Trans[(256, 2, 8) -> 49.877500036556256]
[Tue Dec  2 17:24:44 2025] >> [t:691] (r:-0.100), [f:   300/1000], inf[3.3e+13], comp[7.9e+13], Q(138, 0, 0, 0), Trans[(256, 2, 8) -> 49.877500036556256]
[Tue Dec  2 17:24:44 2025] >> [t:692] (r: 0.000), [f:     0/1000], inf[3.3e+13], comp[0.0e+00], Q(138, 0, 0, 0), Trans[(256, 2, 8) -> 49.877500036556256]
[Tue Dec  2 17:24:44 2025] >> [t:693] (r: 0.000), [f:     0/1000], inf[8.1e+13], comp[0.0e+00], Q(138, 0, 0, 0), Trans[(512, 2, 8) -> 31.796302199813397]
[Tue Dec  2 17:24:44 2025] >> [t:694] (r: 0.000), [f:     0/1000], inf[8.1e+13], comp[0.0e+00], Q(137, 1, 0, 0), Trans[(512, 2, 8) -> 31.796302199813397]
[Tue Dec  2 17:24:44 2025] >> [t:695] (r:-0.100), [f:   300/1000], inf[3.3e+13], comp[7.9e+13], Q(137, 1, 0, 0), Trans[(256, 2, 8) -> 49.877500036556256]
[Tue Dec  2 17:24:44 2025] >> [t:696] (r:-0.100), [f:   300/1000], inf[3.3e+13], comp[7.9e+13], Q(135, 0, 0, 0), Trans[(256, 2, 8) -> 49.877500036556256]
[Tue Dec  2 17:24:44 2025] >> [t:697] (r: 0.000), [f:     0/1000], inf[3.3e+13], comp[0.0e+00], Q(135, 0, 0, 0), Trans[(256, 2, 8) -> 49.877500036556256]
[Tue Dec  2 17:24:44 2025] >> [t:698] (r: 0.000), [f:     0/1000], inf[8.1e+13], comp[0.0e+00], Q(133, 2, 0, 0), Trans[(512, 2, 8) -> 31.796302199813397]
[Tue Dec  2 17:24:44 2025] >> [t:699] (r:-0.100), [f:   300/1000], inf[3.3e+13], comp[7.9e+13], Q(133, 2, 0, 0), Trans[(256, 2, 8) -> 49.877500036556256]
[Tue Dec  2 17:24:44 2025] >> [t:700] (r:-0.100), [f:   300/1000], inf[3.3e+13], comp[7.9e+13], Q(131, 3, 0, 0), Trans[(256, 2, 8) -> 49.877500036556256]
[Tue Dec  2 17:24:44 2025] >> [t:701] (r:-0.100), [f:   300/1000], inf[3.3e+13], comp[7.9e+13], Q(130, 1, 0, 0), Trans[(256, 2, 8) -> 49.877500036556256]
[Tue Dec  2 17:24:44 2025] >> [t:702] (r:-0.100), [f:   300/1000], inf[3.3e+13], comp[7.9e+13], Q(127, 2, 0, 0), Trans[(256, 2, 8) -> 49.877500036556256]
[Tue Dec  2 17:24:44 2025] >> [t:703] (r:-0.100), [f:   300/1000], inf[3.3e+13], comp[7.9e+13], Q(126, 0, 0, 0), Trans[(256, 2, 8) -> 49.877500036556256]
[Tue Dec  2 17:24:44 2025] >> [t:704] (r: 0.000), [f:     0/1000], inf[3.3e+13], comp[0.0e+00], Q(126, 0, 0, 0), Trans[(256, 2, 8) -> 49.877500036556256]
[Tue Dec  2 17:24:44 2025] >> [t:705] (r: 0.000), [f:     0/1000], inf[8.1e+13], comp[0.0e+00], Q(124, 2, 0, 0), Trans[(512, 2, 8) -> 31.796302199813397]
[Tue Dec  2 17:24:44 2025] >> [t:706] (r:-0.100), [f:   300/1000], inf[3.3e+13], comp[7.9e+13], Q(124, 2, 0, 0), Trans[(256, 2, 8) -> 49.877500036556256]
[Tue Dec  2 17:24:44 2025] >> [t:707] (r:-0.100), [f:   300/1000], inf[3.3e+13], comp[7.9e+13], Q(124, 1, 0, 0), Trans[(256, 2, 8) -> 49.877500036556256]
[Tue Dec  2 17:24:44 2025] >> [t:708] (r:-0.100), [f:   300/1000], inf[3.3e+13], comp[7.9e+13], Q(123, 0, 0, 0), Trans[(256, 2, 8) -> 49.877500036556256]
[Tue Dec  2 17:24:44 2025] >> [t:709] (r: 0.000), [f:     0/1000], inf[3.3e+13], comp[0.0e+00], Q(123, 0, 0, 0), Trans[(256, 2, 8) -> 49.877500036556256]
[Tue Dec  2 17:24:44 2025] >> [t:710] (r: 0.000), [f:     0/1000], inf[8.1e+13], comp[0.0e+00], Q(122, 1, 0, 0), Trans[(512, 2, 8) -> 31.796302199813397]
[Tue Dec  2 17:24:44 2025] >> [t:711] (r:-0.100), [f:   300/1000], inf[3.3e+13], comp[7.9e+13], Q(122, 1, 0, 0), Trans[(256, 2, 8) -> 49.877500036556256]
[Tue Dec  2 17:24:44 2025] >> [t:712] (r:-0.100), [f:   300/1000], inf[3.3e+13], comp[7.9e+13], Q(122, 0, 0, 0), Trans[(256, 2, 8) -> 49.877500036556256]
[Tue Dec  2 17:24:44 2025] >> [t:713] (r: 0.000), [f:     0/1000], inf[3.3e+13], comp[0.0e+00], Q(122, 0, 0, 0), Trans[(256, 2, 8) -> 49.877500036556256]
[Tue Dec  2 17:24:44 2025] >> [t:714] (r: 0.000), [f:     0/1000], inf[8.1e+13], comp[0.0e+00], Q(122, 0, 0, 0), Trans[(512, 2, 8) -> 31.796302199813397]
[Tue Dec  2 17:24:44 2025] >> [t:715] (r: 0.000), [f:     0/1000], inf[8.1e+13], comp[0.0e+00], Q(122, 0, 0, 0), Trans[(512, 2, 8) -> 31.796302199813397]
[Tue Dec  2 17:24:44 2025] >> [t:716] (r: 0.000), [f:     0/1000], inf[8.1e+13], comp[0.0e+00], Q(121, 1, 0, 0), Trans[(512, 2, 8) -> 31.796302199813397]
[Tue Dec  2 17:24:44 2025] >> [t:717] (r:-0.100), [f:   300/1000], inf[3.3e+13], comp[7.9e+13], Q(120, 2, 0, 0), Trans[(256, 2, 8) -> 49.877500036556256]
[Tue Dec  2 17:24:44 2025] >> [t:718] (r:-0.100), [f:   300/1000], inf[3.3e+13], comp[7.9e+13], Q(119, 0, 0, 0), Trans[(256, 2, 8) -> 49.877500036556256]
[Tue Dec  2 17:24:44 2025] >> [t:719] (r: 0.000), [f:     0/1000], inf[3.3e+13], comp[0.0e+00], Q(119, 0, 0, 0), Trans[(256, 2, 8) -> 49.877500036556256]
[Tue Dec  2 17:24:44 2025] >> [t:720] (r: 0.000), [f:     0/1000], inf[8.1e+13], comp[0.0e+00], Q(118, 1, 0, 0), Trans[(512, 2, 8) -> 31.796302199813397]
[Tue Dec  2 17:24:44 2025] >> [t:721] (r:-0.100), [f:   300/1000], inf[3.3e+13], comp[7.9e+13], Q(118, 1, 0, 0), Trans[(256, 2, 8) -> 49.877500036556256]
[Tue Dec  2 17:24:44 2025] >> [t:722] (r:-0.100), [f:   300/1000], inf[3.3e+13], comp[7.9e+13], Q(117, 0, 0, 0), Trans[(256, 2, 8) -> 49.877500036556256]
[Tue Dec  2 17:24:44 2025] >> [t:723] (r: 0.000), [f:     0/1000], inf[3.3e+13], comp[0.0e+00], Q(115, 2, 0, 0), Trans[(256, 2, 8) -> 49.877500036556256]
[Tue Dec  2 17:24:44 2025] >> [t:724] (r:-0.100), [f:   300/1000], inf[3.3e+13], comp[7.9e+13], Q(115, 0, 0, 0), Trans[(256, 2, 8) -> 49.877500036556256]
[Tue Dec  2 17:24:44 2025] >> [t:725] (r: 0.000), [f:     0/1000], inf[3.3e+13], comp[0.0e+00], Q(115, 0, 0, 0), Trans[(256, 2, 8) -> 49.877500036556256]
[Tue Dec  2 17:24:44 2025] >> [t:726] (r: 0.000), [f:     0/1000], inf[8.1e+13], comp[0.0e+00], Q(114, 1, 0, 0), Trans[(512, 2, 8) -> 31.796302199813397]
[Tue Dec  2 17:24:44 2025] >> [t:727] (r:-0.100), [f:   300/1000], inf[3.3e+13], comp[7.9e+13], Q(114, 1, 0, 0), Trans[(256, 2, 8) -> 49.877500036556256]
[Tue Dec  2 17:24:44 2025] >> [t:728] (r:-0.100), [f:   300/1000], inf[3.3e+13], comp[7.9e+13], Q(113, 0, 0, 0), Trans[(256, 2, 8) -> 49.877500036556256]
[Tue Dec  2 17:24:44 2025] >> [t:729] (r: 0.000), [f:     0/1000], inf[3.3e+13], comp[0.0e+00], Q(111, 2, 0, 0), Trans[(256, 2, 8) -> 49.877500036556256]
[Tue Dec  2 17:24:44 2025] >> [t:730] (r:-0.100), [f:   300/1000], inf[3.3e+13], comp[7.9e+13], Q(110, 1, 0, 0), Trans[(256, 2, 8) -> 49.877500036556256]
[Tue Dec  2 17:24:44 2025] >> [t:731] (r:-0.100), [f:   300/1000], inf[3.3e+13], comp[7.9e+13], Q(110, 0, 0, 0), Trans[(256, 2, 8) -> 49.877500036556256]
[Tue Dec  2 17:24:44 2025] >> [t:732] (r: 0.000), [f:     0/1000], inf[3.3e+13], comp[0.0e+00], Q(109, 1, 0, 0), Trans[(256, 2, 8) -> 49.877500036556256]
[Tue Dec  2 17:24:44 2025] >> [t:733] (r:-0.100), [f:   300/1000], inf[3.3e+13], comp[7.9e+13], Q(108, 0, 0, 0), Trans[(256, 2, 8) -> 49.877500036556256]
[Tue Dec  2 17:24:44 2025] >> [t:734] (r: 0.000), [f:     0/1000], inf[3.3e+13], comp[0.0e+00], Q(108, 0, 0, 0), Trans[(256, 2, 8) -> 49.877500036556256]
[Tue Dec  2 17:24:44 2025] >> [t:735] (r: 0.000), [f:     0/1000], inf[8.1e+13], comp[0.0e+00], Q(108, 0, 0, 0), Trans[(512, 2, 8) -> 31.796302199813397]
[Tue Dec  2 17:24:44 2025] >> [t:736] (r: 0.000), [f:     0/1000], inf[8.1e+13], comp[0.0e+00], Q(106, 2, 0, 0), Trans[(512, 2, 8) -> 31.796302199813397]
[Tue Dec  2 17:24:44 2025] >> [t:737] (r:-0.100), [f:   300/1000], inf[3.3e+13], comp[7.9e+13], Q(106, 2, 0, 0), Trans[(256, 2, 8) -> 49.877500036556256]
[Tue Dec  2 17:24:44 2025] >> [t:738] (r:-0.100), [f:   300/1000], inf[3.3e+13], comp[7.9e+13], Q(104, 3, 0, 0), Trans[(256, 2, 8) -> 49.877500036556256]
[Tue Dec  2 17:24:44 2025] >> [t:739] (r:-0.100), [f:   300/1000], inf[3.3e+13], comp[7.9e+13], Q(102, 2, 0, 0), Trans[(256, 2, 8) -> 49.877500036556256]
[Tue Dec  2 17:24:44 2025] >> [t:740] (r:-0.100), [f:   300/1000], inf[3.3e+13], comp[7.9e+13], Q(101, 1, 0, 0), Trans[(256, 2, 8) -> 49.877500036556256]
[Tue Dec  2 17:24:44 2025] >> [t:741] (r:-0.100), [f:   300/1000], inf[3.3e+13], comp[7.9e+13], Q(100, 0, 0, 0), Trans[(256, 2, 8) -> 49.877500036556256]
[Tue Dec  2 17:24:44 2025] >> [t:742] (r: 0.000), [f:     0/1000], inf[3.3e+13], comp[0.0e+00], Q(99, 1, 0, 0), Trans[(256, 2, 8) -> 49.877500036556256]
[Tue Dec  2 17:24:44 2025] >> [t:743] (r:-0.100), [f:   300/1000], inf[3.3e+13], comp[7.9e+13], Q(99, 0, 0, 0), Trans[(256, 2, 8) -> 49.877500036556256]
[Tue Dec  2 17:24:44 2025] >> [t:744] (r: 0.000), [f:     0/1000], inf[3.3e+13], comp[0.0e+00], Q(99, 0, 0, 0), Trans[(256, 2, 8) -> 49.877500036556256]
[Tue Dec  2 17:24:44 2025] >> [t:745] (r: 0.000), [f:     0/1000], inf[8.1e+13], comp[0.0e+00], Q(99, 0, 0, 0), Trans[(512, 2, 8) -> 31.796302199813397]
[Tue Dec  2 17:24:44 2025] >> [t:746] (r: 0.000), [f:     0/1000], inf[8.1e+13], comp[0.0e+00], Q(98, 1, 0, 0), Trans[(512, 2, 8) -> 31.796302199813397]
[Tue Dec  2 17:24:44 2025] >> [t:747] (r:-0.100), [f:   300/1000], inf[3.3e+13], comp[7.9e+13], Q(98, 1, 0, 0), Trans[(256, 2, 8) -> 49.877500036556256]
[Tue Dec  2 17:24:44 2025] >> [t:748] (r:-0.100), [f:   300/1000], inf[3.3e+13], comp[7.9e+13], Q(96, 0, 0, 0), Trans[(256, 2, 8) -> 49.877500036556256]
[Tue Dec  2 17:24:44 2025] >> [t:749] (r: 0.000), [f:     0/1000], inf[3.3e+13], comp[0.0e+00], Q(95, 1, 0, 0), Trans[(256, 2, 8) -> 49.877500036556256]
[Tue Dec  2 17:24:44 2025] >> [t:750] (r:-0.100), [f:   300/1000], inf[3.3e+13], comp[7.9e+13], Q(94, 0, 0, 0), Trans[(256, 2, 8) -> 49.877500036556256]
[Tue Dec  2 17:24:44 2025] >> [t:751] (r: 0.000), [f:     0/1000], inf[3.3e+13], comp[0.0e+00], Q(94, 0, 0, 0), Trans[(256, 2, 8) -> 49.877500036556256]
[Tue Dec  2 17:24:44 2025] >> [t:752] (r: 0.000), [f:     0/1000], inf[8.1e+13], comp[0.0e+00], Q(91, 3, 0, 0), Trans[(512, 2, 8) -> 31.796302199813397]
[Tue Dec  2 17:24:44 2025] >> [t:753] (r:-0.100), [f:   300/1000], inf[3.3e+13], comp[7.9e+13], Q(91, 3, 0, 0), Trans[(256, 2, 8) -> 49.877500036556256]
[Tue Dec  2 17:24:44 2025] >> [t:754] (r:-0.100), [f:   300/1000], inf[3.3e+13], comp[7.9e+13], Q(89, 4, 0, 0), Trans[(256, 2, 8) -> 49.877500036556256]
[Tue Dec  2 17:24:44 2025] >> [t:755] (r:-0.100), [f:   300/1000], inf[3.3e+13], comp[7.9e+13], Q(88, 4, 0, 0), Trans[(256, 2, 8) -> 49.877500036556256]
[Tue Dec  2 17:24:44 2025] >> [t:756] (r:-0.100), [f:   300/1000], inf[3.3e+13], comp[7.9e+13], Q(87, 2, 0, 0), Trans[(256, 2, 8) -> 49.877500036556256]
[Tue Dec  2 17:24:44 2025] >> [t:757] (r:-0.100), [f:   300/1000], inf[3.3e+13], comp[7.9e+13], Q(86, 1, 0, 0), Trans[(256, 2, 8) -> 49.877500036556256]
[Tue Dec  2 17:24:44 2025] >> [t:758] (r:-0.100), [f:   300/1000], inf[3.3e+13], comp[7.9e+13], Q(86, 0, 0, 0), Trans[(256, 2, 8) -> 49.877500036556256]
[Tue Dec  2 17:24:44 2025] >> [t:759] (r: 0.000), [f:     0/1000], inf[3.3e+13], comp[0.0e+00], Q(86, 0, 0, 0), Trans[(256, 2, 8) -> 49.877500036556256]
[Tue Dec  2 17:24:44 2025] >> [t:760] (r: 0.000), [f:     0/1000], inf[8.1e+13], comp[0.0e+00], Q(85, 1, 0, 0), Trans[(512, 2, 8) -> 31.796302199813397]
[Tue Dec  2 17:24:44 2025] >> [t:761] (r:-0.100), [f:   300/1000], inf[3.3e+13], comp[7.9e+13], Q(85, 1, 0, 0), Trans[(256, 2, 8) -> 49.877500036556256]
[Tue Dec  2 17:24:44 2025] >> [t:762] (r:-0.100), [f:   300/1000], inf[3.3e+13], comp[7.9e+13], Q(84, 0, 0, 0), Trans[(256, 2, 8) -> 49.877500036556256]
[Tue Dec  2 17:24:44 2025] >> [t:763] (r: 0.000), [f:     0/1000], inf[3.3e+13], comp[0.0e+00], Q(82, 2, 0, 0), Trans[(256, 2, 8) -> 49.877500036556256]
[Tue Dec  2 17:24:44 2025] >> [t:764] (r:-0.100), [f:   300/1000], inf[3.3e+13], comp[7.9e+13], Q(81, 1, 0, 0), Trans[(256, 2, 8) -> 49.877500036556256]
[Tue Dec  2 17:24:44 2025] >> [t:765] (r:-0.100), [f:   300/1000], inf[3.3e+13], comp[7.9e+13], Q(80, 0, 0, 0), Trans[(256, 2, 8) -> 49.877500036556256]
[Tue Dec  2 17:24:44 2025] >> [t:766] (r: 0.000), [f:     0/1000], inf[3.3e+13], comp[0.0e+00], Q(80, 0, 0, 0), Trans[(256, 2, 8) -> 49.877500036556256]
[Tue Dec  2 17:24:44 2025] >> [t:767] (r: 0.000), [f:     0/1000], inf[8.1e+13], comp[0.0e+00], Q(80, 0, 0, 0), Trans[(512, 2, 8) -> 31.796302199813397]
[Tue Dec  2 17:24:44 2025] >> [t:768] (r: 0.000), [f:     0/1000], inf[8.1e+13], comp[0.0e+00], Q(80, 0, 0, 0), Trans[(512, 2, 8) -> 31.796302199813397]
[Tue Dec  2 17:24:44 2025] >> [t:769] (r: 0.000), [f:     0/1000], inf[8.1e+13], comp[0.0e+00], Q(79, 1, 0, 0), Trans[(512, 2, 8) -> 31.796302199813397]
[Tue Dec  2 17:24:44 2025] >> [t:770] (r:-0.100), [f:   300/1000], inf[3.3e+13], comp[7.9e+13], Q(79, 1, 0, 0), Trans[(256, 2, 8) -> 49.877500036556256]
[Tue Dec  2 17:24:44 2025] >> [t:771] (r:-0.100), [f:   300/1000], inf[3.3e+13], comp[7.9e+13], Q(79, 0, 0, 0), Trans[(256, 2, 8) -> 49.877500036556256]
[Tue Dec  2 17:24:44 2025] >> [t:772] (r: 0.000), [f:     0/1000], inf[3.3e+13], comp[0.0e+00], Q(79, 0, 0, 0), Trans[(256, 2, 8) -> 49.877500036556256]
[Tue Dec  2 17:24:44 2025] >> [t:773] (r: 0.000), [f:     0/1000], inf[8.1e+13], comp[0.0e+00], Q(79, 0, 0, 0), Trans[(512, 2, 8) -> 31.796302199813397]
[Tue Dec  2 17:24:44 2025] >> [t:774] (r: 0.000), [f:     0/1000], inf[8.1e+13], comp[0.0e+00], Q(79, 0, 0, 0), Trans[(512, 2, 8) -> 31.796302199813397]
[Tue Dec  2 17:24:44 2025] >> [t:775] (r: 0.000), [f:     0/1000], inf[8.1e+13], comp[0.0e+00], Q(79, 0, 0, 0), Trans[(512, 2, 8) -> 31.796302199813397]
[Tue Dec  2 17:24:44 2025] >> [t:776] (r: 0.000), [f:     0/1000], inf[8.1e+13], comp[0.0e+00], Q(77, 2, 0, 0), Trans[(512, 2, 8) -> 31.796302199813397]
[Tue Dec  2 17:24:44 2025] >> [t:777] (r:-0.100), [f:   300/1000], inf[3.3e+13], comp[7.9e+13], Q(76, 3, 0, 0), Trans[(256, 2, 8) -> 49.877500036556256]
[Tue Dec  2 17:24:44 2025] >> [t:778] (r:-0.100), [f:   300/1000], inf[3.3e+13], comp[7.9e+13], Q(76, 2, 0, 0), Trans[(256, 2, 8) -> 49.877500036556256]
[Tue Dec  2 17:24:44 2025] >> [t:779] (r:-0.100), [f:   300/1000], inf[3.3e+13], comp[7.9e+13], Q(76, 0, 0, 0), Trans[(256, 2, 8) -> 49.877500036556256]
[Tue Dec  2 17:24:44 2025] >> [t:780] (r: 0.000), [f:     0/1000], inf[3.3e+13], comp[0.0e+00], Q(76, 0, 0, 0), Trans[(256, 2, 8) -> 49.877500036556256]
[Tue Dec  2 17:24:44 2025] >> [t:781] (r: 0.000), [f:     0/1000], inf[8.1e+13], comp[0.0e+00], Q(74, 2, 0, 0), Trans[(512, 2, 8) -> 31.796302199813397]
[Tue Dec  2 17:24:44 2025] >> [t:782] (r:-0.100), [f:   300/1000], inf[3.3e+13], comp[7.9e+13], Q(74, 2, 0, 0), Trans[(256, 2, 8) -> 49.877500036556256]
[Tue Dec  2 17:24:44 2025] >> [t:783] (r:-0.100), [f:   300/1000], inf[3.3e+13], comp[7.9e+13], Q(72, 3, 0, 0), Trans[(256, 2, 8) -> 49.877500036556256]
[Tue Dec  2 17:24:44 2025] >> [t:784] (r:-0.100), [f:   300/1000], inf[3.3e+13], comp[7.9e+13], Q(71, 1, 0, 0), Trans[(256, 2, 8) -> 49.877500036556256]
[Tue Dec  2 17:24:44 2025] >> [t:785] (r:-0.100), [f:   300/1000], inf[3.3e+13], comp[7.9e+13], Q(71, 0, 0, 0), Trans[(256, 2, 8) -> 49.877500036556256]
[Tue Dec  2 17:24:44 2025] >> [t:786] (r: 0.000), [f:     0/1000], inf[3.3e+13], comp[0.0e+00], Q(69, 2, 0, 0), Trans[(256, 2, 8) -> 49.877500036556256]
[Tue Dec  2 17:24:44 2025] >> [t:787] (r:-0.100), [f:   300/1000], inf[3.3e+13], comp[7.9e+13], Q(68, 1, 0, 0), Trans[(256, 2, 8) -> 49.877500036556256]
[Tue Dec  2 17:24:44 2025] >> [t:788] (r:-0.100), [f:   300/1000], inf[3.3e+13], comp[7.9e+13], Q(68, 0, 0, 0), Trans[(256, 2, 8) -> 49.877500036556256]
[Tue Dec  2 17:24:44 2025] >> [t:789] (r: 0.000), [f:     0/1000], inf[3.3e+13], comp[0.0e+00], Q(67, 1, 0, 0), Trans[(256, 2, 8) -> 49.877500036556256]
[Tue Dec  2 17:24:44 2025] >> [t:790] (r:-0.100), [f:   300/1000], inf[3.3e+13], comp[7.9e+13], Q(67, 0, 0, 0), Trans[(256, 2, 8) -> 49.877500036556256]
[Tue Dec  2 17:24:44 2025] >> [t:791] (r: 0.000), [f:     0/1000], inf[3.3e+13], comp[0.0e+00], Q(67, 0, 0, 0), Trans[(256, 2, 8) -> 49.877500036556256]
[Tue Dec  2 17:24:44 2025] >> [t:792] (r: 0.000), [f:     0/1000], inf[8.1e+13], comp[0.0e+00], Q(66, 1, 0, 0), Trans[(512, 2, 8) -> 31.796302199813397]
[Tue Dec  2 17:24:44 2025] >> [t:793] (r:-0.100), [f:   300/1000], inf[3.3e+13], comp[7.9e+13], Q(66, 1, 0, 0), Trans[(256, 2, 8) -> 49.877500036556256]
[Tue Dec  2 17:24:44 2025] >> [t:794] (r:-0.100), [f:   300/1000], inf[3.3e+13], comp[7.9e+13], Q(66, 0, 0, 0), Trans[(256, 2, 8) -> 49.877500036556256]
[Tue Dec  2 17:24:44 2025] >> [t:795] (r: 0.000), [f:     0/1000], inf[3.3e+13], comp[0.0e+00], Q(66, 0, 0, 0), Trans[(256, 2, 8) -> 49.877500036556256]
[Tue Dec  2 17:24:44 2025] >> [t:796] (r: 0.000), [f:     0/1000], inf[8.1e+13], comp[0.0e+00], Q(65, 1, 0, 0), Trans[(512, 2, 8) -> 31.796302199813397]
[Tue Dec  2 17:24:44 2025] >> [t:797] (r:-0.100), [f:   300/1000], inf[3.3e+13], comp[7.9e+13], Q(65, 1, 0, 0), Trans[(256, 2, 8) -> 49.877500036556256]
[Tue Dec  2 17:24:44 2025] >> [t:798] (r:-0.100), [f:   300/1000], inf[3.3e+13], comp[7.9e+13], Q(65, 0, 0, 0), Trans[(256, 2, 8) -> 49.877500036556256]
[Tue Dec  2 17:24:44 2025] >> [t:799] (r: 0.000), [f:     0/1000], inf[3.3e+13], comp[0.0e+00], Q(65, 0, 0, 0), Trans[(256, 2, 8) -> 49.877500036556256]
[Tue Dec  2 17:24:44 2025] >> [t:800] (r: 0.000), [f:     0/1000], inf[8.1e+13], comp[0.0e+00], Q(65, 0, 0, 0), Trans[(512, 2, 8) -> 31.796302199813397]
[Tue Dec  2 17:24:44 2025] >> [t:801] (r: 0.000), [f:     0/1000], inf[8.1e+13], comp[0.0e+00], Q(63, 2, 0, 0), Trans[(512, 2, 8) -> 31.796302199813397]
[Tue Dec  2 17:24:44 2025] >> [t:802] (r:-0.100), [f:   300/1000], inf[3.3e+13], comp[7.9e+13], Q(63, 2, 0, 0), Trans[(256, 2, 8) -> 49.877500036556256]
[Tue Dec  2 17:24:44 2025] >> [t:803] (r:-0.100), [f:   300/1000], inf[3.3e+13], comp[7.9e+13], Q(62, 2, 0, 0), Trans[(256, 2, 8) -> 49.877500036556256]
[Tue Dec  2 17:24:44 2025] >> [t:804] (r:-0.100), [f:   300/1000], inf[3.3e+13], comp[7.9e+13], Q(62, 0, 0, 0), Trans[(256, 2, 8) -> 49.877500036556256]
[Tue Dec  2 17:24:44 2025] >> [t:805] (r: 0.000), [f:     0/1000], inf[3.3e+13], comp[0.0e+00], Q(61, 1, 0, 0), Trans[(256, 2, 8) -> 49.877500036556256]
[Tue Dec  2 17:24:44 2025] >> [t:806] (r:-0.100), [f:   300/1000], inf[3.3e+13], comp[7.9e+13], Q(60, 0, 0, 0), Trans[(256, 2, 8) -> 49.877500036556256]
[Tue Dec  2 17:24:44 2025] >> [t:807] (r: 0.000), [f:     0/1000], inf[3.3e+13], comp[0.0e+00], Q(60, 0, 0, 0), Trans[(256, 2, 8) -> 49.877500036556256]
[Tue Dec  2 17:24:44 2025] >> [t:808] (r: 0.000), [f:     0/1000], inf[8.1e+13], comp[0.0e+00], Q(59, 1, 0, 0), Trans[(512, 2, 8) -> 31.796302199813397]
[Tue Dec  2 17:24:44 2025] >> [t:809] (r:-0.100), [f:   300/1000], inf[3.3e+13], comp[7.9e+13], Q(59, 1, 0, 0), Trans[(256, 2, 8) -> 49.877500036556256]
[Tue Dec  2 17:24:44 2025] >> [t:810] (r:-0.100), [f:   300/1000], inf[3.3e+13], comp[7.9e+13], Q(59, 0, 0, 0), Trans[(256, 2, 8) -> 49.877500036556256]
[Tue Dec  2 17:24:44 2025] >> [t:811] (r: 0.000), [f:     0/1000], inf[3.3e+13], comp[0.0e+00], Q(58, 1, 0, 0), Trans[(256, 2, 8) -> 49.877500036556256]
[Tue Dec  2 17:24:44 2025] >> [t:812] (r:-0.100), [f:   300/1000], inf[3.3e+13], comp[7.9e+13], Q(57, 0, 0, 0), Trans[(256, 2, 8) -> 49.877500036556256]
[Tue Dec  2 17:24:44 2025] >> [t:813] (r: 0.000), [f:     0/1000], inf[3.3e+13], comp[0.0e+00], Q(57, 0, 0, 0), Trans[(256, 2, 8) -> 49.877500036556256]
[Tue Dec  2 17:24:44 2025] >> [t:814] (r: 0.000), [f:     0/1000], inf[8.1e+13], comp[0.0e+00], Q(56, 1, 0, 0), Trans[(512, 2, 8) -> 31.796302199813397]
[Tue Dec  2 17:24:44 2025] >> [t:815] (r:-0.100), [f:   300/1000], inf[3.3e+13], comp[7.9e+13], Q(55, 2, 0, 0), Trans[(256, 2, 8) -> 49.877500036556256]
[Tue Dec  2 17:24:44 2025] >> [t:816] (r:-0.100), [f:   300/1000], inf[3.3e+13], comp[7.9e+13], Q(54, 0, 0, 0), Trans[(256, 2, 8) -> 49.877500036556256]
[Tue Dec  2 17:24:44 2025] >> [t:817] (r: 0.000), [f:     0/1000], inf[3.3e+13], comp[0.0e+00], Q(53, 1, 0, 0), Trans[(256, 2, 8) -> 49.877500036556256]
[Tue Dec  2 17:24:44 2025] >> [t:818] (r:-0.100), [f:   300/1000], inf[3.3e+13], comp[7.9e+13], Q(52, 0, 0, 0), Trans[(256, 2, 8) -> 49.877500036556256]
[Tue Dec  2 17:24:44 2025] >> [t:819] (r: 0.000), [f:     0/1000], inf[3.3e+13], comp[0.0e+00], Q(50, 2, 0, 0), Trans[(256, 2, 8) -> 49.877500036556256]
[Tue Dec  2 17:24:44 2025] >> [t:820] (r:-0.100), [f:   300/1000], inf[3.3e+13], comp[7.9e+13], Q(48, 2, 0, 0), Trans[(256, 2, 8) -> 49.877500036556256]
[Tue Dec  2 17:24:44 2025] >> [t:821] (r:-0.100), [f:   300/1000], inf[3.3e+13], comp[7.9e+13], Q(47, 1, 0, 0), Trans[(256, 2, 8) -> 49.877500036556256]
[Tue Dec  2 17:24:44 2025] >> [t:822] (r:-0.100), [f:   300/1000], inf[3.3e+13], comp[7.9e+13], Q(46, 0, 0, 0), Trans[(256, 2, 8) -> 49.877500036556256]
[Tue Dec  2 17:24:44 2025] >> [t:823] (r: 0.000), [f:     0/1000], inf[3.3e+13], comp[0.0e+00], Q(44, 2, 0, 0), Trans[(256, 2, 8) -> 49.877500036556256]
[Tue Dec  2 17:24:44 2025] >> [t:824] (r:-0.100), [f:   300/1000], inf[3.3e+13], comp[7.9e+13], Q(42, 2, 0, 0), Trans[(256, 2, 8) -> 49.877500036556256]
[Tue Dec  2 17:24:44 2025] >> [t:825] (r:-0.100), [f:   300/1000], inf[3.3e+13], comp[7.9e+13], Q(42, 0, 0, 0), Trans[(256, 2, 8) -> 49.877500036556256]
[Tue Dec  2 17:24:44 2025] >> [t:826] (r: 0.000), [f:     0/1000], inf[3.3e+13], comp[0.0e+00], Q(42, 0, 0, 0), Trans[(256, 2, 8) -> 49.877500036556256]
[Tue Dec  2 17:24:44 2025] >> [t:827] (r: 0.000), [f:     0/1000], inf[8.1e+13], comp[0.0e+00], Q(41, 1, 0, 0), Trans[(512, 2, 8) -> 31.796302199813397]
[Tue Dec  2 17:24:44 2025] >> [t:828] (r:-0.100), [f:   300/1000], inf[3.3e+13], comp[7.9e+13], Q(40, 2, 0, 0), Trans[(256, 2, 8) -> 49.877500036556256]
[Tue Dec  2 17:24:44 2025] >> [t:829] (r:-0.100), [f:   300/1000], inf[3.3e+13], comp[7.9e+13], Q(40, 0, 0, 0), Trans[(256, 2, 8) -> 49.877500036556256]
[Tue Dec  2 17:24:44 2025] >> [t:830] (r: 0.000), [f:     0/1000], inf[3.3e+13], comp[0.0e+00], Q(40, 0, 0, 0), Trans[(256, 2, 8) -> 49.877500036556256]
[Tue Dec  2 17:24:44 2025] >> [t:831] (r: 0.000), [f:     0/1000], inf[8.1e+13], comp[0.0e+00], Q(40, 0, 0, 0), Trans[(512, 2, 8) -> 31.796302199813397]
[Tue Dec  2 17:24:44 2025] >> [t:832] (r: 0.000), [f:     0/1000], inf[8.1e+13], comp[0.0e+00], Q(40, 0, 0, 0), Trans[(512, 2, 8) -> 31.796302199813397]
[Tue Dec  2 17:24:44 2025] >> [t:833] (r: 0.000), [f:     0/1000], inf[8.1e+13], comp[0.0e+00], Q(40, 0, 0, 0), Trans[(512, 2, 8) -> 31.796302199813397]
[Tue Dec  2 17:24:44 2025] >> [t:834] (r: 0.000), [f:     0/1000], inf[8.1e+13], comp[0.0e+00], Q(40, 0, 0, 0), Trans[(512, 2, 8) -> 31.796302199813397]
[Tue Dec  2 17:24:44 2025] >> [t:835] (r: 0.000), [f:     0/1000], inf[8.1e+13], comp[0.0e+00], Q(39, 1, 0, 0), Trans[(512, 2, 8) -> 31.796302199813397]
[Tue Dec  2 17:24:44 2025] >> [t:836] (r:-0.100), [f:   300/1000], inf[3.3e+13], comp[7.9e+13], Q(39, 1, 0, 0), Trans[(256, 2, 8) -> 49.877500036556256]
[Tue Dec  2 17:24:44 2025] >> [t:837] (r:-0.100), [f:   300/1000], inf[3.3e+13], comp[7.9e+13], Q(38, 0, 0, 0), Trans[(256, 2, 8) -> 49.877500036556256]
[Tue Dec  2 17:24:44 2025] >> [t:838] (r: 0.000), [f:     0/1000], inf[3.3e+13], comp[0.0e+00], Q(37, 1, 0, 0), Trans[(256, 2, 8) -> 49.877500036556256]
[Tue Dec  2 17:24:44 2025] >> [t:839] (r:-0.100), [f:   300/1000], inf[3.3e+13], comp[7.9e+13], Q(34, 2, 0, 0), Trans[(256, 2, 8) -> 49.877500036556256]
[Tue Dec  2 17:24:44 2025] >> [t:840] (r:-0.100), [f:   300/1000], inf[3.3e+13], comp[7.9e+13], Q(33, 1, 0, 0), Trans[(256, 2, 8) -> 49.877500036556256]
[Tue Dec  2 17:24:44 2025] >> [t:841] (r:-0.100), [f:   300/1000], inf[3.3e+13], comp[7.9e+13], Q(33, 0, 0, 0), Trans[(256, 2, 8) -> 49.877500036556256]
[Tue Dec  2 17:24:44 2025] >> [t:842] (r: 0.000), [f:     0/1000], inf[3.3e+13], comp[0.0e+00], Q(33, 0, 0, 0), Trans[(256, 2, 8) -> 49.877500036556256]
[Tue Dec  2 17:24:44 2025] >> [t:843] (r: 0.000), [f:     0/1000], inf[8.1e+13], comp[0.0e+00], Q(32, 1, 0, 0), Trans[(512, 2, 8) -> 31.796302199813397]
[Tue Dec  2 17:24:44 2025] >> [t:844] (r:-0.100), [f:   300/1000], inf[3.3e+13], comp[7.9e+13], Q(31, 2, 0, 0), Trans[(256, 2, 8) -> 49.877500036556256]
[Tue Dec  2 17:24:44 2025] >> [t:845] (r:-0.100), [f:   300/1000], inf[3.3e+13], comp[7.9e+13], Q(29, 1, 0, 0), Trans[(256, 2, 8) -> 49.877500036556256]
[Tue Dec  2 17:24:44 2025] >> [t:846] (r:-0.100), [f:   300/1000], inf[3.3e+13], comp[7.9e+13], Q(28, 0, 0, 0), Trans[(256, 2, 8) -> 49.877500036556256]
[Tue Dec  2 17:24:44 2025] >> [t:847] (r: 0.000), [f:     0/1000], inf[3.3e+13], comp[0.0e+00], Q(28, 0, 0, 0), Trans[(256, 2, 8) -> 49.877500036556256]
[Tue Dec  2 17:24:44 2025] >> [t:848] (r: 0.000), [f:     0/1000], inf[8.1e+13], comp[0.0e+00], Q(27, 1, 0, 0), Trans[(512, 2, 8) -> 31.796302199813397]
[Tue Dec  2 17:24:44 2025] >> [t:849] (r:-0.100), [f:   300/1000], inf[3.3e+13], comp[7.9e+13], Q(27, 1, 0, 0), Trans[(256, 2, 8) -> 49.877500036556256]
[Tue Dec  2 17:24:44 2025] >> [t:850] (r:-0.100), [f:   300/1000], inf[3.3e+13], comp[7.9e+13], Q(27, 0, 0, 0), Trans[(256, 2, 8) -> 49.877500036556256]
[Tue Dec  2 17:24:44 2025] >> [t:851] (r: 0.000), [f:     0/1000], inf[3.3e+13], comp[0.0e+00], Q(27, 0, 0, 0), Trans[(256, 2, 8) -> 49.877500036556256]
[Tue Dec  2 17:24:44 2025] >> [t:852] (r: 0.000), [f:     0/1000], inf[8.1e+13], comp[0.0e+00], Q(26, 1, 0, 0), Trans[(512, 2, 8) -> 31.796302199813397]
[Tue Dec  2 17:24:44 2025] >> [t:853] (r:-0.100), [f:   300/1000], inf[3.3e+13], comp[7.9e+13], Q(24, 3, 0, 0), Trans[(256, 2, 8) -> 49.877500036556256]
[Tue Dec  2 17:24:44 2025] >> [t:854] (r:-0.100), [f:   300/1000], inf[3.3e+13], comp[7.9e+13], Q(20, 4, 0, 0), Trans[(256, 2, 8) -> 49.877500036556256]
[Tue Dec  2 17:24:44 2025] >> [t:855] (r:-0.100), [f:   300/1000], inf[3.3e+13], comp[7.9e+13], Q(20, 2, 0, 0), Trans[(256, 2, 8) -> 49.877500036556256]
[Tue Dec  2 17:24:44 2025] >> [t:856] (r:-0.100), [f:   300/1000], inf[3.3e+13], comp[7.9e+13], Q(20, 0, 0, 0), Trans[(256, 2, 8) -> 49.877500036556256]
[Tue Dec  2 17:24:44 2025] >> [t:857] (r: 0.000), [f:     0/1000], inf[3.3e+13], comp[0.0e+00], Q(19, 1, 0, 0), Trans[(256, 2, 8) -> 49.877500036556256]
[Tue Dec  2 17:24:44 2025] >> [t:858] (r:-0.100), [f:   300/1000], inf[3.3e+13], comp[7.9e+13], Q(18, 0, 0, 0), Trans[(256, 2, 8) -> 49.877500036556256]
[Tue Dec  2 17:24:44 2025] >> [t:859] (r: 0.000), [f:     0/1000], inf[3.3e+13], comp[0.0e+00], Q(17, 1, 0, 0), Trans[(256, 2, 8) -> 49.877500036556256]
[Tue Dec  2 17:24:44 2025] >> [t:860] (r:-0.100), [f:   300/1000], inf[3.3e+13], comp[7.9e+13], Q(17, 0, 0, 0), Trans[(256, 2, 8) -> 49.877500036556256]
[Tue Dec  2 17:24:44 2025] >> [t:861] (r: 0.000), [f:     0/1000], inf[3.3e+13], comp[0.0e+00], Q(17, 0, 0, 0), Trans[(256, 2, 8) -> 49.877500036556256]
[Tue Dec  2 17:24:44 2025] >> [t:862] (r: 0.000), [f:     0/1000], inf[8.1e+13], comp[0.0e+00], Q(17, 0, 0, 0), Trans[(512, 2, 8) -> 31.796302199813397]
[Tue Dec  2 17:24:44 2025] >> [t:863] (r: 0.000), [f:     0/1000], inf[8.1e+13], comp[0.0e+00], Q(17, 0, 0, 0), Trans[(512, 2, 8) -> 31.796302199813397]
[Tue Dec  2 17:24:44 2025] >> [t:864] (r: 0.000), [f:     0/1000], inf[8.1e+13], comp[0.0e+00], Q(17, 0, 0, 0), Trans[(512, 2, 8) -> 31.796302199813397]
[Tue Dec  2 17:24:44 2025] >> [t:865] (r: 0.000), [f:     0/1000], inf[8.1e+13], comp[0.0e+00], Q(17, 0, 0, 0), Trans[(512, 2, 8) -> 31.796302199813397]
[Tue Dec  2 17:24:44 2025] >> [t:866] (r: 0.000), [f:     0/1000], inf[8.1e+13], comp[0.0e+00], Q(17, 0, 0, 0), Trans[(512, 2, 8) -> 31.796302199813397]
[Tue Dec  2 17:24:44 2025] >> [t:867] (r: 0.000), [f:     0/1000], inf[8.1e+13], comp[0.0e+00], Q(17, 0, 0, 0), Trans[(512, 2, 8) -> 31.796302199813397]
[Tue Dec  2 17:24:44 2025] >> [t:868] (r: 0.000), [f:     0/1000], inf[8.1e+13], comp[0.0e+00], Q(16, 1, 0, 0), Trans[(512, 2, 8) -> 31.796302199813397]
[Tue Dec  2 17:24:44 2025] >> [t:869] (r:-0.100), [f:   300/1000], inf[3.3e+13], comp[7.9e+13], Q(16, 1, 0, 0), Trans[(256, 2, 8) -> 49.877500036556256]
[Tue Dec  2 17:24:44 2025] >> [t:870] (r:-0.100), [f:   300/1000], inf[3.3e+13], comp[7.9e+13], Q(16, 0, 0, 0), Trans[(256, 2, 8) -> 49.877500036556256]
[Tue Dec  2 17:24:44 2025] >> [t:871] (r: 0.000), [f:     0/1000], inf[3.3e+13], comp[0.0e+00], Q(16, 0, 0, 0), Trans[(256, 2, 8) -> 49.877500036556256]
[Tue Dec  2 17:24:44 2025] >> [t:872] (r: 0.000), [f:     0/1000], inf[8.1e+13], comp[0.0e+00], Q(16, 0, 0, 0), Trans[(512, 2, 8) -> 31.796302199813397]
[Tue Dec  2 17:24:44 2025] >> [t:873] (r: 0.000), [f:     0/1000], inf[8.1e+13], comp[0.0e+00], Q(14, 2, 0, 0), Trans[(512, 2, 8) -> 31.796302199813397]
[Tue Dec  2 17:24:44 2025] >> [t:874] (r:-0.100), [f:   300/1000], inf[3.3e+13], comp[7.9e+13], Q(14, 2, 0, 0), Trans[(256, 2, 8) -> 49.877500036556256]
[Tue Dec  2 17:24:44 2025] >> [t:875] (r:-0.100), [f:   300/1000], inf[3.3e+13], comp[7.9e+13], Q(14, 1, 0, 0), Trans[(256, 2, 8) -> 49.877500036556256]
[Tue Dec  2 17:24:44 2025] >> [t:876] (r:-0.100), [f:   300/1000], inf[3.3e+13], comp[7.9e+13], Q(14, 0, 0, 0), Trans[(256, 2, 8) -> 49.877500036556256]
[Tue Dec  2 17:24:44 2025] >> [t:877] (r: 0.000), [f:     0/1000], inf[3.3e+13], comp[0.0e+00], Q(14, 0, 0, 0), Trans[(256, 2, 8) -> 49.877500036556256]
[Tue Dec  2 17:24:44 2025] >> [t:878] (r: 0.000), [f:     0/1000], inf[8.1e+13], comp[0.0e+00], Q(12, 2, 0, 0), Trans[(512, 2, 8) -> 31.796302199813397]
[Tue Dec  2 17:24:44 2025] >> [t:879] (r:-0.100), [f:   300/1000], inf[3.3e+13], comp[7.9e+13], Q(12, 2, 0, 0), Trans[(256, 2, 8) -> 49.877500036556256]
[Tue Dec  2 17:24:44 2025] >> [t:880] (r:-0.100), [f:   300/1000], inf[3.3e+13], comp[7.9e+13], Q(11, 2, 0, 0), Trans[(256, 2, 8) -> 49.877500036556256]
[Tue Dec  2 17:24:44 2025] >> [t:881] (r:-0.100), [f:   300/1000], inf[3.3e+13], comp[7.9e+13], Q(11, 0, 0, 0), Trans[(256, 2, 8) -> 49.877500036556256]
[Tue Dec  2 17:24:44 2025] >> [t:882] (r: 0.000), [f:     0/1000], inf[3.3e+13], comp[0.0e+00], Q(11, 0, 0, 0), Trans[(256, 2, 8) -> 49.877500036556256]
[Tue Dec  2 17:24:44 2025] >> [t:883] (r: 0.000), [f:     0/1000], inf[8.1e+13], comp[0.0e+00], Q(11, 0, 0, 0), Trans[(512, 2, 8) -> 31.796302199813397]
[Tue Dec  2 17:24:44 2025] >> [t:884] (r: 0.000), [f:     0/1000], inf[8.1e+13], comp[0.0e+00], Q(9, 2, 0, 0), Trans[(512, 2, 8) -> 31.796302199813397]
[Tue Dec  2 17:24:44 2025] >> [t:885] (r:-0.100), [f:   300/1000], inf[3.3e+13], comp[7.9e+13], Q(8, 3, 0, 0), Trans[(256, 2, 8) -> 49.877500036556256]
[Tue Dec  2 17:24:44 2025] >> [t:886] (r:-0.100), [f:   300/1000], inf[3.3e+13], comp[7.9e+13], Q(8, 2, 0, 0), Trans[(256, 2, 8) -> 49.877500036556256]
[Tue Dec  2 17:24:44 2025] >> [t:887] (r:-0.100), [f:   300/1000], inf[3.3e+13], comp[7.9e+13], Q(6, 1, 0, 0), Trans[(256, 2, 8) -> 49.877500036556256]
[Tue Dec  2 17:24:44 2025] >> [t:888] (r:-0.100), [f:   300/1000], inf[3.3e+13], comp[7.9e+13], Q(6, 0, 0, 0), Trans[(256, 2, 8) -> 49.877500036556256]
[Tue Dec  2 17:24:44 2025] >> [t:889] (r: 0.000), [f:     0/1000], inf[3.3e+13], comp[0.0e+00], Q(5, 1, 0, 0), Trans[(256, 2, 8) -> 49.877500036556256]
[Tue Dec  2 17:24:44 2025] >> [t:890] (r:-0.100), [f:   300/1000], inf[3.3e+13], comp[7.9e+13], Q(5, 0, 0, 0), Trans[(256, 2, 8) -> 49.877500036556256]
[Tue Dec  2 17:24:44 2025] >> [t:891] (r: 0.000), [f:     0/1000], inf[3.3e+13], comp[0.0e+00], Q(4, 1, 0, 0), Trans[(256, 2, 8) -> 49.877500036556256]
[Tue Dec  2 17:24:44 2025] >> [t:892] (r:-0.100), [f:   300/1000], inf[3.3e+13], comp[7.9e+13], Q(3, 0, 0, 0), Trans[(256, 2, 8) -> 49.877500036556256]
[Tue Dec  2 17:24:44 2025] >> [t:893] (r: 0.000), [f:     0/1000], inf[3.3e+13], comp[0.0e+00], Q(2, 1, 0, 0), Trans[(256, 2, 8) -> 49.877500036556256]
[Tue Dec  2 17:24:44 2025] >> [t:894] (r:-0.100), [f:   300/1000], inf[3.3e+13], comp[7.9e+13], Q(2, 0, 0, 0), Trans[(256, 2, 8) -> 49.877500036556256]
[Tue Dec  2 17:24:44 2025] >> [t:895] (r: 0.000), [f:     0/1000], inf[3.3e+13], comp[0.0e+00], Q(2, 0, 0, 0), Trans[(256, 2, 8) -> 49.877500036556256]
[Tue Dec  2 17:24:44 2025] >> [t:896] (r: 0.000), [f:     0/1000], inf[8.1e+13], comp[0.0e+00], Q(2, 0, 0, 0), Trans[(512, 2, 8) -> 31.796302199813397]
[Tue Dec  2 17:24:44 2025] >> [t:897] (r: 0.000), [f:     0/1000], inf[8.1e+13], comp[0.0e+00], Q(0, 2, 0, 0), Trans[(512, 2, 8) -> 31.796302199813397]
[Tue Dec  2 17:24:44 2025] >> [t:898] (r:-0.100), [f:   300/1000], inf[3.3e+13], comp[7.9e+13], Q(0, 2, 0, 0), Trans[(256, 2, 8) -> 49.877500036556256]
[Tue Dec  2 17:24:44 2025] >> [t:899] (r:-0.100), [f:   300/1000], inf[3.3e+13], comp[7.9e+13], Q(0, 1, 0, 0), Trans[(256, 2, 8) -> 49.877500036556256]
[Tue Dec  2 17:24:44 2025] >> [t:900] (r:-0.100), [f:   300/1000], inf[3.3e+13], comp[7.9e+13], Q(0, 0, 0, 0), Trans[(256, 2, 8) -> 49.877500036556256]
[Tue Dec  2 17:24:44 2025] >> [t:901] (r: 0.000), [f:     0/1000], inf[3.3e+13], comp[0.0e+00], Q(0, 0, 0, 0), Trans[(256, 2, 8) -> 49.877500036556256]
[Tue Dec  2 17:24:44 2025] >> [t:902] (r: 0.000), [f:     0/1000], inf[8.1e+13], comp[0.0e+00], Q(0, 0, 0, 0), Trans[(512, 2, 8) -> 31.796302199813397]
[Tue Dec  2 17:24:44 2025] >> [t:903] (r: 0.000), [f:     0/1000], inf[8.1e+13], comp[0.0e+00], Q(0, 0, 0, 0), Trans[(512, 2, 8) -> 31.796302199813397]
[Tue Dec  2 17:24:44 2025] >> [t:904] (r: 0.000), [f:     0/1000], inf[8.1e+13], comp[0.0e+00], Q(0, 0, 0, 0), Trans[(512, 2, 8) -> 31.796302199813397]
[Tue Dec  2 17:24:44 2025] >> [t:905] (r: 0.000), [f:     0/1000], inf[8.1e+13], comp[0.0e+00], Q(0, 0, 0, 0), Trans[(512, 2, 8) -> 31.796302199813397]
[Tue Dec  2 17:24:44 2025] >> [t:906] (r: 0.000), [f:     0/1000], inf[8.1e+13], comp[0.0e+00], Q(0, 0, 0, 0), Trans[(512, 2, 8) -> 31.796302199813397]
[Tue Dec  2 17:24:44 2025] >> [t:907] (r: 0.000), [f:     0/1000], inf[8.1e+13], comp[0.0e+00], Q(0, 0, 0, 0), Trans[(512, 2, 8) -> 31.796302199813397]
[Tue Dec  2 17:24:44 2025] >> [t:908] (r: 0.000), [f:     0/1000], inf[8.1e+13], comp[0.0e+00], Q(0, 0, 0, 0), Trans[(512, 2, 8) -> 31.796302199813397]
[Tue Dec  2 17:24:44 2025] >> [t:909] (r: 0.000), [f:     0/1000], inf[8.1e+13], comp[0.0e+00], Q(0, 0, 0, 0), Trans[(512, 2, 8) -> 31.796302199813397]
[Tue Dec  2 17:24:44 2025] >> [t:910] (r: 0.000), [f:     0/1000], inf[8.1e+13], comp[0.0e+00], Q(0, 0, 0, 0), Trans[(512, 2, 8) -> 31.796302199813397]
[Tue Dec  2 17:24:44 2025] >> [t:911] (r: 0.000), [f:     0/1000], inf[8.1e+13], comp[0.0e+00], Q(0, 0, 0, 0), Trans[(512, 2, 8) -> 31.796302199813397]
[Tue Dec  2 17:24:44 2025] >> [t:912] (r: 0.000), [f:     0/1000], inf[8.1e+13], comp[0.0e+00], Q(0, 0, 0, 0), Trans[(512, 2, 8) -> 31.796302199813397]
[Tue Dec  2 17:24:44 2025] >> [t:913] (r: 0.000), [f:     0/1000], inf[8.1e+13], comp[0.0e+00], Q(0, 0, 0, 0), Trans[(512, 2, 8) -> 31.796302199813397]
[Tue Dec  2 17:24:44 2025] >> [t:914] (r: 0.000), [f:     0/1000], inf[8.1e+13], comp[0.0e+00], Q(0, 0, 0, 0), Trans[(512, 2, 8) -> 31.796302199813397]
[Tue Dec  2 17:24:44 2025] >> [t:915] (r: 0.000), [f:     0/1000], inf[8.1e+13], comp[0.0e+00], Q(0, 0, 0, 0), Trans[(512, 2, 8) -> 31.796302199813397]
[Tue Dec  2 17:24:44 2025] >> [t:916] (r: 0.000), [f:     0/1000], inf[8.1e+13], comp[0.0e+00], Q(0, 0, 0, 0), Trans[(512, 2, 8) -> 31.796302199813397]
[Tue Dec  2 17:24:44 2025] >> [t:917] (r: 0.000), [f:     0/1000], inf[8.1e+13], comp[0.0e+00], Q(0, 0, 0, 0), Trans[(512, 2, 8) -> 31.796302199813397]
[Tue Dec  2 17:24:44 2025] >> [t:918] (r: 0.000), [f:     0/1000], inf[8.1e+13], comp[0.0e+00], Q(0, 0, 0, 0), Trans[(512, 2, 8) -> 31.796302199813397]
[Tue Dec  2 17:24:44 2025] >> [t:919] (r: 0.000), [f:     0/1000], inf[8.1e+13], comp[0.0e+00], Q(0, 0, 0, 0), Trans[(512, 2, 8) -> 31.796302199813397]
[Tue Dec  2 17:24:44 2025] >> [t:920] (r: 0.000), [f:     0/1000], inf[8.1e+13], comp[0.0e+00], Q(0, 0, 0, 0), Trans[(512, 2, 8) -> 31.796302199813397]
[Tue Dec  2 17:24:44 2025] >> [t:921] (r: 0.000), [f:     0/1000], inf[8.1e+13], comp[0.0e+00], Q(0, 0, 0, 0), Trans[(512, 2, 8) -> 31.796302199813397]
[Tue Dec  2 17:24:44 2025] >> [t:922] (r: 0.000), [f:     0/1000], inf[8.1e+13], comp[0.0e+00], Q(0, 0, 0, 0), Trans[(512, 2, 8) -> 31.796302199813397]
[Tue Dec  2 17:24:44 2025] >> [t:923] (r: 0.000), [f:     0/1000], inf[8.1e+13], comp[0.0e+00], Q(0, 0, 0, 0), Trans[(512, 2, 8) -> 31.796302199813397]
[Tue Dec  2 17:24:44 2025] >> [t:924] (r: 0.000), [f:     0/1000], inf[8.1e+13], comp[0.0e+00], Q(0, 0, 0, 0), Trans[(512, 2, 8) -> 31.796302199813397]
[Tue Dec  2 17:24:44 2025] >> [t:925] (r: 0.000), [f:     0/1000], inf[8.1e+13], comp[0.0e+00], Q(0, 0, 0, 0), Trans[(512, 2, 8) -> 31.796302199813397]
[Tue Dec  2 17:24:44 2025] >> [t:926] (r: 0.000), [f:     0/1000], inf[8.1e+13], comp[0.0e+00], Q(0, 0, 0, 0), Trans[(512, 2, 8) -> 31.796302199813397]
[Tue Dec  2 17:24:44 2025] >> [t:927] (r: 0.000), [f:     0/1000], inf[8.1e+13], comp[0.0e+00], Q(0, 0, 0, 0), Trans[(512, 2, 8) -> 31.796302199813397]
[Tue Dec  2 17:24:44 2025] >> [t:928] (r: 0.000), [f:     0/1000], inf[8.1e+13], comp[0.0e+00], Q(0, 0, 0, 0), Trans[(512, 2, 8) -> 31.796302199813397]
[Tue Dec  2 17:24:44 2025] >> [t:929] (r: 0.000), [f:     0/1000], inf[8.1e+13], comp[0.0e+00], Q(0, 0, 0, 0), Trans[(512, 2, 8) -> 31.796302199813397]
[Tue Dec  2 17:24:44 2025] >> [t:930] (r: 0.000), [f:     0/1000], inf[8.1e+13], comp[0.0e+00], Q(0, 0, 0, 0), Trans[(512, 2, 8) -> 31.796302199813397]
[Tue Dec  2 17:24:44 2025] >> [t:931] (r: 0.000), [f:     0/1000], inf[8.1e+13], comp[0.0e+00], Q(0, 0, 0, 0), Trans[(512, 2, 8) -> 31.796302199813397]
[Tue Dec  2 17:24:44 2025] >> [t:932] (r: 0.000), [f:     0/1000], inf[8.1e+13], comp[0.0e+00], Q(0, 0, 0, 0), Trans[(512, 2, 8) -> 31.796302199813397]
[Tue Dec  2 17:24:44 2025] >> [t:933] (r: 0.000), [f:     0/1000], inf[8.1e+13], comp[0.0e+00], Q(0, 0, 0, 0), Trans[(512, 2, 8) -> 31.796302199813397]
[Tue Dec  2 17:24:44 2025] >> [t:934] (r: 0.000), [f:     0/1000], inf[8.1e+13], comp[0.0e+00], Q(0, 0, 0, 0), Trans[(512, 2, 8) -> 31.796302199813397]
[Tue Dec  2 17:24:44 2025] >> [t:935] (r: 0.000), [f:     0/1000], inf[8.1e+13], comp[0.0e+00], Q(0, 0, 0, 0), Trans[(512, 2, 8) -> 31.796302199813397]
[Tue Dec  2 17:24:44 2025] >> [t:936] (r: 0.000), [f:     0/1000], inf[8.1e+13], comp[0.0e+00], Q(0, 0, 0, 0), Trans[(512, 2, 8) -> 31.796302199813397]
[Tue Dec  2 17:24:44 2025] >> [t:937] (r: 0.000), [f:     0/1000], inf[8.1e+13], comp[0.0e+00], Q(0, 0, 0, 0), Trans[(512, 2, 8) -> 31.796302199813397]
[Tue Dec  2 17:24:44 2025] >> [t:938] (r: 0.000), [f:     0/1000], inf[8.1e+13], comp[0.0e+00], Q(0, 0, 0, 0), Trans[(512, 2, 8) -> 31.796302199813397]
[Tue Dec  2 17:24:44 2025] >> [t:939] (r: 0.000), [f:     0/1000], inf[8.1e+13], comp[0.0e+00], Q(0, 0, 0, 0), Trans[(512, 2, 8) -> 31.796302199813397]
[Tue Dec  2 17:24:44 2025] >> [t:940] (r: 0.000), [f:     0/1000], inf[8.1e+13], comp[0.0e+00], Q(0, 0, 0, 0), Trans[(512, 2, 8) -> 31.796302199813397]
[Tue Dec  2 17:24:44 2025] >> [t:941] (r: 0.000), [f:     0/1000], inf[8.1e+13], comp[0.0e+00], Q(0, 0, 0, 0), Trans[(512, 2, 8) -> 31.796302199813397]
[Tue Dec  2 17:24:44 2025] >> [t:942] (r: 0.000), [f:     0/1000], inf[8.1e+13], comp[0.0e+00], Q(0, 0, 0, 0), Trans[(512, 2, 8) -> 31.796302199813397]
[Tue Dec  2 17:24:44 2025] >> [t:943] (r: 0.000), [f:     0/1000], inf[8.1e+13], comp[0.0e+00], Q(0, 0, 0, 0), Trans[(512, 2, 8) -> 31.796302199813397]
[Tue Dec  2 17:24:44 2025] >> [t:944] (r: 0.000), [f:     0/1000], inf[8.1e+13], comp[0.0e+00], Q(0, 0, 0, 0), Trans[(512, 2, 8) -> 31.796302199813397]
[Tue Dec  2 17:24:44 2025] >> [t:945] (r: 0.000), [f:     0/1000], inf[8.1e+13], comp[0.0e+00], Q(0, 0, 0, 0), Trans[(512, 2, 8) -> 31.796302199813397]
[Tue Dec  2 17:24:44 2025] >> [t:946] (r: 0.000), [f:     0/1000], inf[8.1e+13], comp[0.0e+00], Q(0, 0, 0, 0), Trans[(512, 2, 8) -> 31.796302199813397]
[Tue Dec  2 17:24:44 2025] >> [t:947] (r: 0.000), [f:     0/1000], inf[8.1e+13], comp[0.0e+00], Q(0, 0, 0, 0), Trans[(512, 2, 8) -> 31.796302199813397]
[Tue Dec  2 17:24:44 2025] >> [t:948] (r: 0.000), [f:     0/1000], inf[8.1e+13], comp[0.0e+00], Q(0, 0, 0, 0), Trans[(512, 2, 8) -> 31.796302199813397]
[Tue Dec  2 17:24:44 2025] >> [t:949] (r: 0.000), [f:     0/1000], inf[8.1e+13], comp[0.0e+00], Q(0, 0, 0, 0), Trans[(512, 2, 8) -> 31.796302199813397]
[Tue Dec  2 17:24:44 2025] >> [t:950] (r: 0.000), [f:     0/1000], inf[8.1e+13], comp[0.0e+00], Q(0, 0, 0, 0), Trans[(512, 2, 8) -> 31.796302199813397]
[Tue Dec  2 17:24:44 2025] >> [t:951] (r: 0.000), [f:     0/1000], inf[8.1e+13], comp[0.0e+00], Q(0, 0, 0, 0), Trans[(512, 2, 8) -> 31.796302199813397]
[Tue Dec  2 17:24:44 2025] >> [t:952] (r: 0.000), [f:     0/1000], inf[8.1e+13], comp[0.0e+00], Q(0, 0, 0, 0), Trans[(512, 2, 8) -> 31.796302199813397]
[Tue Dec  2 17:24:44 2025] >> [t:953] (r: 0.000), [f:     0/1000], inf[8.1e+13], comp[0.0e+00], Q(0, 0, 0, 0), Trans[(512, 2, 8) -> 31.796302199813397]
[Tue Dec  2 17:24:44 2025] >> [t:954] (r: 0.000), [f:     0/1000], inf[8.1e+13], comp[0.0e+00], Q(0, 0, 0, 0), Trans[(512, 2, 8) -> 31.796302199813397]
[Tue Dec  2 17:24:44 2025] >> [t:955] (r: 0.000), [f:     0/1000], inf[8.1e+13], comp[0.0e+00], Q(0, 0, 0, 0), Trans[(512, 2, 8) -> 31.796302199813397]
[Tue Dec  2 17:24:44 2025] >> [t:956] (r: 0.000), [f:     0/1000], inf[8.1e+13], comp[0.0e+00], Q(0, 0, 0, 0), Trans[(512, 2, 8) -> 31.796302199813397]
[Tue Dec  2 17:24:44 2025] >> [t:957] (r: 0.000), [f:     0/1000], inf[8.1e+13], comp[0.0e+00], Q(0, 0, 0, 0), Trans[(512, 2, 8) -> 31.796302199813397]
[Tue Dec  2 17:24:44 2025] >> [t:958] (r: 0.000), [f:     0/1000], inf[8.1e+13], comp[0.0e+00], Q(0, 0, 0, 0), Trans[(512, 2, 8) -> 31.796302199813397]
[Tue Dec  2 17:24:44 2025] >> [t:959] (r: 0.000), [f:     0/1000], inf[8.1e+13], comp[0.0e+00], Q(0, 0, 0, 0), Trans[(512, 2, 8) -> 31.796302199813397]
[Tue Dec  2 17:24:44 2025] >> [t:960] (r: 0.000), [f:     0/1000], inf[8.1e+13], comp[0.0e+00], Q(0, 0, 0, 0), Trans[(512, 2, 8) -> 31.796302199813397]
[Tue Dec  2 17:24:44 2025] >> [t:961] (r: 0.000), [f:     0/1000], inf[8.1e+13], comp[0.0e+00], Q(0, 0, 0, 0), Trans[(512, 2, 8) -> 31.796302199813397]
[Tue Dec  2 17:24:44 2025] >> [t:962] (r: 0.000), [f:     0/1000], inf[8.1e+13], comp[0.0e+00], Q(0, 0, 0, 0), Trans[(512, 2, 8) -> 31.796302199813397]
[Tue Dec  2 17:24:44 2025] >> [t:963] (r: 0.000), [f:     0/1000], inf[8.1e+13], comp[0.0e+00], Q(0, 0, 0, 0), Trans[(512, 2, 8) -> 31.796302199813397]
[Tue Dec  2 17:24:44 2025] >> [t:964] (r: 0.000), [f:     0/1000], inf[8.1e+13], comp[0.0e+00], Q(0, 0, 0, 0), Trans[(512, 2, 8) -> 31.796302199813397]
[Tue Dec  2 17:24:44 2025] >> [t:965] (r: 0.000), [f:     0/1000], inf[8.1e+13], comp[0.0e+00], Q(0, 0, 0, 0), Trans[(512, 2, 8) -> 31.796302199813397]
[Tue Dec  2 17:24:44 2025] >> [t:966] (r: 0.000), [f:     0/1000], inf[8.1e+13], comp[0.0e+00], Q(0, 0, 0, 0), Trans[(512, 2, 8) -> 31.796302199813397]
[Tue Dec  2 17:24:44 2025] >> [t:967] (r: 0.000), [f:     0/1000], inf[8.1e+13], comp[0.0e+00], Q(0, 0, 0, 0), Trans[(512, 2, 8) -> 31.796302199813397]
[Tue Dec  2 17:24:44 2025] >> [t:968] (r: 0.000), [f:     0/1000], inf[8.1e+13], comp[0.0e+00], Q(0, 0, 0, 0), Trans[(512, 2, 8) -> 31.796302199813397]
[Tue Dec  2 17:24:44 2025] >> [t:969] (r: 0.000), [f:     0/1000], inf[8.1e+13], comp[0.0e+00], Q(0, 0, 0, 0), Trans[(512, 2, 8) -> 31.796302199813397]
[Tue Dec  2 17:24:44 2025] >> [t:970] (r: 0.000), [f:     0/1000], inf[8.1e+13], comp[0.0e+00], Q(0, 0, 0, 0), Trans[(512, 2, 8) -> 31.796302199813397]
[Tue Dec  2 17:24:44 2025] >> [t:971] (r: 0.000), [f:     0/1000], inf[8.1e+13], comp[0.0e+00], Q(0, 0, 0, 0), Trans[(512, 2, 8) -> 31.796302199813397]
[Tue Dec  2 17:24:44 2025] >> [t:972] (r: 0.000), [f:     0/1000], inf[8.1e+13], comp[0.0e+00], Q(0, 0, 0, 0), Trans[(512, 2, 8) -> 31.796302199813397]
[Tue Dec  2 17:24:44 2025] >> [t:973] (r: 0.000), [f:     0/1000], inf[8.1e+13], comp[0.0e+00], Q(0, 0, 0, 0), Trans[(512, 2, 8) -> 31.796302199813397]
[Tue Dec  2 17:24:44 2025] >> [t:974] (r: 0.000), [f:     0/1000], inf[8.1e+13], comp[0.0e+00], Q(0, 0, 0, 0), Trans[(512, 2, 8) -> 31.796302199813397]
[Tue Dec  2 17:24:44 2025] >> [t:975] (r: 0.000), [f:     0/1000], inf[8.1e+13], comp[0.0e+00], Q(0, 0, 0, 0), Trans[(512, 2, 8) -> 31.796302199813397]
[Tue Dec  2 17:24:44 2025] >> [t:976] (r: 0.000), [f:     0/1000], inf[8.1e+13], comp[0.0e+00], Q(0, 0, 0, 0), Trans[(512, 2, 8) -> 31.796302199813397]
[Tue Dec  2 17:24:44 2025] >> [t:977] (r: 0.000), [f:     0/1000], inf[8.1e+13], comp[0.0e+00], Q(0, 0, 0, 0), Trans[(512, 2, 8) -> 31.796302199813397]
[Tue Dec  2 17:24:44 2025] >> [t:978] (r: 0.000), [f:     0/1000], inf[8.1e+13], comp[0.0e+00], Q(0, 0, 0, 0), Trans[(512, 2, 8) -> 31.796302199813397]
[Tue Dec  2 17:24:44 2025] >> [t:979] (r: 0.000), [f:     0/1000], inf[8.1e+13], comp[0.0e+00], Q(0, 0, 0, 0), Trans[(512, 2, 8) -> 31.796302199813397]
[Tue Dec  2 17:24:44 2025] >> [t:980] (r: 0.000), [f:     0/1000], inf[8.1e+13], comp[0.0e+00], Q(0, 0, 0, 0), Trans[(512, 2, 8) -> 31.796302199813397]
[Tue Dec  2 17:24:44 2025] >> [t:981] (r: 0.000), [f:     0/1000], inf[8.1e+13], comp[0.0e+00], Q(0, 0, 0, 0), Trans[(512, 2, 8) -> 31.796302199813397]
[Tue Dec  2 17:24:44 2025] >> [t:982] (r: 0.000), [f:     0/1000], inf[8.1e+13], comp[0.0e+00], Q(0, 0, 0, 0), Trans[(512, 2, 8) -> 31.796302199813397]
[Tue Dec  2 17:24:44 2025] >> [t:983] (r: 0.000), [f:     0/1000], inf[8.1e+13], comp[0.0e+00], Q(0, 0, 0, 0), Trans[(512, 2, 8) -> 31.796302199813397]
[Tue Dec  2 17:24:44 2025] >> [t:984] (r: 0.000), [f:     0/1000], inf[8.1e+13], comp[0.0e+00], Q(0, 0, 0, 0), Trans[(512, 2, 8) -> 31.796302199813397]
[Tue Dec  2 17:24:44 2025] >> [t:985] (r: 0.000), [f:     0/1000], inf[8.1e+13], comp[0.0e+00], Q(0, 0, 0, 0), Trans[(512, 2, 8) -> 31.796302199813397]
[Tue Dec  2 17:24:44 2025] >> [t:986] (r: 0.000), [f:     0/1000], inf[8.1e+13], comp[0.0e+00], Q(0, 0, 0, 0), Trans[(512, 2, 8) -> 31.796302199813397]
[Tue Dec  2 17:24:44 2025] >> [t:987] (r: 0.000), [f:     0/1000], inf[8.1e+13], comp[0.0e+00], Q(0, 0, 0, 0), Trans[(512, 2, 8) -> 31.796302199813397]
[Tue Dec  2 17:24:44 2025] >> [t:988] (r: 0.000), [f:     0/1000], inf[8.1e+13], comp[0.0e+00], Q(0, 0, 0, 0), Trans[(512, 2, 8) -> 31.796302199813397]
[Tue Dec  2 17:24:44 2025] >> [t:989] (r: 0.000), [f:     0/1000], inf[8.1e+13], comp[0.0e+00], Q(0, 0, 0, 0), Trans[(512, 2, 8) -> 31.796302199813397]
[Tue Dec  2 17:24:44 2025] >> [t:990] (r: 0.000), [f:     0/1000], inf[8.1e+13], comp[0.0e+00], Q(0, 0, 0, 0), Trans[(512, 2, 8) -> 31.796302199813397]
[Tue Dec  2 17:24:44 2025] >> [t:991] (r: 0.000), [f:     0/1000], inf[8.1e+13], comp[0.0e+00], Q(0, 0, 0, 0), Trans[(512, 2, 8) -> 31.796302199813397]
[Tue Dec  2 17:24:44 2025] >> [t:992] (r: 0.000), [f:     0/1000], inf[8.1e+13], comp[0.0e+00], Q(0, 0, 0, 0), Trans[(512, 2, 8) -> 31.796302199813397]
[Tue Dec  2 17:24:44 2025] >> [t:993] (r: 0.000), [f:     0/1000], inf[8.1e+13], comp[0.0e+00], Q(0, 0, 0, 0), Trans[(512, 2, 8) -> 31.796302199813397]
[Tue Dec  2 17:24:44 2025] >> [t:994] (r: 0.000), [f:     0/1000], inf[8.1e+13], comp[0.0e+00], Q(0, 0, 0, 0), Trans[(512, 2, 8) -> 31.796302199813397]
[Tue Dec  2 17:24:44 2025] >> [t:995] (r: 0.000), [f:     0/1000], inf[8.1e+13], comp[0.0e+00], Q(0, 0, 0, 0), Trans[(512, 2, 8) -> 31.796302199813397]
[Tue Dec  2 17:24:44 2025] >> [t:996] (r: 0.000), [f:     0/1000], inf[8.1e+13], comp[0.0e+00], Q(0, 0, 0, 0), Trans[(512, 2, 8) -> 31.796302199813397]
[Tue Dec  2 17:24:44 2025] >> [t:997] (r: 0.000), [f:     0/1000], inf[8.1e+13], comp[0.0e+00], Q(0, 0, 0, 0), Trans[(512, 2, 8) -> 31.796302199813397]
[Tue Dec  2 17:24:44 2025] >> [t:998] (r: 0.000), [f:     0/1000], inf[8.1e+13], comp[0.0e+00], Q(0, 0, 0, 0), Trans[(512, 2, 8) -> 31.796302199813397]
[Tue Dec  2 17:24:44 2025] >> [t:999] (r: 0.000), [f:     0/1000], inf[8.1e+13], comp[0.0e+00], Q(0, 0, 0, 0), Trans[(512, 2, 8) -> 31.796302199813397]
[Tue Dec  2 17:24:51 2025] >> [t:  0] (r:-0.200), [f:   300/1000], inf[3.3e+13], comp[7.9e+13], Q(598, 0, 0, 0), Trans[(256, 2, 8) -> 49.877500036556256]
[Tue Dec  2 17:24:51 2025] >> [t:  1] (r: 0.000), [f:     0/1000], inf[3.3e+13], comp[0.0e+00], Q(598, 0, 0, 0), Trans[(256, 2, 8) -> 49.877500036556256]
[Tue Dec  2 17:24:51 2025] >> [t:  2] (r: 0.000), [f:     0/1000], inf[8.1e+13], comp[0.0e+00], Q(598, 0, 0, 0), Trans[(512, 2, 8) -> 31.796302199813397]
[Tue Dec  2 17:24:51 2025] >> [t:  3] (r: 0.000), [f:     0/1000], inf[8.1e+13], comp[0.0e+00], Q(597, 1, 0, 0), Trans[(512, 2, 8) -> 31.796302199813397]
[Tue Dec  2 17:24:51 2025] >> [t:  4] (r:-0.100), [f:   300/1000], inf[3.3e+13], comp[7.9e+13], Q(596, 2, 0, 0), Trans[(256, 2, 8) -> 49.877500036556256]
[Tue Dec  2 17:24:51 2025] >> [t:  5] (r:-0.100), [f:   300/1000], inf[3.3e+13], comp[7.9e+13], Q(593, 2, 0, 0), Trans[(256, 2, 8) -> 49.877500036556256]
[Tue Dec  2 17:24:51 2025] >> [t:  6] (r:-0.100), [f:   300/1000], inf[3.3e+13], comp[7.9e+13], Q(591, 2, 0, 0), Trans[(256, 2, 8) -> 49.877500036556256]
[Tue Dec  2 17:24:51 2025] >> [t:  7] (r:-0.100), [f:   300/1000], inf[3.3e+13], comp[7.9e+13], Q(590, 0, 0, 0), Trans[(256, 2, 8) -> 49.877500036556256]
[Tue Dec  2 17:24:51 2025] >> [t:  8] (r: 0.000), [f:     0/1000], inf[3.3e+13], comp[0.0e+00], Q(589, 1, 0, 0), Trans[(256, 2, 8) -> 49.877500036556256]
[Tue Dec  2 17:24:51 2025] >> [t:  9] (r:-0.100), [f:   300/1000], inf[3.3e+13], comp[7.9e+13], Q(588, 0, 0, 0), Trans[(256, 2, 8) -> 49.877500036556256]
[Tue Dec  2 17:24:51 2025] >> [t: 10] (r: 0.000), [f:     0/1000], inf[3.3e+13], comp[0.0e+00], Q(587, 1, 0, 0), Trans[(256, 2, 8) -> 49.877500036556256]
[Tue Dec  2 17:24:51 2025] >> [t: 11] (r:-0.100), [f:   300/1000], inf[3.3e+13], comp[7.9e+13], Q(585, 1, 0, 0), Trans[(256, 2, 8) -> 49.877500036556256]
[Tue Dec  2 17:24:51 2025] >> [t: 12] (r:-0.100), [f:   300/1000], inf[3.3e+13], comp[7.9e+13], Q(585, 0, 0, 0), Trans[(256, 2, 8) -> 49.877500036556256]
[Tue Dec  2 17:24:51 2025] >> [t: 13] (r: 0.000), [f:     0/1000], inf[3.3e+13], comp[0.0e+00], Q(584, 1, 0, 0), Trans[(256, 2, 8) -> 49.877500036556256]
[Tue Dec  2 17:24:51 2025] >> [t: 14] (r:-0.100), [f:   300/1000], inf[3.3e+13], comp[7.9e+13], Q(584, 0, 0, 0), Trans[(256, 2, 8) -> 49.877500036556256]
[Tue Dec  2 17:24:51 2025] >> [t: 15] (r: 0.000), [f:     0/1000], inf[3.3e+13], comp[0.0e+00], Q(583, 1, 0, 0), Trans[(256, 2, 8) -> 49.877500036556256]
[Tue Dec  2 17:24:51 2025] >> [t: 16] (r:-0.100), [f:   300/1000], inf[3.3e+13], comp[7.9e+13], Q(583, 0, 0, 0), Trans[(256, 2, 8) -> 49.877500036556256]
[Tue Dec  2 17:24:51 2025] >> [t: 17] (r: 0.000), [f:     0/1000], inf[3.3e+13], comp[0.0e+00], Q(583, 0, 0, 0), Trans[(256, 2, 8) -> 49.877500036556256]
[Tue Dec  2 17:24:51 2025] >> [t: 18] (r: 0.000), [f:     0/1000], inf[8.1e+13], comp[0.0e+00], Q(582, 1, 0, 0), Trans[(512, 2, 8) -> 31.796302199813397]
[Tue Dec  2 17:24:51 2025] >> [t: 19] (r:-0.100), [f:   300/1000], inf[3.3e+13], comp[7.9e+13], Q(582, 1, 0, 0), Trans[(256, 2, 8) -> 49.877500036556256]
[Tue Dec  2 17:24:51 2025] >> [t: 20] (r:-0.100), [f:   300/1000], inf[3.3e+13], comp[7.9e+13], Q(582, 0, 0, 0), Trans[(256, 2, 8) -> 49.877500036556256]
[Tue Dec  2 17:24:51 2025] >> [t: 21] (r: 0.000), [f:     0/1000], inf[3.3e+13], comp[0.0e+00], Q(582, 0, 0, 0), Trans[(256, 2, 8) -> 49.877500036556256]
[Tue Dec  2 17:24:51 2025] >> [t: 22] (r: 0.000), [f:     0/1000], inf[8.1e+13], comp[0.0e+00], Q(582, 0, 0, 0), Trans[(512, 2, 8) -> 31.796302199813397]
[Tue Dec  2 17:24:51 2025] >> [t: 23] (r: 0.000), [f:     0/1000], inf[8.1e+13], comp[0.0e+00], Q(582, 0, 0, 0), Trans[(512, 2, 8) -> 31.796302199813397]
[Tue Dec  2 17:24:51 2025] >> [t: 24] (r: 0.000), [f:     0/1000], inf[8.1e+13], comp[0.0e+00], Q(582, 0, 0, 0), Trans[(512, 2, 8) -> 31.796302199813397]
[Tue Dec  2 17:24:51 2025] >> [t: 25] (r: 0.000), [f:     0/1000], inf[8.1e+13], comp[0.0e+00], Q(582, 0, 0, 0), Trans[(512, 2, 8) -> 31.796302199813397]
[Tue Dec  2 17:24:51 2025] >> [t: 26] (r: 0.000), [f:     0/1000], inf[8.1e+13], comp[0.0e+00], Q(580, 2, 0, 0), Trans[(512, 2, 8) -> 31.796302199813397]
[Tue Dec  2 17:24:51 2025] >> [t: 27] (r:-0.100), [f:   300/1000], inf[3.3e+13], comp[7.9e+13], Q(579, 3, 0, 0), Trans[(256, 2, 8) -> 49.877500036556256]
[Tue Dec  2 17:24:51 2025] >> [t: 28] (r:-0.100), [f:   300/1000], inf[3.3e+13], comp[7.9e+13], Q(576, 5, 0, 0), Trans[(256, 2, 8) -> 49.877500036556256]
[Tue Dec  2 17:24:51 2025] >> [t: 29] (r:-0.100), [f:   300/1000], inf[3.3e+13], comp[7.9e+13], Q(575, 3, 0, 0), Trans[(256, 2, 8) -> 49.877500036556256]
[Tue Dec  2 17:24:51 2025] >> [t: 30] (r:-0.100), [f:   300/1000], inf[3.3e+13], comp[7.9e+13], Q(575, 1, 0, 0), Trans[(256, 2, 8) -> 49.877500036556256]
[Tue Dec  2 17:24:51 2025] >> [t: 31] (r:-0.100), [f:   300/1000], inf[3.3e+13], comp[7.9e+13], Q(574, 0, 0, 0), Trans[(256, 2, 8) -> 49.877500036556256]
[Tue Dec  2 17:24:51 2025] >> [t: 32] (r: 0.000), [f:     0/1000], inf[3.3e+13], comp[0.0e+00], Q(573, 1, 0, 0), Trans[(256, 2, 8) -> 49.877500036556256]
[Tue Dec  2 17:24:51 2025] >> [t: 33] (r:-0.100), [f:   300/1000], inf[3.3e+13], comp[7.9e+13], Q(573, 0, 0, 0), Trans[(256, 2, 8) -> 49.877500036556256]
[Tue Dec  2 17:24:51 2025] >> [t: 34] (r: 0.000), [f:     0/1000], inf[3.3e+13], comp[0.0e+00], Q(572, 1, 0, 0), Trans[(256, 2, 8) -> 49.877500036556256]
[Tue Dec  2 17:24:51 2025] >> [t: 35] (r:-0.100), [f:   300/1000], inf[3.3e+13], comp[7.9e+13], Q(571, 0, 0, 0), Trans[(256, 2, 8) -> 49.877500036556256]
[Tue Dec  2 17:24:51 2025] >> [t: 36] (r: 0.000), [f:     0/1000], inf[3.3e+13], comp[0.0e+00], Q(569, 2, 0, 0), Trans[(256, 2, 8) -> 49.877500036556256]
[Tue Dec  2 17:24:51 2025] >> [t: 37] (r:-0.100), [f:   300/1000], inf[3.3e+13], comp[7.9e+13], Q(568, 1, 0, 0), Trans[(256, 2, 8) -> 49.877500036556256]
[Tue Dec  2 17:24:51 2025] >> [t: 38] (r:-0.100), [f:   300/1000], inf[3.3e+13], comp[7.9e+13], Q(568, 0, 0, 0), Trans[(256, 2, 8) -> 49.877500036556256]
[Tue Dec  2 17:24:51 2025] >> [t: 39] (r: 0.000), [f:     0/1000], inf[3.3e+13], comp[0.0e+00], Q(568, 0, 0, 0), Trans[(256, 2, 8) -> 49.877500036556256]
[Tue Dec  2 17:24:51 2025] >> [t: 40] (r: 0.000), [f:     0/1000], inf[8.1e+13], comp[0.0e+00], Q(567, 1, 0, 0), Trans[(512, 2, 8) -> 31.796302199813397]
[Tue Dec  2 17:24:51 2025] >> [t: 41] (r:-0.100), [f:   300/1000], inf[3.3e+13], comp[7.9e+13], Q(567, 1, 0, 0), Trans[(256, 2, 8) -> 49.877500036556256]
[Tue Dec  2 17:24:51 2025] >> [t: 42] (r:-0.100), [f:   300/1000], inf[3.3e+13], comp[7.9e+13], Q(566, 0, 0, 0), Trans[(256, 2, 8) -> 49.877500036556256]
[Tue Dec  2 17:24:51 2025] >> [t: 43] (r: 0.000), [f:     0/1000], inf[3.3e+13], comp[0.0e+00], Q(565, 1, 0, 0), Trans[(256, 2, 8) -> 49.877500036556256]
[Tue Dec  2 17:24:51 2025] >> [t: 44] (r:-0.100), [f:   300/1000], inf[3.3e+13], comp[7.9e+13], Q(564, 0, 0, 0), Trans[(256, 2, 8) -> 49.877500036556256]
[Tue Dec  2 17:24:51 2025] >> [t: 45] (r: 0.000), [f:     0/1000], inf[3.3e+13], comp[0.0e+00], Q(563, 1, 0, 0), Trans[(256, 2, 8) -> 49.877500036556256]
[Tue Dec  2 17:24:51 2025] >> [t: 46] (r:-0.100), [f:   300/1000], inf[3.3e+13], comp[7.9e+13], Q(561, 1, 0, 0), Trans[(256, 2, 8) -> 49.877500036556256]
[Tue Dec  2 17:24:51 2025] >> [t: 47] (r:-0.100), [f:   300/1000], inf[3.3e+13], comp[7.9e+13], Q(560, 0, 0, 0), Trans[(256, 2, 8) -> 49.877500036556256]
[Tue Dec  2 17:24:51 2025] >> [t: 48] (r: 0.000), [f:     0/1000], inf[3.3e+13], comp[0.0e+00], Q(560, 0, 0, 0), Trans[(256, 2, 8) -> 49.877500036556256]
[Tue Dec  2 17:24:51 2025] >> [t: 49] (r: 0.000), [f:     0/1000], inf[8.1e+13], comp[0.0e+00], Q(559, 1, 0, 0), Trans[(512, 2, 8) -> 31.796302199813397]
[Tue Dec  2 17:24:51 2025] >> [t: 50] (r:-0.100), [f:   300/1000], inf[3.3e+13], comp[7.9e+13], Q(559, 1, 0, 0), Trans[(256, 2, 8) -> 49.877500036556256]
[Tue Dec  2 17:24:51 2025] >> [t: 51] (r:-0.100), [f:   300/1000], inf[3.3e+13], comp[7.9e+13], Q(559, 0, 0, 0), Trans[(256, 2, 8) -> 49.877500036556256]
[Tue Dec  2 17:24:51 2025] >> [t: 52] (r: 0.000), [f:     0/1000], inf[3.3e+13], comp[0.0e+00], Q(557, 2, 0, 0), Trans[(256, 2, 8) -> 49.877500036556256]
[Tue Dec  2 17:24:51 2025] >> [t: 53] (r:-0.100), [f:   300/1000], inf[3.3e+13], comp[7.9e+13], Q(557, 0, 0, 0), Trans[(256, 2, 8) -> 49.877500036556256]
[Tue Dec  2 17:24:51 2025] >> [t: 54] (r: 0.000), [f:     0/1000], inf[3.3e+13], comp[0.0e+00], Q(555, 2, 0, 0), Trans[(256, 2, 8) -> 49.877500036556256]
[Tue Dec  2 17:24:51 2025] >> [t: 55] (r:-0.100), [f:   300/1000], inf[3.3e+13], comp[7.9e+13], Q(555, 0, 0, 0), Trans[(256, 2, 8) -> 49.877500036556256]
[Tue Dec  2 17:24:51 2025] >> [t: 56] (r: 0.000), [f:     0/1000], inf[3.3e+13], comp[0.0e+00], Q(554, 1, 0, 0), Trans[(256, 2, 8) -> 49.877500036556256]
[Tue Dec  2 17:24:51 2025] >> [t: 57] (r:-0.100), [f:   300/1000], inf[3.3e+13], comp[7.9e+13], Q(553, 0, 0, 0), Trans[(256, 2, 8) -> 49.877500036556256]
[Tue Dec  2 17:24:51 2025] >> [t: 58] (r: 0.000), [f:     0/1000], inf[3.3e+13], comp[0.0e+00], Q(552, 1, 0, 0), Trans[(256, 2, 8) -> 49.877500036556256]
[Tue Dec  2 17:24:51 2025] >> [t: 59] (r:-0.100), [f:   300/1000], inf[3.3e+13], comp[7.9e+13], Q(552, 0, 0, 0), Trans[(256, 2, 8) -> 49.877500036556256]
[Tue Dec  2 17:24:51 2025] >> [t: 60] (r: 0.000), [f:     0/1000], inf[3.3e+13], comp[0.0e+00], Q(552, 0, 0, 0), Trans[(256, 2, 8) -> 49.877500036556256]
[Tue Dec  2 17:24:51 2025] >> [t: 61] (r: 0.000), [f:     0/1000], inf[8.1e+13], comp[0.0e+00], Q(552, 0, 0, 0), Trans[(512, 2, 8) -> 31.796302199813397]
[Tue Dec  2 17:24:51 2025] >> [t: 62] (r: 0.000), [f:     0/1000], inf[8.1e+13], comp[0.0e+00], Q(552, 0, 0, 0), Trans[(512, 2, 8) -> 31.796302199813397]
[Tue Dec  2 17:24:51 2025] >> [t: 63] (r: 0.000), [f:     0/1000], inf[8.1e+13], comp[0.0e+00], Q(552, 0, 0, 0), Trans[(512, 2, 8) -> 31.796302199813397]
[Tue Dec  2 17:24:51 2025] >> [t: 64] (r: 0.000), [f:     0/1000], inf[8.1e+13], comp[0.0e+00], Q(552, 0, 0, 0), Trans[(512, 2, 8) -> 31.796302199813397]
[Tue Dec  2 17:24:51 2025] >> [t: 65] (r: 0.000), [f:     0/1000], inf[8.1e+13], comp[0.0e+00], Q(551, 1, 0, 0), Trans[(512, 2, 8) -> 31.796302199813397]
[Tue Dec  2 17:24:51 2025] >> [t: 66] (r:-0.100), [f:   300/1000], inf[3.3e+13], comp[7.9e+13], Q(551, 1, 0, 0), Trans[(256, 2, 8) -> 49.877500036556256]
[Tue Dec  2 17:24:51 2025] >> [t: 67] (r:-0.100), [f:   300/1000], inf[3.3e+13], comp[7.9e+13], Q(549, 0, 0, 0), Trans[(256, 2, 8) -> 49.877500036556256]
[Tue Dec  2 17:24:51 2025] >> [t: 68] (r: 0.000), [f:     0/1000], inf[3.3e+13], comp[0.0e+00], Q(549, 0, 0, 0), Trans[(256, 2, 8) -> 49.877500036556256]
[Tue Dec  2 17:24:51 2025] >> [t: 69] (r: 0.000), [f:     0/1000], inf[8.1e+13], comp[0.0e+00], Q(549, 0, 0, 0), Trans[(512, 2, 8) -> 31.796302199813397]
[Tue Dec  2 17:24:51 2025] >> [t: 70] (r: 0.000), [f:     0/1000], inf[8.1e+13], comp[0.0e+00], Q(548, 1, 0, 0), Trans[(512, 2, 8) -> 31.796302199813397]
[Tue Dec  2 17:24:51 2025] >> [t: 71] (r:-0.100), [f:   300/1000], inf[3.3e+13], comp[7.9e+13], Q(548, 1, 0, 0), Trans[(256, 2, 8) -> 49.877500036556256]
[Tue Dec  2 17:24:51 2025] >> [t: 72] (r:-0.100), [f:   300/1000], inf[3.3e+13], comp[7.9e+13], Q(546, 0, 0, 0), Trans[(256, 2, 8) -> 49.877500036556256]
[Tue Dec  2 17:24:51 2025] >> [t: 73] (r: 0.000), [f:     0/1000], inf[3.3e+13], comp[0.0e+00], Q(546, 0, 0, 0), Trans[(256, 2, 8) -> 49.877500036556256]
[Tue Dec  2 17:24:51 2025] >> [t: 74] (r: 0.000), [f:     0/1000], inf[8.1e+13], comp[0.0e+00], Q(546, 0, 0, 0), Trans[(512, 2, 8) -> 31.796302199813397]
[Tue Dec  2 17:24:51 2025] >> [t: 75] (r: 0.000), [f:     0/1000], inf[8.1e+13], comp[0.0e+00], Q(545, 1, 0, 0), Trans[(512, 2, 8) -> 31.796302199813397]
[Tue Dec  2 17:24:51 2025] >> [t: 76] (r:-0.100), [f:   300/1000], inf[3.3e+13], comp[7.9e+13], Q(542, 4, 0, 0), Trans[(256, 2, 8) -> 49.877500036556256]
[Tue Dec  2 17:24:51 2025] >> [t: 77] (r:-0.100), [f:   300/1000], inf[3.3e+13], comp[7.9e+13], Q(542, 1, 0, 0), Trans[(256, 2, 8) -> 49.877500036556256]
[Tue Dec  2 17:24:51 2025] >> [t: 78] (r:-0.100), [f:   300/1000], inf[3.3e+13], comp[7.9e+13], Q(542, 0, 0, 0), Trans[(256, 2, 8) -> 49.877500036556256]
[Tue Dec  2 17:24:51 2025] >> [t: 79] (r: 0.000), [f:     0/1000], inf[3.3e+13], comp[0.0e+00], Q(542, 0, 0, 0), Trans[(256, 2, 8) -> 49.877500036556256]
[Tue Dec  2 17:24:51 2025] >> [t: 80] (r: 0.000), [f:     0/1000], inf[8.1e+13], comp[0.0e+00], Q(541, 1, 0, 0), Trans[(512, 2, 8) -> 31.796302199813397]
[Tue Dec  2 17:24:51 2025] >> [t: 81] (r:-0.100), [f:   300/1000], inf[3.3e+13], comp[7.9e+13], Q(541, 1, 0, 0), Trans[(256, 2, 8) -> 49.877500036556256]
[Tue Dec  2 17:24:51 2025] >> [t: 82] (r:-0.100), [f:   300/1000], inf[3.3e+13], comp[7.9e+13], Q(541, 0, 0, 0), Trans[(256, 2, 8) -> 49.877500036556256]
[Tue Dec  2 17:24:51 2025] >> [t: 83] (r: 0.000), [f:     0/1000], inf[3.3e+13], comp[0.0e+00], Q(541, 0, 0, 0), Trans[(256, 2, 8) -> 49.877500036556256]
[Tue Dec  2 17:24:51 2025] >> [t: 84] (r: 0.000), [f:     0/1000], inf[8.1e+13], comp[0.0e+00], Q(541, 0, 0, 0), Trans[(512, 2, 8) -> 31.796302199813397]
[Tue Dec  2 17:24:51 2025] >> [t: 85] (r: 0.000), [f:     0/1000], inf[8.1e+13], comp[0.0e+00], Q(541, 0, 0, 0), Trans[(512, 2, 8) -> 31.796302199813397]
[Tue Dec  2 17:24:51 2025] >> [t: 86] (r: 0.000), [f:     0/1000], inf[8.1e+13], comp[0.0e+00], Q(541, 0, 0, 0), Trans[(512, 2, 8) -> 31.796302199813397]
[Tue Dec  2 17:24:51 2025] >> [t: 87] (r: 0.000), [f:     0/1000], inf[8.1e+13], comp[0.0e+00], Q(541, 0, 0, 0), Trans[(512, 2, 8) -> 31.796302199813397]
[Tue Dec  2 17:24:51 2025] >> [t: 88] (r: 0.000), [f:     0/1000], inf[8.1e+13], comp[0.0e+00], Q(541, 0, 0, 0), Trans[(512, 2, 8) -> 31.796302199813397]
[Tue Dec  2 17:24:51 2025] >> [t: 89] (r: 0.000), [f:     0/1000], inf[8.1e+13], comp[0.0e+00], Q(540, 1, 0, 0), Trans[(512, 2, 8) -> 31.796302199813397]
[Tue Dec  2 17:24:51 2025] >> [t: 90] (r:-0.100), [f:   300/1000], inf[3.3e+13], comp[7.9e+13], Q(540, 1, 0, 0), Trans[(256, 2, 8) -> 49.877500036556256]
[Tue Dec  2 17:24:51 2025] >> [t: 91] (r:-0.100), [f:   300/1000], inf[3.3e+13], comp[7.9e+13], Q(540, 0, 0, 0), Trans[(256, 2, 8) -> 49.877500036556256]
[Tue Dec  2 17:24:51 2025] >> [t: 92] (r: 0.000), [f:     0/1000], inf[3.3e+13], comp[0.0e+00], Q(538, 2, 0, 0), Trans[(256, 2, 8) -> 49.877500036556256]
[Tue Dec  2 17:24:51 2025] >> [t: 93] (r:-0.100), [f:   300/1000], inf[3.3e+13], comp[7.9e+13], Q(538, 0, 0, 0), Trans[(256, 2, 8) -> 49.877500036556256]
[Tue Dec  2 17:24:51 2025] >> [t: 94] (r: 0.000), [f:     0/1000], inf[3.3e+13], comp[0.0e+00], Q(537, 1, 0, 0), Trans[(256, 2, 8) -> 49.877500036556256]
[Tue Dec  2 17:24:51 2025] >> [t: 95] (r:-0.100), [f:   300/1000], inf[3.3e+13], comp[7.9e+13], Q(536, 0, 0, 0), Trans[(256, 2, 8) -> 49.877500036556256]
[Tue Dec  2 17:24:51 2025] >> [t: 96] (r: 0.000), [f:     0/1000], inf[3.3e+13], comp[0.0e+00], Q(536, 0, 0, 0), Trans[(256, 2, 8) -> 49.877500036556256]
[Tue Dec  2 17:24:51 2025] >> [t: 97] (r: 0.000), [f:     0/1000], inf[8.1e+13], comp[0.0e+00], Q(536, 0, 0, 0), Trans[(512, 2, 8) -> 31.796302199813397]
[Tue Dec  2 17:24:51 2025] >> [t: 98] (r: 0.000), [f:     0/1000], inf[8.1e+13], comp[0.0e+00], Q(535, 1, 0, 0), Trans[(512, 2, 8) -> 31.796302199813397]
[Tue Dec  2 17:24:51 2025] >> [t: 99] (r:-0.100), [f:   300/1000], inf[3.3e+13], comp[7.9e+13], Q(535, 1, 0, 0), Trans[(256, 2, 8) -> 49.877500036556256]
[Tue Dec  2 17:24:51 2025] >> [t:100] (r:-0.100), [f:   300/1000], inf[3.3e+13], comp[7.9e+13], Q(533, 0, 0, 0), Trans[(256, 2, 8) -> 49.877500036556256]
[Tue Dec  2 17:24:51 2025] >> [t:101] (r: 0.000), [f:     0/1000], inf[3.3e+13], comp[0.0e+00], Q(533, 0, 0, 0), Trans[(256, 2, 8) -> 49.877500036556256]
[Tue Dec  2 17:24:51 2025] >> [t:102] (r: 0.000), [f:     0/1000], inf[8.1e+13], comp[0.0e+00], Q(532, 1, 0, 0), Trans[(512, 2, 8) -> 31.796302199813397]
[Tue Dec  2 17:24:51 2025] >> [t:103] (r:-0.100), [f:   300/1000], inf[3.3e+13], comp[7.9e+13], Q(531, 2, 0, 0), Trans[(256, 2, 8) -> 49.877500036556256]
[Tue Dec  2 17:24:51 2025] >> [t:104] (r:-0.100), [f:   300/1000], inf[3.3e+13], comp[7.9e+13], Q(530, 0, 0, 0), Trans[(256, 2, 8) -> 49.877500036556256]
[Tue Dec  2 17:24:51 2025] >> [t:105] (r: 0.000), [f:     0/1000], inf[3.3e+13], comp[0.0e+00], Q(529, 1, 0, 0), Trans[(256, 2, 8) -> 49.877500036556256]
[Tue Dec  2 17:24:51 2025] >> [t:106] (r:-0.100), [f:   300/1000], inf[3.3e+13], comp[7.9e+13], Q(529, 0, 0, 0), Trans[(256, 2, 8) -> 49.877500036556256]
[Tue Dec  2 17:24:51 2025] >> [t:107] (r: 0.000), [f:     0/1000], inf[3.3e+13], comp[0.0e+00], Q(529, 0, 0, 0), Trans[(256, 2, 8) -> 49.877500036556256]
[Tue Dec  2 17:24:51 2025] >> [t:108] (r: 0.000), [f:     0/1000], inf[8.1e+13], comp[0.0e+00], Q(529, 0, 0, 0), Trans[(512, 2, 8) -> 31.796302199813397]
[Tue Dec  2 17:24:51 2025] >> [t:109] (r: 0.000), [f:     0/1000], inf[8.1e+13], comp[0.0e+00], Q(529, 0, 0, 0), Trans[(512, 2, 8) -> 31.796302199813397]
[Tue Dec  2 17:24:51 2025] >> [t:110] (r: 0.000), [f:     0/1000], inf[8.1e+13], comp[0.0e+00], Q(528, 1, 0, 0), Trans[(512, 2, 8) -> 31.796302199813397]
[Tue Dec  2 17:24:51 2025] >> [t:111] (r:-0.100), [f:   300/1000], inf[3.3e+13], comp[7.9e+13], Q(527, 2, 0, 0), Trans[(256, 2, 8) -> 49.877500036556256]
[Tue Dec  2 17:24:51 2025] >> [t:112] (r:-0.100), [f:   300/1000], inf[3.3e+13], comp[7.9e+13], Q(527, 0, 0, 0), Trans[(256, 2, 8) -> 49.877500036556256]
[Tue Dec  2 17:24:51 2025] >> [t:113] (r: 0.000), [f:     0/1000], inf[3.3e+13], comp[0.0e+00], Q(527, 0, 0, 0), Trans[(256, 2, 8) -> 49.877500036556256]
[Tue Dec  2 17:24:51 2025] >> [t:114] (r: 0.000), [f:     0/1000], inf[8.1e+13], comp[0.0e+00], Q(526, 1, 0, 0), Trans[(512, 2, 8) -> 31.796302199813397]
[Tue Dec  2 17:24:51 2025] >> [t:115] (r:-0.100), [f:   300/1000], inf[3.3e+13], comp[7.9e+13], Q(525, 2, 0, 0), Trans[(256, 2, 8) -> 49.877500036556256]
[Tue Dec  2 17:24:51 2025] >> [t:116] (r:-0.100), [f:   300/1000], inf[3.3e+13], comp[7.9e+13], Q(525, 0, 0, 0), Trans[(256, 2, 8) -> 49.877500036556256]
[Tue Dec  2 17:24:51 2025] >> [t:117] (r: 0.000), [f:     0/1000], inf[3.3e+13], comp[0.0e+00], Q(525, 0, 0, 0), Trans[(256, 2, 8) -> 49.877500036556256]
[Tue Dec  2 17:24:51 2025] >> [t:118] (r: 0.000), [f:     0/1000], inf[8.1e+13], comp[0.0e+00], Q(525, 0, 0, 0), Trans[(512, 2, 8) -> 31.796302199813397]
[Tue Dec  2 17:24:51 2025] >> [t:119] (r: 0.000), [f:     0/1000], inf[8.1e+13], comp[0.0e+00], Q(522, 3, 0, 0), Trans[(512, 2, 8) -> 31.796302199813397]
[Tue Dec  2 17:24:51 2025] >> [t:120] (r:-0.100), [f:   300/1000], inf[3.3e+13], comp[7.9e+13], Q(520, 5, 0, 0), Trans[(256, 2, 8) -> 49.877500036556256]
[Tue Dec  2 17:24:51 2025] >> [t:121] (r:-0.100), [f:   300/1000], inf[3.3e+13], comp[7.9e+13], Q(519, 5, 0, 0), Trans[(256, 2, 8) -> 49.877500036556256]
[Tue Dec  2 17:24:51 2025] >> [t:122] (r:-0.100), [f:   300/1000], inf[3.3e+13], comp[7.9e+13], Q(518, 5, 0, 0), Trans[(256, 2, 8) -> 49.877500036556256]
[Tue Dec  2 17:24:51 2025] >> [t:123] (r:-0.100), [f:   300/1000], inf[3.3e+13], comp[7.9e+13], Q(517, 3, 0, 0), Trans[(256, 2, 8) -> 49.877500036556256]
[Tue Dec  2 17:24:51 2025] >> [t:124] (r:-0.100), [f:   300/1000], inf[3.3e+13], comp[7.9e+13], Q(517, 1, 0, 0), Trans[(256, 2, 8) -> 49.877500036556256]
[Tue Dec  2 17:24:51 2025] >> [t:125] (r:-0.100), [f:   300/1000], inf[3.3e+13], comp[7.9e+13], Q(517, 0, 0, 0), Trans[(256, 2, 8) -> 49.877500036556256]
[Tue Dec  2 17:24:51 2025] >> [t:126] (r: 0.000), [f:     0/1000], inf[3.3e+13], comp[0.0e+00], Q(516, 1, 0, 0), Trans[(256, 2, 8) -> 49.877500036556256]
[Tue Dec  2 17:24:51 2025] >> [t:127] (r:-0.100), [f:   300/1000], inf[3.3e+13], comp[7.9e+13], Q(515, 0, 0, 0), Trans[(256, 2, 8) -> 49.877500036556256]
[Tue Dec  2 17:24:51 2025] >> [t:128] (r: 0.000), [f:     0/1000], inf[3.3e+13], comp[0.0e+00], Q(515, 0, 0, 0), Trans[(256, 2, 8) -> 49.877500036556256]
[Tue Dec  2 17:24:51 2025] >> [t:129] (r: 0.000), [f:     0/1000], inf[8.1e+13], comp[0.0e+00], Q(514, 1, 0, 0), Trans[(512, 2, 8) -> 31.796302199813397]
[Tue Dec  2 17:24:51 2025] >> [t:130] (r:-0.100), [f:   300/1000], inf[3.3e+13], comp[7.9e+13], Q(514, 1, 0, 0), Trans[(256, 2, 8) -> 49.877500036556256]
[Tue Dec  2 17:24:51 2025] >> [t:131] (r:-0.100), [f:   300/1000], inf[3.3e+13], comp[7.9e+13], Q(514, 0, 0, 0), Trans[(256, 2, 8) -> 49.877500036556256]
[Tue Dec  2 17:24:51 2025] >> [t:132] (r: 0.000), [f:     0/1000], inf[3.3e+13], comp[0.0e+00], Q(513, 1, 0, 0), Trans[(256, 2, 8) -> 49.877500036556256]
[Tue Dec  2 17:24:51 2025] >> [t:133] (r:-0.100), [f:   300/1000], inf[3.3e+13], comp[7.9e+13], Q(513, 0, 0, 0), Trans[(256, 2, 8) -> 49.877500036556256]
[Tue Dec  2 17:24:51 2025] >> [t:134] (r: 0.000), [f:     0/1000], inf[3.3e+13], comp[0.0e+00], Q(512, 1, 0, 0), Trans[(256, 2, 8) -> 49.877500036556256]
[Tue Dec  2 17:24:51 2025] >> [t:135] (r:-0.100), [f:   300/1000], inf[3.3e+13], comp[7.9e+13], Q(512, 0, 0, 0), Trans[(256, 2, 8) -> 49.877500036556256]
[Tue Dec  2 17:24:51 2025] >> [t:136] (r: 0.000), [f:     0/1000], inf[3.3e+13], comp[0.0e+00], Q(511, 1, 0, 0), Trans[(256, 2, 8) -> 49.877500036556256]
[Tue Dec  2 17:24:51 2025] >> [t:137] (r:-0.100), [f:   300/1000], inf[3.3e+13], comp[7.9e+13], Q(509, 1, 0, 0), Trans[(256, 2, 8) -> 49.877500036556256]
[Tue Dec  2 17:24:51 2025] >> [t:138] (r:-0.100), [f:   300/1000], inf[3.3e+13], comp[7.9e+13], Q(509, 0, 0, 0), Trans[(256, 2, 8) -> 49.877500036556256]
[Tue Dec  2 17:24:51 2025] >> [t:139] (r: 0.000), [f:     0/1000], inf[3.3e+13], comp[0.0e+00], Q(508, 1, 0, 0), Trans[(256, 2, 8) -> 49.877500036556256]
[Tue Dec  2 17:24:51 2025] >> [t:140] (r:-0.100), [f:   300/1000], inf[3.3e+13], comp[7.9e+13], Q(508, 0, 0, 0), Trans[(256, 2, 8) -> 49.877500036556256]
[Tue Dec  2 17:24:51 2025] >> [t:141] (r: 0.000), [f:     0/1000], inf[3.3e+13], comp[0.0e+00], Q(506, 2, 0, 0), Trans[(256, 2, 8) -> 49.877500036556256]
[Tue Dec  2 17:24:51 2025] >> [t:142] (r:-0.100), [f:   300/1000], inf[3.3e+13], comp[7.9e+13], Q(504, 2, 0, 0), Trans[(256, 2, 8) -> 49.877500036556256]
[Tue Dec  2 17:24:51 2025] >> [t:143] (r:-0.100), [f:   300/1000], inf[3.3e+13], comp[7.9e+13], Q(504, 0, 0, 0), Trans[(256, 2, 8) -> 49.877500036556256]
[Tue Dec  2 17:24:51 2025] >> [t:144] (r: 0.000), [f:     0/1000], inf[3.3e+13], comp[0.0e+00], Q(503, 1, 0, 0), Trans[(256, 2, 8) -> 49.877500036556256]
[Tue Dec  2 17:24:51 2025] >> [t:145] (r:-0.100), [f:   300/1000], inf[3.3e+13], comp[7.9e+13], Q(502, 0, 0, 0), Trans[(256, 2, 8) -> 49.877500036556256]
[Tue Dec  2 17:24:51 2025] >> [t:146] (r: 0.000), [f:     0/1000], inf[3.3e+13], comp[0.0e+00], Q(502, 0, 0, 0), Trans[(256, 2, 8) -> 49.877500036556256]
[Tue Dec  2 17:24:51 2025] >> [t:147] (r: 0.000), [f:     0/1000], inf[8.1e+13], comp[0.0e+00], Q(501, 1, 0, 0), Trans[(512, 2, 8) -> 31.796302199813397]
[Tue Dec  2 17:24:51 2025] >> [t:148] (r:-0.100), [f:   300/1000], inf[3.3e+13], comp[7.9e+13], Q(500, 2, 0, 0), Trans[(256, 2, 8) -> 49.877500036556256]
[Tue Dec  2 17:24:51 2025] >> [t:149] (r:-0.100), [f:   300/1000], inf[3.3e+13], comp[7.9e+13], Q(500, 0, 0, 0), Trans[(256, 2, 8) -> 49.877500036556256]
[Tue Dec  2 17:24:51 2025] >> [t:150] (r: 0.000), [f:     0/1000], inf[3.3e+13], comp[0.0e+00], Q(499, 1, 0, 0), Trans[(256, 2, 8) -> 49.877500036556256]
[Tue Dec  2 17:24:51 2025] >> [t:151] (r:-0.100), [f:   300/1000], inf[3.3e+13], comp[7.9e+13], Q(499, 0, 0, 0), Trans[(256, 2, 8) -> 49.877500036556256]
[Tue Dec  2 17:24:51 2025] >> [t:152] (r: 0.000), [f:     0/1000], inf[3.3e+13], comp[0.0e+00], Q(499, 0, 0, 0), Trans[(256, 2, 8) -> 49.877500036556256]
[Tue Dec  2 17:24:51 2025] >> [t:153] (r: 0.000), [f:     0/1000], inf[8.1e+13], comp[0.0e+00], Q(498, 1, 0, 0), Trans[(512, 2, 8) -> 31.796302199813397]
[Tue Dec  2 17:24:51 2025] >> [t:154] (r:-0.100), [f:   300/1000], inf[3.3e+13], comp[7.9e+13], Q(496, 3, 0, 0), Trans[(256, 2, 8) -> 49.877500036556256]
[Tue Dec  2 17:24:51 2025] >> [t:155] (r:-0.100), [f:   300/1000], inf[3.3e+13], comp[7.9e+13], Q(496, 0, 0, 0), Trans[(256, 2, 8) -> 49.877500036556256]
[Tue Dec  2 17:24:51 2025] >> [t:156] (r: 0.000), [f:     0/1000], inf[3.3e+13], comp[0.0e+00], Q(495, 1, 0, 0), Trans[(256, 2, 8) -> 49.877500036556256]
[Tue Dec  2 17:24:51 2025] >> [t:157] (r:-0.100), [f:   300/1000], inf[3.3e+13], comp[7.9e+13], Q(493, 1, 0, 0), Trans[(256, 2, 8) -> 49.877500036556256]
[Tue Dec  2 17:24:51 2025] >> [t:158] (r:-0.100), [f:   300/1000], inf[3.3e+13], comp[7.9e+13], Q(493, 0, 0, 0), Trans[(256, 2, 8) -> 49.877500036556256]
[Tue Dec  2 17:24:51 2025] >> [t:159] (r: 0.000), [f:     0/1000], inf[3.3e+13], comp[0.0e+00], Q(492, 1, 0, 0), Trans[(256, 2, 8) -> 49.877500036556256]
[Tue Dec  2 17:24:51 2025] >> [t:160] (r:-0.100), [f:   300/1000], inf[3.3e+13], comp[7.9e+13], Q(492, 0, 0, 0), Trans[(256, 2, 8) -> 49.877500036556256]
[Tue Dec  2 17:24:51 2025] >> [t:161] (r: 0.000), [f:     0/1000], inf[3.3e+13], comp[0.0e+00], Q(492, 0, 0, 0), Trans[(256, 2, 8) -> 49.877500036556256]
[Tue Dec  2 17:24:51 2025] >> [t:162] (r: 0.000), [f:     0/1000], inf[8.1e+13], comp[0.0e+00], Q(492, 0, 0, 0), Trans[(512, 2, 8) -> 31.796302199813397]
[Tue Dec  2 17:24:51 2025] >> [t:163] (r: 0.000), [f:     0/1000], inf[8.1e+13], comp[0.0e+00], Q(491, 1, 0, 0), Trans[(512, 2, 8) -> 31.796302199813397]
[Tue Dec  2 17:24:51 2025] >> [t:164] (r:-0.100), [f:   300/1000], inf[3.3e+13], comp[7.9e+13], Q(490, 2, 0, 0), Trans[(256, 2, 8) -> 49.877500036556256]
[Tue Dec  2 17:24:51 2025] >> [t:165] (r:-0.100), [f:   300/1000], inf[3.3e+13], comp[7.9e+13], Q(489, 0, 0, 0), Trans[(256, 2, 8) -> 49.877500036556256]
[Tue Dec  2 17:24:51 2025] >> [t:166] (r: 0.000), [f:     0/1000], inf[3.3e+13], comp[0.0e+00], Q(487, 2, 0, 0), Trans[(256, 2, 8) -> 49.877500036556256]
[Tue Dec  2 17:24:51 2025] >> [t:167] (r:-0.100), [f:   300/1000], inf[3.3e+13], comp[7.9e+13], Q(487, 0, 0, 0), Trans[(256, 2, 8) -> 49.877500036556256]
[Tue Dec  2 17:24:51 2025] >> [t:168] (r: 0.000), [f:     0/1000], inf[3.3e+13], comp[0.0e+00], Q(483, 4, 0, 0), Trans[(256, 2, 8) -> 49.877500036556256]
[Tue Dec  2 17:24:51 2025] >> [t:169] (r:-0.100), [f:   300/1000], inf[3.3e+13], comp[7.9e+13], Q(482, 3, 0, 0), Trans[(256, 2, 8) -> 49.877500036556256]
[Tue Dec  2 17:24:51 2025] >> [t:170] (r:-0.100), [f:   300/1000], inf[3.3e+13], comp[7.9e+13], Q(482, 1, 0, 0), Trans[(256, 2, 8) -> 49.877500036556256]
[Tue Dec  2 17:24:51 2025] >> [t:171] (r:-0.100), [f:   300/1000], inf[3.3e+13], comp[7.9e+13], Q(482, 0, 0, 0), Trans[(256, 2, 8) -> 49.877500036556256]
[Tue Dec  2 17:24:51 2025] >> [t:172] (r: 0.000), [f:     0/1000], inf[3.3e+13], comp[0.0e+00], Q(481, 1, 0, 0), Trans[(256, 2, 8) -> 49.877500036556256]
[Tue Dec  2 17:24:51 2025] >> [t:173] (r:-0.100), [f:   300/1000], inf[3.3e+13], comp[7.9e+13], Q(478, 2, 0, 0), Trans[(256, 2, 8) -> 49.877500036556256]
[Tue Dec  2 17:24:51 2025] >> [t:174] (r:-0.100), [f:   300/1000], inf[3.3e+13], comp[7.9e+13], Q(478, 0, 0, 0), Trans[(256, 2, 8) -> 49.877500036556256]
[Tue Dec  2 17:24:51 2025] >> [t:175] (r: 0.000), [f:     0/1000], inf[3.3e+13], comp[0.0e+00], Q(478, 0, 0, 0), Trans[(256, 2, 8) -> 49.877500036556256]
[Tue Dec  2 17:24:51 2025] >> [t:176] (r: 0.000), [f:     0/1000], inf[8.1e+13], comp[0.0e+00], Q(477, 1, 0, 0), Trans[(512, 2, 8) -> 31.796302199813397]
[Tue Dec  2 17:24:51 2025] >> [t:177] (r:-0.100), [f:   300/1000], inf[3.3e+13], comp[7.9e+13], Q(477, 1, 0, 0), Trans[(256, 2, 8) -> 49.877500036556256]
[Tue Dec  2 17:24:51 2025] >> [t:178] (r:-0.100), [f:   300/1000], inf[3.3e+13], comp[7.9e+13], Q(476, 0, 0, 0), Trans[(256, 2, 8) -> 49.877500036556256]
[Tue Dec  2 17:24:51 2025] >> [t:179] (r: 0.000), [f:     0/1000], inf[3.3e+13], comp[0.0e+00], Q(476, 0, 0, 0), Trans[(256, 2, 8) -> 49.877500036556256]
[Tue Dec  2 17:24:51 2025] >> [t:180] (r: 0.000), [f:     0/1000], inf[8.1e+13], comp[0.0e+00], Q(474, 2, 0, 0), Trans[(512, 2, 8) -> 31.796302199813397]
[Tue Dec  2 17:24:51 2025] >> [t:181] (r:-0.100), [f:   300/1000], inf[3.3e+13], comp[7.9e+13], Q(473, 3, 0, 0), Trans[(256, 2, 8) -> 49.877500036556256]
[Tue Dec  2 17:24:51 2025] >> [t:182] (r:-0.100), [f:   300/1000], inf[3.3e+13], comp[7.9e+13], Q(472, 3, 0, 0), Trans[(256, 2, 8) -> 49.877500036556256]
[Tue Dec  2 17:24:51 2025] >> [t:183] (r:-0.100), [f:   300/1000], inf[3.3e+13], comp[7.9e+13], Q(471, 1, 0, 0), Trans[(256, 2, 8) -> 49.877500036556256]
[Tue Dec  2 17:24:51 2025] >> [t:184] (r:-0.100), [f:   300/1000], inf[3.3e+13], comp[7.9e+13], Q(471, 0, 0, 0), Trans[(256, 2, 8) -> 49.877500036556256]
[Tue Dec  2 17:24:51 2025] >> [t:185] (r: 0.000), [f:     0/1000], inf[3.3e+13], comp[0.0e+00], Q(471, 0, 0, 0), Trans[(256, 2, 8) -> 49.877500036556256]
[Tue Dec  2 17:24:51 2025] >> [t:186] (r: 0.000), [f:     0/1000], inf[8.1e+13], comp[0.0e+00], Q(470, 1, 0, 0), Trans[(512, 2, 8) -> 31.796302199813397]
[Tue Dec  2 17:24:51 2025] >> [t:187] (r:-0.100), [f:   300/1000], inf[3.3e+13], comp[7.9e+13], Q(470, 1, 0, 0), Trans[(256, 2, 8) -> 49.877500036556256]
[Tue Dec  2 17:24:51 2025] >> [t:188] (r:-0.100), [f:   300/1000], inf[3.3e+13], comp[7.9e+13], Q(467, 1, 0, 0), Trans[(256, 2, 8) -> 49.877500036556256]
[Tue Dec  2 17:24:51 2025] >> [t:189] (r:-0.100), [f:   300/1000], inf[3.3e+13], comp[7.9e+13], Q(466, 0, 0, 0), Trans[(256, 2, 8) -> 49.877500036556256]
[Tue Dec  2 17:24:51 2025] >> [t:190] (r: 0.000), [f:     0/1000], inf[3.3e+13], comp[0.0e+00], Q(466, 0, 0, 0), Trans[(256, 2, 8) -> 49.877500036556256]
[Tue Dec  2 17:24:51 2025] >> [t:191] (r: 0.000), [f:     0/1000], inf[8.1e+13], comp[0.0e+00], Q(462, 4, 0, 0), Trans[(512, 2, 8) -> 31.796302199813397]
[Tue Dec  2 17:24:51 2025] >> [t:192] (r:-0.796), [f:  1000/1000], inf[1.2e+14], comp[2.6e+14], Q(462, 1, 0, 0), Trans[(256, 8, 8) -> 45.38401724482199]
[Tue Dec  2 17:24:51 2025] >> [t:193] (r:-0.100), [f:   300/1000], inf[3.3e+13], comp[7.9e+13], Q(461, 1, 0, 0), Trans[(256, 2, 8) -> 49.877500036556256]
[Tue Dec  2 17:24:51 2025] >> [t:194] (r:-0.100), [f:   300/1000], inf[3.3e+13], comp[7.9e+13], Q(461, 0, 0, 0), Trans[(256, 2, 8) -> 49.877500036556256]
[Tue Dec  2 17:24:51 2025] >> [t:195] (r: 0.000), [f:     0/1000], inf[3.3e+13], comp[0.0e+00], Q(461, 0, 0, 0), Trans[(256, 2, 8) -> 49.877500036556256]
[Tue Dec  2 17:24:51 2025] >> [t:196] (r: 0.000), [f:     0/1000], inf[8.1e+13], comp[0.0e+00], Q(458, 3, 0, 0), Trans[(512, 2, 8) -> 31.796302199813397]
[Tue Dec  2 17:24:51 2025] >> [t:197] (r:-0.100), [f:   300/1000], inf[3.3e+13], comp[7.9e+13], Q(457, 4, 0, 0), Trans[(256, 2, 8) -> 49.877500036556256]
[Tue Dec  2 17:24:51 2025] >> [t:198] (r:-0.100), [f:   300/1000], inf[3.3e+13], comp[7.9e+13], Q(455, 5, 0, 0), Trans[(256, 2, 8) -> 49.877500036556256]
[Tue Dec  2 17:24:51 2025] >> [t:199] (r:-0.100), [f:   300/1000], inf[3.3e+13], comp[7.9e+13], Q(455, 4, 0, 0), Trans[(256, 2, 8) -> 49.877500036556256]
[Tue Dec  2 17:24:51 2025] >> [t:200] (r:-0.100), [f:   300/1000], inf[3.3e+13], comp[7.9e+13], Q(455, 1, 0, 0), Trans[(256, 2, 8) -> 49.877500036556256]
[Tue Dec  2 17:24:51 2025] >> [t:201] (r:-0.100), [f:   300/1000], inf[3.3e+13], comp[7.9e+13], Q(455, 0, 0, 0), Trans[(256, 2, 8) -> 49.877500036556256]
[Tue Dec  2 17:24:51 2025] >> [t:202] (r: 0.000), [f:     0/1000], inf[3.3e+13], comp[0.0e+00], Q(454, 1, 0, 0), Trans[(256, 2, 8) -> 49.877500036556256]
[Tue Dec  2 17:24:51 2025] >> [t:203] (r:-0.100), [f:   300/1000], inf[3.3e+13], comp[7.9e+13], Q(453, 0, 0, 0), Trans[(256, 2, 8) -> 49.877500036556256]
[Tue Dec  2 17:24:51 2025] >> [t:204] (r: 0.000), [f:     0/1000], inf[3.3e+13], comp[0.0e+00], Q(453, 0, 0, 0), Trans[(256, 2, 8) -> 49.877500036556256]
[Tue Dec  2 17:24:51 2025] >> [t:205] (r: 0.000), [f:     0/1000], inf[8.1e+13], comp[0.0e+00], Q(453, 0, 0, 0), Trans[(512, 2, 8) -> 31.796302199813397]
[Tue Dec  2 17:24:51 2025] >> [t:206] (r: 0.000), [f:     0/1000], inf[8.1e+13], comp[0.0e+00], Q(453, 0, 0, 0), Trans[(512, 2, 8) -> 31.796302199813397]
[Tue Dec  2 17:24:51 2025] >> [t:207] (r: 0.000), [f:     0/1000], inf[8.1e+13], comp[0.0e+00], Q(451, 2, 0, 0), Trans[(512, 2, 8) -> 31.796302199813397]
[Tue Dec  2 17:24:51 2025] >> [t:208] (r:-0.100), [f:   300/1000], inf[3.3e+13], comp[7.9e+13], Q(450, 3, 0, 0), Trans[(256, 2, 8) -> 49.877500036556256]
[Tue Dec  2 17:24:51 2025] >> [t:209] (r:-0.100), [f:   300/1000], inf[3.3e+13], comp[7.9e+13], Q(448, 4, 0, 0), Trans[(256, 2, 8) -> 49.877500036556256]
[Tue Dec  2 17:24:51 2025] >> [t:210] (r:-0.100), [f:   300/1000], inf[3.3e+13], comp[7.9e+13], Q(448, 1, 0, 0), Trans[(256, 2, 8) -> 49.877500036556256]
[Tue Dec  2 17:24:51 2025] >> [t:211] (r:-0.100), [f:   300/1000], inf[3.3e+13], comp[7.9e+13], Q(446, 1, 0, 0), Trans[(256, 2, 8) -> 49.877500036556256]
[Tue Dec  2 17:24:51 2025] >> [t:212] (r:-0.100), [f:   300/1000], inf[3.3e+13], comp[7.9e+13], Q(446, 0, 0, 0), Trans[(256, 2, 8) -> 49.877500036556256]
[Tue Dec  2 17:24:51 2025] >> [t:213] (r: 0.000), [f:     0/1000], inf[3.3e+13], comp[0.0e+00], Q(444, 2, 0, 0), Trans[(256, 2, 8) -> 49.877500036556256]
[Tue Dec  2 17:24:51 2025] >> [t:214] (r:-0.100), [f:   300/1000], inf[3.3e+13], comp[7.9e+13], Q(442, 2, 0, 0), Trans[(256, 2, 8) -> 49.877500036556256]
[Tue Dec  2 17:24:51 2025] >> [t:215] (r:-0.100), [f:   300/1000], inf[3.3e+13], comp[7.9e+13], Q(442, 0, 0, 0), Trans[(256, 2, 8) -> 49.877500036556256]
[Tue Dec  2 17:24:51 2025] >> [t:216] (r: 0.000), [f:     0/1000], inf[3.3e+13], comp[0.0e+00], Q(441, 1, 0, 0), Trans[(256, 2, 8) -> 49.877500036556256]
[Tue Dec  2 17:24:51 2025] >> [t:217] (r:-0.100), [f:   300/1000], inf[3.3e+13], comp[7.9e+13], Q(440, 0, 0, 0), Trans[(256, 2, 8) -> 49.877500036556256]
[Tue Dec  2 17:24:51 2025] >> [t:218] (r: 0.000), [f:     0/1000], inf[3.3e+13], comp[0.0e+00], Q(440, 0, 0, 0), Trans[(256, 2, 8) -> 49.877500036556256]
[Tue Dec  2 17:24:51 2025] >> [t:219] (r: 0.000), [f:     0/1000], inf[8.1e+13], comp[0.0e+00], Q(440, 0, 0, 0), Trans[(512, 2, 8) -> 31.796302199813397]
[Tue Dec  2 17:24:51 2025] >> [t:220] (r: 0.000), [f:     0/1000], inf[8.1e+13], comp[0.0e+00], Q(439, 1, 0, 0), Trans[(512, 2, 8) -> 31.796302199813397]
[Tue Dec  2 17:24:51 2025] >> [t:221] (r:-0.100), [f:   300/1000], inf[3.3e+13], comp[7.9e+13], Q(437, 3, 0, 0), Trans[(256, 2, 8) -> 49.877500036556256]
[Tue Dec  2 17:24:51 2025] >> [t:222] (r:-0.100), [f:   300/1000], inf[3.3e+13], comp[7.9e+13], Q(436, 1, 0, 0), Trans[(256, 2, 8) -> 49.877500036556256]
[Tue Dec  2 17:24:51 2025] >> [t:223] (r:-0.100), [f:   300/1000], inf[3.3e+13], comp[7.9e+13], Q(435, 0, 0, 0), Trans[(256, 2, 8) -> 49.877500036556256]
[Tue Dec  2 17:24:51 2025] >> [t:224] (r: 0.000), [f:     0/1000], inf[3.3e+13], comp[0.0e+00], Q(434, 1, 0, 0), Trans[(256, 2, 8) -> 49.877500036556256]
[Tue Dec  2 17:24:51 2025] >> [t:225] (r:-0.100), [f:   300/1000], inf[3.3e+13], comp[7.9e+13], Q(433, 0, 0, 0), Trans[(256, 2, 8) -> 49.877500036556256]
[Tue Dec  2 17:24:51 2025] >> [t:226] (r: 0.000), [f:     0/1000], inf[3.3e+13], comp[0.0e+00], Q(433, 0, 0, 0), Trans[(256, 2, 8) -> 49.877500036556256]
[Tue Dec  2 17:24:51 2025] >> [t:227] (r: 0.000), [f:     0/1000], inf[8.1e+13], comp[0.0e+00], Q(430, 3, 0, 0), Trans[(512, 2, 8) -> 31.796302199813397]
[Tue Dec  2 17:24:51 2025] >> [t:228] (r:-0.100), [f:   300/1000], inf[3.3e+13], comp[7.9e+13], Q(429, 4, 0, 0), Trans[(256, 2, 8) -> 49.877500036556256]
[Tue Dec  2 17:24:51 2025] >> [t:229] (r:-0.100), [f:   300/1000], inf[3.3e+13], comp[7.9e+13], Q(429, 3, 0, 0), Trans[(256, 2, 8) -> 49.877500036556256]
[Tue Dec  2 17:24:51 2025] >> [t:230] (r:-0.100), [f:   300/1000], inf[3.3e+13], comp[7.9e+13], Q(427, 4, 0, 0), Trans[(256, 2, 8) -> 49.877500036556256]
[Tue Dec  2 17:24:51 2025] >> [t:231] (r:-0.100), [f:   300/1000], inf[3.3e+13], comp[7.9e+13], Q(427, 1, 0, 0), Trans[(256, 2, 8) -> 49.877500036556256]
[Tue Dec  2 17:24:51 2025] >> [t:232] (r:-0.100), [f:   300/1000], inf[3.3e+13], comp[7.9e+13], Q(427, 0, 0, 0), Trans[(256, 2, 8) -> 49.877500036556256]
[Tue Dec  2 17:24:51 2025] >> [t:233] (r: 0.000), [f:     0/1000], inf[3.3e+13], comp[0.0e+00], Q(426, 1, 0, 0), Trans[(256, 2, 8) -> 49.877500036556256]
[Tue Dec  2 17:24:51 2025] >> [t:234] (r:-0.100), [f:   300/1000], inf[3.3e+13], comp[7.9e+13], Q(426, 0, 0, 0), Trans[(256, 2, 8) -> 49.877500036556256]
[Tue Dec  2 17:24:51 2025] >> [t:235] (r: 0.000), [f:     0/1000], inf[3.3e+13], comp[0.0e+00], Q(425, 1, 0, 0), Trans[(256, 2, 8) -> 49.877500036556256]
[Tue Dec  2 17:24:51 2025] >> [t:236] (r:-0.100), [f:   300/1000], inf[3.3e+13], comp[7.9e+13], Q(424, 0, 0, 0), Trans[(256, 2, 8) -> 49.877500036556256]
[Tue Dec  2 17:24:51 2025] >> [t:237] (r: 0.000), [f:     0/1000], inf[3.3e+13], comp[0.0e+00], Q(424, 0, 0, 0), Trans[(256, 2, 8) -> 49.877500036556256]
[Tue Dec  2 17:24:51 2025] >> [t:238] (r: 0.000), [f:     0/1000], inf[8.1e+13], comp[0.0e+00], Q(423, 1, 0, 0), Trans[(512, 2, 8) -> 31.796302199813397]
[Tue Dec  2 17:24:51 2025] >> [t:239] (r:-0.100), [f:   300/1000], inf[3.3e+13], comp[7.9e+13], Q(422, 2, 0, 0), Trans[(256, 2, 8) -> 49.877500036556256]
[Tue Dec  2 17:24:51 2025] >> [t:240] (r:-0.100), [f:   300/1000], inf[3.3e+13], comp[7.9e+13], Q(421, 0, 0, 0), Trans[(256, 2, 8) -> 49.877500036556256]
[Tue Dec  2 17:24:51 2025] >> [t:241] (r: 0.000), [f:     0/1000], inf[3.3e+13], comp[0.0e+00], Q(421, 0, 0, 0), Trans[(256, 2, 8) -> 49.877500036556256]
[Tue Dec  2 17:24:51 2025] >> [t:242] (r: 0.000), [f:     0/1000], inf[8.1e+13], comp[0.0e+00], Q(420, 1, 0, 0), Trans[(512, 2, 8) -> 31.796302199813397]
[Tue Dec  2 17:24:51 2025] >> [t:243] (r:-0.100), [f:   300/1000], inf[3.3e+13], comp[7.9e+13], Q(419, 2, 0, 0), Trans[(256, 2, 8) -> 49.877500036556256]
[Tue Dec  2 17:24:51 2025] >> [t:244] (r:-0.100), [f:   300/1000], inf[3.3e+13], comp[7.9e+13], Q(419, 0, 0, 0), Trans[(256, 2, 8) -> 49.877500036556256]
[Tue Dec  2 17:24:51 2025] >> [t:245] (r: 0.000), [f:     0/1000], inf[3.3e+13], comp[0.0e+00], Q(417, 2, 0, 0), Trans[(256, 2, 8) -> 49.877500036556256]
[Tue Dec  2 17:24:51 2025] >> [t:246] (r:-0.100), [f:   300/1000], inf[3.3e+13], comp[7.9e+13], Q(417, 0, 0, 0), Trans[(256, 2, 8) -> 49.877500036556256]
[Tue Dec  2 17:24:51 2025] >> [t:247] (r: 0.000), [f:     0/1000], inf[3.3e+13], comp[0.0e+00], Q(416, 1, 0, 0), Trans[(256, 2, 8) -> 49.877500036556256]
[Tue Dec  2 17:24:51 2025] >> [t:248] (r:-0.100), [f:   300/1000], inf[3.3e+13], comp[7.9e+13], Q(415, 0, 0, 0), Trans[(256, 2, 8) -> 49.877500036556256]
[Tue Dec  2 17:24:51 2025] >> [t:249] (r: 0.000), [f:     0/1000], inf[3.3e+13], comp[0.0e+00], Q(415, 0, 0, 0), Trans[(256, 2, 8) -> 49.877500036556256]
[Tue Dec  2 17:24:51 2025] >> [t:250] (r: 0.000), [f:     0/1000], inf[8.1e+13], comp[0.0e+00], Q(413, 2, 0, 0), Trans[(512, 2, 8) -> 31.796302199813397]
[Tue Dec  2 17:24:51 2025] >> [t:251] (r:-0.100), [f:   300/1000], inf[3.3e+13], comp[7.9e+13], Q(412, 3, 0, 0), Trans[(256, 2, 8) -> 49.877500036556256]
[Tue Dec  2 17:24:51 2025] >> [t:252] (r:-0.100), [f:   300/1000], inf[3.3e+13], comp[7.9e+13], Q(412, 2, 0, 0), Trans[(256, 2, 8) -> 49.877500036556256]
[Tue Dec  2 17:24:51 2025] >> [t:253] (r:-0.100), [f:   300/1000], inf[3.3e+13], comp[7.9e+13], Q(412, 0, 0, 0), Trans[(256, 2, 8) -> 49.877500036556256]
[Tue Dec  2 17:24:51 2025] >> [t:254] (r: 0.000), [f:     0/1000], inf[3.3e+13], comp[0.0e+00], Q(410, 2, 0, 0), Trans[(256, 2, 8) -> 49.877500036556256]
[Tue Dec  2 17:24:51 2025] >> [t:255] (r:-0.100), [f:   300/1000], inf[3.3e+13], comp[7.9e+13], Q(410, 0, 0, 0), Trans[(256, 2, 8) -> 49.877500036556256]
[Tue Dec  2 17:24:51 2025] >> [t:256] (r: 0.000), [f:     0/1000], inf[3.3e+13], comp[0.0e+00], Q(408, 2, 0, 0), Trans[(256, 2, 8) -> 49.877500036556256]
[Tue Dec  2 17:24:51 2025] >> [t:257] (r:-0.100), [f:   300/1000], inf[3.3e+13], comp[7.9e+13], Q(408, 0, 0, 0), Trans[(256, 2, 8) -> 49.877500036556256]
[Tue Dec  2 17:24:51 2025] >> [t:258] (r: 0.000), [f:     0/1000], inf[3.3e+13], comp[0.0e+00], Q(408, 0, 0, 0), Trans[(256, 2, 8) -> 49.877500036556256]
[Tue Dec  2 17:24:51 2025] >> [t:259] (r: 0.000), [f:     0/1000], inf[8.1e+13], comp[0.0e+00], Q(408, 0, 0, 0), Trans[(512, 2, 8) -> 31.796302199813397]
[Tue Dec  2 17:24:51 2025] >> [t:260] (r: 0.000), [f:     0/1000], inf[8.1e+13], comp[0.0e+00], Q(408, 0, 0, 0), Trans[(512, 2, 8) -> 31.796302199813397]
[Tue Dec  2 17:24:51 2025] >> [t:261] (r: 0.000), [f:     0/1000], inf[8.1e+13], comp[0.0e+00], Q(408, 0, 0, 0), Trans[(512, 2, 8) -> 31.796302199813397]
[Tue Dec  2 17:24:51 2025] >> [t:262] (r: 0.000), [f:     0/1000], inf[8.1e+13], comp[0.0e+00], Q(408, 0, 0, 0), Trans[(512, 2, 8) -> 31.796302199813397]
[Tue Dec  2 17:24:51 2025] >> [t:263] (r: 0.000), [f:     0/1000], inf[8.1e+13], comp[0.0e+00], Q(407, 1, 0, 0), Trans[(512, 2, 8) -> 31.796302199813397]
[Tue Dec  2 17:24:51 2025] >> [t:264] (r:-0.100), [f:   300/1000], inf[3.3e+13], comp[7.9e+13], Q(406, 2, 0, 0), Trans[(256, 2, 8) -> 49.877500036556256]
[Tue Dec  2 17:24:51 2025] >> [t:265] (r:-0.100), [f:   300/1000], inf[3.3e+13], comp[7.9e+13], Q(404, 1, 0, 0), Trans[(256, 2, 8) -> 49.877500036556256]
[Tue Dec  2 17:24:51 2025] >> [t:266] (r:-0.100), [f:   300/1000], inf[3.3e+13], comp[7.9e+13], Q(404, 0, 0, 0), Trans[(256, 2, 8) -> 49.877500036556256]
[Tue Dec  2 17:24:51 2025] >> [t:267] (r: 0.000), [f:     0/1000], inf[3.3e+13], comp[0.0e+00], Q(404, 0, 0, 0), Trans[(256, 2, 8) -> 49.877500036556256]
[Tue Dec  2 17:24:51 2025] >> [t:268] (r: 0.000), [f:     0/1000], inf[8.1e+13], comp[0.0e+00], Q(403, 1, 0, 0), Trans[(512, 2, 8) -> 31.796302199813397]
[Tue Dec  2 17:24:51 2025] >> [t:269] (r:-0.100), [f:   300/1000], inf[3.3e+13], comp[7.9e+13], Q(402, 2, 0, 0), Trans[(256, 2, 8) -> 49.877500036556256]
[Tue Dec  2 17:24:51 2025] >> [t:270] (r:-0.100), [f:   300/1000], inf[3.3e+13], comp[7.9e+13], Q(400, 1, 0, 0), Trans[(256, 2, 8) -> 49.877500036556256]
[Tue Dec  2 17:24:51 2025] >> [t:271] (r:-0.100), [f:   300/1000], inf[3.3e+13], comp[7.9e+13], Q(399, 0, 0, 0), Trans[(256, 2, 8) -> 49.877500036556256]
[Tue Dec  2 17:24:51 2025] >> [t:272] (r: 0.000), [f:     0/1000], inf[3.3e+13], comp[0.0e+00], Q(398, 1, 0, 0), Trans[(256, 2, 8) -> 49.877500036556256]
[Tue Dec  2 17:24:51 2025] >> [t:273] (r:-0.100), [f:   300/1000], inf[3.3e+13], comp[7.9e+13], Q(397, 0, 0, 0), Trans[(256, 2, 8) -> 49.877500036556256]
[Tue Dec  2 17:24:51 2025] >> [t:274] (r: 0.000), [f:     0/1000], inf[3.3e+13], comp[0.0e+00], Q(397, 0, 0, 0), Trans[(256, 2, 8) -> 49.877500036556256]
[Tue Dec  2 17:24:51 2025] >> [t:275] (r: 0.000), [f:     0/1000], inf[8.1e+13], comp[0.0e+00], Q(396, 1, 0, 0), Trans[(512, 2, 8) -> 31.796302199813397]
[Tue Dec  2 17:24:51 2025] >> [t:276] (r:-0.100), [f:   300/1000], inf[3.3e+13], comp[7.9e+13], Q(396, 1, 0, 0), Trans[(256, 2, 8) -> 49.877500036556256]
[Tue Dec  2 17:24:51 2025] >> [t:277] (r:-0.100), [f:   300/1000], inf[3.3e+13], comp[7.9e+13], Q(395, 0, 0, 0), Trans[(256, 2, 8) -> 49.877500036556256]
[Tue Dec  2 17:24:51 2025] >> [t:278] (r: 0.000), [f:     0/1000], inf[3.3e+13], comp[0.0e+00], Q(395, 0, 0, 0), Trans[(256, 2, 8) -> 49.877500036556256]
[Tue Dec  2 17:24:51 2025] >> [t:279] (r: 0.000), [f:     0/1000], inf[8.1e+13], comp[0.0e+00], Q(393, 2, 0, 0), Trans[(512, 2, 8) -> 31.796302199813397]
[Tue Dec  2 17:24:51 2025] >> [t:280] (r:-0.100), [f:   300/1000], inf[3.3e+13], comp[7.9e+13], Q(392, 3, 0, 0), Trans[(256, 2, 8) -> 49.877500036556256]
[Tue Dec  2 17:24:51 2025] >> [t:281] (r:-0.100), [f:   300/1000], inf[3.3e+13], comp[7.9e+13], Q(389, 5, 0, 0), Trans[(256, 2, 8) -> 49.877500036556256]
[Tue Dec  2 17:24:51 2025] >> [t:282] (r:-0.100), [f:   300/1000], inf[3.3e+13], comp[7.9e+13], Q(389, 2, 0, 0), Trans[(256, 2, 8) -> 49.877500036556256]
[Tue Dec  2 17:24:51 2025] >> [t:283] (r:-0.100), [f:   300/1000], inf[3.3e+13], comp[7.9e+13], Q(388, 1, 0, 0), Trans[(256, 2, 8) -> 49.877500036556256]
[Tue Dec  2 17:24:51 2025] >> [t:284] (r:-0.100), [f:   300/1000], inf[3.3e+13], comp[7.9e+13], Q(388, 0, 0, 0), Trans[(256, 2, 8) -> 49.877500036556256]
[Tue Dec  2 17:24:51 2025] >> [t:285] (r: 0.000), [f:     0/1000], inf[3.3e+13], comp[0.0e+00], Q(387, 1, 0, 0), Trans[(256, 2, 8) -> 49.877500036556256]
[Tue Dec  2 17:24:51 2025] >> [t:286] (r:-0.100), [f:   300/1000], inf[3.3e+13], comp[7.9e+13], Q(387, 0, 0, 0), Trans[(256, 2, 8) -> 49.877500036556256]
[Tue Dec  2 17:24:51 2025] >> [t:287] (r: 0.000), [f:     0/1000], inf[3.3e+13], comp[0.0e+00], Q(386, 1, 0, 0), Trans[(256, 2, 8) -> 49.877500036556256]
[Tue Dec  2 17:24:51 2025] >> [t:288] (r:-0.100), [f:   300/1000], inf[3.3e+13], comp[7.9e+13], Q(384, 1, 0, 0), Trans[(256, 2, 8) -> 49.877500036556256]
[Tue Dec  2 17:24:51 2025] >> [t:289] (r:-0.100), [f:   300/1000], inf[3.3e+13], comp[7.9e+13], Q(384, 0, 0, 0), Trans[(256, 2, 8) -> 49.877500036556256]
[Tue Dec  2 17:24:51 2025] >> [t:290] (r: 0.000), [f:     0/1000], inf[3.3e+13], comp[0.0e+00], Q(384, 0, 0, 0), Trans[(256, 2, 8) -> 49.877500036556256]
[Tue Dec  2 17:24:51 2025] >> [t:291] (r: 0.000), [f:     0/1000], inf[8.1e+13], comp[0.0e+00], Q(384, 0, 0, 0), Trans[(512, 2, 8) -> 31.796302199813397]
[Tue Dec  2 17:24:51 2025] >> [t:292] (r: 0.000), [f:     0/1000], inf[8.1e+13], comp[0.0e+00], Q(384, 0, 0, 0), Trans[(512, 2, 8) -> 31.796302199813397]
[Tue Dec  2 17:24:51 2025] >> [t:293] (r: 0.000), [f:     0/1000], inf[8.1e+13], comp[0.0e+00], Q(383, 1, 0, 0), Trans[(512, 2, 8) -> 31.796302199813397]
[Tue Dec  2 17:24:51 2025] >> [t:294] (r:-0.100), [f:   300/1000], inf[3.3e+13], comp[7.9e+13], Q(382, 2, 0, 0), Trans[(256, 2, 8) -> 49.877500036556256]
[Tue Dec  2 17:24:51 2025] >> [t:295] (r:-0.100), [f:   300/1000], inf[3.3e+13], comp[7.9e+13], Q(382, 0, 0, 0), Trans[(256, 2, 8) -> 49.877500036556256]
[Tue Dec  2 17:24:51 2025] >> [t:296] (r: 0.000), [f:     0/1000], inf[3.3e+13], comp[0.0e+00], Q(380, 2, 0, 0), Trans[(256, 2, 8) -> 49.877500036556256]
[Tue Dec  2 17:24:51 2025] >> [t:297] (r:-0.100), [f:   300/1000], inf[3.3e+13], comp[7.9e+13], Q(379, 1, 0, 0), Trans[(256, 2, 8) -> 49.877500036556256]
[Tue Dec  2 17:24:51 2025] >> [t:298] (r:-0.100), [f:   300/1000], inf[3.3e+13], comp[7.9e+13], Q(377, 1, 0, 0), Trans[(256, 2, 8) -> 49.877500036556256]
[Tue Dec  2 17:24:51 2025] >> [t:299] (r:-0.100), [f:   300/1000], inf[3.3e+13], comp[7.9e+13], Q(377, 0, 0, 0), Trans[(256, 2, 8) -> 49.877500036556256]
[Tue Dec  2 17:24:51 2025] >> [t:300] (r: 0.000), [f:     0/1000], inf[3.3e+13], comp[0.0e+00], Q(377, 0, 0, 0), Trans[(256, 2, 8) -> 49.877500036556256]
[Tue Dec  2 17:24:51 2025] >> [t:301] (r: 0.000), [f:     0/1000], inf[8.1e+13], comp[0.0e+00], Q(377, 0, 0, 0), Trans[(512, 2, 8) -> 31.796302199813397]
[Tue Dec  2 17:24:51 2025] >> [t:302] (r: 0.000), [f:     0/1000], inf[8.1e+13], comp[0.0e+00], Q(377, 0, 0, 0), Trans[(512, 2, 8) -> 31.796302199813397]
[Tue Dec  2 17:24:51 2025] >> [t:303] (r: 0.000), [f:     0/1000], inf[8.1e+13], comp[0.0e+00], Q(377, 0, 0, 0), Trans[(512, 2, 8) -> 31.796302199813397]
[Tue Dec  2 17:24:51 2025] >> [t:304] (r: 0.000), [f:     0/1000], inf[8.1e+13], comp[0.0e+00], Q(376, 1, 0, 0), Trans[(512, 2, 8) -> 31.796302199813397]
[Tue Dec  2 17:24:51 2025] >> [t:305] (r:-0.100), [f:   300/1000], inf[3.3e+13], comp[7.9e+13], Q(374, 3, 0, 0), Trans[(256, 2, 8) -> 49.877500036556256]
[Tue Dec  2 17:24:51 2025] >> [t:306] (r:-0.100), [f:   300/1000], inf[3.3e+13], comp[7.9e+13], Q(374, 0, 0, 0), Trans[(256, 2, 8) -> 49.877500036556256]
[Tue Dec  2 17:24:51 2025] >> [t:307] (r: 0.000), [f:     0/1000], inf[3.3e+13], comp[0.0e+00], Q(374, 0, 0, 0), Trans[(256, 2, 8) -> 49.877500036556256]
[Tue Dec  2 17:24:51 2025] >> [t:308] (r: 0.000), [f:     0/1000], inf[8.1e+13], comp[0.0e+00], Q(373, 1, 0, 0), Trans[(512, 2, 8) -> 31.796302199813397]
[Tue Dec  2 17:24:51 2025] >> [t:309] (r:-0.100), [f:   300/1000], inf[3.3e+13], comp[7.9e+13], Q(371, 3, 0, 0), Trans[(256, 2, 8) -> 49.877500036556256]
[Tue Dec  2 17:24:51 2025] >> [t:310] (r:-0.100), [f:   300/1000], inf[3.3e+13], comp[7.9e+13], Q(371, 0, 0, 0), Trans[(256, 2, 8) -> 49.877500036556256]
[Tue Dec  2 17:24:51 2025] >> [t:311] (r: 0.000), [f:     0/1000], inf[3.3e+13], comp[0.0e+00], Q(369, 2, 0, 0), Trans[(256, 2, 8) -> 49.877500036556256]
[Tue Dec  2 17:24:51 2025] >> [t:312] (r:-0.100), [f:   300/1000], inf[3.3e+13], comp[7.9e+13], Q(368, 1, 0, 0), Trans[(256, 2, 8) -> 49.877500036556256]
[Tue Dec  2 17:24:51 2025] >> [t:313] (r:-0.100), [f:   300/1000], inf[3.3e+13], comp[7.9e+13], Q(368, 0, 0, 0), Trans[(256, 2, 8) -> 49.877500036556256]
[Tue Dec  2 17:24:51 2025] >> [t:314] (r: 0.000), [f:     0/1000], inf[3.3e+13], comp[0.0e+00], Q(367, 1, 0, 0), Trans[(256, 2, 8) -> 49.877500036556256]
[Tue Dec  2 17:24:51 2025] >> [t:315] (r:-0.100), [f:   300/1000], inf[3.3e+13], comp[7.9e+13], Q(367, 0, 0, 0), Trans[(256, 2, 8) -> 49.877500036556256]
[Tue Dec  2 17:24:51 2025] >> [t:316] (r: 0.000), [f:     0/1000], inf[3.3e+13], comp[0.0e+00], Q(367, 0, 0, 0), Trans[(256, 2, 8) -> 49.877500036556256]
[Tue Dec  2 17:24:51 2025] >> [t:317] (r: 0.000), [f:     0/1000], inf[8.1e+13], comp[0.0e+00], Q(367, 0, 0, 0), Trans[(512, 2, 8) -> 31.796302199813397]
[Tue Dec  2 17:24:51 2025] >> [t:318] (r: 0.000), [f:     0/1000], inf[8.1e+13], comp[0.0e+00], Q(366, 1, 0, 0), Trans[(512, 2, 8) -> 31.796302199813397]
[Tue Dec  2 17:24:51 2025] >> [t:319] (r:-0.100), [f:   300/1000], inf[3.3e+13], comp[7.9e+13], Q(366, 1, 0, 0), Trans[(256, 2, 8) -> 49.877500036556256]
[Tue Dec  2 17:24:51 2025] >> [t:320] (r:-0.100), [f:   300/1000], inf[3.3e+13], comp[7.9e+13], Q(366, 0, 0, 0), Trans[(256, 2, 8) -> 49.877500036556256]
[Tue Dec  2 17:24:51 2025] >> [t:321] (r: 0.000), [f:     0/1000], inf[3.3e+13], comp[0.0e+00], Q(365, 1, 0, 0), Trans[(256, 2, 8) -> 49.877500036556256]
[Tue Dec  2 17:24:51 2025] >> [t:322] (r:-0.100), [f:   300/1000], inf[3.3e+13], comp[7.9e+13], Q(365, 0, 0, 0), Trans[(256, 2, 8) -> 49.877500036556256]
[Tue Dec  2 17:24:51 2025] >> [t:323] (r: 0.000), [f:     0/1000], inf[3.3e+13], comp[0.0e+00], Q(365, 0, 0, 0), Trans[(256, 2, 8) -> 49.877500036556256]
[Tue Dec  2 17:24:51 2025] >> [t:324] (r: 0.000), [f:     0/1000], inf[8.1e+13], comp[0.0e+00], Q(364, 1, 0, 0), Trans[(512, 2, 8) -> 31.796302199813397]
[Tue Dec  2 17:24:51 2025] >> [t:325] (r:-0.100), [f:   300/1000], inf[3.3e+13], comp[7.9e+13], Q(363, 2, 0, 0), Trans[(256, 2, 8) -> 49.877500036556256]
[Tue Dec  2 17:24:51 2025] >> [t:326] (r:-0.100), [f:   300/1000], inf[3.3e+13], comp[7.9e+13], Q(362, 0, 0, 0), Trans[(256, 2, 8) -> 49.877500036556256]
[Tue Dec  2 17:24:51 2025] >> [t:327] (r: 0.000), [f:     0/1000], inf[3.3e+13], comp[0.0e+00], Q(361, 1, 0, 0), Trans[(256, 2, 8) -> 49.877500036556256]
[Tue Dec  2 17:24:51 2025] >> [t:328] (r:-0.100), [f:   300/1000], inf[3.3e+13], comp[7.9e+13], Q(360, 0, 0, 0), Trans[(256, 2, 8) -> 49.877500036556256]
[Tue Dec  2 17:24:51 2025] >> [t:329] (r: 0.000), [f:     0/1000], inf[3.3e+13], comp[0.0e+00], Q(360, 0, 0, 0), Trans[(256, 2, 8) -> 49.877500036556256]
[Tue Dec  2 17:24:51 2025] >> [t:330] (r: 0.000), [f:     0/1000], inf[8.1e+13], comp[0.0e+00], Q(359, 1, 0, 0), Trans[(512, 2, 8) -> 31.796302199813397]
[Tue Dec  2 17:24:51 2025] >> [t:331] (r:-0.100), [f:   300/1000], inf[3.3e+13], comp[7.9e+13], Q(359, 1, 0, 0), Trans[(256, 2, 8) -> 49.877500036556256]
[Tue Dec  2 17:24:51 2025] >> [t:332] (r:-0.100), [f:   300/1000], inf[3.3e+13], comp[7.9e+13], Q(359, 0, 0, 0), Trans[(256, 2, 8) -> 49.877500036556256]
[Tue Dec  2 17:24:51 2025] >> [t:333] (r: 0.000), [f:     0/1000], inf[3.3e+13], comp[0.0e+00], Q(359, 0, 0, 0), Trans[(256, 2, 8) -> 49.877500036556256]
[Tue Dec  2 17:24:51 2025] >> [t:334] (r: 0.000), [f:     0/1000], inf[8.1e+13], comp[0.0e+00], Q(359, 0, 0, 0), Trans[(512, 2, 8) -> 31.796302199813397]
[Tue Dec  2 17:24:51 2025] >> [t:335] (r: 0.000), [f:     0/1000], inf[8.1e+13], comp[0.0e+00], Q(358, 1, 0, 0), Trans[(512, 2, 8) -> 31.796302199813397]
[Tue Dec  2 17:24:51 2025] >> [t:336] (r:-0.100), [f:   300/1000], inf[3.3e+13], comp[7.9e+13], Q(357, 2, 0, 0), Trans[(256, 2, 8) -> 49.877500036556256]
[Tue Dec  2 17:24:51 2025] >> [t:337] (r:-0.100), [f:   300/1000], inf[3.3e+13], comp[7.9e+13], Q(356, 0, 0, 0), Trans[(256, 2, 8) -> 49.877500036556256]
[Tue Dec  2 17:24:51 2025] >> [t:338] (r: 0.000), [f:     0/1000], inf[3.3e+13], comp[0.0e+00], Q(355, 1, 0, 0), Trans[(256, 2, 8) -> 49.877500036556256]
[Tue Dec  2 17:24:51 2025] >> [t:339] (r:-0.100), [f:   300/1000], inf[3.3e+13], comp[7.9e+13], Q(354, 0, 0, 0), Trans[(256, 2, 8) -> 49.877500036556256]
[Tue Dec  2 17:24:51 2025] >> [t:340] (r: 0.000), [f:     0/1000], inf[3.3e+13], comp[0.0e+00], Q(353, 1, 0, 0), Trans[(256, 2, 8) -> 49.877500036556256]
[Tue Dec  2 17:24:51 2025] >> [t:341] (r:-0.100), [f:   300/1000], inf[3.3e+13], comp[7.9e+13], Q(353, 0, 0, 0), Trans[(256, 2, 8) -> 49.877500036556256]
[Tue Dec  2 17:24:51 2025] >> [t:342] (r: 0.000), [f:     0/1000], inf[3.3e+13], comp[0.0e+00], Q(353, 0, 0, 0), Trans[(256, 2, 8) -> 49.877500036556256]
[Tue Dec  2 17:24:51 2025] >> [t:343] (r: 0.000), [f:     0/1000], inf[8.1e+13], comp[0.0e+00], Q(352, 1, 0, 0), Trans[(512, 2, 8) -> 31.796302199813397]
[Tue Dec  2 17:24:51 2025] >> [t:344] (r:-0.100), [f:   300/1000], inf[3.3e+13], comp[7.9e+13], Q(352, 1, 0, 0), Trans[(256, 2, 8) -> 49.877500036556256]
[Tue Dec  2 17:24:51 2025] >> [t:345] (r:-0.100), [f:   300/1000], inf[3.3e+13], comp[7.9e+13], Q(350, 0, 0, 0), Trans[(256, 2, 8) -> 49.877500036556256]
[Tue Dec  2 17:24:51 2025] >> [t:346] (r: 0.000), [f:     0/1000], inf[3.3e+13], comp[0.0e+00], Q(350, 0, 0, 0), Trans[(256, 2, 8) -> 49.877500036556256]
[Tue Dec  2 17:24:51 2025] >> [t:347] (r: 0.000), [f:     0/1000], inf[8.1e+13], comp[0.0e+00], Q(350, 0, 0, 0), Trans[(512, 2, 8) -> 31.796302199813397]
[Tue Dec  2 17:24:51 2025] >> [t:348] (r: 0.000), [f:     0/1000], inf[8.1e+13], comp[0.0e+00], Q(350, 0, 0, 0), Trans[(512, 2, 8) -> 31.796302199813397]
[Tue Dec  2 17:24:51 2025] >> [t:349] (r: 0.000), [f:     0/1000], inf[8.1e+13], comp[0.0e+00], Q(350, 0, 0, 0), Trans[(512, 2, 8) -> 31.796302199813397]
[Tue Dec  2 17:24:51 2025] >> [t:350] (r: 0.000), [f:     0/1000], inf[8.1e+13], comp[0.0e+00], Q(349, 1, 0, 0), Trans[(512, 2, 8) -> 31.796302199813397]
[Tue Dec  2 17:24:51 2025] >> [t:351] (r:-0.100), [f:   300/1000], inf[3.3e+13], comp[7.9e+13], Q(349, 1, 0, 0), Trans[(256, 2, 8) -> 49.877500036556256]
[Tue Dec  2 17:24:51 2025] >> [t:352] (r:-0.100), [f:   300/1000], inf[3.3e+13], comp[7.9e+13], Q(349, 0, 0, 0), Trans[(256, 2, 8) -> 49.877500036556256]
[Tue Dec  2 17:24:51 2025] >> [t:353] (r: 0.000), [f:     0/1000], inf[3.3e+13], comp[0.0e+00], Q(348, 1, 0, 0), Trans[(256, 2, 8) -> 49.877500036556256]
[Tue Dec  2 17:24:51 2025] >> [t:354] (r:-0.100), [f:   300/1000], inf[3.3e+13], comp[7.9e+13], Q(348, 0, 0, 0), Trans[(256, 2, 8) -> 49.877500036556256]
[Tue Dec  2 17:24:51 2025] >> [t:355] (r: 0.000), [f:     0/1000], inf[3.3e+13], comp[0.0e+00], Q(348, 0, 0, 0), Trans[(256, 2, 8) -> 49.877500036556256]
[Tue Dec  2 17:24:51 2025] >> [t:356] (r: 0.000), [f:     0/1000], inf[8.1e+13], comp[0.0e+00], Q(348, 0, 0, 0), Trans[(512, 2, 8) -> 31.796302199813397]
[Tue Dec  2 17:24:51 2025] >> [t:357] (r: 0.000), [f:     0/1000], inf[8.1e+13], comp[0.0e+00], Q(348, 0, 0, 0), Trans[(512, 2, 8) -> 31.796302199813397]
[Tue Dec  2 17:24:51 2025] >> [t:358] (r: 0.000), [f:     0/1000], inf[8.1e+13], comp[0.0e+00], Q(347, 1, 0, 0), Trans[(512, 2, 8) -> 31.796302199813397]
[Tue Dec  2 17:24:51 2025] >> [t:359] (r:-0.100), [f:   300/1000], inf[3.3e+13], comp[7.9e+13], Q(346, 2, 0, 0), Trans[(256, 2, 8) -> 49.877500036556256]
[Tue Dec  2 17:24:51 2025] >> [t:360] (r:-0.100), [f:   300/1000], inf[3.3e+13], comp[7.9e+13], Q(346, 0, 0, 0), Trans[(256, 2, 8) -> 49.877500036556256]
[Tue Dec  2 17:24:51 2025] >> [t:361] (r: 0.000), [f:     0/1000], inf[3.3e+13], comp[0.0e+00], Q(346, 0, 0, 0), Trans[(256, 2, 8) -> 49.877500036556256]
[Tue Dec  2 17:24:51 2025] >> [t:362] (r: 0.000), [f:     0/1000], inf[8.1e+13], comp[0.0e+00], Q(345, 1, 0, 0), Trans[(512, 2, 8) -> 31.796302199813397]
[Tue Dec  2 17:24:51 2025] >> [t:363] (r:-0.100), [f:   300/1000], inf[3.3e+13], comp[7.9e+13], Q(343, 3, 0, 0), Trans[(256, 2, 8) -> 49.877500036556256]
[Tue Dec  2 17:24:51 2025] >> [t:364] (r:-0.100), [f:   300/1000], inf[3.3e+13], comp[7.9e+13], Q(342, 1, 0, 0), Trans[(256, 2, 8) -> 49.877500036556256]
[Tue Dec  2 17:24:51 2025] >> [t:365] (r:-0.100), [f:   300/1000], inf[3.3e+13], comp[7.9e+13], Q(340, 1, 0, 0), Trans[(256, 2, 8) -> 49.877500036556256]
[Tue Dec  2 17:24:51 2025] >> [t:366] (r:-0.100), [f:   300/1000], inf[3.3e+13], comp[7.9e+13], Q(340, 0, 0, 0), Trans[(256, 2, 8) -> 49.877500036556256]
[Tue Dec  2 17:24:51 2025] >> [t:367] (r: 0.000), [f:     0/1000], inf[3.3e+13], comp[0.0e+00], Q(340, 0, 0, 0), Trans[(256, 2, 8) -> 49.877500036556256]
[Tue Dec  2 17:24:51 2025] >> [t:368] (r: 0.000), [f:     0/1000], inf[8.1e+13], comp[0.0e+00], Q(339, 1, 0, 0), Trans[(512, 2, 8) -> 31.796302199813397]
[Tue Dec  2 17:24:51 2025] >> [t:369] (r:-0.100), [f:   300/1000], inf[3.3e+13], comp[7.9e+13], Q(338, 2, 0, 0), Trans[(256, 2, 8) -> 49.877500036556256]
[Tue Dec  2 17:24:51 2025] >> [t:370] (r:-0.100), [f:   300/1000], inf[3.3e+13], comp[7.9e+13], Q(337, 0, 0, 0), Trans[(256, 2, 8) -> 49.877500036556256]
[Tue Dec  2 17:24:51 2025] >> [t:371] (r: 0.000), [f:     0/1000], inf[3.3e+13], comp[0.0e+00], Q(335, 2, 0, 0), Trans[(256, 2, 8) -> 49.877500036556256]
[Tue Dec  2 17:24:51 2025] >> [t:372] (r:-0.100), [f:   300/1000], inf[3.3e+13], comp[7.9e+13], Q(335, 0, 0, 0), Trans[(256, 2, 8) -> 49.877500036556256]
[Tue Dec  2 17:24:51 2025] >> [t:373] (r: 0.000), [f:     0/1000], inf[3.3e+13], comp[0.0e+00], Q(334, 1, 0, 0), Trans[(256, 2, 8) -> 49.877500036556256]
[Tue Dec  2 17:24:51 2025] >> [t:374] (r:-0.100), [f:   300/1000], inf[3.3e+13], comp[7.9e+13], Q(334, 0, 0, 0), Trans[(256, 2, 8) -> 49.877500036556256]
[Tue Dec  2 17:24:51 2025] >> [t:375] (r: 0.000), [f:     0/1000], inf[3.3e+13], comp[0.0e+00], Q(333, 1, 0, 0), Trans[(256, 2, 8) -> 49.877500036556256]
[Tue Dec  2 17:24:51 2025] >> [t:376] (r:-0.100), [f:   300/1000], inf[3.3e+13], comp[7.9e+13], Q(332, 0, 0, 0), Trans[(256, 2, 8) -> 49.877500036556256]
[Tue Dec  2 17:24:51 2025] >> [t:377] (r: 0.000), [f:     0/1000], inf[3.3e+13], comp[0.0e+00], Q(331, 1, 0, 0), Trans[(256, 2, 8) -> 49.877500036556256]
[Tue Dec  2 17:24:51 2025] >> [t:378] (r:-0.100), [f:   300/1000], inf[3.3e+13], comp[7.9e+13], Q(330, 0, 0, 0), Trans[(256, 2, 8) -> 49.877500036556256]
[Tue Dec  2 17:24:51 2025] >> [t:379] (r: 0.000), [f:     0/1000], inf[3.3e+13], comp[0.0e+00], Q(330, 0, 0, 0), Trans[(256, 2, 8) -> 49.877500036556256]
[Tue Dec  2 17:24:51 2025] >> [t:380] (r: 0.000), [f:     0/1000], inf[8.1e+13], comp[0.0e+00], Q(330, 0, 0, 0), Trans[(512, 2, 8) -> 31.796302199813397]
[Tue Dec  2 17:24:51 2025] >> [t:381] (r: 0.000), [f:     0/1000], inf[8.1e+13], comp[0.0e+00], Q(330, 0, 0, 0), Trans[(512, 2, 8) -> 31.796302199813397]
[Tue Dec  2 17:24:51 2025] >> [t:382] (r: 0.000), [f:     0/1000], inf[8.1e+13], comp[0.0e+00], Q(330, 0, 0, 0), Trans[(512, 2, 8) -> 31.796302199813397]
[Tue Dec  2 17:24:51 2025] >> [t:383] (r: 0.000), [f:     0/1000], inf[8.1e+13], comp[0.0e+00], Q(330, 0, 0, 0), Trans[(512, 2, 8) -> 31.796302199813397]
[Tue Dec  2 17:24:51 2025] >> [t:384] (r: 0.000), [f:     0/1000], inf[8.1e+13], comp[0.0e+00], Q(327, 3, 0, 0), Trans[(512, 2, 8) -> 31.796302199813397]
[Tue Dec  2 17:24:51 2025] >> [t:385] (r:-0.100), [f:   300/1000], inf[3.3e+13], comp[7.9e+13], Q(326, 4, 0, 0), Trans[(256, 2, 8) -> 49.877500036556256]
[Tue Dec  2 17:24:51 2025] >> [t:386] (r:-0.100), [f:   300/1000], inf[3.3e+13], comp[7.9e+13], Q(324, 5, 0, 0), Trans[(256, 2, 8) -> 49.877500036556256]
[Tue Dec  2 17:24:51 2025] >> [t:387] (r:-0.100), [f:   300/1000], inf[3.3e+13], comp[7.9e+13], Q(324, 4, 0, 0), Trans[(256, 2, 8) -> 49.877500036556256]
[Tue Dec  2 17:24:51 2025] >> [t:388] (r:-0.100), [f:   300/1000], inf[3.3e+13], comp[7.9e+13], Q(323, 2, 0, 0), Trans[(256, 2, 8) -> 49.877500036556256]
[Tue Dec  2 17:24:51 2025] >> [t:389] (r:-0.100), [f:   300/1000], inf[3.3e+13], comp[7.9e+13], Q(323, 0, 0, 0), Trans[(256, 2, 8) -> 49.877500036556256]
[Tue Dec  2 17:24:51 2025] >> [t:390] (r: 0.000), [f:     0/1000], inf[3.3e+13], comp[0.0e+00], Q(323, 0, 0, 0), Trans[(256, 2, 8) -> 49.877500036556256]
[Tue Dec  2 17:24:51 2025] >> [t:391] (r: 0.000), [f:     0/1000], inf[8.1e+13], comp[0.0e+00], Q(323, 0, 0, 0), Trans[(512, 2, 8) -> 31.796302199813397]
[Tue Dec  2 17:24:51 2025] >> [t:392] (r: 0.000), [f:     0/1000], inf[8.1e+13], comp[0.0e+00], Q(322, 1, 0, 0), Trans[(512, 2, 8) -> 31.796302199813397]
[Tue Dec  2 17:24:51 2025] >> [t:393] (r:-0.100), [f:   300/1000], inf[3.3e+13], comp[7.9e+13], Q(321, 2, 0, 0), Trans[(256, 2, 8) -> 49.877500036556256]
[Tue Dec  2 17:24:51 2025] >> [t:394] (r:-0.100), [f:   300/1000], inf[3.3e+13], comp[7.9e+13], Q(319, 1, 0, 0), Trans[(256, 2, 8) -> 49.877500036556256]
[Tue Dec  2 17:24:51 2025] >> [t:395] (r:-0.100), [f:   300/1000], inf[3.3e+13], comp[7.9e+13], Q(319, 0, 0, 0), Trans[(256, 2, 8) -> 49.877500036556256]
[Tue Dec  2 17:24:51 2025] >> [t:396] (r: 0.000), [f:     0/1000], inf[3.3e+13], comp[0.0e+00], Q(317, 2, 0, 0), Trans[(256, 2, 8) -> 49.877500036556256]
[Tue Dec  2 17:24:51 2025] >> [t:397] (r:-0.100), [f:   300/1000], inf[3.3e+13], comp[7.9e+13], Q(316, 1, 0, 0), Trans[(256, 2, 8) -> 49.877500036556256]
[Tue Dec  2 17:24:51 2025] >> [t:398] (r:-0.100), [f:   300/1000], inf[3.3e+13], comp[7.9e+13], Q(316, 0, 0, 0), Trans[(256, 2, 8) -> 49.877500036556256]
[Tue Dec  2 17:24:51 2025] >> [t:399] (r: 0.000), [f:     0/1000], inf[3.3e+13], comp[0.0e+00], Q(316, 0, 0, 0), Trans[(256, 2, 8) -> 49.877500036556256]
[Tue Dec  2 17:24:51 2025] >> [t:400] (r: 0.000), [f:     0/1000], inf[8.1e+13], comp[0.0e+00], Q(316, 0, 0, 0), Trans[(512, 2, 8) -> 31.796302199813397]
[Tue Dec  2 17:24:51 2025] >> [t:401] (r: 0.000), [f:     0/1000], inf[8.1e+13], comp[0.0e+00], Q(316, 0, 0, 0), Trans[(512, 2, 8) -> 31.796302199813397]
[Tue Dec  2 17:24:51 2025] >> [t:402] (r: 0.000), [f:     0/1000], inf[8.1e+13], comp[0.0e+00], Q(316, 0, 0, 0), Trans[(512, 2, 8) -> 31.796302199813397]
[Tue Dec  2 17:24:51 2025] >> [t:403] (r: 0.000), [f:     0/1000], inf[8.1e+13], comp[0.0e+00], Q(316, 0, 0, 0), Trans[(512, 2, 8) -> 31.796302199813397]
[Tue Dec  2 17:24:51 2025] >> [t:404] (r: 0.000), [f:     0/1000], inf[8.1e+13], comp[0.0e+00], Q(315, 1, 0, 0), Trans[(512, 2, 8) -> 31.796302199813397]
[Tue Dec  2 17:24:51 2025] >> [t:405] (r:-0.100), [f:   300/1000], inf[3.3e+13], comp[7.9e+13], Q(314, 2, 0, 0), Trans[(256, 2, 8) -> 49.877500036556256]
[Tue Dec  2 17:24:51 2025] >> [t:406] (r:-0.100), [f:   300/1000], inf[3.3e+13], comp[7.9e+13], Q(312, 1, 0, 0), Trans[(256, 2, 8) -> 49.877500036556256]
[Tue Dec  2 17:24:51 2025] >> [t:407] (r:-0.100), [f:   300/1000], inf[3.3e+13], comp[7.9e+13], Q(312, 0, 0, 0), Trans[(256, 2, 8) -> 49.877500036556256]
[Tue Dec  2 17:24:51 2025] >> [t:408] (r: 0.000), [f:     0/1000], inf[3.3e+13], comp[0.0e+00], Q(309, 3, 0, 0), Trans[(256, 2, 8) -> 49.877500036556256]
[Tue Dec  2 17:24:51 2025] >> [t:409] (r:-0.100), [f:   300/1000], inf[3.3e+13], comp[7.9e+13], Q(307, 3, 0, 0), Trans[(256, 2, 8) -> 49.877500036556256]
[Tue Dec  2 17:24:51 2025] >> [t:410] (r:-0.100), [f:   300/1000], inf[3.3e+13], comp[7.9e+13], Q(307, 1, 0, 0), Trans[(256, 2, 8) -> 49.877500036556256]
[Tue Dec  2 17:24:51 2025] >> [t:411] (r:-0.100), [f:   300/1000], inf[3.3e+13], comp[7.9e+13], Q(307, 0, 0, 0), Trans[(256, 2, 8) -> 49.877500036556256]
[Tue Dec  2 17:24:51 2025] >> [t:412] (r: 0.000), [f:     0/1000], inf[3.3e+13], comp[0.0e+00], Q(307, 0, 0, 0), Trans[(256, 2, 8) -> 49.877500036556256]
[Tue Dec  2 17:24:51 2025] >> [t:413] (r: 0.000), [f:     0/1000], inf[8.1e+13], comp[0.0e+00], Q(306, 1, 0, 0), Trans[(512, 2, 8) -> 31.796302199813397]
[Tue Dec  2 17:24:51 2025] >> [t:414] (r:-0.100), [f:   300/1000], inf[3.3e+13], comp[7.9e+13], Q(306, 1, 0, 0), Trans[(256, 2, 8) -> 49.877500036556256]
[Tue Dec  2 17:24:51 2025] >> [t:415] (r:-0.100), [f:   300/1000], inf[3.3e+13], comp[7.9e+13], Q(305, 0, 0, 0), Trans[(256, 2, 8) -> 49.877500036556256]
[Tue Dec  2 17:24:51 2025] >> [t:416] (r: 0.000), [f:     0/1000], inf[3.3e+13], comp[0.0e+00], Q(305, 0, 0, 0), Trans[(256, 2, 8) -> 49.877500036556256]
[Tue Dec  2 17:24:51 2025] >> [t:417] (r: 0.000), [f:     0/1000], inf[8.1e+13], comp[0.0e+00], Q(304, 1, 0, 0), Trans[(512, 2, 8) -> 31.796302199813397]
[Tue Dec  2 17:24:51 2025] >> [t:418] (r:-0.100), [f:   300/1000], inf[3.3e+13], comp[7.9e+13], Q(304, 1, 0, 0), Trans[(256, 2, 8) -> 49.877500036556256]
[Tue Dec  2 17:24:51 2025] >> [t:419] (r:-0.100), [f:   300/1000], inf[3.3e+13], comp[7.9e+13], Q(304, 0, 0, 0), Trans[(256, 2, 8) -> 49.877500036556256]
[Tue Dec  2 17:24:51 2025] >> [t:420] (r: 0.000), [f:     0/1000], inf[3.3e+13], comp[0.0e+00], Q(304, 0, 0, 0), Trans[(256, 2, 8) -> 49.877500036556256]
[Tue Dec  2 17:24:51 2025] >> [t:421] (r: 0.000), [f:     0/1000], inf[8.1e+13], comp[0.0e+00], Q(303, 1, 0, 0), Trans[(512, 2, 8) -> 31.796302199813397]
[Tue Dec  2 17:24:51 2025] >> [t:422] (r:-0.100), [f:   300/1000], inf[3.3e+13], comp[7.9e+13], Q(301, 3, 0, 0), Trans[(256, 2, 8) -> 49.877500036556256]
[Tue Dec  2 17:24:51 2025] >> [t:423] (r:-0.100), [f:   300/1000], inf[3.3e+13], comp[7.9e+13], Q(301, 0, 0, 0), Trans[(256, 2, 8) -> 49.877500036556256]
[Tue Dec  2 17:24:51 2025] >> [t:424] (r: 0.000), [f:     0/1000], inf[3.3e+13], comp[0.0e+00], Q(300, 1, 0, 0), Trans[(256, 2, 8) -> 49.877500036556256]
[Tue Dec  2 17:24:51 2025] >> [t:425] (r:-0.100), [f:   300/1000], inf[3.3e+13], comp[7.9e+13], Q(300, 0, 0, 0), Trans[(256, 2, 8) -> 49.877500036556256]
[Tue Dec  2 17:24:51 2025] >> [t:426] (r: 0.000), [f:     0/1000], inf[3.3e+13], comp[0.0e+00], Q(300, 0, 0, 0), Trans[(256, 2, 8) -> 49.877500036556256]
[Tue Dec  2 17:24:51 2025] >> [t:427] (r: 0.000), [f:     0/1000], inf[8.1e+13], comp[0.0e+00], Q(300, 0, 0, 0), Trans[(512, 2, 8) -> 31.796302199813397]
[Tue Dec  2 17:24:51 2025] >> [t:428] (r: 0.000), [f:     0/1000], inf[8.1e+13], comp[0.0e+00], Q(300, 0, 0, 0), Trans[(512, 2, 8) -> 31.796302199813397]
[Tue Dec  2 17:24:51 2025] >> [t:429] (r: 0.000), [f:     0/1000], inf[8.1e+13], comp[0.0e+00], Q(300, 0, 0, 0), Trans[(512, 2, 8) -> 31.796302199813397]
[Tue Dec  2 17:24:51 2025] >> [t:430] (r: 0.000), [f:     0/1000], inf[8.1e+13], comp[0.0e+00], Q(299, 1, 0, 0), Trans[(512, 2, 8) -> 31.796302199813397]
[Tue Dec  2 17:24:51 2025] >> [t:431] (r:-0.100), [f:   300/1000], inf[3.3e+13], comp[7.9e+13], Q(298, 2, 0, 0), Trans[(256, 2, 8) -> 49.877500036556256]
[Tue Dec  2 17:24:51 2025] >> [t:432] (r:-0.100), [f:   300/1000], inf[3.3e+13], comp[7.9e+13], Q(298, 0, 0, 0), Trans[(256, 2, 8) -> 49.877500036556256]
[Tue Dec  2 17:24:51 2025] >> [t:433] (r: 0.000), [f:     0/1000], inf[3.3e+13], comp[0.0e+00], Q(297, 1, 0, 0), Trans[(256, 2, 8) -> 49.877500036556256]
[Tue Dec  2 17:24:51 2025] >> [t:434] (r:-0.100), [f:   300/1000], inf[3.3e+13], comp[7.9e+13], Q(297, 0, 0, 0), Trans[(256, 2, 8) -> 49.877500036556256]
[Tue Dec  2 17:24:51 2025] >> [t:435] (r: 0.000), [f:     0/1000], inf[3.3e+13], comp[0.0e+00], Q(296, 1, 0, 0), Trans[(256, 2, 8) -> 49.877500036556256]
[Tue Dec  2 17:24:51 2025] >> [t:436] (r:-0.100), [f:   300/1000], inf[3.3e+13], comp[7.9e+13], Q(295, 0, 0, 0), Trans[(256, 2, 8) -> 49.877500036556256]
[Tue Dec  2 17:24:51 2025] >> [t:437] (r: 0.000), [f:     0/1000], inf[3.3e+13], comp[0.0e+00], Q(295, 0, 0, 0), Trans[(256, 2, 8) -> 49.877500036556256]
[Tue Dec  2 17:24:51 2025] >> [t:438] (r: 0.000), [f:     0/1000], inf[8.1e+13], comp[0.0e+00], Q(295, 0, 0, 0), Trans[(512, 2, 8) -> 31.796302199813397]
[Tue Dec  2 17:24:51 2025] >> [t:439] (r: 0.000), [f:     0/1000], inf[8.1e+13], comp[0.0e+00], Q(295, 0, 0, 0), Trans[(512, 2, 8) -> 31.796302199813397]
[Tue Dec  2 17:24:51 2025] >> [t:440] (r: 0.000), [f:     0/1000], inf[8.1e+13], comp[0.0e+00], Q(295, 0, 0, 0), Trans[(512, 2, 8) -> 31.796302199813397]
[Tue Dec  2 17:24:51 2025] >> [t:441] (r: 0.000), [f:     0/1000], inf[8.1e+13], comp[0.0e+00], Q(295, 0, 0, 0), Trans[(512, 2, 8) -> 31.796302199813397]
[Tue Dec  2 17:24:51 2025] >> [t:442] (r: 0.000), [f:     0/1000], inf[8.1e+13], comp[0.0e+00], Q(294, 1, 0, 0), Trans[(512, 2, 8) -> 31.796302199813397]
[Tue Dec  2 17:24:51 2025] >> [t:443] (r:-0.100), [f:   300/1000], inf[3.3e+13], comp[7.9e+13], Q(293, 2, 0, 0), Trans[(256, 2, 8) -> 49.877500036556256]
[Tue Dec  2 17:24:51 2025] >> [t:444] (r:-0.100), [f:   300/1000], inf[3.3e+13], comp[7.9e+13], Q(290, 2, 0, 0), Trans[(256, 2, 8) -> 49.877500036556256]
[Tue Dec  2 17:24:51 2025] >> [t:445] (r:-0.100), [f:   300/1000], inf[3.3e+13], comp[7.9e+13], Q(288, 2, 0, 0), Trans[(256, 2, 8) -> 49.877500036556256]
[Tue Dec  2 17:24:51 2025] >> [t:446] (r:-0.100), [f:   300/1000], inf[3.3e+13], comp[7.9e+13], Q(287, 0, 0, 0), Trans[(256, 2, 8) -> 49.877500036556256]
[Tue Dec  2 17:24:51 2025] >> [t:447] (r: 0.000), [f:     0/1000], inf[3.3e+13], comp[0.0e+00], Q(286, 1, 0, 0), Trans[(256, 2, 8) -> 49.877500036556256]
[Tue Dec  2 17:24:51 2025] >> [t:448] (r:-0.100), [f:   300/1000], inf[3.3e+13], comp[7.9e+13], Q(285, 0, 0, 0), Trans[(256, 2, 8) -> 49.877500036556256]
[Tue Dec  2 17:24:51 2025] >> [t:449] (r: 0.000), [f:     0/1000], inf[3.3e+13], comp[0.0e+00], Q(285, 0, 0, 0), Trans[(256, 2, 8) -> 49.877500036556256]
[Tue Dec  2 17:24:51 2025] >> [t:450] (r: 0.000), [f:     0/1000], inf[8.1e+13], comp[0.0e+00], Q(285, 0, 0, 0), Trans[(512, 2, 8) -> 31.796302199813397]
[Tue Dec  2 17:24:51 2025] >> [t:451] (r: 0.000), [f:     0/1000], inf[8.1e+13], comp[0.0e+00], Q(284, 1, 0, 0), Trans[(512, 2, 8) -> 31.796302199813397]
[Tue Dec  2 17:24:51 2025] >> [t:452] (r:-0.100), [f:   300/1000], inf[3.3e+13], comp[7.9e+13], Q(284, 1, 0, 0), Trans[(256, 2, 8) -> 49.877500036556256]
[Tue Dec  2 17:24:51 2025] >> [t:453] (r:-0.100), [f:   300/1000], inf[3.3e+13], comp[7.9e+13], Q(284, 0, 0, 0), Trans[(256, 2, 8) -> 49.877500036556256]
[Tue Dec  2 17:24:51 2025] >> [t:454] (r: 0.000), [f:     0/1000], inf[3.3e+13], comp[0.0e+00], Q(284, 0, 0, 0), Trans[(256, 2, 8) -> 49.877500036556256]
[Tue Dec  2 17:24:51 2025] >> [t:455] (r: 0.000), [f:     0/1000], inf[8.1e+13], comp[0.0e+00], Q(284, 0, 0, 0), Trans[(512, 2, 8) -> 31.796302199813397]
[Tue Dec  2 17:24:51 2025] >> [t:456] (r: 0.000), [f:     0/1000], inf[8.1e+13], comp[0.0e+00], Q(283, 1, 0, 0), Trans[(512, 2, 8) -> 31.796302199813397]
[Tue Dec  2 17:24:51 2025] >> [t:457] (r:-0.100), [f:   300/1000], inf[3.3e+13], comp[7.9e+13], Q(283, 1, 0, 0), Trans[(256, 2, 8) -> 49.877500036556256]
[Tue Dec  2 17:24:51 2025] >> [t:458] (r:-0.100), [f:   300/1000], inf[3.3e+13], comp[7.9e+13], Q(283, 0, 0, 0), Trans[(256, 2, 8) -> 49.877500036556256]
[Tue Dec  2 17:24:51 2025] >> [t:459] (r: 0.000), [f:     0/1000], inf[3.3e+13], comp[0.0e+00], Q(283, 0, 0, 0), Trans[(256, 2, 8) -> 49.877500036556256]
[Tue Dec  2 17:24:51 2025] >> [t:460] (r: 0.000), [f:     0/1000], inf[8.1e+13], comp[0.0e+00], Q(283, 0, 0, 0), Trans[(512, 2, 8) -> 31.796302199813397]
[Tue Dec  2 17:24:51 2025] >> [t:461] (r: 0.000), [f:     0/1000], inf[8.1e+13], comp[0.0e+00], Q(283, 0, 0, 0), Trans[(512, 2, 8) -> 31.796302199813397]
[Tue Dec  2 17:24:51 2025] >> [t:462] (r: 0.000), [f:     0/1000], inf[8.1e+13], comp[0.0e+00], Q(282, 1, 0, 0), Trans[(512, 2, 8) -> 31.796302199813397]
[Tue Dec  2 17:24:51 2025] >> [t:463] (r:-0.100), [f:   300/1000], inf[3.3e+13], comp[7.9e+13], Q(282, 1, 0, 0), Trans[(256, 2, 8) -> 49.877500036556256]
[Tue Dec  2 17:24:51 2025] >> [t:464] (r:-0.100), [f:   300/1000], inf[3.3e+13], comp[7.9e+13], Q(281, 0, 0, 0), Trans[(256, 2, 8) -> 49.877500036556256]
[Tue Dec  2 17:24:51 2025] >> [t:465] (r: 0.000), [f:     0/1000], inf[3.3e+13], comp[0.0e+00], Q(280, 1, 0, 0), Trans[(256, 2, 8) -> 49.877500036556256]
[Tue Dec  2 17:24:51 2025] >> [t:466] (r:-0.100), [f:   300/1000], inf[3.3e+13], comp[7.9e+13], Q(279, 0, 0, 0), Trans[(256, 2, 8) -> 49.877500036556256]
[Tue Dec  2 17:24:51 2025] >> [t:467] (r: 0.000), [f:     0/1000], inf[3.3e+13], comp[0.0e+00], Q(279, 0, 0, 0), Trans[(256, 2, 8) -> 49.877500036556256]
[Tue Dec  2 17:24:51 2025] >> [t:468] (r: 0.000), [f:     0/1000], inf[8.1e+13], comp[0.0e+00], Q(278, 1, 0, 0), Trans[(512, 2, 8) -> 31.796302199813397]
[Tue Dec  2 17:24:51 2025] >> [t:469] (r:-0.100), [f:   300/1000], inf[3.3e+13], comp[7.9e+13], Q(278, 1, 0, 0), Trans[(256, 2, 8) -> 49.877500036556256]
[Tue Dec  2 17:24:51 2025] >> [t:470] (r:-0.100), [f:   300/1000], inf[3.3e+13], comp[7.9e+13], Q(276, 0, 0, 0), Trans[(256, 2, 8) -> 49.877500036556256]
[Tue Dec  2 17:24:51 2025] >> [t:471] (r: 0.000), [f:     0/1000], inf[3.3e+13], comp[0.0e+00], Q(275, 1, 0, 0), Trans[(256, 2, 8) -> 49.877500036556256]
[Tue Dec  2 17:24:51 2025] >> [t:472] (r:-0.100), [f:   300/1000], inf[3.3e+13], comp[7.9e+13], Q(274, 0, 0, 0), Trans[(256, 2, 8) -> 49.877500036556256]
[Tue Dec  2 17:24:51 2025] >> [t:473] (r: 0.000), [f:     0/1000], inf[3.3e+13], comp[0.0e+00], Q(273, 1, 0, 0), Trans[(256, 2, 8) -> 49.877500036556256]
[Tue Dec  2 17:24:51 2025] >> [t:474] (r:-0.100), [f:   300/1000], inf[3.3e+13], comp[7.9e+13], Q(272, 0, 0, 0), Trans[(256, 2, 8) -> 49.877500036556256]
[Tue Dec  2 17:24:51 2025] >> [t:475] (r: 0.000), [f:     0/1000], inf[3.3e+13], comp[0.0e+00], Q(272, 0, 0, 0), Trans[(256, 2, 8) -> 49.877500036556256]
[Tue Dec  2 17:24:51 2025] >> [t:476] (r: 0.000), [f:     0/1000], inf[8.1e+13], comp[0.0e+00], Q(272, 0, 0, 0), Trans[(512, 2, 8) -> 31.796302199813397]
[Tue Dec  2 17:24:51 2025] >> [t:477] (r: 0.000), [f:     0/1000], inf[8.1e+13], comp[0.0e+00], Q(272, 0, 0, 0), Trans[(512, 2, 8) -> 31.796302199813397]
[Tue Dec  2 17:24:51 2025] >> [t:478] (r: 0.000), [f:     0/1000], inf[8.1e+13], comp[0.0e+00], Q(272, 0, 0, 0), Trans[(512, 2, 8) -> 31.796302199813397]
[Tue Dec  2 17:24:51 2025] >> [t:479] (r: 0.000), [f:     0/1000], inf[8.1e+13], comp[0.0e+00], Q(271, 1, 0, 0), Trans[(512, 2, 8) -> 31.796302199813397]
[Tue Dec  2 17:24:51 2025] >> [t:480] (r:-0.100), [f:   300/1000], inf[3.3e+13], comp[7.9e+13], Q(271, 1, 0, 0), Trans[(256, 2, 8) -> 49.877500036556256]
[Tue Dec  2 17:24:51 2025] >> [t:481] (r:-0.100), [f:   300/1000], inf[3.3e+13], comp[7.9e+13], Q(271, 0, 0, 0), Trans[(256, 2, 8) -> 49.877500036556256]
[Tue Dec  2 17:24:51 2025] >> [t:482] (r: 0.000), [f:     0/1000], inf[3.3e+13], comp[0.0e+00], Q(270, 1, 0, 0), Trans[(256, 2, 8) -> 49.877500036556256]
[Tue Dec  2 17:24:51 2025] >> [t:483] (r:-0.100), [f:   300/1000], inf[3.3e+13], comp[7.9e+13], Q(270, 0, 0, 0), Trans[(256, 2, 8) -> 49.877500036556256]
[Tue Dec  2 17:24:51 2025] >> [t:484] (r: 0.000), [f:     0/1000], inf[3.3e+13], comp[0.0e+00], Q(270, 0, 0, 0), Trans[(256, 2, 8) -> 49.877500036556256]
[Tue Dec  2 17:24:51 2025] >> [t:485] (r: 0.000), [f:     0/1000], inf[8.1e+13], comp[0.0e+00], Q(269, 1, 0, 0), Trans[(512, 2, 8) -> 31.796302199813397]
[Tue Dec  2 17:24:51 2025] >> [t:486] (r:-0.100), [f:   300/1000], inf[3.3e+13], comp[7.9e+13], Q(268, 2, 0, 0), Trans[(256, 2, 8) -> 49.877500036556256]
[Tue Dec  2 17:24:51 2025] >> [t:487] (r:-0.100), [f:   300/1000], inf[3.3e+13], comp[7.9e+13], Q(268, 0, 0, 0), Trans[(256, 2, 8) -> 49.877500036556256]
[Tue Dec  2 17:24:51 2025] >> [t:488] (r: 0.000), [f:     0/1000], inf[3.3e+13], comp[0.0e+00], Q(268, 0, 0, 0), Trans[(256, 2, 8) -> 49.877500036556256]
[Tue Dec  2 17:24:51 2025] >> [t:489] (r: 0.000), [f:     0/1000], inf[8.1e+13], comp[0.0e+00], Q(268, 0, 0, 0), Trans[(512, 2, 8) -> 31.796302199813397]
[Tue Dec  2 17:24:51 2025] >> [t:490] (r: 0.000), [f:     0/1000], inf[8.1e+13], comp[0.0e+00], Q(268, 0, 0, 0), Trans[(512, 2, 8) -> 31.796302199813397]
[Tue Dec  2 17:24:51 2025] >> [t:491] (r: 0.000), [f:     0/1000], inf[8.1e+13], comp[0.0e+00], Q(267, 1, 0, 0), Trans[(512, 2, 8) -> 31.796302199813397]
[Tue Dec  2 17:24:51 2025] >> [t:492] (r:-0.100), [f:   300/1000], inf[3.3e+13], comp[7.9e+13], Q(266, 2, 0, 0), Trans[(256, 2, 8) -> 49.877500036556256]
[Tue Dec  2 17:24:51 2025] >> [t:493] (r:-0.100), [f:   300/1000], inf[3.3e+13], comp[7.9e+13], Q(265, 0, 0, 0), Trans[(256, 2, 8) -> 49.877500036556256]
[Tue Dec  2 17:24:51 2025] >> [t:494] (r: 0.000), [f:     0/1000], inf[3.3e+13], comp[0.0e+00], Q(264, 1, 0, 0), Trans[(256, 2, 8) -> 49.877500036556256]
[Tue Dec  2 17:24:51 2025] >> [t:495] (r:-0.100), [f:   300/1000], inf[3.3e+13], comp[7.9e+13], Q(263, 0, 0, 0), Trans[(256, 2, 8) -> 49.877500036556256]
[Tue Dec  2 17:24:51 2025] >> [t:496] (r: 0.000), [f:     0/1000], inf[3.3e+13], comp[0.0e+00], Q(262, 1, 0, 0), Trans[(256, 2, 8) -> 49.877500036556256]
[Tue Dec  2 17:24:51 2025] >> [t:497] (r:-0.100), [f:   300/1000], inf[3.3e+13], comp[7.9e+13], Q(262, 0, 0, 0), Trans[(256, 2, 8) -> 49.877500036556256]
[Tue Dec  2 17:24:51 2025] >> [t:498] (r: 0.000), [f:     0/1000], inf[3.3e+13], comp[0.0e+00], Q(261, 1, 0, 0), Trans[(256, 2, 8) -> 49.877500036556256]
[Tue Dec  2 17:24:51 2025] >> [t:499] (r:-0.100), [f:   300/1000], inf[3.3e+13], comp[7.9e+13], Q(261, 0, 0, 0), Trans[(256, 2, 8) -> 49.877500036556256]
[Tue Dec  2 17:24:51 2025] >> [t:500] (r: 0.000), [f:     0/1000], inf[3.3e+13], comp[0.0e+00], Q(261, 0, 0, 0), Trans[(256, 2, 8) -> 49.877500036556256]
[Tue Dec  2 17:24:51 2025] >> [t:501] (r: 0.000), [f:     0/1000], inf[8.1e+13], comp[0.0e+00], Q(259, 2, 0, 0), Trans[(512, 2, 8) -> 31.796302199813397]
[Tue Dec  2 17:24:51 2025] >> [t:502] (r:-0.100), [f:   300/1000], inf[3.3e+13], comp[7.9e+13], Q(259, 2, 0, 0), Trans[(256, 2, 8) -> 49.877500036556256]
[Tue Dec  2 17:24:51 2025] >> [t:503] (r:-0.100), [f:   300/1000], inf[3.3e+13], comp[7.9e+13], Q(259, 1, 0, 0), Trans[(256, 2, 8) -> 49.877500036556256]
[Tue Dec  2 17:24:51 2025] >> [t:504] (r:-0.100), [f:   300/1000], inf[3.3e+13], comp[7.9e+13], Q(259, 0, 0, 0), Trans[(256, 2, 8) -> 49.877500036556256]
[Tue Dec  2 17:24:51 2025] >> [t:505] (r: 0.000), [f:     0/1000], inf[3.3e+13], comp[0.0e+00], Q(259, 0, 0, 0), Trans[(256, 2, 8) -> 49.877500036556256]
[Tue Dec  2 17:24:51 2025] >> [t:506] (r: 0.000), [f:     0/1000], inf[8.1e+13], comp[0.0e+00], Q(259, 0, 0, 0), Trans[(512, 2, 8) -> 31.796302199813397]
[Tue Dec  2 17:24:51 2025] >> [t:507] (r: 0.000), [f:     0/1000], inf[8.1e+13], comp[0.0e+00], Q(259, 0, 0, 0), Trans[(512, 2, 8) -> 31.796302199813397]
[Tue Dec  2 17:24:51 2025] >> [t:508] (r: 0.000), [f:     0/1000], inf[8.1e+13], comp[0.0e+00], Q(258, 1, 0, 0), Trans[(512, 2, 8) -> 31.796302199813397]
[Tue Dec  2 17:24:51 2025] >> [t:509] (r:-0.100), [f:   300/1000], inf[3.3e+13], comp[7.9e+13], Q(257, 2, 0, 0), Trans[(256, 2, 8) -> 49.877500036556256]
[Tue Dec  2 17:24:51 2025] >> [t:510] (r:-0.100), [f:   300/1000], inf[3.3e+13], comp[7.9e+13], Q(255, 1, 0, 0), Trans[(256, 2, 8) -> 49.877500036556256]
[Tue Dec  2 17:24:51 2025] >> [t:511] (r:-0.100), [f:   300/1000], inf[3.3e+13], comp[7.9e+13], Q(254, 0, 0, 0), Trans[(256, 2, 8) -> 49.877500036556256]
[Tue Dec  2 17:24:51 2025] >> [t:512] (r: 0.000), [f:     0/1000], inf[3.3e+13], comp[0.0e+00], Q(254, 0, 0, 0), Trans[(256, 2, 8) -> 49.877500036556256]
[Tue Dec  2 17:24:52 2025] >> [t:513] (r: 0.000), [f:     0/1000], inf[8.1e+13], comp[0.0e+00], Q(253, 1, 0, 0), Trans[(512, 2, 8) -> 31.796302199813397]
[Tue Dec  2 17:24:52 2025] >> [t:514] (r:-0.100), [f:   300/1000], inf[3.3e+13], comp[7.9e+13], Q(253, 1, 0, 0), Trans[(256, 2, 8) -> 49.877500036556256]
[Tue Dec  2 17:24:52 2025] >> [t:515] (r:-0.100), [f:   300/1000], inf[3.3e+13], comp[7.9e+13], Q(252, 0, 0, 0), Trans[(256, 2, 8) -> 49.877500036556256]
[Tue Dec  2 17:24:52 2025] >> [t:516] (r: 0.000), [f:     0/1000], inf[3.3e+13], comp[0.0e+00], Q(252, 0, 0, 0), Trans[(256, 2, 8) -> 49.877500036556256]
[Tue Dec  2 17:24:52 2025] >> [t:517] (r: 0.000), [f:     0/1000], inf[8.1e+13], comp[0.0e+00], Q(251, 1, 0, 0), Trans[(512, 2, 8) -> 31.796302199813397]
[Tue Dec  2 17:24:52 2025] >> [t:518] (r:-0.100), [f:   300/1000], inf[3.3e+13], comp[7.9e+13], Q(251, 1, 0, 0), Trans[(256, 2, 8) -> 49.877500036556256]
[Tue Dec  2 17:24:52 2025] >> [t:519] (r:-0.100), [f:   300/1000], inf[3.3e+13], comp[7.9e+13], Q(251, 0, 0, 0), Trans[(256, 2, 8) -> 49.877500036556256]
[Tue Dec  2 17:24:52 2025] >> [t:520] (r: 0.000), [f:     0/1000], inf[3.3e+13], comp[0.0e+00], Q(249, 2, 0, 0), Trans[(256, 2, 8) -> 49.877500036556256]
[Tue Dec  2 17:24:52 2025] >> [t:521] (r:-0.100), [f:   300/1000], inf[3.3e+13], comp[7.9e+13], Q(249, 0, 0, 0), Trans[(256, 2, 8) -> 49.877500036556256]
[Tue Dec  2 17:24:52 2025] >> [t:522] (r: 0.000), [f:     0/1000], inf[3.3e+13], comp[0.0e+00], Q(249, 0, 0, 0), Trans[(256, 2, 8) -> 49.877500036556256]
[Tue Dec  2 17:24:52 2025] >> [t:523] (r: 0.000), [f:     0/1000], inf[8.1e+13], comp[0.0e+00], Q(248, 1, 0, 0), Trans[(512, 2, 8) -> 31.796302199813397]
[Tue Dec  2 17:24:52 2025] >> [t:524] (r:-0.100), [f:   300/1000], inf[3.3e+13], comp[7.9e+13], Q(247, 2, 0, 0), Trans[(256, 2, 8) -> 49.877500036556256]
[Tue Dec  2 17:24:52 2025] >> [t:525] (r:-0.100), [f:   300/1000], inf[3.3e+13], comp[7.9e+13], Q(245, 1, 0, 0), Trans[(256, 2, 8) -> 49.877500036556256]
[Tue Dec  2 17:24:52 2025] >> [t:526] (r:-0.100), [f:   300/1000], inf[3.3e+13], comp[7.9e+13], Q(244, 0, 0, 0), Trans[(256, 2, 8) -> 49.877500036556256]
[Tue Dec  2 17:24:52 2025] >> [t:527] (r: 0.000), [f:     0/1000], inf[3.3e+13], comp[0.0e+00], Q(244, 0, 0, 0), Trans[(256, 2, 8) -> 49.877500036556256]
[Tue Dec  2 17:24:52 2025] >> [t:528] (r: 0.000), [f:     0/1000], inf[8.1e+13], comp[0.0e+00], Q(243, 1, 0, 0), Trans[(512, 2, 8) -> 31.796302199813397]
[Tue Dec  2 17:24:52 2025] >> [t:529] (r:-0.100), [f:   300/1000], inf[3.3e+13], comp[7.9e+13], Q(242, 2, 0, 0), Trans[(256, 2, 8) -> 49.877500036556256]
[Tue Dec  2 17:24:52 2025] >> [t:530] (r:-0.100), [f:   300/1000], inf[3.3e+13], comp[7.9e+13], Q(241, 0, 0, 0), Trans[(256, 2, 8) -> 49.877500036556256]
[Tue Dec  2 17:24:52 2025] >> [t:531] (r: 0.000), [f:     0/1000], inf[3.3e+13], comp[0.0e+00], Q(239, 2, 0, 0), Trans[(256, 2, 8) -> 49.877500036556256]
[Tue Dec  2 17:24:52 2025] >> [t:532] (r:-0.100), [f:   300/1000], inf[3.3e+13], comp[7.9e+13], Q(238, 1, 0, 0), Trans[(256, 2, 8) -> 49.877500036556256]
[Tue Dec  2 17:24:52 2025] >> [t:533] (r:-0.100), [f:   300/1000], inf[3.3e+13], comp[7.9e+13], Q(237, 0, 0, 0), Trans[(256, 2, 8) -> 49.877500036556256]
[Tue Dec  2 17:24:52 2025] >> [t:534] (r: 0.000), [f:     0/1000], inf[3.3e+13], comp[0.0e+00], Q(236, 1, 0, 0), Trans[(256, 2, 8) -> 49.877500036556256]
[Tue Dec  2 17:24:52 2025] >> [t:535] (r:-0.100), [f:   300/1000], inf[3.3e+13], comp[7.9e+13], Q(235, 0, 0, 0), Trans[(256, 2, 8) -> 49.877500036556256]
[Tue Dec  2 17:24:52 2025] >> [t:536] (r: 0.000), [f:     0/1000], inf[3.3e+13], comp[0.0e+00], Q(233, 2, 0, 0), Trans[(256, 2, 8) -> 49.877500036556256]
[Tue Dec  2 17:24:52 2025] >> [t:537] (r:-0.100), [f:   300/1000], inf[3.3e+13], comp[7.9e+13], Q(233, 0, 0, 0), Trans[(256, 2, 8) -> 49.877500036556256]
[Tue Dec  2 17:24:52 2025] >> [t:538] (r: 0.000), [f:     0/1000], inf[3.3e+13], comp[0.0e+00], Q(233, 0, 0, 0), Trans[(256, 2, 8) -> 49.877500036556256]
[Tue Dec  2 17:24:52 2025] >> [t:539] (r: 0.000), [f:     0/1000], inf[8.1e+13], comp[0.0e+00], Q(233, 0, 0, 0), Trans[(512, 2, 8) -> 31.796302199813397]
[Tue Dec  2 17:24:52 2025] >> [t:540] (r: 0.000), [f:     0/1000], inf[8.1e+13], comp[0.0e+00], Q(233, 0, 0, 0), Trans[(512, 2, 8) -> 31.796302199813397]
[Tue Dec  2 17:24:52 2025] >> [t:541] (r: 0.000), [f:     0/1000], inf[8.1e+13], comp[0.0e+00], Q(230, 3, 0, 0), Trans[(512, 2, 8) -> 31.796302199813397]
[Tue Dec  2 17:24:52 2025] >> [t:542] (r:-0.100), [f:   300/1000], inf[3.3e+13], comp[7.9e+13], Q(230, 3, 0, 0), Trans[(256, 2, 8) -> 49.877500036556256]
[Tue Dec  2 17:24:52 2025] >> [t:543] (r:-0.100), [f:   300/1000], inf[3.3e+13], comp[7.9e+13], Q(228, 4, 0, 0), Trans[(256, 2, 8) -> 49.877500036556256]
[Tue Dec  2 17:24:52 2025] >> [t:544] (r:-0.100), [f:   300/1000], inf[3.3e+13], comp[7.9e+13], Q(227, 4, 0, 0), Trans[(256, 2, 8) -> 49.877500036556256]
[Tue Dec  2 17:24:52 2025] >> [t:545] (r:-0.100), [f:   300/1000], inf[3.3e+13], comp[7.9e+13], Q(227, 1, 0, 0), Trans[(256, 2, 8) -> 49.877500036556256]
[Tue Dec  2 17:24:52 2025] >> [t:546] (r:-0.100), [f:   300/1000], inf[3.3e+13], comp[7.9e+13], Q(226, 0, 0, 0), Trans[(256, 2, 8) -> 49.877500036556256]
[Tue Dec  2 17:24:52 2025] >> [t:547] (r: 0.000), [f:     0/1000], inf[3.3e+13], comp[0.0e+00], Q(225, 1, 0, 0), Trans[(256, 2, 8) -> 49.877500036556256]
[Tue Dec  2 17:24:52 2025] >> [t:548] (r:-0.100), [f:   300/1000], inf[3.3e+13], comp[7.9e+13], Q(224, 0, 0, 0), Trans[(256, 2, 8) -> 49.877500036556256]
[Tue Dec  2 17:24:52 2025] >> [t:549] (r: 0.000), [f:     0/1000], inf[3.3e+13], comp[0.0e+00], Q(223, 1, 0, 0), Trans[(256, 2, 8) -> 49.877500036556256]
[Tue Dec  2 17:24:52 2025] >> [t:550] (r:-0.100), [f:   300/1000], inf[3.3e+13], comp[7.9e+13], Q(222, 0, 0, 0), Trans[(256, 2, 8) -> 49.877500036556256]
[Tue Dec  2 17:24:52 2025] >> [t:551] (r: 0.000), [f:     0/1000], inf[3.3e+13], comp[0.0e+00], Q(219, 3, 0, 0), Trans[(256, 2, 8) -> 49.877500036556256]
[Tue Dec  2 17:24:52 2025] >> [t:552] (r:-0.100), [f:   300/1000], inf[3.3e+13], comp[7.9e+13], Q(218, 2, 0, 0), Trans[(256, 2, 8) -> 49.877500036556256]
[Tue Dec  2 17:24:52 2025] >> [t:553] (r:-0.100), [f:   300/1000], inf[3.3e+13], comp[7.9e+13], Q(218, 0, 0, 0), Trans[(256, 2, 8) -> 49.877500036556256]
[Tue Dec  2 17:24:52 2025] >> [t:554] (r: 0.000), [f:     0/1000], inf[3.3e+13], comp[0.0e+00], Q(217, 1, 0, 0), Trans[(256, 2, 8) -> 49.877500036556256]
[Tue Dec  2 17:24:52 2025] >> [t:555] (r:-0.100), [f:   300/1000], inf[3.3e+13], comp[7.9e+13], Q(217, 0, 0, 0), Trans[(256, 2, 8) -> 49.877500036556256]
[Tue Dec  2 17:24:52 2025] >> [t:556] (r: 0.000), [f:     0/1000], inf[3.3e+13], comp[0.0e+00], Q(216, 1, 0, 0), Trans[(256, 2, 8) -> 49.877500036556256]
[Tue Dec  2 17:24:52 2025] >> [t:557] (r:-0.100), [f:   300/1000], inf[3.3e+13], comp[7.9e+13], Q(216, 0, 0, 0), Trans[(256, 2, 8) -> 49.877500036556256]
[Tue Dec  2 17:24:52 2025] >> [t:558] (r: 0.000), [f:     0/1000], inf[3.3e+13], comp[0.0e+00], Q(215, 1, 0, 0), Trans[(256, 2, 8) -> 49.877500036556256]
[Tue Dec  2 17:24:52 2025] >> [t:559] (r:-0.100), [f:   300/1000], inf[3.3e+13], comp[7.9e+13], Q(214, 0, 0, 0), Trans[(256, 2, 8) -> 49.877500036556256]
[Tue Dec  2 17:24:52 2025] >> [t:560] (r: 0.000), [f:     0/1000], inf[3.3e+13], comp[0.0e+00], Q(213, 1, 0, 0), Trans[(256, 2, 8) -> 49.877500036556256]
[Tue Dec  2 17:24:52 2025] >> [t:561] (r:-0.100), [f:   300/1000], inf[3.3e+13], comp[7.9e+13], Q(213, 0, 0, 0), Trans[(256, 2, 8) -> 49.877500036556256]
[Tue Dec  2 17:24:52 2025] >> [t:562] (r: 0.000), [f:     0/1000], inf[3.3e+13], comp[0.0e+00], Q(212, 1, 0, 0), Trans[(256, 2, 8) -> 49.877500036556256]
[Tue Dec  2 17:24:52 2025] >> [t:563] (r:-0.100), [f:   300/1000], inf[3.3e+13], comp[7.9e+13], Q(211, 0, 0, 0), Trans[(256, 2, 8) -> 49.877500036556256]
[Tue Dec  2 17:24:52 2025] >> [t:564] (r: 0.000), [f:     0/1000], inf[3.3e+13], comp[0.0e+00], Q(211, 0, 0, 0), Trans[(256, 2, 8) -> 49.877500036556256]
[Tue Dec  2 17:24:52 2025] >> [t:565] (r: 0.000), [f:     0/1000], inf[8.1e+13], comp[0.0e+00], Q(210, 1, 0, 0), Trans[(512, 2, 8) -> 31.796302199813397]
[Tue Dec  2 17:24:52 2025] >> [t:566] (r:-0.100), [f:   300/1000], inf[3.3e+13], comp[7.9e+13], Q(210, 1, 0, 0), Trans[(256, 2, 8) -> 49.877500036556256]
[Tue Dec  2 17:24:52 2025] >> [t:567] (r:-0.100), [f:   300/1000], inf[3.3e+13], comp[7.9e+13], Q(209, 0, 0, 0), Trans[(256, 2, 8) -> 49.877500036556256]
[Tue Dec  2 17:24:52 2025] >> [t:568] (r: 0.000), [f:     0/1000], inf[3.3e+13], comp[0.0e+00], Q(209, 0, 0, 0), Trans[(256, 2, 8) -> 49.877500036556256]
[Tue Dec  2 17:24:52 2025] >> [t:569] (r: 0.000), [f:     0/1000], inf[8.1e+13], comp[0.0e+00], Q(207, 2, 0, 0), Trans[(512, 2, 8) -> 31.796302199813397]
[Tue Dec  2 17:24:52 2025] >> [t:570] (r:-0.100), [f:   300/1000], inf[3.3e+13], comp[7.9e+13], Q(206, 3, 0, 0), Trans[(256, 2, 8) -> 49.877500036556256]
[Tue Dec  2 17:24:52 2025] >> [t:571] (r:-0.100), [f:   300/1000], inf[3.3e+13], comp[7.9e+13], Q(206, 2, 0, 0), Trans[(256, 2, 8) -> 49.877500036556256]
[Tue Dec  2 17:24:52 2025] >> [t:572] (r:-0.100), [f:   300/1000], inf[3.3e+13], comp[7.9e+13], Q(206, 0, 0, 0), Trans[(256, 2, 8) -> 49.877500036556256]
[Tue Dec  2 17:24:52 2025] >> [t:573] (r: 0.000), [f:     0/1000], inf[3.3e+13], comp[0.0e+00], Q(206, 0, 0, 0), Trans[(256, 2, 8) -> 49.877500036556256]
[Tue Dec  2 17:24:52 2025] >> [t:574] (r: 0.000), [f:     0/1000], inf[8.1e+13], comp[0.0e+00], Q(204, 2, 0, 0), Trans[(512, 2, 8) -> 31.796302199813397]
[Tue Dec  2 17:24:52 2025] >> [t:575] (r:-0.100), [f:   300/1000], inf[3.3e+13], comp[7.9e+13], Q(204, 2, 0, 0), Trans[(256, 2, 8) -> 49.877500036556256]
[Tue Dec  2 17:24:52 2025] >> [t:576] (r:-0.100), [f:   300/1000], inf[3.3e+13], comp[7.9e+13], Q(203, 2, 0, 0), Trans[(256, 2, 8) -> 49.877500036556256]
[Tue Dec  2 17:24:52 2025] >> [t:577] (r:-0.100), [f:   300/1000], inf[3.3e+13], comp[7.9e+13], Q(203, 0, 0, 0), Trans[(256, 2, 8) -> 49.877500036556256]
[Tue Dec  2 17:24:52 2025] >> [t:578] (r: 0.000), [f:     0/1000], inf[3.3e+13], comp[0.0e+00], Q(203, 0, 0, 0), Trans[(256, 2, 8) -> 49.877500036556256]
[Tue Dec  2 17:24:52 2025] >> [t:579] (r: 0.000), [f:     0/1000], inf[8.1e+13], comp[0.0e+00], Q(203, 0, 0, 0), Trans[(512, 2, 8) -> 31.796302199813397]
[Tue Dec  2 17:24:52 2025] >> [t:580] (r: 0.000), [f:     0/1000], inf[8.1e+13], comp[0.0e+00], Q(203, 0, 0, 0), Trans[(512, 2, 8) -> 31.796302199813397]
[Tue Dec  2 17:24:52 2025] >> [t:581] (r: 0.000), [f:     0/1000], inf[8.1e+13], comp[0.0e+00], Q(202, 1, 0, 0), Trans[(512, 2, 8) -> 31.796302199813397]
[Tue Dec  2 17:24:52 2025] >> [t:582] (r:-0.100), [f:   300/1000], inf[3.3e+13], comp[7.9e+13], Q(202, 1, 0, 0), Trans[(256, 2, 8) -> 49.877500036556256]
[Tue Dec  2 17:24:52 2025] >> [t:583] (r:-0.100), [f:   300/1000], inf[3.3e+13], comp[7.9e+13], Q(202, 0, 0, 0), Trans[(256, 2, 8) -> 49.877500036556256]
[Tue Dec  2 17:24:52 2025] >> [t:584] (r: 0.000), [f:     0/1000], inf[3.3e+13], comp[0.0e+00], Q(202, 0, 0, 0), Trans[(256, 2, 8) -> 49.877500036556256]
[Tue Dec  2 17:24:52 2025] >> [t:585] (r: 0.000), [f:     0/1000], inf[8.1e+13], comp[0.0e+00], Q(201, 1, 0, 0), Trans[(512, 2, 8) -> 31.796302199813397]
[Tue Dec  2 17:24:52 2025] >> [t:586] (r:-0.100), [f:   300/1000], inf[3.3e+13], comp[7.9e+13], Q(200, 2, 0, 0), Trans[(256, 2, 8) -> 49.877500036556256]
[Tue Dec  2 17:24:52 2025] >> [t:587] (r:-0.100), [f:   300/1000], inf[3.3e+13], comp[7.9e+13], Q(199, 0, 0, 0), Trans[(256, 2, 8) -> 49.877500036556256]
[Tue Dec  2 17:24:52 2025] >> [t:588] (r: 0.000), [f:     0/1000], inf[3.3e+13], comp[0.0e+00], Q(198, 1, 0, 0), Trans[(256, 2, 8) -> 49.877500036556256]
[Tue Dec  2 17:24:52 2025] >> [t:589] (r:-0.100), [f:   300/1000], inf[3.3e+13], comp[7.9e+13], Q(198, 0, 0, 0), Trans[(256, 2, 8) -> 49.877500036556256]
[Tue Dec  2 17:24:52 2025] >> [t:590] (r: 0.000), [f:     0/1000], inf[3.3e+13], comp[0.0e+00], Q(198, 0, 0, 0), Trans[(256, 2, 8) -> 49.877500036556256]
[Tue Dec  2 17:24:52 2025] >> [t:591] (r: 0.000), [f:     0/1000], inf[8.1e+13], comp[0.0e+00], Q(198, 0, 0, 0), Trans[(512, 2, 8) -> 31.796302199813397]
[Tue Dec  2 17:24:52 2025] >> [t:592] (r: 0.000), [f:     0/1000], inf[8.1e+13], comp[0.0e+00], Q(198, 0, 0, 0), Trans[(512, 2, 8) -> 31.796302199813397]
[Tue Dec  2 17:24:52 2025] >> [t:593] (r: 0.000), [f:     0/1000], inf[8.1e+13], comp[0.0e+00], Q(197, 1, 0, 0), Trans[(512, 2, 8) -> 31.796302199813397]
[Tue Dec  2 17:24:52 2025] >> [t:594] (r:-0.100), [f:   300/1000], inf[3.3e+13], comp[7.9e+13], Q(197, 1, 0, 0), Trans[(256, 2, 8) -> 49.877500036556256]
[Tue Dec  2 17:24:52 2025] >> [t:595] (r:-0.100), [f:   300/1000], inf[3.3e+13], comp[7.9e+13], Q(197, 0, 0, 0), Trans[(256, 2, 8) -> 49.877500036556256]
[Tue Dec  2 17:24:52 2025] >> [t:596] (r: 0.000), [f:     0/1000], inf[3.3e+13], comp[0.0e+00], Q(197, 0, 0, 0), Trans[(256, 2, 8) -> 49.877500036556256]
[Tue Dec  2 17:24:52 2025] >> [t:597] (r: 0.000), [f:     0/1000], inf[8.1e+13], comp[0.0e+00], Q(196, 1, 0, 0), Trans[(512, 2, 8) -> 31.796302199813397]
[Tue Dec  2 17:24:52 2025] >> [t:598] (r:-0.100), [f:   300/1000], inf[3.3e+13], comp[7.9e+13], Q(196, 1, 0, 0), Trans[(256, 2, 8) -> 49.877500036556256]
[Tue Dec  2 17:24:52 2025] >> [t:599] (r:-0.100), [f:   300/1000], inf[3.3e+13], comp[7.9e+13], Q(196, 0, 0, 0), Trans[(256, 2, 8) -> 49.877500036556256]
[Tue Dec  2 17:24:52 2025] >> [t:600] (r: 0.000), [f:     0/1000], inf[3.3e+13], comp[0.0e+00], Q(195, 1, 0, 0), Trans[(256, 2, 8) -> 49.877500036556256]
[Tue Dec  2 17:24:52 2025] >> [t:601] (r:-0.100), [f:   300/1000], inf[3.3e+13], comp[7.9e+13], Q(195, 0, 0, 0), Trans[(256, 2, 8) -> 49.877500036556256]
[Tue Dec  2 17:24:52 2025] >> [t:602] (r: 0.000), [f:     0/1000], inf[3.3e+13], comp[0.0e+00], Q(194, 1, 0, 0), Trans[(256, 2, 8) -> 49.877500036556256]
[Tue Dec  2 17:24:52 2025] >> [t:603] (r:-0.100), [f:   300/1000], inf[3.3e+13], comp[7.9e+13], Q(193, 0, 0, 0), Trans[(256, 2, 8) -> 49.877500036556256]
[Tue Dec  2 17:24:52 2025] >> [t:604] (r: 0.000), [f:     0/1000], inf[3.3e+13], comp[0.0e+00], Q(192, 1, 0, 0), Trans[(256, 2, 8) -> 49.877500036556256]
[Tue Dec  2 17:24:52 2025] >> [t:605] (r:-0.100), [f:   300/1000], inf[3.3e+13], comp[7.9e+13], Q(191, 0, 0, 0), Trans[(256, 2, 8) -> 49.877500036556256]
[Tue Dec  2 17:24:52 2025] >> [t:606] (r: 0.000), [f:     0/1000], inf[3.3e+13], comp[0.0e+00], Q(191, 0, 0, 0), Trans[(256, 2, 8) -> 49.877500036556256]
[Tue Dec  2 17:24:52 2025] >> [t:607] (r: 0.000), [f:     0/1000], inf[8.1e+13], comp[0.0e+00], Q(191, 0, 0, 0), Trans[(512, 2, 8) -> 31.796302199813397]
[Tue Dec  2 17:24:52 2025] >> [t:608] (r: 0.000), [f:     0/1000], inf[8.1e+13], comp[0.0e+00], Q(191, 0, 0, 0), Trans[(512, 2, 8) -> 31.796302199813397]
[Tue Dec  2 17:24:52 2025] >> [t:609] (r: 0.000), [f:     0/1000], inf[8.1e+13], comp[0.0e+00], Q(190, 1, 0, 0), Trans[(512, 2, 8) -> 31.796302199813397]
[Tue Dec  2 17:24:52 2025] >> [t:610] (r:-0.100), [f:   300/1000], inf[3.3e+13], comp[7.9e+13], Q(188, 3, 0, 0), Trans[(256, 2, 8) -> 49.877500036556256]
[Tue Dec  2 17:24:52 2025] >> [t:611] (r:-0.100), [f:   300/1000], inf[3.3e+13], comp[7.9e+13], Q(188, 0, 0, 0), Trans[(256, 2, 8) -> 49.877500036556256]
[Tue Dec  2 17:24:52 2025] >> [t:612] (r: 0.000), [f:     0/1000], inf[3.3e+13], comp[0.0e+00], Q(186, 2, 0, 0), Trans[(256, 2, 8) -> 49.877500036556256]
[Tue Dec  2 17:24:52 2025] >> [t:613] (r:-0.100), [f:   300/1000], inf[3.3e+13], comp[7.9e+13], Q(185, 1, 0, 0), Trans[(256, 2, 8) -> 49.877500036556256]
[Tue Dec  2 17:24:52 2025] >> [t:614] (r:-0.100), [f:   300/1000], inf[3.3e+13], comp[7.9e+13], Q(185, 0, 0, 0), Trans[(256, 2, 8) -> 49.877500036556256]
[Tue Dec  2 17:24:52 2025] >> [t:615] (r: 0.000), [f:     0/1000], inf[3.3e+13], comp[0.0e+00], Q(184, 1, 0, 0), Trans[(256, 2, 8) -> 49.877500036556256]
[Tue Dec  2 17:24:52 2025] >> [t:616] (r:-0.100), [f:   300/1000], inf[3.3e+13], comp[7.9e+13], Q(184, 0, 0, 0), Trans[(256, 2, 8) -> 49.877500036556256]
[Tue Dec  2 17:24:52 2025] >> [t:617] (r: 0.000), [f:     0/1000], inf[3.3e+13], comp[0.0e+00], Q(183, 1, 0, 0), Trans[(256, 2, 8) -> 49.877500036556256]
[Tue Dec  2 17:24:52 2025] >> [t:618] (r:-0.100), [f:   300/1000], inf[3.3e+13], comp[7.9e+13], Q(183, 0, 0, 0), Trans[(256, 2, 8) -> 49.877500036556256]
[Tue Dec  2 17:24:52 2025] >> [t:619] (r: 0.000), [f:     0/1000], inf[3.3e+13], comp[0.0e+00], Q(183, 0, 0, 0), Trans[(256, 2, 8) -> 49.877500036556256]
[Tue Dec  2 17:24:52 2025] >> [t:620] (r: 0.000), [f:     0/1000], inf[8.1e+13], comp[0.0e+00], Q(183, 0, 0, 0), Trans[(512, 2, 8) -> 31.796302199813397]
[Tue Dec  2 17:24:52 2025] >> [t:621] (r: 0.000), [f:     0/1000], inf[8.1e+13], comp[0.0e+00], Q(183, 0, 0, 0), Trans[(512, 2, 8) -> 31.796302199813397]
[Tue Dec  2 17:24:52 2025] >> [t:622] (r: 0.000), [f:     0/1000], inf[8.1e+13], comp[0.0e+00], Q(182, 1, 0, 0), Trans[(512, 2, 8) -> 31.796302199813397]
[Tue Dec  2 17:24:52 2025] >> [t:623] (r:-0.100), [f:   300/1000], inf[3.3e+13], comp[7.9e+13], Q(182, 1, 0, 0), Trans[(256, 2, 8) -> 49.877500036556256]
[Tue Dec  2 17:24:52 2025] >> [t:624] (r:-0.100), [f:   300/1000], inf[3.3e+13], comp[7.9e+13], Q(182, 0, 0, 0), Trans[(256, 2, 8) -> 49.877500036556256]
[Tue Dec  2 17:24:52 2025] >> [t:625] (r: 0.000), [f:     0/1000], inf[3.3e+13], comp[0.0e+00], Q(182, 0, 0, 0), Trans[(256, 2, 8) -> 49.877500036556256]
[Tue Dec  2 17:24:52 2025] >> [t:626] (r: 0.000), [f:     0/1000], inf[8.1e+13], comp[0.0e+00], Q(182, 0, 0, 0), Trans[(512, 2, 8) -> 31.796302199813397]
[Tue Dec  2 17:24:52 2025] >> [t:627] (r: 0.000), [f:     0/1000], inf[8.1e+13], comp[0.0e+00], Q(182, 0, 0, 0), Trans[(512, 2, 8) -> 31.796302199813397]
[Tue Dec  2 17:24:52 2025] >> [t:628] (r: 0.000), [f:     0/1000], inf[8.1e+13], comp[0.0e+00], Q(182, 0, 0, 0), Trans[(512, 2, 8) -> 31.796302199813397]
[Tue Dec  2 17:24:52 2025] >> [t:629] (r: 0.000), [f:     0/1000], inf[8.1e+13], comp[0.0e+00], Q(182, 0, 0, 0), Trans[(512, 2, 8) -> 31.796302199813397]
[Tue Dec  2 17:24:52 2025] >> [t:630] (r: 0.000), [f:     0/1000], inf[8.1e+13], comp[0.0e+00], Q(182, 0, 0, 0), Trans[(512, 2, 8) -> 31.796302199813397]
[Tue Dec  2 17:24:52 2025] >> [t:631] (r: 0.000), [f:     0/1000], inf[8.1e+13], comp[0.0e+00], Q(182, 0, 0, 0), Trans[(512, 2, 8) -> 31.796302199813397]
[Tue Dec  2 17:24:52 2025] >> [t:632] (r: 0.000), [f:     0/1000], inf[8.1e+13], comp[0.0e+00], Q(181, 1, 0, 0), Trans[(512, 2, 8) -> 31.796302199813397]
[Tue Dec  2 17:24:52 2025] >> [t:633] (r:-0.100), [f:   300/1000], inf[3.3e+13], comp[7.9e+13], Q(181, 1, 0, 0), Trans[(256, 2, 8) -> 49.877500036556256]
[Tue Dec  2 17:24:52 2025] >> [t:634] (r:-0.100), [f:   300/1000], inf[3.3e+13], comp[7.9e+13], Q(181, 0, 0, 0), Trans[(256, 2, 8) -> 49.877500036556256]
[Tue Dec  2 17:24:52 2025] >> [t:635] (r: 0.000), [f:     0/1000], inf[3.3e+13], comp[0.0e+00], Q(180, 1, 0, 0), Trans[(256, 2, 8) -> 49.877500036556256]
[Tue Dec  2 17:24:52 2025] >> [t:636] (r:-0.100), [f:   300/1000], inf[3.3e+13], comp[7.9e+13], Q(179, 0, 0, 0), Trans[(256, 2, 8) -> 49.877500036556256]
[Tue Dec  2 17:24:52 2025] >> [t:637] (r: 0.000), [f:     0/1000], inf[3.3e+13], comp[0.0e+00], Q(179, 0, 0, 0), Trans[(256, 2, 8) -> 49.877500036556256]
[Tue Dec  2 17:24:52 2025] >> [t:638] (r: 0.000), [f:     0/1000], inf[8.1e+13], comp[0.0e+00], Q(177, 2, 0, 0), Trans[(512, 2, 8) -> 31.796302199813397]
[Tue Dec  2 17:24:52 2025] >> [t:639] (r:-0.100), [f:   300/1000], inf[3.3e+13], comp[7.9e+13], Q(177, 2, 0, 0), Trans[(256, 2, 8) -> 49.877500036556256]
[Tue Dec  2 17:24:52 2025] >> [t:640] (r:-0.100), [f:   300/1000], inf[3.3e+13], comp[7.9e+13], Q(177, 1, 0, 0), Trans[(256, 2, 8) -> 49.877500036556256]
[Tue Dec  2 17:24:52 2025] >> [t:641] (r:-0.100), [f:   300/1000], inf[3.3e+13], comp[7.9e+13], Q(175, 0, 0, 0), Trans[(256, 2, 8) -> 49.877500036556256]
[Tue Dec  2 17:24:52 2025] >> [t:642] (r: 0.000), [f:     0/1000], inf[3.3e+13], comp[0.0e+00], Q(175, 0, 0, 0), Trans[(256, 2, 8) -> 49.877500036556256]
[Tue Dec  2 17:24:52 2025] >> [t:643] (r: 0.000), [f:     0/1000], inf[8.1e+13], comp[0.0e+00], Q(174, 1, 0, 0), Trans[(512, 2, 8) -> 31.796302199813397]
[Tue Dec  2 17:24:52 2025] >> [t:644] (r:-0.100), [f:   300/1000], inf[3.3e+13], comp[7.9e+13], Q(171, 4, 0, 0), Trans[(256, 2, 8) -> 49.877500036556256]
[Tue Dec  2 17:24:52 2025] >> [t:645] (r:-0.100), [f:   300/1000], inf[3.3e+13], comp[7.9e+13], Q(171, 1, 0, 0), Trans[(256, 2, 8) -> 49.877500036556256]
[Tue Dec  2 17:24:52 2025] >> [t:646] (r:-0.100), [f:   300/1000], inf[3.3e+13], comp[7.9e+13], Q(169, 1, 0, 0), Trans[(256, 2, 8) -> 49.877500036556256]
[Tue Dec  2 17:24:52 2025] >> [t:647] (r:-0.100), [f:   300/1000], inf[3.3e+13], comp[7.9e+13], Q(168, 0, 0, 0), Trans[(256, 2, 8) -> 49.877500036556256]
[Tue Dec  2 17:24:52 2025] >> [t:648] (r: 0.000), [f:     0/1000], inf[3.3e+13], comp[0.0e+00], Q(168, 0, 0, 0), Trans[(256, 2, 8) -> 49.877500036556256]
[Tue Dec  2 17:24:52 2025] >> [t:649] (r: 0.000), [f:     0/1000], inf[8.1e+13], comp[0.0e+00], Q(168, 0, 0, 0), Trans[(512, 2, 8) -> 31.796302199813397]
[Tue Dec  2 17:24:52 2025] >> [t:650] (r: 0.000), [f:     0/1000], inf[8.1e+13], comp[0.0e+00], Q(167, 1, 0, 0), Trans[(512, 2, 8) -> 31.796302199813397]
[Tue Dec  2 17:24:52 2025] >> [t:651] (r:-0.100), [f:   300/1000], inf[3.3e+13], comp[7.9e+13], Q(166, 2, 0, 0), Trans[(256, 2, 8) -> 49.877500036556256]
[Tue Dec  2 17:24:52 2025] >> [t:652] (r:-0.100), [f:   300/1000], inf[3.3e+13], comp[7.9e+13], Q(166, 0, 0, 0), Trans[(256, 2, 8) -> 49.877500036556256]
[Tue Dec  2 17:24:52 2025] >> [t:653] (r: 0.000), [f:     0/1000], inf[3.3e+13], comp[0.0e+00], Q(166, 0, 0, 0), Trans[(256, 2, 8) -> 49.877500036556256]
[Tue Dec  2 17:24:52 2025] >> [t:654] (r: 0.000), [f:     0/1000], inf[8.1e+13], comp[0.0e+00], Q(166, 0, 0, 0), Trans[(512, 2, 8) -> 31.796302199813397]
[Tue Dec  2 17:24:52 2025] >> [t:655] (r: 0.000), [f:     0/1000], inf[8.1e+13], comp[0.0e+00], Q(166, 0, 0, 0), Trans[(512, 2, 8) -> 31.796302199813397]
[Tue Dec  2 17:24:52 2025] >> [t:656] (r: 0.000), [f:     0/1000], inf[8.1e+13], comp[0.0e+00], Q(166, 0, 0, 0), Trans[(512, 2, 8) -> 31.796302199813397]
[Tue Dec  2 17:24:52 2025] >> [t:657] (r: 0.000), [f:     0/1000], inf[8.1e+13], comp[0.0e+00], Q(165, 1, 0, 0), Trans[(512, 2, 8) -> 31.796302199813397]
[Tue Dec  2 17:24:52 2025] >> [t:658] (r:-0.100), [f:   300/1000], inf[3.3e+13], comp[7.9e+13], Q(162, 4, 0, 0), Trans[(256, 2, 8) -> 49.877500036556256]
[Tue Dec  2 17:24:52 2025] >> [t:659] (r:-0.100), [f:   300/1000], inf[3.3e+13], comp[7.9e+13], Q(162, 1, 0, 0), Trans[(256, 2, 8) -> 49.877500036556256]
[Tue Dec  2 17:24:52 2025] >> [t:660] (r:-0.100), [f:   300/1000], inf[3.3e+13], comp[7.9e+13], Q(162, 0, 0, 0), Trans[(256, 2, 8) -> 49.877500036556256]
[Tue Dec  2 17:24:52 2025] >> [t:661] (r: 0.000), [f:     0/1000], inf[3.3e+13], comp[0.0e+00], Q(162, 0, 0, 0), Trans[(256, 2, 8) -> 49.877500036556256]
[Tue Dec  2 17:24:52 2025] >> [t:662] (r: 0.000), [f:     0/1000], inf[8.1e+13], comp[0.0e+00], Q(161, 1, 0, 0), Trans[(512, 2, 8) -> 31.796302199813397]
[Tue Dec  2 17:24:52 2025] >> [t:663] (r:-0.100), [f:   300/1000], inf[3.3e+13], comp[7.9e+13], Q(161, 1, 0, 0), Trans[(256, 2, 8) -> 49.877500036556256]
[Tue Dec  2 17:24:52 2025] >> [t:664] (r:-0.100), [f:   300/1000], inf[3.3e+13], comp[7.9e+13], Q(159, 0, 0, 0), Trans[(256, 2, 8) -> 49.877500036556256]
[Tue Dec  2 17:24:52 2025] >> [t:665] (r: 0.000), [f:     0/1000], inf[3.3e+13], comp[0.0e+00], Q(158, 1, 0, 0), Trans[(256, 2, 8) -> 49.877500036556256]
[Tue Dec  2 17:24:52 2025] >> [t:666] (r:-0.100), [f:   300/1000], inf[3.3e+13], comp[7.9e+13], Q(158, 0, 0, 0), Trans[(256, 2, 8) -> 49.877500036556256]
[Tue Dec  2 17:24:52 2025] >> [t:667] (r: 0.000), [f:     0/1000], inf[3.3e+13], comp[0.0e+00], Q(157, 1, 0, 0), Trans[(256, 2, 8) -> 49.877500036556256]
[Tue Dec  2 17:24:52 2025] >> [t:668] (r:-0.100), [f:   300/1000], inf[3.3e+13], comp[7.9e+13], Q(155, 1, 0, 0), Trans[(256, 2, 8) -> 49.877500036556256]
[Tue Dec  2 17:24:52 2025] >> [t:669] (r:-0.100), [f:   300/1000], inf[3.3e+13], comp[7.9e+13], Q(152, 2, 0, 0), Trans[(256, 2, 8) -> 49.877500036556256]
[Tue Dec  2 17:24:52 2025] >> [t:670] (r:-0.100), [f:   300/1000], inf[3.3e+13], comp[7.9e+13], Q(150, 1, 0, 0), Trans[(256, 2, 8) -> 49.877500036556256]
[Tue Dec  2 17:24:52 2025] >> [t:671] (r:-0.100), [f:   300/1000], inf[3.3e+13], comp[7.9e+13], Q(149, 0, 0, 0), Trans[(256, 2, 8) -> 49.877500036556256]
[Tue Dec  2 17:24:52 2025] >> [t:672] (r: 0.000), [f:     0/1000], inf[3.3e+13], comp[0.0e+00], Q(148, 1, 0, 0), Trans[(256, 2, 8) -> 49.877500036556256]
[Tue Dec  2 17:24:52 2025] >> [t:673] (r:-0.100), [f:   300/1000], inf[3.3e+13], comp[7.9e+13], Q(147, 0, 0, 0), Trans[(256, 2, 8) -> 49.877500036556256]
[Tue Dec  2 17:24:52 2025] >> [t:674] (r: 0.000), [f:     0/1000], inf[3.3e+13], comp[0.0e+00], Q(147, 0, 0, 0), Trans[(256, 2, 8) -> 49.877500036556256]
[Tue Dec  2 17:24:52 2025] >> [t:675] (r: 0.000), [f:     0/1000], inf[8.1e+13], comp[0.0e+00], Q(147, 0, 0, 0), Trans[(512, 2, 8) -> 31.796302199813397]
[Tue Dec  2 17:24:52 2025] >> [t:676] (r: 0.000), [f:     0/1000], inf[8.1e+13], comp[0.0e+00], Q(147, 0, 0, 0), Trans[(512, 2, 8) -> 31.796302199813397]
[Tue Dec  2 17:24:52 2025] >> [t:677] (r: 0.000), [f:     0/1000], inf[8.1e+13], comp[0.0e+00], Q(145, 2, 0, 0), Trans[(512, 2, 8) -> 31.796302199813397]
[Tue Dec  2 17:24:52 2025] >> [t:678] (r:-0.100), [f:   300/1000], inf[3.3e+13], comp[7.9e+13], Q(145, 2, 0, 0), Trans[(256, 2, 8) -> 49.877500036556256]
[Tue Dec  2 17:24:52 2025] >> [t:679] (r:-0.100), [f:   300/1000], inf[3.3e+13], comp[7.9e+13], Q(145, 1, 0, 0), Trans[(256, 2, 8) -> 49.877500036556256]
[Tue Dec  2 17:24:52 2025] >> [t:680] (r:-0.100), [f:   300/1000], inf[3.3e+13], comp[7.9e+13], Q(145, 0, 0, 0), Trans[(256, 2, 8) -> 49.877500036556256]
[Tue Dec  2 17:24:52 2025] >> [t:681] (r: 0.000), [f:     0/1000], inf[3.3e+13], comp[0.0e+00], Q(145, 0, 0, 0), Trans[(256, 2, 8) -> 49.877500036556256]
[Tue Dec  2 17:24:52 2025] >> [t:682] (r: 0.000), [f:     0/1000], inf[8.1e+13], comp[0.0e+00], Q(143, 2, 0, 0), Trans[(512, 2, 8) -> 31.796302199813397]
[Tue Dec  2 17:24:52 2025] >> [t:683] (r:-0.100), [f:   300/1000], inf[3.3e+13], comp[7.9e+13], Q(143, 2, 0, 0), Trans[(256, 2, 8) -> 49.877500036556256]
[Tue Dec  2 17:24:52 2025] >> [t:684] (r:-0.100), [f:   300/1000], inf[3.3e+13], comp[7.9e+13], Q(143, 1, 0, 0), Trans[(256, 2, 8) -> 49.877500036556256]
[Tue Dec  2 17:24:52 2025] >> [t:685] (r:-0.100), [f:   300/1000], inf[3.3e+13], comp[7.9e+13], Q(142, 0, 0, 0), Trans[(256, 2, 8) -> 49.877500036556256]
[Tue Dec  2 17:24:52 2025] >> [t:686] (r: 0.000), [f:     0/1000], inf[3.3e+13], comp[0.0e+00], Q(141, 1, 0, 0), Trans[(256, 2, 8) -> 49.877500036556256]
[Tue Dec  2 17:24:52 2025] >> [t:687] (r:-0.100), [f:   300/1000], inf[3.3e+13], comp[7.9e+13], Q(140, 0, 0, 0), Trans[(256, 2, 8) -> 49.877500036556256]
[Tue Dec  2 17:24:52 2025] >> [t:688] (r: 0.000), [f:     0/1000], inf[3.3e+13], comp[0.0e+00], Q(138, 2, 0, 0), Trans[(256, 2, 8) -> 49.877500036556256]
[Tue Dec  2 17:24:52 2025] >> [t:689] (r:-0.100), [f:   300/1000], inf[3.3e+13], comp[7.9e+13], Q(134, 4, 0, 0), Trans[(256, 2, 8) -> 49.877500036556256]
[Tue Dec  2 17:24:52 2025] >> [t:690] (r:-0.100), [f:   300/1000], inf[3.3e+13], comp[7.9e+13], Q(133, 3, 0, 0), Trans[(256, 2, 8) -> 49.877500036556256]
[Tue Dec  2 17:24:52 2025] >> [t:691] (r:-0.100), [f:   300/1000], inf[3.3e+13], comp[7.9e+13], Q(133, 0, 0, 0), Trans[(256, 2, 8) -> 49.877500036556256]
[Tue Dec  2 17:24:52 2025] >> [t:692] (r: 0.000), [f:     0/1000], inf[3.3e+13], comp[0.0e+00], Q(132, 1, 0, 0), Trans[(256, 2, 8) -> 49.877500036556256]
[Tue Dec  2 17:24:52 2025] >> [t:693] (r:-0.100), [f:   300/1000], inf[3.3e+13], comp[7.9e+13], Q(132, 0, 0, 0), Trans[(256, 2, 8) -> 49.877500036556256]
[Tue Dec  2 17:24:52 2025] >> [t:694] (r: 0.000), [f:     0/1000], inf[3.3e+13], comp[0.0e+00], Q(132, 0, 0, 0), Trans[(256, 2, 8) -> 49.877500036556256]
[Tue Dec  2 17:24:52 2025] >> [t:695] (r: 0.000), [f:     0/1000], inf[8.1e+13], comp[0.0e+00], Q(132, 0, 0, 0), Trans[(512, 2, 8) -> 31.796302199813397]
[Tue Dec  2 17:24:52 2025] >> [t:696] (r: 0.000), [f:     0/1000], inf[8.1e+13], comp[0.0e+00], Q(131, 1, 0, 0), Trans[(512, 2, 8) -> 31.796302199813397]
[Tue Dec  2 17:24:52 2025] >> [t:697] (r:-0.100), [f:   300/1000], inf[3.3e+13], comp[7.9e+13], Q(131, 1, 0, 0), Trans[(256, 2, 8) -> 49.877500036556256]
[Tue Dec  2 17:24:52 2025] >> [t:698] (r:-0.100), [f:   300/1000], inf[3.3e+13], comp[7.9e+13], Q(130, 0, 0, 0), Trans[(256, 2, 8) -> 49.877500036556256]
[Tue Dec  2 17:24:52 2025] >> [t:699] (r: 0.000), [f:     0/1000], inf[3.3e+13], comp[0.0e+00], Q(130, 0, 0, 0), Trans[(256, 2, 8) -> 49.877500036556256]
[Tue Dec  2 17:24:52 2025] >> [t:700] (r: 0.000), [f:     0/1000], inf[8.1e+13], comp[0.0e+00], Q(130, 0, 0, 0), Trans[(512, 2, 8) -> 31.796302199813397]
[Tue Dec  2 17:24:52 2025] >> [t:701] (r: 0.000), [f:     0/1000], inf[8.1e+13], comp[0.0e+00], Q(130, 0, 0, 0), Trans[(512, 2, 8) -> 31.796302199813397]
[Tue Dec  2 17:24:52 2025] >> [t:702] (r: 0.000), [f:     0/1000], inf[8.1e+13], comp[0.0e+00], Q(129, 1, 0, 0), Trans[(512, 2, 8) -> 31.796302199813397]
[Tue Dec  2 17:24:52 2025] >> [t:703] (r:-0.100), [f:   300/1000], inf[3.3e+13], comp[7.9e+13], Q(129, 1, 0, 0), Trans[(256, 2, 8) -> 49.877500036556256]
[Tue Dec  2 17:24:52 2025] >> [t:704] (r:-0.100), [f:   300/1000], inf[3.3e+13], comp[7.9e+13], Q(129, 0, 0, 0), Trans[(256, 2, 8) -> 49.877500036556256]
[Tue Dec  2 17:24:52 2025] >> [t:705] (r: 0.000), [f:     0/1000], inf[3.3e+13], comp[0.0e+00], Q(127, 2, 0, 0), Trans[(256, 2, 8) -> 49.877500036556256]
[Tue Dec  2 17:24:52 2025] >> [t:706] (r:-0.100), [f:   300/1000], inf[3.3e+13], comp[7.9e+13], Q(125, 2, 0, 0), Trans[(256, 2, 8) -> 49.877500036556256]
[Tue Dec  2 17:24:52 2025] >> [t:707] (r:-0.100), [f:   300/1000], inf[3.3e+13], comp[7.9e+13], Q(124, 1, 0, 0), Trans[(256, 2, 8) -> 49.877500036556256]
[Tue Dec  2 17:24:52 2025] >> [t:708] (r:-0.100), [f:   300/1000], inf[3.3e+13], comp[7.9e+13], Q(123, 0, 0, 0), Trans[(256, 2, 8) -> 49.877500036556256]
[Tue Dec  2 17:24:52 2025] >> [t:709] (r: 0.000), [f:     0/1000], inf[3.3e+13], comp[0.0e+00], Q(123, 0, 0, 0), Trans[(256, 2, 8) -> 49.877500036556256]
[Tue Dec  2 17:24:52 2025] >> [t:710] (r: 0.000), [f:     0/1000], inf[8.1e+13], comp[0.0e+00], Q(122, 1, 0, 0), Trans[(512, 2, 8) -> 31.796302199813397]
[Tue Dec  2 17:24:52 2025] >> [t:711] (r:-0.100), [f:   300/1000], inf[3.3e+13], comp[7.9e+13], Q(121, 2, 0, 0), Trans[(256, 2, 8) -> 49.877500036556256]
[Tue Dec  2 17:24:52 2025] >> [t:712] (r:-0.100), [f:   300/1000], inf[3.3e+13], comp[7.9e+13], Q(120, 0, 0, 0), Trans[(256, 2, 8) -> 49.877500036556256]
[Tue Dec  2 17:24:52 2025] >> [t:713] (r: 0.000), [f:     0/1000], inf[3.3e+13], comp[0.0e+00], Q(120, 0, 0, 0), Trans[(256, 2, 8) -> 49.877500036556256]
[Tue Dec  2 17:24:52 2025] >> [t:714] (r: 0.000), [f:     0/1000], inf[8.1e+13], comp[0.0e+00], Q(119, 1, 0, 0), Trans[(512, 2, 8) -> 31.796302199813397]
[Tue Dec  2 17:24:52 2025] >> [t:715] (r:-0.100), [f:   300/1000], inf[3.3e+13], comp[7.9e+13], Q(117, 3, 0, 0), Trans[(256, 2, 8) -> 49.877500036556256]
[Tue Dec  2 17:24:52 2025] >> [t:716] (r:-0.100), [f:   300/1000], inf[3.3e+13], comp[7.9e+13], Q(115, 2, 0, 0), Trans[(256, 2, 8) -> 49.877500036556256]
[Tue Dec  2 17:24:52 2025] >> [t:717] (r:-0.100), [f:   300/1000], inf[3.3e+13], comp[7.9e+13], Q(115, 0, 0, 0), Trans[(256, 2, 8) -> 49.877500036556256]
[Tue Dec  2 17:24:52 2025] >> [t:718] (r: 0.000), [f:     0/1000], inf[3.3e+13], comp[0.0e+00], Q(114, 1, 0, 0), Trans[(256, 2, 8) -> 49.877500036556256]
[Tue Dec  2 17:24:52 2025] >> [t:719] (r:-0.100), [f:   300/1000], inf[3.3e+13], comp[7.9e+13], Q(114, 0, 0, 0), Trans[(256, 2, 8) -> 49.877500036556256]
[Tue Dec  2 17:24:52 2025] >> [t:720] (r: 0.000), [f:     0/1000], inf[3.3e+13], comp[0.0e+00], Q(114, 0, 0, 0), Trans[(256, 2, 8) -> 49.877500036556256]
[Tue Dec  2 17:24:52 2025] >> [t:721] (r: 0.000), [f:     0/1000], inf[8.1e+13], comp[0.0e+00], Q(112, 2, 0, 0), Trans[(512, 2, 8) -> 31.796302199813397]
[Tue Dec  2 17:24:52 2025] >> [t:722] (r:-0.100), [f:   300/1000], inf[3.3e+13], comp[7.9e+13], Q(112, 2, 0, 0), Trans[(256, 2, 8) -> 49.877500036556256]
[Tue Dec  2 17:24:52 2025] >> [t:723] (r:-0.100), [f:   300/1000], inf[3.3e+13], comp[7.9e+13], Q(110, 3, 0, 0), Trans[(256, 2, 8) -> 49.877500036556256]
[Tue Dec  2 17:24:52 2025] >> [t:724] (r:-0.100), [f:   300/1000], inf[3.3e+13], comp[7.9e+13], Q(110, 0, 0, 0), Trans[(256, 2, 8) -> 49.877500036556256]
[Tue Dec  2 17:24:52 2025] >> [t:725] (r: 0.000), [f:     0/1000], inf[3.3e+13], comp[0.0e+00], Q(109, 1, 0, 0), Trans[(256, 2, 8) -> 49.877500036556256]
[Tue Dec  2 17:24:52 2025] >> [t:726] (r:-0.100), [f:   300/1000], inf[3.3e+13], comp[7.9e+13], Q(109, 0, 0, 0), Trans[(256, 2, 8) -> 49.877500036556256]
[Tue Dec  2 17:24:52 2025] >> [t:727] (r: 0.000), [f:     0/1000], inf[3.3e+13], comp[0.0e+00], Q(107, 2, 0, 0), Trans[(256, 2, 8) -> 49.877500036556256]
[Tue Dec  2 17:24:52 2025] >> [t:728] (r:-0.100), [f:   300/1000], inf[3.3e+13], comp[7.9e+13], Q(107, 0, 0, 0), Trans[(256, 2, 8) -> 49.877500036556256]
[Tue Dec  2 17:24:52 2025] >> [t:729] (r: 0.000), [f:     0/1000], inf[3.3e+13], comp[0.0e+00], Q(106, 1, 0, 0), Trans[(256, 2, 8) -> 49.877500036556256]
[Tue Dec  2 17:24:52 2025] >> [t:730] (r:-0.100), [f:   300/1000], inf[3.3e+13], comp[7.9e+13], Q(103, 2, 0, 0), Trans[(256, 2, 8) -> 49.877500036556256]
[Tue Dec  2 17:24:52 2025] >> [t:731] (r:-0.100), [f:   300/1000], inf[3.3e+13], comp[7.9e+13], Q(102, 1, 0, 0), Trans[(256, 2, 8) -> 49.877500036556256]
[Tue Dec  2 17:24:52 2025] >> [t:732] (r:-0.100), [f:   300/1000], inf[3.3e+13], comp[7.9e+13], Q(101, 0, 0, 0), Trans[(256, 2, 8) -> 49.877500036556256]
[Tue Dec  2 17:24:52 2025] >> [t:733] (r: 0.000), [f:     0/1000], inf[3.3e+13], comp[0.0e+00], Q(101, 0, 0, 0), Trans[(256, 2, 8) -> 49.877500036556256]
[Tue Dec  2 17:24:52 2025] >> [t:734] (r: 0.000), [f:     0/1000], inf[8.1e+13], comp[0.0e+00], Q(99, 2, 0, 0), Trans[(512, 2, 8) -> 31.796302199813397]
[Tue Dec  2 17:24:52 2025] >> [t:735] (r:-0.100), [f:   300/1000], inf[3.3e+13], comp[7.9e+13], Q(98, 3, 0, 0), Trans[(256, 2, 8) -> 49.877500036556256]
[Tue Dec  2 17:24:52 2025] >> [t:736] (r:-0.100), [f:   300/1000], inf[3.3e+13], comp[7.9e+13], Q(98, 2, 0, 0), Trans[(256, 2, 8) -> 49.877500036556256]
[Tue Dec  2 17:24:52 2025] >> [t:737] (r:-0.100), [f:   300/1000], inf[3.3e+13], comp[7.9e+13], Q(98, 0, 0, 0), Trans[(256, 2, 8) -> 49.877500036556256]
[Tue Dec  2 17:24:52 2025] >> [t:738] (r: 0.000), [f:     0/1000], inf[3.3e+13], comp[0.0e+00], Q(98, 0, 0, 0), Trans[(256, 2, 8) -> 49.877500036556256]
[Tue Dec  2 17:24:52 2025] >> [t:739] (r: 0.000), [f:     0/1000], inf[8.1e+13], comp[0.0e+00], Q(98, 0, 0, 0), Trans[(512, 2, 8) -> 31.796302199813397]
[Tue Dec  2 17:24:52 2025] >> [t:740] (r: 0.000), [f:     0/1000], inf[8.1e+13], comp[0.0e+00], Q(98, 0, 0, 0), Trans[(512, 2, 8) -> 31.796302199813397]
[Tue Dec  2 17:24:52 2025] >> [t:741] (r: 0.000), [f:     0/1000], inf[8.1e+13], comp[0.0e+00], Q(98, 0, 0, 0), Trans[(512, 2, 8) -> 31.796302199813397]
[Tue Dec  2 17:24:52 2025] >> [t:742] (r: 0.000), [f:     0/1000], inf[8.1e+13], comp[0.0e+00], Q(97, 1, 0, 0), Trans[(512, 2, 8) -> 31.796302199813397]
[Tue Dec  2 17:24:52 2025] >> [t:743] (r:-0.100), [f:   300/1000], inf[3.3e+13], comp[7.9e+13], Q(97, 1, 0, 0), Trans[(256, 2, 8) -> 49.877500036556256]
[Tue Dec  2 17:24:52 2025] >> [t:744] (r:-0.100), [f:   300/1000], inf[3.3e+13], comp[7.9e+13], Q(97, 0, 0, 0), Trans[(256, 2, 8) -> 49.877500036556256]
[Tue Dec  2 17:24:52 2025] >> [t:745] (r: 0.000), [f:     0/1000], inf[3.3e+13], comp[0.0e+00], Q(97, 0, 0, 0), Trans[(256, 2, 8) -> 49.877500036556256]
[Tue Dec  2 17:24:52 2025] >> [t:746] (r: 0.000), [f:     0/1000], inf[8.1e+13], comp[0.0e+00], Q(96, 1, 0, 0), Trans[(512, 2, 8) -> 31.796302199813397]
[Tue Dec  2 17:24:52 2025] >> [t:747] (r:-0.100), [f:   300/1000], inf[3.3e+13], comp[7.9e+13], Q(96, 1, 0, 0), Trans[(256, 2, 8) -> 49.877500036556256]
[Tue Dec  2 17:24:52 2025] >> [t:748] (r:-0.100), [f:   300/1000], inf[3.3e+13], comp[7.9e+13], Q(96, 0, 0, 0), Trans[(256, 2, 8) -> 49.877500036556256]
[Tue Dec  2 17:24:52 2025] >> [t:749] (r: 0.000), [f:     0/1000], inf[3.3e+13], comp[0.0e+00], Q(96, 0, 0, 0), Trans[(256, 2, 8) -> 49.877500036556256]
[Tue Dec  2 17:24:52 2025] >> [t:750] (r: 0.000), [f:     0/1000], inf[8.1e+13], comp[0.0e+00], Q(95, 1, 0, 0), Trans[(512, 2, 8) -> 31.796302199813397]
[Tue Dec  2 17:24:52 2025] >> [t:751] (r:-0.100), [f:   300/1000], inf[3.3e+13], comp[7.9e+13], Q(95, 1, 0, 0), Trans[(256, 2, 8) -> 49.877500036556256]
[Tue Dec  2 17:24:52 2025] >> [t:752] (r:-0.100), [f:   300/1000], inf[3.3e+13], comp[7.9e+13], Q(95, 0, 0, 0), Trans[(256, 2, 8) -> 49.877500036556256]
[Tue Dec  2 17:24:52 2025] >> [t:753] (r: 0.000), [f:     0/1000], inf[3.3e+13], comp[0.0e+00], Q(95, 0, 0, 0), Trans[(256, 2, 8) -> 49.877500036556256]
[Tue Dec  2 17:24:52 2025] >> [t:754] (r: 0.000), [f:     0/1000], inf[8.1e+13], comp[0.0e+00], Q(93, 2, 0, 0), Trans[(512, 2, 8) -> 31.796302199813397]
[Tue Dec  2 17:24:52 2025] >> [t:755] (r:-0.100), [f:   300/1000], inf[3.3e+13], comp[7.9e+13], Q(92, 3, 0, 0), Trans[(256, 2, 8) -> 49.877500036556256]
[Tue Dec  2 17:24:52 2025] >> [t:756] (r:-0.100), [f:   300/1000], inf[3.3e+13], comp[7.9e+13], Q(92, 2, 0, 0), Trans[(256, 2, 8) -> 49.877500036556256]
[Tue Dec  2 17:24:52 2025] >> [t:757] (r:-0.100), [f:   300/1000], inf[3.3e+13], comp[7.9e+13], Q(91, 0, 0, 0), Trans[(256, 2, 8) -> 49.877500036556256]
[Tue Dec  2 17:24:52 2025] >> [t:758] (r: 0.000), [f:     0/1000], inf[3.3e+13], comp[0.0e+00], Q(91, 0, 0, 0), Trans[(256, 2, 8) -> 49.877500036556256]
[Tue Dec  2 17:24:52 2025] >> [t:759] (r: 0.000), [f:     0/1000], inf[8.1e+13], comp[0.0e+00], Q(91, 0, 0, 0), Trans[(512, 2, 8) -> 31.796302199813397]
[Tue Dec  2 17:24:52 2025] >> [t:760] (r: 0.000), [f:     0/1000], inf[8.1e+13], comp[0.0e+00], Q(88, 3, 0, 0), Trans[(512, 2, 8) -> 31.796302199813397]
[Tue Dec  2 17:24:52 2025] >> [t:761] (r:-0.100), [f:   300/1000], inf[3.3e+13], comp[7.9e+13], Q(88, 3, 0, 0), Trans[(256, 2, 8) -> 49.877500036556256]
[Tue Dec  2 17:24:52 2025] >> [t:762] (r:-0.100), [f:   300/1000], inf[3.3e+13], comp[7.9e+13], Q(88, 2, 0, 0), Trans[(256, 2, 8) -> 49.877500036556256]
[Tue Dec  2 17:24:52 2025] >> [t:763] (r:-0.100), [f:   300/1000], inf[3.3e+13], comp[7.9e+13], Q(88, 1, 0, 0), Trans[(256, 2, 8) -> 49.877500036556256]
[Tue Dec  2 17:24:52 2025] >> [t:764] (r:-0.100), [f:   300/1000], inf[3.3e+13], comp[7.9e+13], Q(86, 0, 0, 0), Trans[(256, 2, 8) -> 49.877500036556256]
[Tue Dec  2 17:24:52 2025] >> [t:765] (r: 0.000), [f:     0/1000], inf[3.3e+13], comp[0.0e+00], Q(86, 0, 0, 0), Trans[(256, 2, 8) -> 49.877500036556256]
[Tue Dec  2 17:24:52 2025] >> [t:766] (r: 0.000), [f:     0/1000], inf[8.1e+13], comp[0.0e+00], Q(86, 0, 0, 0), Trans[(512, 2, 8) -> 31.796302199813397]
[Tue Dec  2 17:24:52 2025] >> [t:767] (r: 0.000), [f:     0/1000], inf[8.1e+13], comp[0.0e+00], Q(86, 0, 0, 0), Trans[(512, 2, 8) -> 31.796302199813397]
[Tue Dec  2 17:24:52 2025] >> [t:768] (r: 0.000), [f:     0/1000], inf[8.1e+13], comp[0.0e+00], Q(86, 0, 0, 0), Trans[(512, 2, 8) -> 31.796302199813397]
[Tue Dec  2 17:24:52 2025] >> [t:769] (r: 0.000), [f:     0/1000], inf[8.1e+13], comp[0.0e+00], Q(85, 1, 0, 0), Trans[(512, 2, 8) -> 31.796302199813397]
[Tue Dec  2 17:24:52 2025] >> [t:770] (r:-0.100), [f:   300/1000], inf[3.3e+13], comp[7.9e+13], Q(84, 2, 0, 0), Trans[(256, 2, 8) -> 49.877500036556256]
[Tue Dec  2 17:24:52 2025] >> [t:771] (r:-0.100), [f:   300/1000], inf[3.3e+13], comp[7.9e+13], Q(83, 0, 0, 0), Trans[(256, 2, 8) -> 49.877500036556256]
[Tue Dec  2 17:24:52 2025] >> [t:772] (r: 0.000), [f:     0/1000], inf[3.3e+13], comp[0.0e+00], Q(81, 2, 0, 0), Trans[(256, 2, 8) -> 49.877500036556256]
[Tue Dec  2 17:24:52 2025] >> [t:773] (r:-0.100), [f:   300/1000], inf[3.3e+13], comp[7.9e+13], Q(80, 1, 0, 0), Trans[(256, 2, 8) -> 49.877500036556256]
[Tue Dec  2 17:24:52 2025] >> [t:774] (r:-0.100), [f:   300/1000], inf[3.3e+13], comp[7.9e+13], Q(79, 0, 0, 0), Trans[(256, 2, 8) -> 49.877500036556256]
[Tue Dec  2 17:24:52 2025] >> [t:775] (r: 0.000), [f:     0/1000], inf[3.3e+13], comp[0.0e+00], Q(79, 0, 0, 0), Trans[(256, 2, 8) -> 49.877500036556256]
[Tue Dec  2 17:24:52 2025] >> [t:776] (r: 0.000), [f:     0/1000], inf[8.1e+13], comp[0.0e+00], Q(79, 0, 0, 0), Trans[(512, 2, 8) -> 31.796302199813397]
[Tue Dec  2 17:24:52 2025] >> [t:777] (r: 0.000), [f:     0/1000], inf[8.1e+13], comp[0.0e+00], Q(78, 1, 0, 0), Trans[(512, 2, 8) -> 31.796302199813397]
[Tue Dec  2 17:24:52 2025] >> [t:778] (r:-0.100), [f:   300/1000], inf[3.3e+13], comp[7.9e+13], Q(78, 1, 0, 0), Trans[(256, 2, 8) -> 49.877500036556256]
[Tue Dec  2 17:24:52 2025] >> [t:779] (r:-0.100), [f:   300/1000], inf[3.3e+13], comp[7.9e+13], Q(76, 0, 0, 0), Trans[(256, 2, 8) -> 49.877500036556256]
[Tue Dec  2 17:24:52 2025] >> [t:780] (r: 0.000), [f:     0/1000], inf[3.3e+13], comp[0.0e+00], Q(76, 0, 0, 0), Trans[(256, 2, 8) -> 49.877500036556256]
[Tue Dec  2 17:24:52 2025] >> [t:781] (r: 0.000), [f:     0/1000], inf[8.1e+13], comp[0.0e+00], Q(74, 2, 0, 0), Trans[(512, 2, 8) -> 31.796302199813397]
[Tue Dec  2 17:24:52 2025] >> [t:782] (r:-0.100), [f:   300/1000], inf[3.3e+13], comp[7.9e+13], Q(74, 2, 0, 0), Trans[(256, 2, 8) -> 49.877500036556256]
[Tue Dec  2 17:24:52 2025] >> [t:783] (r:-0.100), [f:   300/1000], inf[3.3e+13], comp[7.9e+13], Q(72, 3, 0, 0), Trans[(256, 2, 8) -> 49.877500036556256]
[Tue Dec  2 17:24:52 2025] >> [t:784] (r:-0.100), [f:   300/1000], inf[3.3e+13], comp[7.9e+13], Q(72, 0, 0, 0), Trans[(256, 2, 8) -> 49.877500036556256]
[Tue Dec  2 17:24:52 2025] >> [t:785] (r: 0.000), [f:     0/1000], inf[3.3e+13], comp[0.0e+00], Q(71, 1, 0, 0), Trans[(256, 2, 8) -> 49.877500036556256]
[Tue Dec  2 17:24:52 2025] >> [t:786] (r:-0.100), [f:   300/1000], inf[3.3e+13], comp[7.9e+13], Q(70, 0, 0, 0), Trans[(256, 2, 8) -> 49.877500036556256]
[Tue Dec  2 17:24:52 2025] >> [t:787] (r: 0.000), [f:     0/1000], inf[3.3e+13], comp[0.0e+00], Q(69, 1, 0, 0), Trans[(256, 2, 8) -> 49.877500036556256]
[Tue Dec  2 17:24:52 2025] >> [t:788] (r:-0.100), [f:   300/1000], inf[3.3e+13], comp[7.9e+13], Q(69, 0, 0, 0), Trans[(256, 2, 8) -> 49.877500036556256]
[Tue Dec  2 17:24:52 2025] >> [t:789] (r: 0.000), [f:     0/1000], inf[3.3e+13], comp[0.0e+00], Q(69, 0, 0, 0), Trans[(256, 2, 8) -> 49.877500036556256]
[Tue Dec  2 17:24:52 2025] >> [t:790] (r: 0.000), [f:     0/1000], inf[8.1e+13], comp[0.0e+00], Q(66, 3, 0, 0), Trans[(512, 2, 8) -> 31.796302199813397]
[Tue Dec  2 17:24:52 2025] >> [t:791] (r:-0.100), [f:   300/1000], inf[3.3e+13], comp[7.9e+13], Q(65, 4, 0, 0), Trans[(256, 2, 8) -> 49.877500036556256]
[Tue Dec  2 17:24:52 2025] >> [t:792] (r:-0.100), [f:   300/1000], inf[3.3e+13], comp[7.9e+13], Q(64, 4, 0, 0), Trans[(256, 2, 8) -> 49.877500036556256]
[Tue Dec  2 17:24:52 2025] >> [t:793] (r:-0.100), [f:   300/1000], inf[3.3e+13], comp[7.9e+13], Q(63, 4, 0, 0), Trans[(256, 2, 8) -> 49.877500036556256]
[Tue Dec  2 17:24:52 2025] >> [t:794] (r:-0.100), [f:   300/1000], inf[3.3e+13], comp[7.9e+13], Q(61, 3, 0, 0), Trans[(256, 2, 8) -> 49.877500036556256]
[Tue Dec  2 17:24:52 2025] >> [t:795] (r:-0.100), [f:   300/1000], inf[3.3e+13], comp[7.9e+13], Q(61, 1, 0, 0), Trans[(256, 2, 8) -> 49.877500036556256]
[Tue Dec  2 17:24:52 2025] >> [t:796] (r:-0.100), [f:   300/1000], inf[3.3e+13], comp[7.9e+13], Q(57, 3, 0, 0), Trans[(256, 2, 8) -> 49.877500036556256]
[Tue Dec  2 17:24:52 2025] >> [t:797] (r:-0.100), [f:   300/1000], inf[3.3e+13], comp[7.9e+13], Q(57, 0, 0, 0), Trans[(256, 2, 8) -> 49.877500036556256]
[Tue Dec  2 17:24:52 2025] >> [t:798] (r: 0.000), [f:     0/1000], inf[3.3e+13], comp[0.0e+00], Q(57, 0, 0, 0), Trans[(256, 2, 8) -> 49.877500036556256]
[Tue Dec  2 17:24:52 2025] >> [t:799] (r: 0.000), [f:     0/1000], inf[8.1e+13], comp[0.0e+00], Q(57, 0, 0, 0), Trans[(512, 2, 8) -> 31.796302199813397]
[Tue Dec  2 17:24:52 2025] >> [t:800] (r: 0.000), [f:     0/1000], inf[8.1e+13], comp[0.0e+00], Q(55, 2, 0, 0), Trans[(512, 2, 8) -> 31.796302199813397]
[Tue Dec  2 17:24:52 2025] >> [t:801] (r:-0.100), [f:   300/1000], inf[3.3e+13], comp[7.9e+13], Q(55, 2, 0, 0), Trans[(256, 2, 8) -> 49.877500036556256]
[Tue Dec  2 17:24:52 2025] >> [t:802] (r:-0.100), [f:   300/1000], inf[3.3e+13], comp[7.9e+13], Q(55, 1, 0, 0), Trans[(256, 2, 8) -> 49.877500036556256]
[Tue Dec  2 17:24:52 2025] >> [t:803] (r:-0.100), [f:   300/1000], inf[3.3e+13], comp[7.9e+13], Q(55, 0, 0, 0), Trans[(256, 2, 8) -> 49.877500036556256]
[Tue Dec  2 17:24:52 2025] >> [t:804] (r: 0.000), [f:     0/1000], inf[3.3e+13], comp[0.0e+00], Q(54, 1, 0, 0), Trans[(256, 2, 8) -> 49.877500036556256]
[Tue Dec  2 17:24:52 2025] >> [t:805] (r:-0.100), [f:   300/1000], inf[3.3e+13], comp[7.9e+13], Q(54, 0, 0, 0), Trans[(256, 2, 8) -> 49.877500036556256]
[Tue Dec  2 17:24:52 2025] >> [t:806] (r: 0.000), [f:     0/1000], inf[3.3e+13], comp[0.0e+00], Q(53, 1, 0, 0), Trans[(256, 2, 8) -> 49.877500036556256]
[Tue Dec  2 17:24:52 2025] >> [t:807] (r:-0.100), [f:   300/1000], inf[3.3e+13], comp[7.9e+13], Q(53, 0, 0, 0), Trans[(256, 2, 8) -> 49.877500036556256]
[Tue Dec  2 17:24:52 2025] >> [t:808] (r: 0.000), [f:     0/1000], inf[3.3e+13], comp[0.0e+00], Q(53, 0, 0, 0), Trans[(256, 2, 8) -> 49.877500036556256]
[Tue Dec  2 17:24:52 2025] >> [t:809] (r: 0.000), [f:     0/1000], inf[8.1e+13], comp[0.0e+00], Q(53, 0, 0, 0), Trans[(512, 2, 8) -> 31.796302199813397]
[Tue Dec  2 17:24:52 2025] >> [t:810] (r: 0.000), [f:     0/1000], inf[8.1e+13], comp[0.0e+00], Q(53, 0, 0, 0), Trans[(512, 2, 8) -> 31.796302199813397]
[Tue Dec  2 17:24:52 2025] >> [t:811] (r: 0.000), [f:     0/1000], inf[8.1e+13], comp[0.0e+00], Q(52, 1, 0, 0), Trans[(512, 2, 8) -> 31.796302199813397]
[Tue Dec  2 17:24:52 2025] >> [t:812] (r:-0.100), [f:   300/1000], inf[3.3e+13], comp[7.9e+13], Q(52, 1, 0, 0), Trans[(256, 2, 8) -> 49.877500036556256]
[Tue Dec  2 17:24:52 2025] >> [t:813] (r:-0.100), [f:   300/1000], inf[3.3e+13], comp[7.9e+13], Q(52, 0, 0, 0), Trans[(256, 2, 8) -> 49.877500036556256]
[Tue Dec  2 17:24:52 2025] >> [t:814] (r: 0.000), [f:     0/1000], inf[3.3e+13], comp[0.0e+00], Q(51, 1, 0, 0), Trans[(256, 2, 8) -> 49.877500036556256]
[Tue Dec  2 17:24:52 2025] >> [t:815] (r:-0.100), [f:   300/1000], inf[3.3e+13], comp[7.9e+13], Q(51, 0, 0, 0), Trans[(256, 2, 8) -> 49.877500036556256]
[Tue Dec  2 17:24:52 2025] >> [t:816] (r: 0.000), [f:     0/1000], inf[3.3e+13], comp[0.0e+00], Q(50, 1, 0, 0), Trans[(256, 2, 8) -> 49.877500036556256]
[Tue Dec  2 17:24:52 2025] >> [t:817] (r:-0.100), [f:   300/1000], inf[3.3e+13], comp[7.9e+13], Q(50, 0, 0, 0), Trans[(256, 2, 8) -> 49.877500036556256]
[Tue Dec  2 17:24:52 2025] >> [t:818] (r: 0.000), [f:     0/1000], inf[3.3e+13], comp[0.0e+00], Q(49, 1, 0, 0), Trans[(256, 2, 8) -> 49.877500036556256]
[Tue Dec  2 17:24:52 2025] >> [t:819] (r:-0.100), [f:   300/1000], inf[3.3e+13], comp[7.9e+13], Q(48, 0, 0, 0), Trans[(256, 2, 8) -> 49.877500036556256]
[Tue Dec  2 17:24:52 2025] >> [t:820] (r: 0.000), [f:     0/1000], inf[3.3e+13], comp[0.0e+00], Q(47, 1, 0, 0), Trans[(256, 2, 8) -> 49.877500036556256]
[Tue Dec  2 17:24:52 2025] >> [t:821] (r:-0.100), [f:   300/1000], inf[3.3e+13], comp[7.9e+13], Q(46, 0, 0, 0), Trans[(256, 2, 8) -> 49.877500036556256]
[Tue Dec  2 17:24:52 2025] >> [t:822] (r: 0.000), [f:     0/1000], inf[3.3e+13], comp[0.0e+00], Q(46, 0, 0, 0), Trans[(256, 2, 8) -> 49.877500036556256]
[Tue Dec  2 17:24:52 2025] >> [t:823] (r: 0.000), [f:     0/1000], inf[8.1e+13], comp[0.0e+00], Q(46, 0, 0, 0), Trans[(512, 2, 8) -> 31.796302199813397]
[Tue Dec  2 17:24:52 2025] >> [t:824] (r: 0.000), [f:     0/1000], inf[8.1e+13], comp[0.0e+00], Q(46, 0, 0, 0), Trans[(512, 2, 8) -> 31.796302199813397]
[Tue Dec  2 17:24:52 2025] >> [t:825] (r: 0.000), [f:     0/1000], inf[8.1e+13], comp[0.0e+00], Q(45, 1, 0, 0), Trans[(512, 2, 8) -> 31.796302199813397]
[Tue Dec  2 17:24:52 2025] >> [t:826] (r:-0.100), [f:   300/1000], inf[3.3e+13], comp[7.9e+13], Q(45, 1, 0, 0), Trans[(256, 2, 8) -> 49.877500036556256]
[Tue Dec  2 17:24:52 2025] >> [t:827] (r:-0.100), [f:   300/1000], inf[3.3e+13], comp[7.9e+13], Q(45, 0, 0, 0), Trans[(256, 2, 8) -> 49.877500036556256]
[Tue Dec  2 17:24:52 2025] >> [t:828] (r: 0.000), [f:     0/1000], inf[3.3e+13], comp[0.0e+00], Q(45, 0, 0, 0), Trans[(256, 2, 8) -> 49.877500036556256]
[Tue Dec  2 17:24:52 2025] >> [t:829] (r: 0.000), [f:     0/1000], inf[8.1e+13], comp[0.0e+00], Q(45, 0, 0, 0), Trans[(512, 2, 8) -> 31.796302199813397]
[Tue Dec  2 17:24:52 2025] >> [t:830] (r: 0.000), [f:     0/1000], inf[8.1e+13], comp[0.0e+00], Q(44, 1, 0, 0), Trans[(512, 2, 8) -> 31.796302199813397]
[Tue Dec  2 17:24:52 2025] >> [t:831] (r:-0.100), [f:   300/1000], inf[3.3e+13], comp[7.9e+13], Q(43, 2, 0, 0), Trans[(256, 2, 8) -> 49.877500036556256]
[Tue Dec  2 17:24:52 2025] >> [t:832] (r:-0.100), [f:   300/1000], inf[3.3e+13], comp[7.9e+13], Q(43, 0, 0, 0), Trans[(256, 2, 8) -> 49.877500036556256]
[Tue Dec  2 17:24:52 2025] >> [t:833] (r: 0.000), [f:     0/1000], inf[3.3e+13], comp[0.0e+00], Q(43, 0, 0, 0), Trans[(256, 2, 8) -> 49.877500036556256]
[Tue Dec  2 17:24:52 2025] >> [t:834] (r: 0.000), [f:     0/1000], inf[8.1e+13], comp[0.0e+00], Q(41, 2, 0, 0), Trans[(512, 2, 8) -> 31.796302199813397]
[Tue Dec  2 17:24:52 2025] >> [t:835] (r:-0.100), [f:   300/1000], inf[3.3e+13], comp[7.9e+13], Q(39, 4, 0, 0), Trans[(256, 2, 8) -> 49.877500036556256]
[Tue Dec  2 17:24:52 2025] >> [t:836] (r:-0.100), [f:   300/1000], inf[3.3e+13], comp[7.9e+13], Q(39, 3, 0, 0), Trans[(256, 2, 8) -> 49.877500036556256]
[Tue Dec  2 17:24:52 2025] >> [t:837] (r:-0.100), [f:   300/1000], inf[3.3e+13], comp[7.9e+13], Q(39, 0, 0, 0), Trans[(256, 2, 8) -> 49.877500036556256]
[Tue Dec  2 17:24:52 2025] >> [t:838] (r: 0.000), [f:     0/1000], inf[3.3e+13], comp[0.0e+00], Q(37, 2, 0, 0), Trans[(256, 2, 8) -> 49.877500036556256]
[Tue Dec  2 17:24:52 2025] >> [t:839] (r:-0.100), [f:   300/1000], inf[3.3e+13], comp[7.9e+13], Q(37, 0, 0, 0), Trans[(256, 2, 8) -> 49.877500036556256]
[Tue Dec  2 17:24:52 2025] >> [t:840] (r: 0.000), [f:     0/1000], inf[3.3e+13], comp[0.0e+00], Q(37, 0, 0, 0), Trans[(256, 2, 8) -> 49.877500036556256]
[Tue Dec  2 17:24:52 2025] >> [t:841] (r: 0.000), [f:     0/1000], inf[8.1e+13], comp[0.0e+00], Q(37, 0, 0, 0), Trans[(512, 2, 8) -> 31.796302199813397]
[Tue Dec  2 17:24:52 2025] >> [t:842] (r: 0.000), [f:     0/1000], inf[8.1e+13], comp[0.0e+00], Q(36, 1, 0, 0), Trans[(512, 2, 8) -> 31.796302199813397]
[Tue Dec  2 17:24:52 2025] >> [t:843] (r:-0.100), [f:   300/1000], inf[3.3e+13], comp[7.9e+13], Q(36, 1, 0, 0), Trans[(256, 2, 8) -> 49.877500036556256]
[Tue Dec  2 17:24:52 2025] >> [t:844] (r:-0.100), [f:   300/1000], inf[3.3e+13], comp[7.9e+13], Q(35, 0, 0, 0), Trans[(256, 2, 8) -> 49.877500036556256]
[Tue Dec  2 17:24:52 2025] >> [t:845] (r: 0.000), [f:     0/1000], inf[3.3e+13], comp[0.0e+00], Q(35, 0, 0, 0), Trans[(256, 2, 8) -> 49.877500036556256]
[Tue Dec  2 17:24:52 2025] >> [t:846] (r: 0.000), [f:     0/1000], inf[8.1e+13], comp[0.0e+00], Q(33, 2, 0, 0), Trans[(512, 2, 8) -> 31.796302199813397]
[Tue Dec  2 17:24:52 2025] >> [t:847] (r:-0.100), [f:   300/1000], inf[3.3e+13], comp[7.9e+13], Q(33, 2, 0, 0), Trans[(256, 2, 8) -> 49.877500036556256]
[Tue Dec  2 17:24:52 2025] >> [t:848] (r:-0.100), [f:   300/1000], inf[3.3e+13], comp[7.9e+13], Q(33, 1, 0, 0), Trans[(256, 2, 8) -> 49.877500036556256]
[Tue Dec  2 17:24:52 2025] >> [t:849] (r:-0.100), [f:   300/1000], inf[3.3e+13], comp[7.9e+13], Q(33, 0, 0, 0), Trans[(256, 2, 8) -> 49.877500036556256]
[Tue Dec  2 17:24:52 2025] >> [t:850] (r: 0.000), [f:     0/1000], inf[3.3e+13], comp[0.0e+00], Q(32, 1, 0, 0), Trans[(256, 2, 8) -> 49.877500036556256]
[Tue Dec  2 17:24:52 2025] >> [t:851] (r:-0.100), [f:   300/1000], inf[3.3e+13], comp[7.9e+13], Q(32, 0, 0, 0), Trans[(256, 2, 8) -> 49.877500036556256]
[Tue Dec  2 17:24:52 2025] >> [t:852] (r: 0.000), [f:     0/1000], inf[3.3e+13], comp[0.0e+00], Q(32, 0, 0, 0), Trans[(256, 2, 8) -> 49.877500036556256]
[Tue Dec  2 17:24:52 2025] >> [t:853] (r: 0.000), [f:     0/1000], inf[8.1e+13], comp[0.0e+00], Q(30, 2, 0, 0), Trans[(512, 2, 8) -> 31.796302199813397]
[Tue Dec  2 17:24:52 2025] >> [t:854] (r:-0.100), [f:   300/1000], inf[3.3e+13], comp[7.9e+13], Q(29, 3, 0, 0), Trans[(256, 2, 8) -> 49.877500036556256]
[Tue Dec  2 17:24:52 2025] >> [t:855] (r:-0.100), [f:   300/1000], inf[3.3e+13], comp[7.9e+13], Q(27, 4, 0, 0), Trans[(256, 2, 8) -> 49.877500036556256]
[Tue Dec  2 17:24:52 2025] >> [t:856] (r:-0.100), [f:   300/1000], inf[3.3e+13], comp[7.9e+13], Q(25, 3, 0, 0), Trans[(256, 2, 8) -> 49.877500036556256]
[Tue Dec  2 17:24:52 2025] >> [t:857] (r:-0.100), [f:   300/1000], inf[3.3e+13], comp[7.9e+13], Q(24, 2, 0, 0), Trans[(256, 2, 8) -> 49.877500036556256]
[Tue Dec  2 17:24:52 2025] >> [t:858] (r:-0.100), [f:   300/1000], inf[3.3e+13], comp[7.9e+13], Q(24, 0, 0, 0), Trans[(256, 2, 8) -> 49.877500036556256]
[Tue Dec  2 17:24:52 2025] >> [t:859] (r: 0.000), [f:     0/1000], inf[3.3e+13], comp[0.0e+00], Q(23, 1, 0, 0), Trans[(256, 2, 8) -> 49.877500036556256]
[Tue Dec  2 17:24:52 2025] >> [t:860] (r:-0.100), [f:   300/1000], inf[3.3e+13], comp[7.9e+13], Q(23, 0, 0, 0), Trans[(256, 2, 8) -> 49.877500036556256]
[Tue Dec  2 17:24:52 2025] >> [t:861] (r: 0.000), [f:     0/1000], inf[3.3e+13], comp[0.0e+00], Q(22, 1, 0, 0), Trans[(256, 2, 8) -> 49.877500036556256]
[Tue Dec  2 17:24:52 2025] >> [t:862] (r:-0.100), [f:   300/1000], inf[3.3e+13], comp[7.9e+13], Q(22, 0, 0, 0), Trans[(256, 2, 8) -> 49.877500036556256]
[Tue Dec  2 17:24:52 2025] >> [t:863] (r: 0.000), [f:     0/1000], inf[3.3e+13], comp[0.0e+00], Q(21, 1, 0, 0), Trans[(256, 2, 8) -> 49.877500036556256]
[Tue Dec  2 17:24:52 2025] >> [t:864] (r:-0.100), [f:   300/1000], inf[3.3e+13], comp[7.9e+13], Q(21, 0, 0, 0), Trans[(256, 2, 8) -> 49.877500036556256]
[Tue Dec  2 17:24:52 2025] >> [t:865] (r: 0.000), [f:     0/1000], inf[3.3e+13], comp[0.0e+00], Q(21, 0, 0, 0), Trans[(256, 2, 8) -> 49.877500036556256]
[Tue Dec  2 17:24:52 2025] >> [t:866] (r: 0.000), [f:     0/1000], inf[8.1e+13], comp[0.0e+00], Q(20, 1, 0, 0), Trans[(512, 2, 8) -> 31.796302199813397]
[Tue Dec  2 17:24:52 2025] >> [t:867] (r:-0.100), [f:   300/1000], inf[3.3e+13], comp[7.9e+13], Q(19, 2, 0, 0), Trans[(256, 2, 8) -> 49.877500036556256]
[Tue Dec  2 17:24:52 2025] >> [t:868] (r:-0.100), [f:   300/1000], inf[3.3e+13], comp[7.9e+13], Q(19, 0, 0, 0), Trans[(256, 2, 8) -> 49.877500036556256]
[Tue Dec  2 17:24:52 2025] >> [t:869] (r: 0.000), [f:     0/1000], inf[3.3e+13], comp[0.0e+00], Q(19, 0, 0, 0), Trans[(256, 2, 8) -> 49.877500036556256]
[Tue Dec  2 17:24:52 2025] >> [t:870] (r: 0.000), [f:     0/1000], inf[8.1e+13], comp[0.0e+00], Q(18, 1, 0, 0), Trans[(512, 2, 8) -> 31.796302199813397]
[Tue Dec  2 17:24:52 2025] >> [t:871] (r:-0.100), [f:   300/1000], inf[3.3e+13], comp[7.9e+13], Q(17, 2, 0, 0), Trans[(256, 2, 8) -> 49.877500036556256]
[Tue Dec  2 17:24:52 2025] >> [t:872] (r:-0.100), [f:   300/1000], inf[3.3e+13], comp[7.9e+13], Q(16, 0, 0, 0), Trans[(256, 2, 8) -> 49.877500036556256]
[Tue Dec  2 17:24:52 2025] >> [t:873] (r: 0.000), [f:     0/1000], inf[3.3e+13], comp[0.0e+00], Q(16, 0, 0, 0), Trans[(256, 2, 8) -> 49.877500036556256]
[Tue Dec  2 17:24:52 2025] >> [t:874] (r: 0.000), [f:     0/1000], inf[8.1e+13], comp[0.0e+00], Q(16, 0, 0, 0), Trans[(512, 2, 8) -> 31.796302199813397]
[Tue Dec  2 17:24:52 2025] >> [t:875] (r: 0.000), [f:     0/1000], inf[8.1e+13], comp[0.0e+00], Q(16, 0, 0, 0), Trans[(512, 2, 8) -> 31.796302199813397]
[Tue Dec  2 17:24:52 2025] >> [t:876] (r: 0.000), [f:     0/1000], inf[8.1e+13], comp[0.0e+00], Q(16, 0, 0, 0), Trans[(512, 2, 8) -> 31.796302199813397]
[Tue Dec  2 17:24:52 2025] >> [t:877] (r: 0.000), [f:     0/1000], inf[8.1e+13], comp[0.0e+00], Q(15, 1, 0, 0), Trans[(512, 2, 8) -> 31.796302199813397]
[Tue Dec  2 17:24:52 2025] >> [t:878] (r:-0.100), [f:   300/1000], inf[3.3e+13], comp[7.9e+13], Q(15, 1, 0, 0), Trans[(256, 2, 8) -> 49.877500036556256]
[Tue Dec  2 17:24:52 2025] >> [t:879] (r:-0.100), [f:   300/1000], inf[3.3e+13], comp[7.9e+13], Q(14, 0, 0, 0), Trans[(256, 2, 8) -> 49.877500036556256]
[Tue Dec  2 17:24:52 2025] >> [t:880] (r: 0.000), [f:     0/1000], inf[3.3e+13], comp[0.0e+00], Q(13, 1, 0, 0), Trans[(256, 2, 8) -> 49.877500036556256]
[Tue Dec  2 17:24:52 2025] >> [t:881] (r:-0.100), [f:   300/1000], inf[3.3e+13], comp[7.9e+13], Q(12, 0, 0, 0), Trans[(256, 2, 8) -> 49.877500036556256]
[Tue Dec  2 17:24:52 2025] >> [t:882] (r: 0.000), [f:     0/1000], inf[3.3e+13], comp[0.0e+00], Q(12, 0, 0, 0), Trans[(256, 2, 8) -> 49.877500036556256]
[Tue Dec  2 17:24:52 2025] >> [t:883] (r: 0.000), [f:     0/1000], inf[8.1e+13], comp[0.0e+00], Q(12, 0, 0, 0), Trans[(512, 2, 8) -> 31.796302199813397]
[Tue Dec  2 17:24:52 2025] >> [t:884] (r: 0.000), [f:     0/1000], inf[8.1e+13], comp[0.0e+00], Q(11, 1, 0, 0), Trans[(512, 2, 8) -> 31.796302199813397]
[Tue Dec  2 17:24:52 2025] >> [t:885] (r:-0.100), [f:   300/1000], inf[3.3e+13], comp[7.9e+13], Q(10, 2, 0, 0), Trans[(256, 2, 8) -> 49.877500036556256]
[Tue Dec  2 17:24:52 2025] >> [t:886] (r:-0.100), [f:   300/1000], inf[3.3e+13], comp[7.9e+13], Q(10, 0, 0, 0), Trans[(256, 2, 8) -> 49.877500036556256]
[Tue Dec  2 17:24:52 2025] >> [t:887] (r: 0.000), [f:     0/1000], inf[3.3e+13], comp[0.0e+00], Q(8, 2, 0, 0), Trans[(256, 2, 8) -> 49.877500036556256]
[Tue Dec  2 17:24:52 2025] >> [t:888] (r:-0.100), [f:   300/1000], inf[3.3e+13], comp[7.9e+13], Q(7, 1, 0, 0), Trans[(256, 2, 8) -> 49.877500036556256]
[Tue Dec  2 17:24:52 2025] >> [t:889] (r:-0.100), [f:   300/1000], inf[3.3e+13], comp[7.9e+13], Q(7, 0, 0, 0), Trans[(256, 2, 8) -> 49.877500036556256]
[Tue Dec  2 17:24:52 2025] >> [t:890] (r: 0.000), [f:     0/1000], inf[3.3e+13], comp[0.0e+00], Q(7, 0, 0, 0), Trans[(256, 2, 8) -> 49.877500036556256]
[Tue Dec  2 17:24:52 2025] >> [t:891] (r: 0.000), [f:     0/1000], inf[8.1e+13], comp[0.0e+00], Q(5, 2, 0, 0), Trans[(512, 2, 8) -> 31.796302199813397]
[Tue Dec  2 17:24:52 2025] >> [t:892] (r:-0.100), [f:   300/1000], inf[3.3e+13], comp[7.9e+13], Q(5, 2, 0, 0), Trans[(256, 2, 8) -> 49.877500036556256]
[Tue Dec  2 17:24:52 2025] >> [t:893] (r:-0.100), [f:   300/1000], inf[3.3e+13], comp[7.9e+13], Q(3, 3, 0, 0), Trans[(256, 2, 8) -> 49.877500036556256]
[Tue Dec  2 17:24:52 2025] >> [t:894] (r:-0.100), [f:   300/1000], inf[3.3e+13], comp[7.9e+13], Q(3, 0, 0, 0), Trans[(256, 2, 8) -> 49.877500036556256]
[Tue Dec  2 17:24:52 2025] >> [t:895] (r: 0.000), [f:     0/1000], inf[3.3e+13], comp[0.0e+00], Q(3, 0, 0, 0), Trans[(256, 2, 8) -> 49.877500036556256]
[Tue Dec  2 17:24:52 2025] >> [t:896] (r: 0.000), [f:     0/1000], inf[8.1e+13], comp[0.0e+00], Q(3, 0, 0, 0), Trans[(512, 2, 8) -> 31.796302199813397]
[Tue Dec  2 17:24:52 2025] >> [t:897] (r: 0.000), [f:     0/1000], inf[8.1e+13], comp[0.0e+00], Q(1, 2, 0, 0), Trans[(512, 2, 8) -> 31.796302199813397]
[Tue Dec  2 17:24:52 2025] >> [t:898] (r:-0.100), [f:   300/1000], inf[3.3e+13], comp[7.9e+13], Q(1, 2, 0, 0), Trans[(256, 2, 8) -> 49.877500036556256]
[Tue Dec  2 17:24:52 2025] >> [t:899] (r:-0.100), [f:   300/1000], inf[3.3e+13], comp[7.9e+13], Q(0, 2, 0, 0), Trans[(256, 2, 8) -> 49.877500036556256]
[Tue Dec  2 17:24:52 2025] >> [t:900] (r:-0.100), [f:   300/1000], inf[3.3e+13], comp[7.9e+13], Q(0, 0, 0, 0), Trans[(256, 2, 8) -> 49.877500036556256]
[Tue Dec  2 17:24:52 2025] >> [t:901] (r: 0.000), [f:     0/1000], inf[3.3e+13], comp[0.0e+00], Q(0, 0, 0, 0), Trans[(256, 2, 8) -> 49.877500036556256]
[Tue Dec  2 17:24:52 2025] >> [t:902] (r: 0.000), [f:     0/1000], inf[8.1e+13], comp[0.0e+00], Q(0, 0, 0, 0), Trans[(512, 2, 8) -> 31.796302199813397]
[Tue Dec  2 17:24:52 2025] >> [t:903] (r: 0.000), [f:     0/1000], inf[8.1e+13], comp[0.0e+00], Q(0, 0, 0, 0), Trans[(512, 2, 8) -> 31.796302199813397]
[Tue Dec  2 17:24:52 2025] >> [t:904] (r: 0.000), [f:     0/1000], inf[8.1e+13], comp[0.0e+00], Q(0, 0, 0, 0), Trans[(512, 2, 8) -> 31.796302199813397]
[Tue Dec  2 17:24:52 2025] >> [t:905] (r: 0.000), [f:     0/1000], inf[8.1e+13], comp[0.0e+00], Q(0, 0, 0, 0), Trans[(512, 2, 8) -> 31.796302199813397]
[Tue Dec  2 17:24:52 2025] >> [t:906] (r: 0.000), [f:     0/1000], inf[8.1e+13], comp[0.0e+00], Q(0, 0, 0, 0), Trans[(512, 2, 8) -> 31.796302199813397]
[Tue Dec  2 17:24:52 2025] >> [t:907] (r: 0.000), [f:     0/1000], inf[8.1e+13], comp[0.0e+00], Q(0, 0, 0, 0), Trans[(512, 2, 8) -> 31.796302199813397]
[Tue Dec  2 17:24:52 2025] >> [t:908] (r: 0.000), [f:     0/1000], inf[8.1e+13], comp[0.0e+00], Q(0, 0, 0, 0), Trans[(512, 2, 8) -> 31.796302199813397]
[Tue Dec  2 17:24:52 2025] >> [t:909] (r: 0.000), [f:     0/1000], inf[8.1e+13], comp[0.0e+00], Q(0, 0, 0, 0), Trans[(512, 2, 8) -> 31.796302199813397]
[Tue Dec  2 17:24:52 2025] >> [t:910] (r: 0.000), [f:     0/1000], inf[8.1e+13], comp[0.0e+00], Q(0, 0, 0, 0), Trans[(512, 2, 8) -> 31.796302199813397]
[Tue Dec  2 17:24:52 2025] >> [t:911] (r: 0.000), [f:     0/1000], inf[8.1e+13], comp[0.0e+00], Q(0, 0, 0, 0), Trans[(512, 2, 8) -> 31.796302199813397]
[Tue Dec  2 17:24:52 2025] >> [t:912] (r: 0.000), [f:     0/1000], inf[8.1e+13], comp[0.0e+00], Q(0, 0, 0, 0), Trans[(512, 2, 8) -> 31.796302199813397]
[Tue Dec  2 17:24:52 2025] >> [t:913] (r: 0.000), [f:     0/1000], inf[8.1e+13], comp[0.0e+00], Q(0, 0, 0, 0), Trans[(512, 2, 8) -> 31.796302199813397]
[Tue Dec  2 17:24:52 2025] >> [t:914] (r: 0.000), [f:     0/1000], inf[8.1e+13], comp[0.0e+00], Q(0, 0, 0, 0), Trans[(512, 2, 8) -> 31.796302199813397]
[Tue Dec  2 17:24:52 2025] >> [t:915] (r: 0.000), [f:     0/1000], inf[8.1e+13], comp[0.0e+00], Q(0, 0, 0, 0), Trans[(512, 2, 8) -> 31.796302199813397]
[Tue Dec  2 17:24:52 2025] >> [t:916] (r: 0.000), [f:     0/1000], inf[8.1e+13], comp[0.0e+00], Q(0, 0, 0, 0), Trans[(512, 2, 8) -> 31.796302199813397]
[Tue Dec  2 17:24:52 2025] >> [t:917] (r: 0.000), [f:     0/1000], inf[8.1e+13], comp[0.0e+00], Q(0, 0, 0, 0), Trans[(512, 2, 8) -> 31.796302199813397]
[Tue Dec  2 17:24:52 2025] >> [t:918] (r: 0.000), [f:     0/1000], inf[8.1e+13], comp[0.0e+00], Q(0, 0, 0, 0), Trans[(512, 2, 8) -> 31.796302199813397]
[Tue Dec  2 17:24:52 2025] >> [t:919] (r: 0.000), [f:     0/1000], inf[8.1e+13], comp[0.0e+00], Q(0, 0, 0, 0), Trans[(512, 2, 8) -> 31.796302199813397]
[Tue Dec  2 17:24:52 2025] >> [t:920] (r: 0.000), [f:     0/1000], inf[8.1e+13], comp[0.0e+00], Q(0, 0, 0, 0), Trans[(512, 2, 8) -> 31.796302199813397]
[Tue Dec  2 17:24:52 2025] >> [t:921] (r: 0.000), [f:     0/1000], inf[8.1e+13], comp[0.0e+00], Q(0, 0, 0, 0), Trans[(512, 2, 8) -> 31.796302199813397]
[Tue Dec  2 17:24:52 2025] >> [t:922] (r: 0.000), [f:     0/1000], inf[8.1e+13], comp[0.0e+00], Q(0, 0, 0, 0), Trans[(512, 2, 8) -> 31.796302199813397]
[Tue Dec  2 17:24:52 2025] >> [t:923] (r: 0.000), [f:     0/1000], inf[8.1e+13], comp[0.0e+00], Q(0, 0, 0, 0), Trans[(512, 2, 8) -> 31.796302199813397]
[Tue Dec  2 17:24:52 2025] >> [t:924] (r: 0.000), [f:     0/1000], inf[8.1e+13], comp[0.0e+00], Q(0, 0, 0, 0), Trans[(512, 2, 8) -> 31.796302199813397]
[Tue Dec  2 17:24:52 2025] >> [t:925] (r: 0.000), [f:     0/1000], inf[8.1e+13], comp[0.0e+00], Q(0, 0, 0, 0), Trans[(512, 2, 8) -> 31.796302199813397]
[Tue Dec  2 17:24:52 2025] >> [t:926] (r: 0.000), [f:     0/1000], inf[8.1e+13], comp[0.0e+00], Q(0, 0, 0, 0), Trans[(512, 2, 8) -> 31.796302199813397]
[Tue Dec  2 17:24:52 2025] >> [t:927] (r: 0.000), [f:     0/1000], inf[8.1e+13], comp[0.0e+00], Q(0, 0, 0, 0), Trans[(512, 2, 8) -> 31.796302199813397]
[Tue Dec  2 17:24:52 2025] >> [t:928] (r: 0.000), [f:     0/1000], inf[8.1e+13], comp[0.0e+00], Q(0, 0, 0, 0), Trans[(512, 2, 8) -> 31.796302199813397]
[Tue Dec  2 17:24:52 2025] >> [t:929] (r: 0.000), [f:     0/1000], inf[8.1e+13], comp[0.0e+00], Q(0, 0, 0, 0), Trans[(512, 2, 8) -> 31.796302199813397]
[Tue Dec  2 17:24:52 2025] >> [t:930] (r: 0.000), [f:     0/1000], inf[8.1e+13], comp[0.0e+00], Q(0, 0, 0, 0), Trans[(512, 2, 8) -> 31.796302199813397]
[Tue Dec  2 17:24:52 2025] >> [t:931] (r: 0.000), [f:     0/1000], inf[8.1e+13], comp[0.0e+00], Q(0, 0, 0, 0), Trans[(512, 2, 8) -> 31.796302199813397]
[Tue Dec  2 17:24:52 2025] >> [t:932] (r: 0.000), [f:     0/1000], inf[8.1e+13], comp[0.0e+00], Q(0, 0, 0, 0), Trans[(512, 2, 8) -> 31.796302199813397]
[Tue Dec  2 17:24:52 2025] >> [t:933] (r: 0.000), [f:     0/1000], inf[8.1e+13], comp[0.0e+00], Q(0, 0, 0, 0), Trans[(512, 2, 8) -> 31.796302199813397]
[Tue Dec  2 17:24:52 2025] >> [t:934] (r: 0.000), [f:     0/1000], inf[8.1e+13], comp[0.0e+00], Q(0, 0, 0, 0), Trans[(512, 2, 8) -> 31.796302199813397]
[Tue Dec  2 17:24:52 2025] >> [t:935] (r: 0.000), [f:     0/1000], inf[8.1e+13], comp[0.0e+00], Q(0, 0, 0, 0), Trans[(512, 2, 8) -> 31.796302199813397]
[Tue Dec  2 17:24:52 2025] >> [t:936] (r: 0.000), [f:     0/1000], inf[8.1e+13], comp[0.0e+00], Q(0, 0, 0, 0), Trans[(512, 2, 8) -> 31.796302199813397]
[Tue Dec  2 17:24:52 2025] >> [t:937] (r: 0.000), [f:     0/1000], inf[8.1e+13], comp[0.0e+00], Q(0, 0, 0, 0), Trans[(512, 2, 8) -> 31.796302199813397]
[Tue Dec  2 17:24:52 2025] >> [t:938] (r: 0.000), [f:     0/1000], inf[8.1e+13], comp[0.0e+00], Q(0, 0, 0, 0), Trans[(512, 2, 8) -> 31.796302199813397]
[Tue Dec  2 17:24:52 2025] >> [t:939] (r: 0.000), [f:     0/1000], inf[8.1e+13], comp[0.0e+00], Q(0, 0, 0, 0), Trans[(512, 2, 8) -> 31.796302199813397]
[Tue Dec  2 17:24:52 2025] >> [t:940] (r: 0.000), [f:     0/1000], inf[8.1e+13], comp[0.0e+00], Q(0, 0, 0, 0), Trans[(512, 2, 8) -> 31.796302199813397]
[Tue Dec  2 17:24:52 2025] >> [t:941] (r: 0.000), [f:     0/1000], inf[8.1e+13], comp[0.0e+00], Q(0, 0, 0, 0), Trans[(512, 2, 8) -> 31.796302199813397]
[Tue Dec  2 17:24:52 2025] >> [t:942] (r: 0.000), [f:     0/1000], inf[8.1e+13], comp[0.0e+00], Q(0, 0, 0, 0), Trans[(512, 2, 8) -> 31.796302199813397]
[Tue Dec  2 17:24:52 2025] >> [t:943] (r: 0.000), [f:     0/1000], inf[8.1e+13], comp[0.0e+00], Q(0, 0, 0, 0), Trans[(512, 2, 8) -> 31.796302199813397]
[Tue Dec  2 17:24:52 2025] >> [t:944] (r: 0.000), [f:     0/1000], inf[8.1e+13], comp[0.0e+00], Q(0, 0, 0, 0), Trans[(512, 2, 8) -> 31.796302199813397]
[Tue Dec  2 17:24:52 2025] >> [t:945] (r: 0.000), [f:     0/1000], inf[8.1e+13], comp[0.0e+00], Q(0, 0, 0, 0), Trans[(512, 2, 8) -> 31.796302199813397]
[Tue Dec  2 17:24:52 2025] >> [t:946] (r: 0.000), [f:     0/1000], inf[8.1e+13], comp[0.0e+00], Q(0, 0, 0, 0), Trans[(512, 2, 8) -> 31.796302199813397]
[Tue Dec  2 17:24:52 2025] >> [t:947] (r: 0.000), [f:     0/1000], inf[8.1e+13], comp[0.0e+00], Q(0, 0, 0, 0), Trans[(512, 2, 8) -> 31.796302199813397]
[Tue Dec  2 17:24:52 2025] >> [t:948] (r: 0.000), [f:     0/1000], inf[8.1e+13], comp[0.0e+00], Q(0, 0, 0, 0), Trans[(512, 2, 8) -> 31.796302199813397]
[Tue Dec  2 17:24:52 2025] >> [t:949] (r: 0.000), [f:     0/1000], inf[8.1e+13], comp[0.0e+00], Q(0, 0, 0, 0), Trans[(512, 2, 8) -> 31.796302199813397]
[Tue Dec  2 17:24:52 2025] >> [t:950] (r: 0.000), [f:     0/1000], inf[8.1e+13], comp[0.0e+00], Q(0, 0, 0, 0), Trans[(512, 2, 8) -> 31.796302199813397]
[Tue Dec  2 17:24:52 2025] >> [t:951] (r: 0.000), [f:     0/1000], inf[8.1e+13], comp[0.0e+00], Q(0, 0, 0, 0), Trans[(512, 2, 8) -> 31.796302199813397]
[Tue Dec  2 17:24:52 2025] >> [t:952] (r: 0.000), [f:     0/1000], inf[8.1e+13], comp[0.0e+00], Q(0, 0, 0, 0), Trans[(512, 2, 8) -> 31.796302199813397]
[Tue Dec  2 17:24:52 2025] >> [t:953] (r: 0.000), [f:     0/1000], inf[8.1e+13], comp[0.0e+00], Q(0, 0, 0, 0), Trans[(512, 2, 8) -> 31.796302199813397]
[Tue Dec  2 17:24:52 2025] >> [t:954] (r: 0.000), [f:     0/1000], inf[8.1e+13], comp[0.0e+00], Q(0, 0, 0, 0), Trans[(512, 2, 8) -> 31.796302199813397]
[Tue Dec  2 17:24:52 2025] >> [t:955] (r: 0.000), [f:     0/1000], inf[8.1e+13], comp[0.0e+00], Q(0, 0, 0, 0), Trans[(512, 2, 8) -> 31.796302199813397]
[Tue Dec  2 17:24:52 2025] >> [t:956] (r: 0.000), [f:     0/1000], inf[8.1e+13], comp[0.0e+00], Q(0, 0, 0, 0), Trans[(512, 2, 8) -> 31.796302199813397]
[Tue Dec  2 17:24:52 2025] >> [t:957] (r: 0.000), [f:     0/1000], inf[8.1e+13], comp[0.0e+00], Q(0, 0, 0, 0), Trans[(512, 2, 8) -> 31.796302199813397]
[Tue Dec  2 17:24:52 2025] >> [t:958] (r: 0.000), [f:     0/1000], inf[8.1e+13], comp[0.0e+00], Q(0, 0, 0, 0), Trans[(512, 2, 8) -> 31.796302199813397]
[Tue Dec  2 17:24:52 2025] >> [t:959] (r: 0.000), [f:     0/1000], inf[8.1e+13], comp[0.0e+00], Q(0, 0, 0, 0), Trans[(512, 2, 8) -> 31.796302199813397]
[Tue Dec  2 17:24:52 2025] >> [t:960] (r: 0.000), [f:     0/1000], inf[8.1e+13], comp[0.0e+00], Q(0, 0, 0, 0), Trans[(512, 2, 8) -> 31.796302199813397]
[Tue Dec  2 17:24:52 2025] >> [t:961] (r: 0.000), [f:     0/1000], inf[8.1e+13], comp[0.0e+00], Q(0, 0, 0, 0), Trans[(512, 2, 8) -> 31.796302199813397]
[Tue Dec  2 17:24:52 2025] >> [t:962] (r: 0.000), [f:     0/1000], inf[8.1e+13], comp[0.0e+00], Q(0, 0, 0, 0), Trans[(512, 2, 8) -> 31.796302199813397]
[Tue Dec  2 17:24:52 2025] >> [t:963] (r: 0.000), [f:     0/1000], inf[8.1e+13], comp[0.0e+00], Q(0, 0, 0, 0), Trans[(512, 2, 8) -> 31.796302199813397]
[Tue Dec  2 17:24:52 2025] >> [t:964] (r: 0.000), [f:     0/1000], inf[8.1e+13], comp[0.0e+00], Q(0, 0, 0, 0), Trans[(512, 2, 8) -> 31.796302199813397]
[Tue Dec  2 17:24:52 2025] >> [t:965] (r: 0.000), [f:     0/1000], inf[8.1e+13], comp[0.0e+00], Q(0, 0, 0, 0), Trans[(512, 2, 8) -> 31.796302199813397]
[Tue Dec  2 17:24:52 2025] >> [t:966] (r: 0.000), [f:     0/1000], inf[8.1e+13], comp[0.0e+00], Q(0, 0, 0, 0), Trans[(512, 2, 8) -> 31.796302199813397]
[Tue Dec  2 17:24:52 2025] >> [t:967] (r: 0.000), [f:     0/1000], inf[8.1e+13], comp[0.0e+00], Q(0, 0, 0, 0), Trans[(512, 2, 8) -> 31.796302199813397]
[Tue Dec  2 17:24:52 2025] >> [t:968] (r: 0.000), [f:     0/1000], inf[8.1e+13], comp[0.0e+00], Q(0, 0, 0, 0), Trans[(512, 2, 8) -> 31.796302199813397]
[Tue Dec  2 17:24:52 2025] >> [t:969] (r: 0.000), [f:     0/1000], inf[8.1e+13], comp[0.0e+00], Q(0, 0, 0, 0), Trans[(512, 2, 8) -> 31.796302199813397]
[Tue Dec  2 17:24:52 2025] >> [t:970] (r: 0.000), [f:     0/1000], inf[8.1e+13], comp[0.0e+00], Q(0, 0, 0, 0), Trans[(512, 2, 8) -> 31.796302199813397]
[Tue Dec  2 17:24:52 2025] >> [t:971] (r: 0.000), [f:     0/1000], inf[8.1e+13], comp[0.0e+00], Q(0, 0, 0, 0), Trans[(512, 2, 8) -> 31.796302199813397]
[Tue Dec  2 17:24:52 2025] >> [t:972] (r: 0.000), [f:     0/1000], inf[8.1e+13], comp[0.0e+00], Q(0, 0, 0, 0), Trans[(512, 2, 8) -> 31.796302199813397]
[Tue Dec  2 17:24:52 2025] >> [t:973] (r: 0.000), [f:     0/1000], inf[8.1e+13], comp[0.0e+00], Q(0, 0, 0, 0), Trans[(512, 2, 8) -> 31.796302199813397]
[Tue Dec  2 17:24:52 2025] >> [t:974] (r: 0.000), [f:     0/1000], inf[8.1e+13], comp[0.0e+00], Q(0, 0, 0, 0), Trans[(512, 2, 8) -> 31.796302199813397]
[Tue Dec  2 17:24:52 2025] >> [t:975] (r: 0.000), [f:     0/1000], inf[8.1e+13], comp[0.0e+00], Q(0, 0, 0, 0), Trans[(512, 2, 8) -> 31.796302199813397]
[Tue Dec  2 17:24:52 2025] >> [t:976] (r: 0.000), [f:     0/1000], inf[8.1e+13], comp[0.0e+00], Q(0, 0, 0, 0), Trans[(512, 2, 8) -> 31.796302199813397]
[Tue Dec  2 17:24:52 2025] >> [t:977] (r: 0.000), [f:     0/1000], inf[8.1e+13], comp[0.0e+00], Q(0, 0, 0, 0), Trans[(512, 2, 8) -> 31.796302199813397]
[Tue Dec  2 17:24:52 2025] >> [t:978] (r: 0.000), [f:     0/1000], inf[8.1e+13], comp[0.0e+00], Q(0, 0, 0, 0), Trans[(512, 2, 8) -> 31.796302199813397]
[Tue Dec  2 17:24:52 2025] >> [t:979] (r: 0.000), [f:     0/1000], inf[8.1e+13], comp[0.0e+00], Q(0, 0, 0, 0), Trans[(512, 2, 8) -> 31.796302199813397]
[Tue Dec  2 17:24:52 2025] >> [t:980] (r: 0.000), [f:     0/1000], inf[8.1e+13], comp[0.0e+00], Q(0, 0, 0, 0), Trans[(512, 2, 8) -> 31.796302199813397]
[Tue Dec  2 17:24:52 2025] >> [t:981] (r: 0.000), [f:     0/1000], inf[8.1e+13], comp[0.0e+00], Q(0, 0, 0, 0), Trans[(512, 2, 8) -> 31.796302199813397]
[Tue Dec  2 17:24:52 2025] >> [t:982] (r: 0.000), [f:     0/1000], inf[8.1e+13], comp[0.0e+00], Q(0, 0, 0, 0), Trans[(512, 2, 8) -> 31.796302199813397]
[Tue Dec  2 17:24:52 2025] >> [t:983] (r: 0.000), [f:     0/1000], inf[8.1e+13], comp[0.0e+00], Q(0, 0, 0, 0), Trans[(512, 2, 8) -> 31.796302199813397]
[Tue Dec  2 17:24:52 2025] >> [t:984] (r: 0.000), [f:     0/1000], inf[8.1e+13], comp[0.0e+00], Q(0, 0, 0, 0), Trans[(512, 2, 8) -> 31.796302199813397]
[Tue Dec  2 17:24:52 2025] >> [t:985] (r: 0.000), [f:     0/1000], inf[8.1e+13], comp[0.0e+00], Q(0, 0, 0, 0), Trans[(512, 2, 8) -> 31.796302199813397]
[Tue Dec  2 17:24:52 2025] >> [t:986] (r: 0.000), [f:     0/1000], inf[8.1e+13], comp[0.0e+00], Q(0, 0, 0, 0), Trans[(512, 2, 8) -> 31.796302199813397]
[Tue Dec  2 17:24:52 2025] >> [t:987] (r: 0.000), [f:     0/1000], inf[8.1e+13], comp[0.0e+00], Q(0, 0, 0, 0), Trans[(512, 2, 8) -> 31.796302199813397]
[Tue Dec  2 17:24:52 2025] >> [t:988] (r: 0.000), [f:     0/1000], inf[8.1e+13], comp[0.0e+00], Q(0, 0, 0, 0), Trans[(512, 2, 8) -> 31.796302199813397]
[Tue Dec  2 17:24:52 2025] >> [t:989] (r: 0.000), [f:     0/1000], inf[8.1e+13], comp[0.0e+00], Q(0, 0, 0, 0), Trans[(512, 2, 8) -> 31.796302199813397]
[Tue Dec  2 17:24:52 2025] >> [t:990] (r: 0.000), [f:     0/1000], inf[8.1e+13], comp[0.0e+00], Q(0, 0, 0, 0), Trans[(512, 2, 8) -> 31.796302199813397]
[Tue Dec  2 17:24:52 2025] >> [t:991] (r: 0.000), [f:     0/1000], inf[8.1e+13], comp[0.0e+00], Q(0, 0, 0, 0), Trans[(512, 2, 8) -> 31.796302199813397]
[Tue Dec  2 17:24:52 2025] >> [t:992] (r: 0.000), [f:     0/1000], inf[8.1e+13], comp[0.0e+00], Q(0, 0, 0, 0), Trans[(512, 2, 8) -> 31.796302199813397]
[Tue Dec  2 17:24:52 2025] >> [t:993] (r: 0.000), [f:     0/1000], inf[8.1e+13], comp[0.0e+00], Q(0, 0, 0, 0), Trans[(512, 2, 8) -> 31.796302199813397]
[Tue Dec  2 17:24:52 2025] >> [t:994] (r: 0.000), [f:     0/1000], inf[8.1e+13], comp[0.0e+00], Q(0, 0, 0, 0), Trans[(512, 2, 8) -> 31.796302199813397]
[Tue Dec  2 17:24:52 2025] >> [t:995] (r: 0.000), [f:     0/1000], inf[8.1e+13], comp[0.0e+00], Q(0, 0, 0, 0), Trans[(512, 2, 8) -> 31.796302199813397]
[Tue Dec  2 17:24:52 2025] >> [t:996] (r: 0.000), [f:     0/1000], inf[8.1e+13], comp[0.0e+00], Q(0, 0, 0, 0), Trans[(512, 2, 8) -> 31.796302199813397]
[Tue Dec  2 17:24:52 2025] >> [t:997] (r: 0.000), [f:     0/1000], inf[8.1e+13], comp[0.0e+00], Q(0, 0, 0, 0), Trans[(512, 2, 8) -> 31.796302199813397]
[Tue Dec  2 17:24:52 2025] >> [t:998] (r: 0.000), [f:     0/1000], inf[8.1e+13], comp[0.0e+00], Q(0, 0, 0, 0), Trans[(512, 2, 8) -> 31.796302199813397]
[Tue Dec  2 17:24:52 2025] >> [t:999] (r: 0.000), [f:     0/1000], inf[8.1e+13], comp[0.0e+00], Q(0, 0, 0, 0), Trans[(512, 2, 8) -> 31.796302199813397]
