[Tue Dec  2 10:56:08 2025] >> Generating new alpha
[Tue Dec  2 10:56:09 2025] >> SAMPLE[    0] lifetime[129 weeks], average[129.00]
[Tue Dec  2 10:56:09 2025] >> SAMPLE[    1] lifetime[124 weeks], average[126.50]
[Tue Dec  2 10:56:10 2025] >> SAMPLE[    2] lifetime[160 weeks], average[137.67]
[Tue Dec  2 10:56:11 2025] >> SAMPLE[    3] lifetime[137 weeks], average[137.50]
[Tue Dec  2 10:56:11 2025] >> SAMPLE[    4] lifetime[114 weeks], average[132.80]
[Tue Dec  2 10:56:12 2025] >> SAMPLE[    5] lifetime[148 weeks], average[135.33]
[Tue Dec  2 10:56:12 2025] >> SAMPLE[    6] lifetime[141 weeks], average[136.14]
[Tue Dec  2 10:56:13 2025] >> SAMPLE[    7] lifetime[199 weeks], average[144.00]
[Tue Dec  2 10:56:14 2025] >> SAMPLE[    8] lifetime[173 weeks], average[147.22]
[Tue Dec  2 10:56:15 2025] >> SAMPLE[    9] lifetime[149 weeks], average[147.40]
[Tue Dec  2 10:56:16 2025] >> SAMPLE[   10] lifetime[162 weeks], average[148.73]
[Tue Dec  2 10:56:17 2025] >> SAMPLE[   11] lifetime[161 weeks], average[149.75]
[Tue Dec  2 10:56:17 2025] >> SAMPLE[   12] lifetime[171 weeks], average[151.38]
[Tue Dec  2 10:56:18 2025] >> SAMPLE[   13] lifetime[106 weeks], average[148.14]
[Tue Dec  2 10:56:19 2025] >> SAMPLE[   14] lifetime[164 weeks], average[149.20]
[Tue Dec  2 10:56:20 2025] >> SAMPLE[   15] lifetime[189 weeks], average[151.69]
[Tue Dec  2 10:56:20 2025] >> SAMPLE[   16] lifetime[129 weeks], average[150.35]
[Tue Dec  2 10:56:21 2025] >> SAMPLE[   17] lifetime[120 weeks], average[148.67]
[Tue Dec  2 10:56:21 2025] >> SAMPLE[   18] lifetime[ 79 weeks], average[145.00]
[Tue Dec  2 10:56:22 2025] >> SAMPLE[   19] lifetime[157 weeks], average[145.60]
[Tue Dec  2 10:56:23 2025] >> SAMPLE[   20] lifetime[161 weeks], average[146.33]
[Tue Dec  2 10:56:24 2025] >> SAMPLE[   21] lifetime[207 weeks], average[149.09]
[Tue Dec  2 10:56:25 2025] >> SAMPLE[   22] lifetime[177 weeks], average[150.30]
[Tue Dec  2 10:56:26 2025] >> SAMPLE[   23] lifetime[180 weeks], average[151.54]
[Tue Dec  2 10:56:26 2025] >> SAMPLE[   24] lifetime[141 weeks], average[151.12]
[Tue Dec  2 10:56:27 2025] >> SAMPLE[   25] lifetime[162 weeks], average[151.54]
[Tue Dec  2 10:56:27 2025] >> SAMPLE[   26] lifetime[118 weeks], average[150.30]
[Tue Dec  2 10:56:28 2025] >> SAMPLE[   27] lifetime[171 weeks], average[151.04]
[Tue Dec  2 10:56:29 2025] >> SAMPLE[   28] lifetime[143 weeks], average[150.76]
[Tue Dec  2 10:56:30 2025] >> SAMPLE[   29] lifetime[124 weeks], average[149.87]
[Tue Dec  2 10:56:30 2025] >> SAMPLE[   30] lifetime[179 weeks], average[150.81]
[Tue Dec  2 10:56:31 2025] >> SAMPLE[   31] lifetime[192 weeks], average[152.09]
[Tue Dec  2 10:56:32 2025] >> SAMPLE[   32] lifetime[130 weeks], average[151.42]
[Tue Dec  2 10:56:33 2025] >> SAMPLE[   33] lifetime[156 weeks], average[151.56]
[Tue Dec  2 10:56:34 2025] >> SAMPLE[   34] lifetime[197 weeks], average[152.86]
[Tue Dec  2 10:56:34 2025] >> SAMPLE[   35] lifetime[133 weeks], average[152.31]
[Tue Dec  2 10:56:35 2025] >> SAMPLE[   36] lifetime[153 weeks], average[152.32]
[Tue Dec  2 10:56:36 2025] >> SAMPLE[   37] lifetime[167 weeks], average[152.71]
[Tue Dec  2 10:56:37 2025] >> SAMPLE[   38] lifetime[172 weeks], average[153.21]
[Tue Dec  2 10:56:37 2025] >> SAMPLE[   39] lifetime[152 weeks], average[153.18]
[Tue Dec  2 10:56:38 2025] >> SAMPLE[   40] lifetime[133 weeks], average[152.68]
[Tue Dec  2 10:56:39 2025] >> SAMPLE[   41] lifetime[135 weeks], average[152.26]
[Tue Dec  2 10:56:39 2025] >> SAMPLE[   42] lifetime[117 weeks], average[151.44]
[Tue Dec  2 10:56:40 2025] >> SAMPLE[   43] lifetime[106 weeks], average[150.41]
[Tue Dec  2 10:56:40 2025] >> SAMPLE[   44] lifetime[110 weeks], average[149.51]
[Tue Dec  2 10:56:41 2025] >> SAMPLE[   45] lifetime[134 weeks], average[149.17]
[Tue Dec  2 10:56:42 2025] >> SAMPLE[   46] lifetime[162 weeks], average[149.45]
[Tue Dec  2 10:56:42 2025] >> SAMPLE[   47] lifetime[140 weeks], average[149.25]
[Tue Dec  2 10:56:43 2025] >> SAMPLE[   48] lifetime[170 weeks], average[149.67]
[Tue Dec  2 10:56:43 2025] >> SAMPLE[   49] lifetime[101 weeks], average[148.70]
[Tue Dec  2 10:56:44 2025] >> SAMPLE[   50] lifetime[154 weeks], average[148.80]
[Tue Dec  2 10:56:45 2025] >> SAMPLE[   51] lifetime[143 weeks], average[148.69]
[Tue Dec  2 10:56:46 2025] >> SAMPLE[   52] lifetime[195 weeks], average[149.57]
[Tue Dec  2 10:56:47 2025] >> SAMPLE[   53] lifetime[147 weeks], average[149.52]
[Tue Dec  2 10:56:47 2025] >> SAMPLE[   54] lifetime[143 weeks], average[149.40]
[Tue Dec  2 10:56:48 2025] >> SAMPLE[   55] lifetime[128 weeks], average[149.02]
[Tue Dec  2 10:56:49 2025] >> SAMPLE[   56] lifetime[141 weeks], average[148.88]
[Tue Dec  2 10:56:49 2025] >> SAMPLE[   57] lifetime[144 weeks], average[148.79]
[Tue Dec  2 10:56:50 2025] >> SAMPLE[   58] lifetime[159 weeks], average[148.97]
[Tue Dec  2 10:56:51 2025] >> SAMPLE[   59] lifetime[163 weeks], average[149.20]
[Tue Dec  2 10:56:51 2025] >> SAMPLE[   60] lifetime[124 weeks], average[148.79]
[Tue Dec  2 10:56:52 2025] >> SAMPLE[   61] lifetime[116 weeks], average[148.26]
[Tue Dec  2 10:56:53 2025] >> SAMPLE[   62] lifetime[166 weeks], average[148.54]
[Tue Dec  2 10:56:53 2025] >> SAMPLE[   63] lifetime[129 weeks], average[148.23]
[Tue Dec  2 10:56:54 2025] >> SAMPLE[   64] lifetime[136 weeks], average[148.05]
[Tue Dec  2 10:56:54 2025] >> SAMPLE[   65] lifetime[137 weeks], average[147.88]
[Tue Dec  2 10:56:55 2025] >> SAMPLE[   66] lifetime[156 weeks], average[148.00]
[Tue Dec  2 10:56:56 2025] >> SAMPLE[   67] lifetime[160 weeks], average[148.18]
[Tue Dec  2 10:56:57 2025] >> SAMPLE[   68] lifetime[147 weeks], average[148.16]
[Tue Dec  2 10:56:57 2025] >> SAMPLE[   69] lifetime[173 weeks], average[148.51]
[Tue Dec  2 10:56:58 2025] >> SAMPLE[   70] lifetime[140 weeks], average[148.39]
[Tue Dec  2 10:56:59 2025] >> SAMPLE[   71] lifetime[135 weeks], average[148.21]
[Tue Dec  2 10:56:59 2025] >> SAMPLE[   72] lifetime[130 weeks], average[147.96]
[Tue Dec  2 10:57:00 2025] >> SAMPLE[   73] lifetime[140 weeks], average[147.85]
[Tue Dec  2 10:57:01 2025] >> SAMPLE[   74] lifetime[184 weeks], average[148.33]
[Tue Dec  2 10:57:02 2025] >> SAMPLE[   75] lifetime[240 weeks], average[149.54]
[Tue Dec  2 10:57:03 2025] >> SAMPLE[   76] lifetime[160 weeks], average[149.68]
[Tue Dec  2 10:57:03 2025] >> SAMPLE[   77] lifetime[148 weeks], average[149.65]
[Tue Dec  2 10:57:04 2025] >> SAMPLE[   78] lifetime[175 weeks], average[149.97]
[Tue Dec  2 10:57:05 2025] >> SAMPLE[   79] lifetime[155 weeks], average[150.04]
[Tue Dec  2 10:57:06 2025] >> SAMPLE[   80] lifetime[141 weeks], average[149.93]
[Tue Dec  2 10:57:06 2025] >> SAMPLE[   81] lifetime[112 weeks], average[149.46]
[Tue Dec  2 10:57:07 2025] >> SAMPLE[   82] lifetime[110 weeks], average[148.99]
[Tue Dec  2 10:57:07 2025] >> SAMPLE[   83] lifetime[114 weeks], average[148.57]
[Tue Dec  2 10:57:08 2025] >> SAMPLE[   84] lifetime[130 weeks], average[148.35]
[Tue Dec  2 10:57:08 2025] >> SAMPLE[   85] lifetime[138 weeks], average[148.23]
[Tue Dec  2 10:57:09 2025] >> SAMPLE[   86] lifetime[166 weeks], average[148.44]
[Tue Dec  2 10:57:10 2025] >> SAMPLE[   87] lifetime[128 weeks], average[148.20]
[Tue Dec  2 10:57:10 2025] >> SAMPLE[   88] lifetime[172 weeks], average[148.47]
[Tue Dec  2 10:57:11 2025] >> SAMPLE[   89] lifetime[100 weeks], average[147.93]
[Tue Dec  2 10:57:12 2025] >> SAMPLE[   90] lifetime[134 weeks], average[147.78]
[Tue Dec  2 10:57:12 2025] >> SAMPLE[   91] lifetime[158 weeks], average[147.89]
[Tue Dec  2 10:57:13 2025] >> SAMPLE[   92] lifetime[184 weeks], average[148.28]
[Tue Dec  2 10:57:14 2025] >> SAMPLE[   93] lifetime[127 weeks], average[148.05]
[Tue Dec  2 10:57:15 2025] >> SAMPLE[   94] lifetime[165 weeks], average[148.23]
[Tue Dec  2 10:57:15 2025] >> SAMPLE[   95] lifetime[149 weeks], average[148.24]
[Tue Dec  2 10:57:16 2025] >> SAMPLE[   96] lifetime[161 weeks], average[148.37]
[Tue Dec  2 10:57:16 2025] >> SAMPLE[   97] lifetime[117 weeks], average[148.05]
[Tue Dec  2 10:57:17 2025] >> SAMPLE[   98] lifetime[148 weeks], average[148.05]
[Tue Dec  2 10:57:18 2025] >> SAMPLE[   99] lifetime[148 weeks], average[148.05]
[Tue Dec  2 10:57:21 2025] >> Generating new alpha
[Tue Dec  2 10:57:21 2025] >> SAMPLE[  100] lifetime[127 weeks], average[147.84]
[Tue Dec  2 10:57:22 2025] >> SAMPLE[  101] lifetime[120 weeks], average[147.57]
[Tue Dec  2 10:57:22 2025] >> SAMPLE[  102] lifetime[132 weeks], average[147.42]
[Tue Dec  2 10:57:23 2025] >> SAMPLE[  103] lifetime[129 weeks], average[147.24]
[Tue Dec  2 10:57:23 2025] >> SAMPLE[  104] lifetime[132 weeks], average[147.10]
[Tue Dec  2 10:57:24 2025] >> SAMPLE[  105] lifetime[173 weeks], average[147.34]
[Tue Dec  2 10:57:25 2025] >> SAMPLE[  106] lifetime[153 weeks], average[147.39]
[Tue Dec  2 10:57:26 2025] >> SAMPLE[  107] lifetime[135 weeks], average[147.28]
[Tue Dec  2 10:57:26 2025] >> SAMPLE[  108] lifetime[159 weeks], average[147.39]
[Tue Dec  2 10:57:27 2025] >> SAMPLE[  109] lifetime[146 weeks], average[147.37]
[Tue Dec  2 10:57:28 2025] >> SAMPLE[  110] lifetime[176 weeks], average[147.63]
[Tue Dec  2 10:57:29 2025] >> SAMPLE[  111] lifetime[153 weeks], average[147.68]
[Tue Dec  2 10:57:29 2025] >> SAMPLE[  112] lifetime[113 weeks], average[147.37]
[Tue Dec  2 10:57:30 2025] >> SAMPLE[  113] lifetime[187 weeks], average[147.72]
[Tue Dec  2 10:57:31 2025] >> SAMPLE[  114] lifetime[185 weeks], average[148.04]
[Tue Dec  2 10:57:32 2025] >> SAMPLE[  115] lifetime[163 weeks], average[148.17]
[Tue Dec  2 10:57:32 2025] >> SAMPLE[  116] lifetime[147 weeks], average[148.16]
[Tue Dec  2 10:57:33 2025] >> SAMPLE[  117] lifetime[167 weeks], average[148.32]
[Tue Dec  2 10:57:34 2025] >> SAMPLE[  118] lifetime[142 weeks], average[148.27]
[Tue Dec  2 10:57:34 2025] >> SAMPLE[  119] lifetime[125 weeks], average[148.07]
[Tue Dec  2 10:57:35 2025] >> SAMPLE[  120] lifetime[196 weeks], average[148.47]
[Tue Dec  2 10:57:36 2025] >> SAMPLE[  121] lifetime[105 weeks], average[148.11]
[Tue Dec  2 10:57:36 2025] >> SAMPLE[  122] lifetime[129 weeks], average[147.96]
[Tue Dec  2 10:57:37 2025] >> SAMPLE[  123] lifetime[161 weeks], average[148.06]
[Tue Dec  2 10:57:38 2025] >> SAMPLE[  124] lifetime[171 weeks], average[148.25]
[Tue Dec  2 10:57:39 2025] >> SAMPLE[  125] lifetime[174 weeks], average[148.45]
[Tue Dec  2 10:57:39 2025] >> SAMPLE[  126] lifetime[136 weeks], average[148.35]
[Tue Dec  2 10:57:40 2025] >> SAMPLE[  127] lifetime[185 weeks], average[148.64]
[Tue Dec  2 10:57:41 2025] >> SAMPLE[  128] lifetime[188 weeks], average[148.95]
[Tue Dec  2 10:57:42 2025] >> SAMPLE[  129] lifetime[146 weeks], average[148.92]
[Tue Dec  2 10:57:43 2025] >> SAMPLE[  130] lifetime[147 weeks], average[148.91]
[Tue Dec  2 10:57:43 2025] >> SAMPLE[  131] lifetime[120 weeks], average[148.69]
[Tue Dec  2 10:57:44 2025] >> SAMPLE[  132] lifetime[145 weeks], average[148.66]
[Tue Dec  2 10:57:44 2025] >> SAMPLE[  133] lifetime[125 weeks], average[148.49]
[Tue Dec  2 10:57:45 2025] >> SAMPLE[  134] lifetime[196 weeks], average[148.84]
[Tue Dec  2 10:57:46 2025] >> SAMPLE[  135] lifetime[154 weeks], average[148.88]
[Tue Dec  2 10:57:47 2025] >> SAMPLE[  136] lifetime[149 weeks], average[148.88]
[Tue Dec  2 10:57:47 2025] >> SAMPLE[  137] lifetime[170 weeks], average[149.03]
[Tue Dec  2 10:57:48 2025] >> SAMPLE[  138] lifetime[130 weeks], average[148.89]
[Tue Dec  2 10:57:49 2025] >> SAMPLE[  139] lifetime[179 weeks], average[149.11]
[Tue Dec  2 10:57:50 2025] >> SAMPLE[  140] lifetime[163 weeks], average[149.21]
[Tue Dec  2 10:57:50 2025] >> SAMPLE[  141] lifetime[144 weeks], average[149.17]
[Tue Dec  2 10:57:51 2025] >> SAMPLE[  142] lifetime[155 weeks], average[149.21]
[Tue Dec  2 10:57:52 2025] >> SAMPLE[  143] lifetime[118 weeks], average[148.99]
[Tue Dec  2 10:57:52 2025] >> SAMPLE[  144] lifetime[166 weeks], average[149.11]
[Tue Dec  2 10:57:53 2025] >> SAMPLE[  145] lifetime[158 weeks], average[149.17]
[Tue Dec  2 10:57:54 2025] >> SAMPLE[  146] lifetime[112 weeks], average[148.92]
[Tue Dec  2 10:57:54 2025] >> SAMPLE[  147] lifetime[135 weeks], average[148.82]
[Tue Dec  2 10:57:55 2025] >> SAMPLE[  148] lifetime[170 weeks], average[148.97]
[Tue Dec  2 10:57:56 2025] >> SAMPLE[  149] lifetime[191 weeks], average[149.25]
[Tue Dec  2 10:57:56 2025] >> SAMPLE[  150] lifetime[119 weeks], average[149.05]
[Tue Dec  2 10:57:57 2025] >> SAMPLE[  151] lifetime[172 weeks], average[149.20]
[Tue Dec  2 10:57:58 2025] >> SAMPLE[  152] lifetime[150 weeks], average[149.20]
[Tue Dec  2 10:57:59 2025] >> SAMPLE[  153] lifetime[134 weeks], average[149.10]
[Tue Dec  2 10:57:59 2025] >> SAMPLE[  154] lifetime[166 weeks], average[149.21]
[Tue Dec  2 10:58:00 2025] >> SAMPLE[  155] lifetime[165 weeks], average[149.31]
[Tue Dec  2 10:58:01 2025] >> SAMPLE[  156] lifetime[190 weeks], average[149.57]
[Tue Dec  2 10:58:02 2025] >> SAMPLE[  157] lifetime[180 weeks], average[149.77]
[Tue Dec  2 10:58:02 2025] >> SAMPLE[  158] lifetime[128 weeks], average[149.63]
[Tue Dec  2 10:58:03 2025] >> SAMPLE[  159] lifetime[144 weeks], average[149.59]
[Tue Dec  2 10:58:04 2025] >> SAMPLE[  160] lifetime[180 weeks], average[149.78]
[Tue Dec  2 10:58:05 2025] >> SAMPLE[  161] lifetime[149 weeks], average[149.78]
[Tue Dec  2 10:58:05 2025] >> SAMPLE[  162] lifetime[113 weeks], average[149.55]
[Tue Dec  2 10:58:06 2025] >> SAMPLE[  163] lifetime[187 weeks], average[149.78]
[Tue Dec  2 10:58:07 2025] >> SAMPLE[  164] lifetime[133 weeks], average[149.68]
[Tue Dec  2 10:58:07 2025] >> SAMPLE[  165] lifetime[155 weeks], average[149.71]
[Tue Dec  2 10:58:08 2025] >> SAMPLE[  166] lifetime[160 weeks], average[149.77]
[Tue Dec  2 10:58:09 2025] >> SAMPLE[  167] lifetime[177 weeks], average[149.93]
[Tue Dec  2 10:58:10 2025] >> SAMPLE[  168] lifetime[184 weeks], average[150.14]
[Tue Dec  2 10:58:11 2025] >> SAMPLE[  169] lifetime[144 weeks], average[150.10]
[Tue Dec  2 10:58:11 2025] >> SAMPLE[  170] lifetime[156 weeks], average[150.13]
[Tue Dec  2 10:58:12 2025] >> SAMPLE[  171] lifetime[189 weeks], average[150.36]
[Tue Dec  2 10:58:13 2025] >> SAMPLE[  172] lifetime[133 weeks], average[150.26]
[Tue Dec  2 10:58:13 2025] >> SAMPLE[  173] lifetime[120 weeks], average[150.09]
[Tue Dec  2 10:58:14 2025] >> SAMPLE[  174] lifetime[183 weeks], average[150.27]
[Tue Dec  2 10:58:15 2025] >> SAMPLE[  175] lifetime[153 weeks], average[150.29]
[Tue Dec  2 10:58:16 2025] >> SAMPLE[  176] lifetime[153 weeks], average[150.31]
[Tue Dec  2 10:58:16 2025] >> SAMPLE[  177] lifetime[177 weeks], average[150.46]
[Tue Dec  2 10:58:17 2025] >> SAMPLE[  178] lifetime[152 weeks], average[150.46]
[Tue Dec  2 10:58:18 2025] >> SAMPLE[  179] lifetime[158 weeks], average[150.51]
[Tue Dec  2 10:58:19 2025] >> SAMPLE[  180] lifetime[143 weeks], average[150.46]
[Tue Dec  2 10:58:19 2025] >> SAMPLE[  181] lifetime[151 weeks], average[150.47]
[Tue Dec  2 10:58:20 2025] >> SAMPLE[  182] lifetime[145 weeks], average[150.44]
[Tue Dec  2 10:58:21 2025] >> SAMPLE[  183] lifetime[132 weeks], average[150.34]
[Tue Dec  2 10:58:22 2025] >> SAMPLE[  184] lifetime[187 weeks], average[150.54]
[Tue Dec  2 10:58:22 2025] >> SAMPLE[  185] lifetime[117 weeks], average[150.35]
[Tue Dec  2 10:58:23 2025] >> SAMPLE[  186] lifetime[157 weeks], average[150.39]
[Tue Dec  2 10:58:23 2025] >> SAMPLE[  187] lifetime[129 weeks], average[150.28]
[Tue Dec  2 10:58:24 2025] >> SAMPLE[  188] lifetime[146 weeks], average[150.25]
[Tue Dec  2 10:58:25 2025] >> SAMPLE[  189] lifetime[137 weeks], average[150.18]
[Tue Dec  2 10:58:25 2025] >> SAMPLE[  190] lifetime[159 weeks], average[150.23]
[Tue Dec  2 10:58:26 2025] >> SAMPLE[  191] lifetime[139 weeks], average[150.17]
[Tue Dec  2 10:58:27 2025] >> SAMPLE[  192] lifetime[167 weeks], average[150.26]
[Tue Dec  2 10:58:27 2025] >> SAMPLE[  193] lifetime[119 weeks], average[150.10]
[Tue Dec  2 10:58:28 2025] >> SAMPLE[  194] lifetime[138 weeks], average[150.04]
[Tue Dec  2 10:58:29 2025] >> SAMPLE[  195] lifetime[166 weeks], average[150.12]
[Tue Dec  2 10:58:29 2025] >> SAMPLE[  196] lifetime[ 95 weeks], average[149.84]
[Tue Dec  2 10:58:30 2025] >> SAMPLE[  197] lifetime[139 weeks], average[149.78]
[Tue Dec  2 10:58:31 2025] >> SAMPLE[  198] lifetime[147 weeks], average[149.77]
[Tue Dec  2 10:58:31 2025] >> SAMPLE[  199] lifetime[161 weeks], average[149.82]
[Tue Dec  2 10:58:34 2025] >> Generating new alpha
[Tue Dec  2 10:58:35 2025] >> SAMPLE[  200] lifetime[178 weeks], average[149.97]
[Tue Dec  2 10:58:36 2025] >> SAMPLE[  201] lifetime[144 weeks], average[149.94]
[Tue Dec  2 10:58:36 2025] >> SAMPLE[  202] lifetime[134 weeks], average[149.86]
[Tue Dec  2 10:58:37 2025] >> SAMPLE[  203] lifetime[170 weeks], average[149.96]
[Tue Dec  2 10:58:38 2025] >> SAMPLE[  204] lifetime[125 weeks], average[149.83]
[Tue Dec  2 10:58:38 2025] >> SAMPLE[  205] lifetime[147 weeks], average[149.82]
[Tue Dec  2 10:58:39 2025] >> SAMPLE[  206] lifetime[175 weeks], average[149.94]
[Tue Dec  2 10:58:40 2025] >> SAMPLE[  207] lifetime[118 weeks], average[149.79]
[Tue Dec  2 10:58:40 2025] >> SAMPLE[  208] lifetime[160 weeks], average[149.84]
[Tue Dec  2 10:58:41 2025] >> SAMPLE[  209] lifetime[183 weeks], average[150.00]
[Tue Dec  2 10:58:42 2025] >> SAMPLE[  210] lifetime[189 weeks], average[150.18]
[Tue Dec  2 10:58:43 2025] >> SAMPLE[  211] lifetime[135 weeks], average[150.11]
[Tue Dec  2 10:58:44 2025] >> SAMPLE[  212] lifetime[187 weeks], average[150.28]
[Tue Dec  2 10:58:44 2025] >> SAMPLE[  213] lifetime[163 weeks], average[150.34]
[Tue Dec  2 10:58:45 2025] >> SAMPLE[  214] lifetime[206 weeks], average[150.60]
[Tue Dec  2 10:58:46 2025] >> SAMPLE[  215] lifetime[180 weeks], average[150.74]
[Tue Dec  2 10:58:47 2025] >> SAMPLE[  216] lifetime[149 weeks], average[150.73]
[Tue Dec  2 10:58:48 2025] >> SAMPLE[  217] lifetime[158 weeks], average[150.76]
[Tue Dec  2 10:58:49 2025] >> SAMPLE[  218] lifetime[174 weeks], average[150.87]
[Tue Dec  2 10:58:49 2025] >> SAMPLE[  219] lifetime[139 weeks], average[150.81]
[Tue Dec  2 10:58:50 2025] >> SAMPLE[  220] lifetime[137 weeks], average[150.75]
[Tue Dec  2 10:58:50 2025] >> SAMPLE[  221] lifetime[140 weeks], average[150.70]
[Tue Dec  2 10:58:51 2025] >> SAMPLE[  222] lifetime[187 weeks], average[150.87]
[Tue Dec  2 10:58:52 2025] >> SAMPLE[  223] lifetime[139 weeks], average[150.81]
[Tue Dec  2 10:58:53 2025] >> SAMPLE[  224] lifetime[131 weeks], average[150.72]
[Tue Dec  2 10:58:53 2025] >> SAMPLE[  225] lifetime[133 weeks], average[150.65]
[Tue Dec  2 10:58:54 2025] >> SAMPLE[  226] lifetime[190 weeks], average[150.82]
[Tue Dec  2 10:58:55 2025] >> SAMPLE[  227] lifetime[143 weeks], average[150.79]
[Tue Dec  2 10:58:56 2025] >> SAMPLE[  228] lifetime[171 weeks], average[150.87]
[Tue Dec  2 10:58:56 2025] >> SAMPLE[  229] lifetime[145 weeks], average[150.85]
[Tue Dec  2 10:58:57 2025] >> SAMPLE[  230] lifetime[183 weeks], average[150.99]
[Tue Dec  2 10:58:58 2025] >> SAMPLE[  231] lifetime[126 weeks], average[150.88]
[Tue Dec  2 10:58:58 2025] >> SAMPLE[  232] lifetime[142 weeks], average[150.84]
[Tue Dec  2 10:58:59 2025] >> SAMPLE[  233] lifetime[195 weeks], average[151.03]
[Tue Dec  2 10:59:00 2025] >> SAMPLE[  234] lifetime[121 weeks], average[150.90]
[Tue Dec  2 10:59:01 2025] >> SAMPLE[  235] lifetime[177 weeks], average[151.01]
[Tue Dec  2 10:59:01 2025] >> SAMPLE[  236] lifetime[144 weeks], average[150.98]
[Tue Dec  2 10:59:02 2025] >> SAMPLE[  237] lifetime[150 weeks], average[150.98]
[Tue Dec  2 10:59:03 2025] >> SAMPLE[  238] lifetime[199 weeks], average[151.18]
[Tue Dec  2 10:59:04 2025] >> SAMPLE[  239] lifetime[108 weeks], average[151.00]
[Tue Dec  2 10:59:04 2025] >> SAMPLE[  240] lifetime[153 weeks], average[151.01]
[Tue Dec  2 10:59:05 2025] >> SAMPLE[  241] lifetime[114 weeks], average[150.86]
[Tue Dec  2 10:59:05 2025] >> SAMPLE[  242] lifetime[153 weeks], average[150.86]
[Tue Dec  2 10:59:06 2025] >> SAMPLE[  243] lifetime[127 weeks], average[150.77]
[Tue Dec  2 10:59:07 2025] >> SAMPLE[  244] lifetime[123 weeks], average[150.65]
[Tue Dec  2 10:59:07 2025] >> SAMPLE[  245] lifetime[168 weeks], average[150.72]
[Tue Dec  2 10:59:08 2025] >> SAMPLE[  246] lifetime[153 weeks], average[150.73]
[Tue Dec  2 10:59:09 2025] >> SAMPLE[  247] lifetime[135 weeks], average[150.67]
[Tue Dec  2 10:59:10 2025] >> SAMPLE[  248] lifetime[174 weeks], average[150.76]
[Tue Dec  2 10:59:10 2025] >> SAMPLE[  249] lifetime[135 weeks], average[150.70]
[Tue Dec  2 10:59:11 2025] >> SAMPLE[  250] lifetime[157 weeks], average[150.73]
[Tue Dec  2 10:59:12 2025] >> SAMPLE[  251] lifetime[153 weeks], average[150.73]
[Tue Dec  2 10:59:12 2025] >> SAMPLE[  252] lifetime[117 weeks], average[150.60]
[Tue Dec  2 10:59:13 2025] >> SAMPLE[  253] lifetime[163 weeks], average[150.65]
[Tue Dec  2 10:59:14 2025] >> SAMPLE[  254] lifetime[189 weeks], average[150.80]
[Tue Dec  2 10:59:15 2025] >> SAMPLE[  255] lifetime[196 weeks], average[150.98]
[Tue Dec  2 10:59:15 2025] >> SAMPLE[  256] lifetime[152 weeks], average[150.98]
[Tue Dec  2 10:59:16 2025] >> SAMPLE[  257] lifetime[184 weeks], average[151.11]
[Tue Dec  2 10:59:17 2025] >> SAMPLE[  258] lifetime[162 weeks], average[151.15]
[Tue Dec  2 10:59:18 2025] >> SAMPLE[  259] lifetime[139 weeks], average[151.10]
[Tue Dec  2 10:59:19 2025] >> SAMPLE[  260] lifetime[169 weeks], average[151.17]
[Tue Dec  2 10:59:19 2025] >> SAMPLE[  261] lifetime[161 weeks], average[151.21]
[Tue Dec  2 10:59:20 2025] >> SAMPLE[  262] lifetime[144 weeks], average[151.18]
[Tue Dec  2 10:59:21 2025] >> SAMPLE[  263] lifetime[124 weeks], average[151.08]
[Tue Dec  2 10:59:22 2025] >> SAMPLE[  264] lifetime[209 weeks], average[151.30]
[Tue Dec  2 10:59:22 2025] >> SAMPLE[  265] lifetime[ 90 weeks], average[151.07]
[Tue Dec  2 10:59:23 2025] >> SAMPLE[  266] lifetime[157 weeks], average[151.09]
[Tue Dec  2 10:59:24 2025] >> SAMPLE[  267] lifetime[196 weeks], average[151.26]
[Tue Dec  2 10:59:24 2025] >> SAMPLE[  268] lifetime[152 weeks], average[151.26]
[Tue Dec  2 10:59:25 2025] >> SAMPLE[  269] lifetime[140 weeks], average[151.22]
[Tue Dec  2 10:59:26 2025] >> SAMPLE[  270] lifetime[135 weeks], average[151.16]
[Tue Dec  2 10:59:26 2025] >> SAMPLE[  271] lifetime[152 weeks], average[151.16]
[Tue Dec  2 10:59:27 2025] >> SAMPLE[  272] lifetime[151 weeks], average[151.16]
[Tue Dec  2 10:59:28 2025] >> SAMPLE[  273] lifetime[189 weeks], average[151.30]
[Tue Dec  2 10:59:29 2025] >> SAMPLE[  274] lifetime[135 weeks], average[151.24]
[Tue Dec  2 10:59:29 2025] >> SAMPLE[  275] lifetime[172 weeks], average[151.32]
[Tue Dec  2 10:59:30 2025] >> SAMPLE[  276] lifetime[143 weeks], average[151.29]
[Tue Dec  2 10:59:31 2025] >> SAMPLE[  277] lifetime[115 weeks], average[151.15]
[Tue Dec  2 10:59:31 2025] >> SAMPLE[  278] lifetime[153 weeks], average[151.16]
[Tue Dec  2 10:59:32 2025] >> SAMPLE[  279] lifetime[126 weeks], average[151.07]
[Tue Dec  2 10:59:33 2025] >> SAMPLE[  280] lifetime[148 weeks], average[151.06]
[Tue Dec  2 10:59:33 2025] >> SAMPLE[  281] lifetime[182 weeks], average[151.17]
[Tue Dec  2 10:59:34 2025] >> SAMPLE[  282] lifetime[139 weeks], average[151.13]
[Tue Dec  2 10:59:35 2025] >> SAMPLE[  283] lifetime[147 weeks], average[151.11]
[Tue Dec  2 10:59:35 2025] >> SAMPLE[  284] lifetime[139 weeks], average[151.07]
[Tue Dec  2 10:59:36 2025] >> SAMPLE[  285] lifetime[110 weeks], average[150.93]
[Tue Dec  2 10:59:37 2025] >> SAMPLE[  286] lifetime[149 weeks], average[150.92]
[Tue Dec  2 10:59:38 2025] >> SAMPLE[  287] lifetime[185 weeks], average[151.04]
[Tue Dec  2 10:59:38 2025] >> SAMPLE[  288] lifetime[104 weeks], average[150.88]
[Tue Dec  2 10:59:39 2025] >> SAMPLE[  289] lifetime[135 weeks], average[150.82]
[Tue Dec  2 10:59:39 2025] >> SAMPLE[  290] lifetime[ 90 weeks], average[150.61]
[Tue Dec  2 10:59:40 2025] >> SAMPLE[  291] lifetime[173 weeks], average[150.69]
[Tue Dec  2 10:59:40 2025] >> SAMPLE[  292] lifetime[139 weeks], average[150.65]
[Tue Dec  2 10:59:41 2025] >> SAMPLE[  293] lifetime[132 weeks], average[150.59]
[Tue Dec  2 10:59:42 2025] >> SAMPLE[  294] lifetime[182 weeks], average[150.69]
[Tue Dec  2 10:59:43 2025] >> SAMPLE[  295] lifetime[182 weeks], average[150.80]
[Tue Dec  2 10:59:43 2025] >> SAMPLE[  296] lifetime[153 weeks], average[150.80]
[Tue Dec  2 10:59:44 2025] >> SAMPLE[  297] lifetime[135 weeks], average[150.75]
[Tue Dec  2 10:59:45 2025] >> SAMPLE[  298] lifetime[147 weeks], average[150.74]
[Tue Dec  2 10:59:45 2025] >> SAMPLE[  299] lifetime[129 weeks], average[150.67]
[Tue Dec  2 10:59:48 2025] >> Generating new alpha
[Tue Dec  2 10:59:49 2025] >> SAMPLE[  300] lifetime[105 weeks], average[150.51]
[Tue Dec  2 10:59:49 2025] >> SAMPLE[  301] lifetime[170 weeks], average[150.58]
[Tue Dec  2 10:59:50 2025] >> SAMPLE[  302] lifetime[119 weeks], average[150.48]
[Tue Dec  2 10:59:51 2025] >> SAMPLE[  303] lifetime[213 weeks], average[150.68]
[Tue Dec  2 10:59:52 2025] >> SAMPLE[  304] lifetime[151 weeks], average[150.68]
[Tue Dec  2 10:59:53 2025] >> SAMPLE[  305] lifetime[133 weeks], average[150.62]
[Tue Dec  2 10:59:53 2025] >> SAMPLE[  306] lifetime[163 weeks], average[150.66]
[Tue Dec  2 10:59:54 2025] >> SAMPLE[  307] lifetime[180 weeks], average[150.76]
[Tue Dec  2 10:59:55 2025] >> SAMPLE[  308] lifetime[180 weeks], average[150.85]
[Tue Dec  2 10:59:56 2025] >> SAMPLE[  309] lifetime[139 weeks], average[150.82]
[Tue Dec  2 10:59:56 2025] >> SAMPLE[  310] lifetime[113 weeks], average[150.69]
[Tue Dec  2 10:59:57 2025] >> SAMPLE[  311] lifetime[139 weeks], average[150.66]
[Tue Dec  2 10:59:58 2025] >> SAMPLE[  312] lifetime[181 weeks], average[150.75]
[Tue Dec  2 10:59:59 2025] >> SAMPLE[  313] lifetime[190 weeks], average[150.88]
[Tue Dec  2 10:59:59 2025] >> SAMPLE[  314] lifetime[106 weeks], average[150.74]
[Tue Dec  2 11:00:00 2025] >> SAMPLE[  315] lifetime[123 weeks], average[150.65]
[Tue Dec  2 11:00:00 2025] >> SAMPLE[  316] lifetime[144 weeks], average[150.63]
[Tue Dec  2 11:00:01 2025] >> SAMPLE[  317] lifetime[163 weeks], average[150.67]
[Tue Dec  2 11:00:02 2025] >> SAMPLE[  318] lifetime[131 weeks], average[150.61]
[Tue Dec  2 11:00:02 2025] >> SAMPLE[  319] lifetime[128 weeks], average[150.53]
[Tue Dec  2 11:00:03 2025] >> SAMPLE[  320] lifetime[152 weeks], average[150.54]
[Tue Dec  2 11:00:04 2025] >> SAMPLE[  321] lifetime[129 weeks], average[150.47]
[Tue Dec  2 11:00:05 2025] >> SAMPLE[  322] lifetime[189 weeks], average[150.59]
[Tue Dec  2 11:00:06 2025] >> SAMPLE[  323] lifetime[187 weeks], average[150.70]
[Tue Dec  2 11:00:07 2025] >> SAMPLE[  324] lifetime[154 weeks], average[150.71]
[Tue Dec  2 11:00:07 2025] >> SAMPLE[  325] lifetime[152 weeks], average[150.72]
[Tue Dec  2 11:00:08 2025] >> SAMPLE[  326] lifetime[101 weeks], average[150.57]
[Tue Dec  2 11:00:08 2025] >> SAMPLE[  327] lifetime[163 weeks], average[150.60]
[Tue Dec  2 11:00:09 2025] >> SAMPLE[  328] lifetime[149 weeks], average[150.60]
[Tue Dec  2 11:00:10 2025] >> SAMPLE[  329] lifetime[166 weeks], average[150.65]
[Tue Dec  2 11:00:10 2025] >> SAMPLE[  330] lifetime[106 weeks], average[150.51]
[Tue Dec  2 11:00:11 2025] >> SAMPLE[  331] lifetime[193 weeks], average[150.64]
[Tue Dec  2 11:00:12 2025] >> SAMPLE[  332] lifetime[150 weeks], average[150.64]
[Tue Dec  2 11:00:13 2025] >> SAMPLE[  333] lifetime[140 weeks], average[150.60]
[Tue Dec  2 11:00:13 2025] >> SAMPLE[  334] lifetime[138 weeks], average[150.57]
[Tue Dec  2 11:00:14 2025] >> SAMPLE[  335] lifetime[132 weeks], average[150.51]
[Tue Dec  2 11:00:15 2025] >> SAMPLE[  336] lifetime[200 weeks], average[150.66]
[Tue Dec  2 11:00:15 2025] >> SAMPLE[  337] lifetime[128 weeks], average[150.59]
[Tue Dec  2 11:00:16 2025] >> SAMPLE[  338] lifetime[115 weeks], average[150.49]
[Tue Dec  2 11:00:17 2025] >> SAMPLE[  339] lifetime[132 weeks], average[150.43]
[Tue Dec  2 11:00:17 2025] >> SAMPLE[  340] lifetime[122 weeks], average[150.35]
[Tue Dec  2 11:00:18 2025] >> SAMPLE[  341] lifetime[151 weeks], average[150.35]
[Tue Dec  2 11:00:19 2025] >> SAMPLE[  342] lifetime[170 weeks], average[150.41]
[Tue Dec  2 11:00:19 2025] >> SAMPLE[  343] lifetime[133 weeks], average[150.36]
[Tue Dec  2 11:00:20 2025] >> SAMPLE[  344] lifetime[170 weeks], average[150.41]
[Tue Dec  2 11:00:21 2025] >> SAMPLE[  345] lifetime[179 weeks], average[150.50]
[Tue Dec  2 11:00:22 2025] >> SAMPLE[  346] lifetime[207 weeks], average[150.66]
[Tue Dec  2 11:00:23 2025] >> SAMPLE[  347] lifetime[134 weeks], average[150.61]
[Tue Dec  2 11:00:23 2025] >> SAMPLE[  348] lifetime[161 weeks], average[150.64]
[Tue Dec  2 11:00:24 2025] >> SAMPLE[  349] lifetime[124 weeks], average[150.57]
[Tue Dec  2 11:00:25 2025] >> SAMPLE[  350] lifetime[175 weeks], average[150.64]
[Tue Dec  2 11:00:26 2025] >> SAMPLE[  351] lifetime[176 weeks], average[150.71]
[Tue Dec  2 11:00:26 2025] >> SAMPLE[  352] lifetime[160 weeks], average[150.73]
[Tue Dec  2 11:00:27 2025] >> SAMPLE[  353] lifetime[138 weeks], average[150.70]
[Tue Dec  2 11:00:28 2025] >> SAMPLE[  354] lifetime[136 weeks], average[150.66]
[Tue Dec  2 11:00:28 2025] >> SAMPLE[  355] lifetime[160 weeks], average[150.68]
[Tue Dec  2 11:00:29 2025] >> SAMPLE[  356] lifetime[156 weeks], average[150.70]
[Tue Dec  2 11:00:30 2025] >> SAMPLE[  357] lifetime[131 weeks], average[150.64]
[Tue Dec  2 11:00:30 2025] >> SAMPLE[  358] lifetime[140 weeks], average[150.61]
[Tue Dec  2 11:00:31 2025] >> SAMPLE[  359] lifetime[156 weeks], average[150.63]
[Tue Dec  2 11:00:32 2025] >> SAMPLE[  360] lifetime[154 weeks], average[150.64]
[Tue Dec  2 11:00:32 2025] >> SAMPLE[  361] lifetime[156 weeks], average[150.65]
[Tue Dec  2 11:00:33 2025] >> SAMPLE[  362] lifetime[156 weeks], average[150.67]
[Tue Dec  2 11:00:34 2025] >> SAMPLE[  363] lifetime[107 weeks], average[150.55]
[Tue Dec  2 11:00:34 2025] >> SAMPLE[  364] lifetime[129 weeks], average[150.49]
[Tue Dec  2 11:00:35 2025] >> SAMPLE[  365] lifetime[140 weeks], average[150.46]
[Tue Dec  2 11:00:35 2025] >> SAMPLE[  366] lifetime[151 weeks], average[150.46]
[Tue Dec  2 11:00:36 2025] >> SAMPLE[  367] lifetime[162 weeks], average[150.49]
[Tue Dec  2 11:00:37 2025] >> SAMPLE[  368] lifetime[207 weeks], average[150.64]
[Tue Dec  2 11:00:38 2025] >> SAMPLE[  369] lifetime[157 weeks], average[150.66]
[Tue Dec  2 11:00:39 2025] >> SAMPLE[  370] lifetime[148 weeks], average[150.65]
[Tue Dec  2 11:00:40 2025] >> SAMPLE[  371] lifetime[153 weeks], average[150.66]
[Tue Dec  2 11:00:40 2025] >> SAMPLE[  372] lifetime[159 weeks], average[150.68]
[Tue Dec  2 11:00:41 2025] >> SAMPLE[  373] lifetime[176 weeks], average[150.75]
[Tue Dec  2 11:00:42 2025] >> SAMPLE[  374] lifetime[176 weeks], average[150.82]
[Tue Dec  2 11:00:43 2025] >> SAMPLE[  375] lifetime[138 weeks], average[150.78]
[Tue Dec  2 11:00:43 2025] >> SAMPLE[  376] lifetime[156 weeks], average[150.80]
[Tue Dec  2 11:00:44 2025] >> SAMPLE[  377] lifetime[144 weeks], average[150.78]
[Tue Dec  2 11:00:44 2025] >> SAMPLE[  378] lifetime[ 99 weeks], average[150.64]
[Tue Dec  2 11:00:45 2025] >> SAMPLE[  379] lifetime[175 weeks], average[150.71]
[Tue Dec  2 11:00:46 2025] >> SAMPLE[  380] lifetime[137 weeks], average[150.67]
[Tue Dec  2 11:00:46 2025] >> SAMPLE[  381] lifetime[139 weeks], average[150.64]
[Tue Dec  2 11:00:47 2025] >> SAMPLE[  382] lifetime[166 weeks], average[150.68]
[Tue Dec  2 11:00:48 2025] >> SAMPLE[  383] lifetime[ 96 weeks], average[150.54]
[Tue Dec  2 11:00:48 2025] >> SAMPLE[  384] lifetime[130 weeks], average[150.49]
[Tue Dec  2 11:00:49 2025] >> SAMPLE[  385] lifetime[171 weeks], average[150.54]
[Tue Dec  2 11:00:50 2025] >> SAMPLE[  386] lifetime[194 weeks], average[150.65]
[Tue Dec  2 11:00:51 2025] >> SAMPLE[  387] lifetime[141 weeks], average[150.63]
[Tue Dec  2 11:00:51 2025] >> SAMPLE[  388] lifetime[143 weeks], average[150.61]
[Tue Dec  2 11:00:52 2025] >> SAMPLE[  389] lifetime[116 weeks], average[150.52]
[Tue Dec  2 11:00:53 2025] >> SAMPLE[  390] lifetime[210 weeks], average[150.67]
[Tue Dec  2 11:00:54 2025] >> SAMPLE[  391] lifetime[147 weeks], average[150.66]
[Tue Dec  2 11:00:54 2025] >> SAMPLE[  392] lifetime[138 weeks], average[150.63]
[Tue Dec  2 11:00:55 2025] >> SAMPLE[  393] lifetime[ 96 weeks], average[150.49]
[Tue Dec  2 11:00:56 2025] >> SAMPLE[  394] lifetime[187 weeks], average[150.58]
[Tue Dec  2 11:00:56 2025] >> SAMPLE[  395] lifetime[171 weeks], average[150.63]
[Tue Dec  2 11:00:57 2025] >> SAMPLE[  396] lifetime[160 weeks], average[150.66]
[Tue Dec  2 11:00:58 2025] >> SAMPLE[  397] lifetime[120 weeks], average[150.58]
[Tue Dec  2 11:00:59 2025] >> SAMPLE[  398] lifetime[159 weeks], average[150.60]
[Tue Dec  2 11:00:59 2025] >> SAMPLE[  399] lifetime[161 weeks], average[150.63]
[Tue Dec  2 11:01:02 2025] >> Generating new alpha
[Tue Dec  2 11:01:03 2025] >> SAMPLE[  400] lifetime[208 weeks], average[150.77]
[Tue Dec  2 11:01:04 2025] >> SAMPLE[  401] lifetime[150 weeks], average[150.77]
[Tue Dec  2 11:01:05 2025] >> SAMPLE[  402] lifetime[186 weeks], average[150.86]
[Tue Dec  2 11:01:06 2025] >> SAMPLE[  403] lifetime[172 weeks], average[150.91]
[Tue Dec  2 11:01:06 2025] >> SAMPLE[  404] lifetime[132 weeks], average[150.86]
[Tue Dec  2 11:01:07 2025] >> SAMPLE[  405] lifetime[132 weeks], average[150.82]
[Tue Dec  2 11:01:07 2025] >> SAMPLE[  406] lifetime[126 weeks], average[150.75]
[Tue Dec  2 11:01:08 2025] >> SAMPLE[  407] lifetime[143 weeks], average[150.74]
[Tue Dec  2 11:01:09 2025] >> SAMPLE[  408] lifetime[146 weeks], average[150.72]
[Tue Dec  2 11:01:10 2025] >> SAMPLE[  409] lifetime[138 weeks], average[150.69]
[Tue Dec  2 11:01:11 2025] >> SAMPLE[  410] lifetime[199 weeks], average[150.81]
[Tue Dec  2 11:01:11 2025] >> SAMPLE[  411] lifetime[188 weeks], average[150.90]
[Tue Dec  2 11:01:12 2025] >> SAMPLE[  412] lifetime[143 weeks], average[150.88]
[Tue Dec  2 11:01:13 2025] >> SAMPLE[  413] lifetime[159 weeks], average[150.90]
[Tue Dec  2 11:01:14 2025] >> SAMPLE[  414] lifetime[176 weeks], average[150.96]
[Tue Dec  2 11:01:14 2025] >> SAMPLE[  415] lifetime[152 weeks], average[150.96]
[Tue Dec  2 11:01:15 2025] >> SAMPLE[  416] lifetime[175 weeks], average[151.02]
[Tue Dec  2 11:01:16 2025] >> SAMPLE[  417] lifetime[128 weeks], average[150.97]
[Tue Dec  2 11:01:16 2025] >> SAMPLE[  418] lifetime[117 weeks], average[150.89]
[Tue Dec  2 11:01:17 2025] >> SAMPLE[  419] lifetime[118 weeks], average[150.81]
[Tue Dec  2 11:01:17 2025] >> SAMPLE[  420] lifetime[114 weeks], average[150.72]
[Tue Dec  2 11:01:18 2025] >> SAMPLE[  421] lifetime[116 weeks], average[150.64]
[Tue Dec  2 11:01:19 2025] >> SAMPLE[  422] lifetime[208 weeks], average[150.77]
[Tue Dec  2 11:01:20 2025] >> SAMPLE[  423] lifetime[162 weeks], average[150.80]
[Tue Dec  2 11:01:20 2025] >> SAMPLE[  424] lifetime[125 weeks], average[150.74]
[Tue Dec  2 11:01:21 2025] >> SAMPLE[  425] lifetime[170 weeks], average[150.78]
[Tue Dec  2 11:01:22 2025] >> SAMPLE[  426] lifetime[161 weeks], average[150.81]
[Tue Dec  2 11:01:23 2025] >> SAMPLE[  427] lifetime[179 weeks], average[150.87]
[Tue Dec  2 11:01:23 2025] >> SAMPLE[  428] lifetime[166 weeks], average[150.91]
[Tue Dec  2 11:01:24 2025] >> SAMPLE[  429] lifetime[118 weeks], average[150.83]
[Tue Dec  2 11:01:25 2025] >> SAMPLE[  430] lifetime[121 weeks], average[150.76]
[Tue Dec  2 11:01:25 2025] >> SAMPLE[  431] lifetime[140 weeks], average[150.74]
[Tue Dec  2 11:01:26 2025] >> SAMPLE[  432] lifetime[124 weeks], average[150.68]
[Tue Dec  2 11:01:27 2025] >> SAMPLE[  433] lifetime[145 weeks], average[150.66]
[Tue Dec  2 11:01:27 2025] >> SAMPLE[  434] lifetime[163 weeks], average[150.69]
[Tue Dec  2 11:01:28 2025] >> SAMPLE[  435] lifetime[130 weeks], average[150.64]
[Tue Dec  2 11:01:29 2025] >> SAMPLE[  436] lifetime[139 weeks], average[150.62]
[Tue Dec  2 11:01:29 2025] >> SAMPLE[  437] lifetime[109 weeks], average[150.52]
[Tue Dec  2 11:01:30 2025] >> SAMPLE[  438] lifetime[174 weeks], average[150.58]
[Tue Dec  2 11:01:31 2025] >> SAMPLE[  439] lifetime[177 weeks], average[150.64]
[Tue Dec  2 11:01:32 2025] >> SAMPLE[  440] lifetime[143 weeks], average[150.62]
[Tue Dec  2 11:01:32 2025] >> SAMPLE[  441] lifetime[126 weeks], average[150.56]
[Tue Dec  2 11:01:33 2025] >> SAMPLE[  442] lifetime[126 weeks], average[150.51]
[Tue Dec  2 11:01:33 2025] >> SAMPLE[  443] lifetime[111 weeks], average[150.42]
[Tue Dec  2 11:01:34 2025] >> SAMPLE[  444] lifetime[131 weeks], average[150.38]
[Tue Dec  2 11:01:35 2025] >> SAMPLE[  445] lifetime[152 weeks], average[150.38]
[Tue Dec  2 11:01:35 2025] >> SAMPLE[  446] lifetime[128 weeks], average[150.33]
[Tue Dec  2 11:01:36 2025] >> SAMPLE[  447] lifetime[169 weeks], average[150.37]
[Tue Dec  2 11:01:37 2025] >> SAMPLE[  448] lifetime[114 weeks], average[150.29]
[Tue Dec  2 11:01:37 2025] >> SAMPLE[  449] lifetime[137 weeks], average[150.26]
[Tue Dec  2 11:01:38 2025] >> SAMPLE[  450] lifetime[133 weeks], average[150.22]
[Tue Dec  2 11:01:38 2025] >> SAMPLE[  451] lifetime[131 weeks], average[150.18]
[Tue Dec  2 11:01:39 2025] >> SAMPLE[  452] lifetime[167 weeks], average[150.22]
[Tue Dec  2 11:01:40 2025] >> SAMPLE[  453] lifetime[132 weeks], average[150.18]
[Tue Dec  2 11:01:40 2025] >> SAMPLE[  454] lifetime[155 weeks], average[150.19]
[Tue Dec  2 11:01:41 2025] >> SAMPLE[  455] lifetime[190 weeks], average[150.27]
[Tue Dec  2 11:01:42 2025] >> SAMPLE[  456] lifetime[170 weeks], average[150.32]
[Tue Dec  2 11:01:43 2025] >> SAMPLE[  457] lifetime[166 weeks], average[150.35]
[Tue Dec  2 11:01:44 2025] >> SAMPLE[  458] lifetime[116 weeks], average[150.28]
[Tue Dec  2 11:01:44 2025] >> SAMPLE[  459] lifetime[173 weeks], average[150.33]
[Tue Dec  2 11:01:45 2025] >> SAMPLE[  460] lifetime[196 weeks], average[150.43]
[Tue Dec  2 11:01:46 2025] >> SAMPLE[  461] lifetime[143 weeks], average[150.41]
[Tue Dec  2 11:01:47 2025] >> SAMPLE[  462] lifetime[130 weeks], average[150.37]
[Tue Dec  2 11:01:47 2025] >> SAMPLE[  463] lifetime[144 weeks], average[150.35]
[Tue Dec  2 11:01:48 2025] >> SAMPLE[  464] lifetime[146 weeks], average[150.34]
[Tue Dec  2 11:01:48 2025] >> SAMPLE[  465] lifetime[136 weeks], average[150.31]
[Tue Dec  2 11:01:49 2025] >> SAMPLE[  466] lifetime[182 weeks], average[150.38]
[Tue Dec  2 11:01:50 2025] >> SAMPLE[  467] lifetime[113 weeks], average[150.30]
[Tue Dec  2 11:01:50 2025] >> SAMPLE[  468] lifetime[120 weeks], average[150.23]
[Tue Dec  2 11:01:51 2025] >> SAMPLE[  469] lifetime[144 weeks], average[150.22]
[Tue Dec  2 11:01:52 2025] >> SAMPLE[  470] lifetime[151 weeks], average[150.22]
[Tue Dec  2 11:01:52 2025] >> SAMPLE[  471] lifetime[160 weeks], average[150.24]
[Tue Dec  2 11:01:53 2025] >> SAMPLE[  472] lifetime[178 weeks], average[150.30]
[Tue Dec  2 11:01:54 2025] >> SAMPLE[  473] lifetime[178 weeks], average[150.36]
[Tue Dec  2 11:01:55 2025] >> SAMPLE[  474] lifetime[139 weeks], average[150.34]
[Tue Dec  2 11:01:55 2025] >> SAMPLE[  475] lifetime[119 weeks], average[150.27]
[Tue Dec  2 11:01:56 2025] >> SAMPLE[  476] lifetime[161 weeks], average[150.29]
[Tue Dec  2 11:01:57 2025] >> SAMPLE[  477] lifetime[107 weeks], average[150.20]
[Tue Dec  2 11:01:58 2025] >> SAMPLE[  478] lifetime[168 weeks], average[150.24]
[Tue Dec  2 11:01:58 2025] >> SAMPLE[  479] lifetime[161 weeks], average[150.26]
[Tue Dec  2 11:01:59 2025] >> SAMPLE[  480] lifetime[136 weeks], average[150.23]
[Tue Dec  2 11:02:00 2025] >> SAMPLE[  481] lifetime[161 weeks], average[150.26]
[Tue Dec  2 11:02:01 2025] >> SAMPLE[  482] lifetime[153 weeks], average[150.26]
[Tue Dec  2 11:02:01 2025] >> SAMPLE[  483] lifetime[104 weeks], average[150.17]
[Tue Dec  2 11:02:02 2025] >> SAMPLE[  484] lifetime[162 weeks], average[150.19]
[Tue Dec  2 11:02:03 2025] >> SAMPLE[  485] lifetime[175 weeks], average[150.24]
[Tue Dec  2 11:02:03 2025] >> SAMPLE[  486] lifetime[134 weeks], average[150.21]
[Tue Dec  2 11:02:04 2025] >> SAMPLE[  487] lifetime[ 96 weeks], average[150.10]
[Tue Dec  2 11:02:04 2025] >> SAMPLE[  488] lifetime[110 weeks], average[150.01]
[Tue Dec  2 11:02:05 2025] >> SAMPLE[  489] lifetime[125 weeks], average[149.96]
[Tue Dec  2 11:02:06 2025] >> SAMPLE[  490] lifetime[167 weeks], average[150.00]
[Tue Dec  2 11:02:06 2025] >> SAMPLE[  491] lifetime[144 weeks], average[149.99]
[Tue Dec  2 11:02:07 2025] >> SAMPLE[  492] lifetime[121 weeks], average[149.93]
[Tue Dec  2 11:02:07 2025] >> SAMPLE[  493] lifetime[125 weeks], average[149.88]
[Tue Dec  2 11:02:08 2025] >> SAMPLE[  494] lifetime[152 weeks], average[149.88]
[Tue Dec  2 11:02:09 2025] >> SAMPLE[  495] lifetime[147 weeks], average[149.88]
[Tue Dec  2 11:02:09 2025] >> SAMPLE[  496] lifetime[130 weeks], average[149.84]
[Tue Dec  2 11:02:10 2025] >> SAMPLE[  497] lifetime[135 weeks], average[149.81]
[Tue Dec  2 11:02:11 2025] >> SAMPLE[  498] lifetime[143 weeks], average[149.79]
[Tue Dec  2 11:02:11 2025] >> SAMPLE[  499] lifetime[157 weeks], average[149.81]
[Tue Dec  2 11:02:14 2025] >> Generating new alpha
[Tue Dec  2 11:02:15 2025] >> SAMPLE[  500] lifetime[154 weeks], average[149.81]
[Tue Dec  2 11:02:15 2025] >> SAMPLE[  501] lifetime[129 weeks], average[149.77]
[Tue Dec  2 11:02:16 2025] >> SAMPLE[  502] lifetime[129 weeks], average[149.73]
[Tue Dec  2 11:02:16 2025] >> SAMPLE[  503] lifetime[149 weeks], average[149.73]
[Tue Dec  2 11:02:17 2025] >> SAMPLE[  504] lifetime[157 weeks], average[149.74]
[Tue Dec  2 11:02:18 2025] >> SAMPLE[  505] lifetime[147 weeks], average[149.74]
[Tue Dec  2 11:02:19 2025] >> SAMPLE[  506] lifetime[175 weeks], average[149.79]
[Tue Dec  2 11:02:19 2025] >> SAMPLE[  507] lifetime[138 weeks], average[149.77]
[Tue Dec  2 11:02:20 2025] >> SAMPLE[  508] lifetime[172 weeks], average[149.81]
[Tue Dec  2 11:02:21 2025] >> SAMPLE[  509] lifetime[191 weeks], average[149.89]
[Tue Dec  2 11:02:22 2025] >> SAMPLE[  510] lifetime[162 weeks], average[149.91]
[Tue Dec  2 11:02:23 2025] >> SAMPLE[  511] lifetime[133 weeks], average[149.88]
[Tue Dec  2 11:02:23 2025] >> SAMPLE[  512] lifetime[164 weeks], average[149.91]
[Tue Dec  2 11:02:24 2025] >> SAMPLE[  513] lifetime[153 weeks], average[149.91]
[Tue Dec  2 11:02:25 2025] >> SAMPLE[  514] lifetime[158 weeks], average[149.93]
[Tue Dec  2 11:02:26 2025] >> SAMPLE[  515] lifetime[144 weeks], average[149.92]
[Tue Dec  2 11:02:26 2025] >> SAMPLE[  516] lifetime[192 weeks], average[150.00]
[Tue Dec  2 11:02:27 2025] >> SAMPLE[  517] lifetime[141 weeks], average[149.98]
[Tue Dec  2 11:02:28 2025] >> SAMPLE[  518] lifetime[168 weeks], average[150.02]
[Tue Dec  2 11:02:29 2025] >> SAMPLE[  519] lifetime[123 weeks], average[149.97]
[Tue Dec  2 11:02:29 2025] >> SAMPLE[  520] lifetime[112 weeks], average[149.89]
[Tue Dec  2 11:02:30 2025] >> SAMPLE[  521] lifetime[169 weeks], average[149.93]
[Tue Dec  2 11:02:31 2025] >> SAMPLE[  522] lifetime[170 weeks], average[149.97]
[Tue Dec  2 11:02:31 2025] >> SAMPLE[  523] lifetime[135 weeks], average[149.94]
[Tue Dec  2 11:02:32 2025] >> SAMPLE[  524] lifetime[166 weeks], average[149.97]
[Tue Dec  2 11:02:33 2025] >> SAMPLE[  525] lifetime[156 weeks], average[149.98]
[Tue Dec  2 11:02:34 2025] >> SAMPLE[  526] lifetime[170 weeks], average[150.02]
[Tue Dec  2 11:02:34 2025] >> SAMPLE[  527] lifetime[164 weeks], average[150.05]
[Tue Dec  2 11:02:35 2025] >> SAMPLE[  528] lifetime[143 weeks], average[150.03]
[Tue Dec  2 11:02:36 2025] >> SAMPLE[  529] lifetime[145 weeks], average[150.02]
[Tue Dec  2 11:02:36 2025] >> SAMPLE[  530] lifetime[105 weeks], average[149.94]
[Tue Dec  2 11:02:37 2025] >> SAMPLE[  531] lifetime[108 weeks], average[149.86]
[Tue Dec  2 11:02:37 2025] >> SAMPLE[  532] lifetime[112 weeks], average[149.79]
[Tue Dec  2 11:02:38 2025] >> SAMPLE[  533] lifetime[194 weeks], average[149.87]
[Tue Dec  2 11:02:39 2025] >> SAMPLE[  534] lifetime[207 weeks], average[149.98]
[Tue Dec  2 11:02:40 2025] >> SAMPLE[  535] lifetime[147 weeks], average[149.97]
[Tue Dec  2 11:02:40 2025] >> SAMPLE[  536] lifetime[144 weeks], average[149.96]
[Tue Dec  2 11:02:41 2025] >> SAMPLE[  537] lifetime[107 weeks], average[149.88]
[Tue Dec  2 11:02:42 2025] >> SAMPLE[  538] lifetime[180 weeks], average[149.94]
[Tue Dec  2 11:02:43 2025] >> SAMPLE[  539] lifetime[163 weeks], average[149.96]
[Tue Dec  2 11:02:43 2025] >> SAMPLE[  540] lifetime[187 weeks], average[150.03]
[Tue Dec  2 11:02:44 2025] >> SAMPLE[  541] lifetime[120 weeks], average[149.97]
[Tue Dec  2 11:02:44 2025] >> SAMPLE[  542] lifetime[ 79 weeks], average[149.84]
[Tue Dec  2 11:02:45 2025] >> SAMPLE[  543] lifetime[135 weeks], average[149.82]
[Tue Dec  2 11:02:46 2025] >> SAMPLE[  544] lifetime[164 weeks], average[149.84]
[Tue Dec  2 11:02:46 2025] >> SAMPLE[  545] lifetime[177 weeks], average[149.89]
[Tue Dec  2 11:02:47 2025] >> SAMPLE[  546] lifetime[ 90 weeks], average[149.78]
[Tue Dec  2 11:02:48 2025] >> SAMPLE[  547] lifetime[168 weeks], average[149.82]
[Tue Dec  2 11:02:48 2025] >> SAMPLE[  548] lifetime[ 97 weeks], average[149.72]
[Tue Dec  2 11:02:49 2025] >> SAMPLE[  549] lifetime[138 weeks], average[149.70]
[Tue Dec  2 11:02:49 2025] >> SAMPLE[  550] lifetime[145 weeks], average[149.69]
[Tue Dec  2 11:02:50 2025] >> SAMPLE[  551] lifetime[133 weeks], average[149.66]
[Tue Dec  2 11:02:50 2025] >> SAMPLE[  552] lifetime[121 weeks], average[149.61]
[Tue Dec  2 11:02:51 2025] >> SAMPLE[  553] lifetime[149 weeks], average[149.61]
[Tue Dec  2 11:02:52 2025] >> SAMPLE[  554] lifetime[148 weeks], average[149.60]
[Tue Dec  2 11:02:53 2025] >> SAMPLE[  555] lifetime[145 weeks], average[149.60]
[Tue Dec  2 11:02:54 2025] >> SAMPLE[  556] lifetime[203 weeks], average[149.69]
[Tue Dec  2 11:02:54 2025] >> SAMPLE[  557] lifetime[128 weeks], average[149.65]
[Tue Dec  2 11:02:55 2025] >> SAMPLE[  558] lifetime[186 weeks], average[149.72]
[Tue Dec  2 11:02:56 2025] >> SAMPLE[  559] lifetime[147 weeks], average[149.71]
[Tue Dec  2 11:02:56 2025] >> SAMPLE[  560] lifetime[139 weeks], average[149.69]
[Tue Dec  2 11:02:57 2025] >> SAMPLE[  561] lifetime[164 weeks], average[149.72]
[Tue Dec  2 11:02:58 2025] >> SAMPLE[  562] lifetime[103 weeks], average[149.64]
[Tue Dec  2 11:02:58 2025] >> SAMPLE[  563] lifetime[121 weeks], average[149.59]
[Tue Dec  2 11:02:59 2025] >> SAMPLE[  564] lifetime[149 weeks], average[149.58]
[Tue Dec  2 11:03:00 2025] >> SAMPLE[  565] lifetime[180 weeks], average[149.64]
[Tue Dec  2 11:03:00 2025] >> SAMPLE[  566] lifetime[158 weeks], average[149.65]
[Tue Dec  2 11:03:01 2025] >> SAMPLE[  567] lifetime[140 weeks], average[149.64]
[Tue Dec  2 11:03:02 2025] >> SAMPLE[  568] lifetime[140 weeks], average[149.62]
[Tue Dec  2 11:03:03 2025] >> SAMPLE[  569] lifetime[189 weeks], average[149.69]
[Tue Dec  2 11:03:03 2025] >> SAMPLE[  570] lifetime[130 weeks], average[149.65]
[Tue Dec  2 11:03:04 2025] >> SAMPLE[  571] lifetime[120 weeks], average[149.60]
[Tue Dec  2 11:03:04 2025] >> SAMPLE[  572] lifetime[158 weeks], average[149.62]
[Tue Dec  2 11:03:05 2025] >> SAMPLE[  573] lifetime[109 weeks], average[149.55]
[Tue Dec  2 11:03:05 2025] >> SAMPLE[  574] lifetime[108 weeks], average[149.47]
[Tue Dec  2 11:03:06 2025] >> SAMPLE[  575] lifetime[188 weeks], average[149.54]
[Tue Dec  2 11:03:07 2025] >> SAMPLE[  576] lifetime[146 weeks], average[149.53]
[Tue Dec  2 11:03:08 2025] >> SAMPLE[  577] lifetime[150 weeks], average[149.53]
[Tue Dec  2 11:03:08 2025] >> SAMPLE[  578] lifetime[106 weeks], average[149.46]
[Tue Dec  2 11:03:09 2025] >> SAMPLE[  579] lifetime[135 weeks], average[149.43]
[Tue Dec  2 11:03:10 2025] >> SAMPLE[  580] lifetime[166 weeks], average[149.46]
[Tue Dec  2 11:03:10 2025] >> SAMPLE[  581] lifetime[155 weeks], average[149.47]
[Tue Dec  2 11:03:11 2025] >> SAMPLE[  582] lifetime[164 weeks], average[149.50]
[Tue Dec  2 11:03:12 2025] >> SAMPLE[  583] lifetime[160 weeks], average[149.52]
[Tue Dec  2 11:03:12 2025] >> SAMPLE[  584] lifetime[141 weeks], average[149.50]
[Tue Dec  2 11:03:13 2025] >> SAMPLE[  585] lifetime[170 weeks], average[149.54]
[Tue Dec  2 11:03:14 2025] >> SAMPLE[  586] lifetime[153 weeks], average[149.54]
[Tue Dec  2 11:03:15 2025] >> SAMPLE[  587] lifetime[166 weeks], average[149.57]
[Tue Dec  2 11:03:15 2025] >> SAMPLE[  588] lifetime[140 weeks], average[149.55]
[Tue Dec  2 11:03:16 2025] >> SAMPLE[  589] lifetime[184 weeks], average[149.61]
[Tue Dec  2 11:03:17 2025] >> SAMPLE[  590] lifetime[161 weeks], average[149.63]
[Tue Dec  2 11:03:18 2025] >> SAMPLE[  591] lifetime[143 weeks], average[149.62]
[Tue Dec  2 11:03:18 2025] >> SAMPLE[  592] lifetime[154 weeks], average[149.63]
[Tue Dec  2 11:03:19 2025] >> SAMPLE[  593] lifetime[147 weeks], average[149.62]
[Tue Dec  2 11:03:20 2025] >> SAMPLE[  594] lifetime[199 weeks], average[149.71]
[Tue Dec  2 11:03:21 2025] >> SAMPLE[  595] lifetime[152 weeks], average[149.71]
[Tue Dec  2 11:03:21 2025] >> SAMPLE[  596] lifetime[ 96 weeks], average[149.62]
[Tue Dec  2 11:03:22 2025] >> SAMPLE[  597] lifetime[190 weeks], average[149.69]
[Tue Dec  2 11:03:23 2025] >> SAMPLE[  598] lifetime[137 weeks], average[149.67]
[Tue Dec  2 11:03:24 2025] >> SAMPLE[  599] lifetime[170 weeks], average[149.70]
[Tue Dec  2 11:03:26 2025] >> Generating new alpha
[Tue Dec  2 11:03:27 2025] >> SAMPLE[  600] lifetime[135 weeks], average[149.68]
[Tue Dec  2 11:03:28 2025] >> SAMPLE[  601] lifetime[190 weeks], average[149.74]
[Tue Dec  2 11:03:28 2025] >> SAMPLE[  602] lifetime[117 weeks], average[149.69]
[Tue Dec  2 11:03:29 2025] >> SAMPLE[  603] lifetime[134 weeks], average[149.66]
[Tue Dec  2 11:03:29 2025] >> SAMPLE[  604] lifetime[136 weeks], average[149.64]
[Tue Dec  2 11:03:30 2025] >> SAMPLE[  605] lifetime[122 weeks], average[149.59]
[Tue Dec  2 11:03:31 2025] >> SAMPLE[  606] lifetime[166 weeks], average[149.62]
[Tue Dec  2 11:03:31 2025] >> SAMPLE[  607] lifetime[120 weeks], average[149.57]
[Tue Dec  2 11:03:32 2025] >> SAMPLE[  608] lifetime[138 weeks], average[149.55]
[Tue Dec  2 11:03:33 2025] >> SAMPLE[  609] lifetime[152 weeks], average[149.56]
[Tue Dec  2 11:03:33 2025] >> SAMPLE[  610] lifetime[134 weeks], average[149.53]
[Tue Dec  2 11:03:34 2025] >> SAMPLE[  611] lifetime[117 weeks], average[149.48]
[Tue Dec  2 11:03:34 2025] >> SAMPLE[  612] lifetime[138 weeks], average[149.46]
[Tue Dec  2 11:03:35 2025] >> SAMPLE[  613] lifetime[184 weeks], average[149.52]
[Tue Dec  2 11:03:36 2025] >> SAMPLE[  614] lifetime[133 weeks], average[149.49]
[Tue Dec  2 11:03:37 2025] >> SAMPLE[  615] lifetime[175 weeks], average[149.53]
[Tue Dec  2 11:03:37 2025] >> SAMPLE[  616] lifetime[135 weeks], average[149.51]
[Tue Dec  2 11:03:38 2025] >> SAMPLE[  617] lifetime[137 weeks], average[149.49]
[Tue Dec  2 11:03:39 2025] >> SAMPLE[  618] lifetime[177 weeks], average[149.53]
[Tue Dec  2 11:03:40 2025] >> SAMPLE[  619] lifetime[155 weeks], average[149.54]
[Tue Dec  2 11:03:40 2025] >> SAMPLE[  620] lifetime[147 weeks], average[149.54]
[Tue Dec  2 11:03:41 2025] >> SAMPLE[  621] lifetime[117 weeks], average[149.48]
[Tue Dec  2 11:03:42 2025] >> SAMPLE[  622] lifetime[204 weeks], average[149.57]
[Tue Dec  2 11:03:42 2025] >> SAMPLE[  623] lifetime[110 weeks], average[149.51]
[Tue Dec  2 11:03:43 2025] >> SAMPLE[  624] lifetime[186 weeks], average[149.57]
[Tue Dec  2 11:03:44 2025] >> SAMPLE[  625] lifetime[102 weeks], average[149.49]
[Tue Dec  2 11:03:44 2025] >> SAMPLE[  626] lifetime[142 weeks], average[149.48]
[Tue Dec  2 11:03:45 2025] >> SAMPLE[  627] lifetime[178 weeks], average[149.52]
[Tue Dec  2 11:03:46 2025] >> SAMPLE[  628] lifetime[128 weeks], average[149.49]
[Tue Dec  2 11:03:47 2025] >> SAMPLE[  629] lifetime[193 weeks], average[149.56]
[Tue Dec  2 11:03:47 2025] >> SAMPLE[  630] lifetime[136 weeks], average[149.54]
[Tue Dec  2 11:03:48 2025] >> SAMPLE[  631] lifetime[159 weeks], average[149.55]
[Tue Dec  2 11:03:48 2025] >> SAMPLE[  632] lifetime[113 weeks], average[149.49]
[Tue Dec  2 11:03:49 2025] >> SAMPLE[  633] lifetime[112 weeks], average[149.44]
[Tue Dec  2 11:03:49 2025] >> SAMPLE[  634] lifetime[116 weeks], average[149.38]
[Tue Dec  2 11:03:50 2025] >> SAMPLE[  635] lifetime[145 weeks], average[149.38]
[Tue Dec  2 11:03:51 2025] >> SAMPLE[  636] lifetime[159 weeks], average[149.39]
[Tue Dec  2 11:03:52 2025] >> SAMPLE[  637] lifetime[167 weeks], average[149.42]
[Tue Dec  2 11:03:52 2025] >> SAMPLE[  638] lifetime[184 weeks], average[149.47]
[Tue Dec  2 11:03:53 2025] >> SAMPLE[  639] lifetime[132 weeks], average[149.45]
[Tue Dec  2 11:03:54 2025] >> SAMPLE[  640] lifetime[159 weeks], average[149.46]
[Tue Dec  2 11:03:54 2025] >> SAMPLE[  641] lifetime[145 weeks], average[149.45]
[Tue Dec  2 11:03:55 2025] >> SAMPLE[  642] lifetime[179 weeks], average[149.50]
[Tue Dec  2 11:03:56 2025] >> SAMPLE[  643] lifetime[103 weeks], average[149.43]
[Tue Dec  2 11:03:56 2025] >> SAMPLE[  644] lifetime[138 weeks], average[149.41]
[Tue Dec  2 11:03:57 2025] >> SAMPLE[  645] lifetime[184 weeks], average[149.46]
[Tue Dec  2 11:03:58 2025] >> SAMPLE[  646] lifetime[130 weeks], average[149.43]
[Tue Dec  2 11:03:59 2025] >> SAMPLE[  647] lifetime[143 weeks], average[149.42]
[Tue Dec  2 11:03:59 2025] >> SAMPLE[  648] lifetime[143 weeks], average[149.41]
[Tue Dec  2 11:04:00 2025] >> SAMPLE[  649] lifetime[139 weeks], average[149.40]
[Tue Dec  2 11:04:01 2025] >> SAMPLE[  650] lifetime[179 weeks], average[149.44]
[Tue Dec  2 11:04:01 2025] >> SAMPLE[  651] lifetime[161 weeks], average[149.46]
[Tue Dec  2 11:04:02 2025] >> SAMPLE[  652] lifetime[138 weeks], average[149.44]
[Tue Dec  2 11:04:03 2025] >> SAMPLE[  653] lifetime[155 weeks], average[149.45]
[Tue Dec  2 11:04:03 2025] >> SAMPLE[  654] lifetime[140 weeks], average[149.44]
[Tue Dec  2 11:04:04 2025] >> SAMPLE[  655] lifetime[193 weeks], average[149.50]
[Tue Dec  2 11:04:05 2025] >> SAMPLE[  656] lifetime[178 weeks], average[149.55]
[Tue Dec  2 11:04:06 2025] >> SAMPLE[  657] lifetime[148 weeks], average[149.54]
[Tue Dec  2 11:04:07 2025] >> SAMPLE[  658] lifetime[154 weeks], average[149.55]
[Tue Dec  2 11:04:07 2025] >> SAMPLE[  659] lifetime[119 weeks], average[149.50]
[Tue Dec  2 11:04:08 2025] >> SAMPLE[  660] lifetime[147 weeks], average[149.50]
[Tue Dec  2 11:04:09 2025] >> SAMPLE[  661] lifetime[183 weeks], average[149.55]
[Tue Dec  2 11:04:09 2025] >> SAMPLE[  662] lifetime[157 weeks], average[149.56]
[Tue Dec  2 11:04:10 2025] >> SAMPLE[  663] lifetime[171 weeks], average[149.59]
[Tue Dec  2 11:04:11 2025] >> SAMPLE[  664] lifetime[143 weeks], average[149.58]
[Tue Dec  2 11:04:12 2025] >> SAMPLE[  665] lifetime[171 weeks], average[149.62]
[Tue Dec  2 11:04:12 2025] >> SAMPLE[  666] lifetime[160 weeks], average[149.63]
[Tue Dec  2 11:04:13 2025] >> SAMPLE[  667] lifetime[151 weeks], average[149.63]
[Tue Dec  2 11:04:14 2025] >> SAMPLE[  668] lifetime[165 weeks], average[149.66]
[Tue Dec  2 11:04:15 2025] >> SAMPLE[  669] lifetime[143 weeks], average[149.65]
[Tue Dec  2 11:04:15 2025] >> SAMPLE[  670] lifetime[123 weeks], average[149.61]
[Tue Dec  2 11:04:16 2025] >> SAMPLE[  671] lifetime[141 weeks], average[149.60]
[Tue Dec  2 11:04:16 2025] >> SAMPLE[  672] lifetime[134 weeks], average[149.57]
[Tue Dec  2 11:04:17 2025] >> SAMPLE[  673] lifetime[130 weeks], average[149.54]
[Tue Dec  2 11:04:18 2025] >> SAMPLE[  674] lifetime[147 weeks], average[149.54]
[Tue Dec  2 11:04:18 2025] >> SAMPLE[  675] lifetime[116 weeks], average[149.49]
[Tue Dec  2 11:04:19 2025] >> SAMPLE[  676] lifetime[135 weeks], average[149.47]
[Tue Dec  2 11:04:20 2025] >> SAMPLE[  677] lifetime[167 weeks], average[149.49]
[Tue Dec  2 11:04:20 2025] >> SAMPLE[  678] lifetime[159 weeks], average[149.51]
[Tue Dec  2 11:04:21 2025] >> SAMPLE[  679] lifetime[133 weeks], average[149.48]
[Tue Dec  2 11:04:21 2025] >> SAMPLE[  680] lifetime[118 weeks], average[149.44]
[Tue Dec  2 11:04:22 2025] >> SAMPLE[  681] lifetime[173 weeks], average[149.47]
[Tue Dec  2 11:04:23 2025] >> SAMPLE[  682] lifetime[204 weeks], average[149.55]
[Tue Dec  2 11:04:24 2025] >> SAMPLE[  683] lifetime[149 weeks], average[149.55]
[Tue Dec  2 11:04:24 2025] >> SAMPLE[  684] lifetime[119 weeks], average[149.51]
[Tue Dec  2 11:04:25 2025] >> SAMPLE[  685] lifetime[142 weeks], average[149.50]
[Tue Dec  2 11:04:26 2025] >> SAMPLE[  686] lifetime[160 weeks], average[149.51]
[Tue Dec  2 11:04:27 2025] >> SAMPLE[  687] lifetime[182 weeks], average[149.56]
[Tue Dec  2 11:04:28 2025] >> SAMPLE[  688] lifetime[210 weeks], average[149.65]
[Tue Dec  2 11:04:29 2025] >> SAMPLE[  689] lifetime[168 weeks], average[149.67]
[Tue Dec  2 11:04:29 2025] >> SAMPLE[  690] lifetime[153 weeks], average[149.68]
[Tue Dec  2 11:04:30 2025] >> SAMPLE[  691] lifetime[154 weeks], average[149.68]
[Tue Dec  2 11:04:31 2025] >> SAMPLE[  692] lifetime[157 weeks], average[149.69]
[Tue Dec  2 11:04:31 2025] >> SAMPLE[  693] lifetime[157 weeks], average[149.70]
[Tue Dec  2 11:04:32 2025] >> SAMPLE[  694] lifetime[146 weeks], average[149.70]
[Tue Dec  2 11:04:33 2025] >> SAMPLE[  695] lifetime[155 weeks], average[149.71]
[Tue Dec  2 11:04:34 2025] >> SAMPLE[  696] lifetime[144 weeks], average[149.70]
[Tue Dec  2 11:04:34 2025] >> SAMPLE[  697] lifetime[160 weeks], average[149.71]
[Tue Dec  2 11:04:35 2025] >> SAMPLE[  698] lifetime[148 weeks], average[149.71]
[Tue Dec  2 11:04:36 2025] >> SAMPLE[  699] lifetime[120 weeks], average[149.67]
[Tue Dec  2 11:04:38 2025] >> Generating new alpha
[Tue Dec  2 11:04:39 2025] >> SAMPLE[  700] lifetime[181 weeks], average[149.71]
[Tue Dec  2 11:04:40 2025] >> SAMPLE[  701] lifetime[161 weeks], average[149.73]
[Tue Dec  2 11:04:41 2025] >> SAMPLE[  702] lifetime[146 weeks], average[149.72]
[Tue Dec  2 11:04:41 2025] >> SAMPLE[  703] lifetime[140 weeks], average[149.71]
[Tue Dec  2 11:04:42 2025] >> SAMPLE[  704] lifetime[153 weeks], average[149.71]
[Tue Dec  2 11:04:42 2025] >> SAMPLE[  705] lifetime[122 weeks], average[149.68]
[Tue Dec  2 11:04:43 2025] >> SAMPLE[  706] lifetime[108 weeks], average[149.62]
[Tue Dec  2 11:04:44 2025] >> SAMPLE[  707] lifetime[155 weeks], average[149.62]
[Tue Dec  2 11:04:44 2025] >> SAMPLE[  708] lifetime[146 weeks], average[149.62]
[Tue Dec  2 11:04:45 2025] >> SAMPLE[  709] lifetime[171 weeks], average[149.65]
[Tue Dec  2 11:04:46 2025] >> SAMPLE[  710] lifetime[153 weeks], average[149.65]
[Tue Dec  2 11:04:46 2025] >> SAMPLE[  711] lifetime[122 weeks], average[149.62]
[Tue Dec  2 11:04:47 2025] >> SAMPLE[  712] lifetime[166 weeks], average[149.64]
[Tue Dec  2 11:04:48 2025] >> SAMPLE[  713] lifetime[140 weeks], average[149.62]
[Tue Dec  2 11:04:49 2025] >> SAMPLE[  714] lifetime[162 weeks], average[149.64]
[Tue Dec  2 11:04:49 2025] >> SAMPLE[  715] lifetime[136 weeks], average[149.62]
[Tue Dec  2 11:04:50 2025] >> SAMPLE[  716] lifetime[163 weeks], average[149.64]
[Tue Dec  2 11:04:51 2025] >> SAMPLE[  717] lifetime[171 weeks], average[149.67]
[Tue Dec  2 11:04:52 2025] >> SAMPLE[  718] lifetime[184 weeks], average[149.72]
[Tue Dec  2 11:04:52 2025] >> SAMPLE[  719] lifetime[115 weeks], average[149.67]
[Tue Dec  2 11:04:53 2025] >> SAMPLE[  720] lifetime[182 weeks], average[149.72]
[Tue Dec  2 11:04:54 2025] >> SAMPLE[  721] lifetime[153 weeks], average[149.72]
[Tue Dec  2 11:04:54 2025] >> SAMPLE[  722] lifetime[158 weeks], average[149.73]
[Tue Dec  2 11:04:55 2025] >> SAMPLE[  723] lifetime[169 weeks], average[149.76]
[Tue Dec  2 11:04:56 2025] >> SAMPLE[  724] lifetime[ 96 weeks], average[149.68]
[Tue Dec  2 11:04:56 2025] >> SAMPLE[  725] lifetime[146 weeks], average[149.68]
[Tue Dec  2 11:04:57 2025] >> SAMPLE[  726] lifetime[165 weeks], average[149.70]
[Tue Dec  2 11:04:58 2025] >> SAMPLE[  727] lifetime[117 weeks], average[149.66]
[Tue Dec  2 11:04:58 2025] >> SAMPLE[  728] lifetime[130 weeks], average[149.63]
[Tue Dec  2 11:04:59 2025] >> SAMPLE[  729] lifetime[147 weeks], average[149.62]
[Tue Dec  2 11:04:59 2025] >> SAMPLE[  730] lifetime[118 weeks], average[149.58]
[Tue Dec  2 11:05:00 2025] >> SAMPLE[  731] lifetime[139 weeks], average[149.57]
[Tue Dec  2 11:05:01 2025] >> SAMPLE[  732] lifetime[132 weeks], average[149.54]
[Tue Dec  2 11:05:01 2025] >> SAMPLE[  733] lifetime[144 weeks], average[149.54]
[Tue Dec  2 11:05:02 2025] >> SAMPLE[  734] lifetime[128 weeks], average[149.51]
[Tue Dec  2 11:05:02 2025] >> SAMPLE[  735] lifetime[140 weeks], average[149.49]
[Tue Dec  2 11:05:03 2025] >> SAMPLE[  736] lifetime[135 weeks], average[149.47]
[Tue Dec  2 11:05:04 2025] >> SAMPLE[  737] lifetime[155 weeks], average[149.48]
[Tue Dec  2 11:05:04 2025] >> SAMPLE[  738] lifetime[147 weeks], average[149.48]
[Tue Dec  2 11:05:05 2025] >> SAMPLE[  739] lifetime[149 weeks], average[149.48]
[Tue Dec  2 11:05:06 2025] >> SAMPLE[  740] lifetime[157 weeks], average[149.49]
[Tue Dec  2 11:05:06 2025] >> SAMPLE[  741] lifetime[110 weeks], average[149.43]
[Tue Dec  2 11:05:07 2025] >> SAMPLE[  742] lifetime[167 weeks], average[149.46]
[Tue Dec  2 11:05:08 2025] >> SAMPLE[  743] lifetime[151 weeks], average[149.46]
[Tue Dec  2 11:05:08 2025] >> SAMPLE[  744] lifetime[139 weeks], average[149.45]
[Tue Dec  2 11:05:09 2025] >> SAMPLE[  745] lifetime[147 weeks], average[149.44]
[Tue Dec  2 11:05:10 2025] >> SAMPLE[  746] lifetime[151 weeks], average[149.44]
[Tue Dec  2 11:05:10 2025] >> SAMPLE[  747] lifetime[139 weeks], average[149.43]
[Tue Dec  2 11:05:11 2025] >> SAMPLE[  748] lifetime[171 weeks], average[149.46]
[Tue Dec  2 11:05:12 2025] >> SAMPLE[  749] lifetime[159 weeks], average[149.47]
[Tue Dec  2 11:05:13 2025] >> SAMPLE[  750] lifetime[120 weeks], average[149.43]
[Tue Dec  2 11:05:13 2025] >> SAMPLE[  751] lifetime[121 weeks], average[149.39]
[Tue Dec  2 11:05:14 2025] >> SAMPLE[  752] lifetime[150 weeks], average[149.40]
[Tue Dec  2 11:05:15 2025] >> SAMPLE[  753] lifetime[149 weeks], average[149.40]
[Tue Dec  2 11:05:15 2025] >> SAMPLE[  754] lifetime[155 weeks], average[149.40]
[Tue Dec  2 11:05:16 2025] >> SAMPLE[  755] lifetime[160 weeks], average[149.42]
[Tue Dec  2 11:05:17 2025] >> SAMPLE[  756] lifetime[125 weeks], average[149.38]
[Tue Dec  2 11:05:17 2025] >> SAMPLE[  757] lifetime[106 weeks], average[149.33]
[Tue Dec  2 11:05:18 2025] >> SAMPLE[  758] lifetime[153 weeks], average[149.33]
[Tue Dec  2 11:05:19 2025] >> SAMPLE[  759] lifetime[177 weeks], average[149.37]
[Tue Dec  2 11:05:19 2025] >> SAMPLE[  760] lifetime[169 weeks], average[149.39]
[Tue Dec  2 11:05:20 2025] >> SAMPLE[  761] lifetime[174 weeks], average[149.43]
[Tue Dec  2 11:05:21 2025] >> SAMPLE[  762] lifetime[164 weeks], average[149.45]
[Tue Dec  2 11:05:21 2025] >> SAMPLE[  763] lifetime[112 weeks], average[149.40]
[Tue Dec  2 11:05:22 2025] >> SAMPLE[  764] lifetime[179 weeks], average[149.44]
[Tue Dec  2 11:05:23 2025] >> SAMPLE[  765] lifetime[194 weeks], average[149.49]
[Tue Dec  2 11:05:24 2025] >> SAMPLE[  766] lifetime[162 weeks], average[149.51]
[Tue Dec  2 11:05:24 2025] >> SAMPLE[  767] lifetime[107 weeks], average[149.45]
[Tue Dec  2 11:05:25 2025] >> SAMPLE[  768] lifetime[135 weeks], average[149.44]
[Tue Dec  2 11:05:26 2025] >> SAMPLE[  769] lifetime[175 weeks], average[149.47]
[Tue Dec  2 11:05:27 2025] >> SAMPLE[  770] lifetime[137 weeks], average[149.45]
[Tue Dec  2 11:05:27 2025] >> SAMPLE[  771] lifetime[175 weeks], average[149.49]
[Tue Dec  2 11:05:28 2025] >> SAMPLE[  772] lifetime[153 weeks], average[149.49]
[Tue Dec  2 11:05:29 2025] >> SAMPLE[  773] lifetime[137 weeks], average[149.47]
[Tue Dec  2 11:05:29 2025] >> SAMPLE[  774] lifetime[131 weeks], average[149.45]
[Tue Dec  2 11:05:30 2025] >> SAMPLE[  775] lifetime[140 weeks], average[149.44]
[Tue Dec  2 11:05:30 2025] >> SAMPLE[  776] lifetime[118 weeks], average[149.40]
[Tue Dec  2 11:05:31 2025] >> SAMPLE[  777] lifetime[128 weeks], average[149.37]
[Tue Dec  2 11:05:32 2025] >> SAMPLE[  778] lifetime[174 weeks], average[149.40]
[Tue Dec  2 11:05:33 2025] >> SAMPLE[  779] lifetime[187 weeks], average[149.45]
[Tue Dec  2 11:05:34 2025] >> SAMPLE[  780] lifetime[179 weeks], average[149.49]
[Tue Dec  2 11:05:34 2025] >> SAMPLE[  781] lifetime[165 weeks], average[149.51]
[Tue Dec  2 11:05:35 2025] >> SAMPLE[  782] lifetime[177 weeks], average[149.54]
[Tue Dec  2 11:05:36 2025] >> SAMPLE[  783] lifetime[174 weeks], average[149.57]
[Tue Dec  2 11:05:37 2025] >> SAMPLE[  784] lifetime[179 weeks], average[149.61]
[Tue Dec  2 11:05:38 2025] >> SAMPLE[  785] lifetime[157 weeks], average[149.62]
[Tue Dec  2 11:05:38 2025] >> SAMPLE[  786] lifetime[137 weeks], average[149.60]
[Tue Dec  2 11:05:39 2025] >> SAMPLE[  787] lifetime[141 weeks], average[149.59]
[Tue Dec  2 11:05:40 2025] >> SAMPLE[  788] lifetime[144 weeks], average[149.59]
[Tue Dec  2 11:05:40 2025] >> SAMPLE[  789] lifetime[145 weeks], average[149.58]
[Tue Dec  2 11:05:41 2025] >> SAMPLE[  790] lifetime[108 weeks], average[149.53]
[Tue Dec  2 11:05:41 2025] >> SAMPLE[  791] lifetime[123 weeks], average[149.49]
[Tue Dec  2 11:05:42 2025] >> SAMPLE[  792] lifetime[151 weeks], average[149.50]
[Tue Dec  2 11:05:43 2025] >> SAMPLE[  793] lifetime[131 weeks], average[149.47]
[Tue Dec  2 11:05:44 2025] >> SAMPLE[  794] lifetime[187 weeks], average[149.52]
[Tue Dec  2 11:05:44 2025] >> SAMPLE[  795] lifetime[128 weeks], average[149.49]
[Tue Dec  2 11:05:45 2025] >> SAMPLE[  796] lifetime[110 weeks], average[149.44]
[Tue Dec  2 11:05:45 2025] >> SAMPLE[  797] lifetime[172 weeks], average[149.47]
[Tue Dec  2 11:05:46 2025] >> SAMPLE[  798] lifetime[134 weeks], average[149.45]
[Tue Dec  2 11:05:47 2025] >> SAMPLE[  799] lifetime[172 weeks], average[149.48]
[Tue Dec  2 11:05:50 2025] >> Generating new alpha
[Tue Dec  2 11:05:50 2025] >> SAMPLE[  800] lifetime[132 weeks], average[149.46]
[Tue Dec  2 11:05:51 2025] >> SAMPLE[  801] lifetime[164 weeks], average[149.48]
[Tue Dec  2 11:05:52 2025] >> SAMPLE[  802] lifetime[174 weeks], average[149.51]
[Tue Dec  2 11:05:52 2025] >> SAMPLE[  803] lifetime[145 weeks], average[149.50]
[Tue Dec  2 11:05:53 2025] >> SAMPLE[  804] lifetime[160 weeks], average[149.52]
[Tue Dec  2 11:05:54 2025] >> SAMPLE[  805] lifetime[147 weeks], average[149.51]
[Tue Dec  2 11:05:55 2025] >> SAMPLE[  806] lifetime[182 weeks], average[149.55]
[Tue Dec  2 11:05:56 2025] >> SAMPLE[  807] lifetime[187 weeks], average[149.60]
[Tue Dec  2 11:05:56 2025] >> SAMPLE[  808] lifetime[180 weeks], average[149.64]
[Tue Dec  2 11:05:57 2025] >> SAMPLE[  809] lifetime[177 weeks], average[149.67]
[Tue Dec  2 11:05:58 2025] >> SAMPLE[  810] lifetime[ 97 weeks], average[149.61]
[Tue Dec  2 11:05:58 2025] >> SAMPLE[  811] lifetime[113 weeks], average[149.56]
[Tue Dec  2 11:05:59 2025] >> SAMPLE[  812] lifetime[150 weeks], average[149.56]
[Tue Dec  2 11:06:00 2025] >> SAMPLE[  813] lifetime[161 weeks], average[149.57]
[Tue Dec  2 11:06:00 2025] >> SAMPLE[  814] lifetime[140 weeks], average[149.56]
[Tue Dec  2 11:06:01 2025] >> SAMPLE[  815] lifetime[160 weeks], average[149.58]
[Tue Dec  2 11:06:02 2025] >> SAMPLE[  816] lifetime[181 weeks], average[149.61]
[Tue Dec  2 11:06:03 2025] >> SAMPLE[  817] lifetime[159 weeks], average[149.63]
[Tue Dec  2 11:06:04 2025] >> SAMPLE[  818] lifetime[187 weeks], average[149.67]
[Tue Dec  2 11:06:04 2025] >> SAMPLE[  819] lifetime[141 weeks], average[149.66]
[Tue Dec  2 11:06:05 2025] >> SAMPLE[  820] lifetime[211 weeks], average[149.74]
[Tue Dec  2 11:06:06 2025] >> SAMPLE[  821] lifetime[185 weeks], average[149.78]
[Tue Dec  2 11:06:07 2025] >> SAMPLE[  822] lifetime[116 weeks], average[149.74]
[Tue Dec  2 11:06:07 2025] >> SAMPLE[  823] lifetime[143 weeks], average[149.73]
[Tue Dec  2 11:06:08 2025] >> SAMPLE[  824] lifetime[149 weeks], average[149.73]
[Tue Dec  2 11:06:09 2025] >> SAMPLE[  825] lifetime[191 weeks], average[149.78]
[Tue Dec  2 11:06:10 2025] >> SAMPLE[  826] lifetime[134 weeks], average[149.76]
[Tue Dec  2 11:06:10 2025] >> SAMPLE[  827] lifetime[147 weeks], average[149.76]
[Tue Dec  2 11:06:11 2025] >> SAMPLE[  828] lifetime[180 weeks], average[149.79]
[Tue Dec  2 11:06:12 2025] >> SAMPLE[  829] lifetime[103 weeks], average[149.74]
[Tue Dec  2 11:06:13 2025] >> SAMPLE[  830] lifetime[190 weeks], average[149.78]
[Tue Dec  2 11:06:13 2025] >> SAMPLE[  831] lifetime[155 weeks], average[149.79]
[Tue Dec  2 11:06:14 2025] >> SAMPLE[  832] lifetime[218 weeks], average[149.87]
[Tue Dec  2 11:06:15 2025] >> SAMPLE[  833] lifetime[180 weeks], average[149.91]
[Tue Dec  2 11:06:16 2025] >> SAMPLE[  834] lifetime[105 weeks], average[149.86]
[Tue Dec  2 11:06:16 2025] >> SAMPLE[  835] lifetime[154 weeks], average[149.86]
[Tue Dec  2 11:06:17 2025] >> SAMPLE[  836] lifetime[129 weeks], average[149.84]
[Tue Dec  2 11:06:18 2025] >> SAMPLE[  837] lifetime[163 weeks], average[149.85]
[Tue Dec  2 11:06:18 2025] >> SAMPLE[  838] lifetime[140 weeks], average[149.84]
[Tue Dec  2 11:06:19 2025] >> SAMPLE[  839] lifetime[129 weeks], average[149.81]
[Tue Dec  2 11:06:20 2025] >> SAMPLE[  840] lifetime[119 weeks], average[149.78]
[Tue Dec  2 11:06:20 2025] >> SAMPLE[  841] lifetime[121 weeks], average[149.74]
[Tue Dec  2 11:06:21 2025] >> SAMPLE[  842] lifetime[139 weeks], average[149.73]
[Tue Dec  2 11:06:21 2025] >> SAMPLE[  843] lifetime[121 weeks], average[149.70]
[Tue Dec  2 11:06:22 2025] >> SAMPLE[  844] lifetime[143 weeks], average[149.69]
[Tue Dec  2 11:06:23 2025] >> SAMPLE[  845] lifetime[150 weeks], average[149.69]
[Tue Dec  2 11:06:23 2025] >> SAMPLE[  846] lifetime[174 weeks], average[149.72]
[Tue Dec  2 11:06:24 2025] >> SAMPLE[  847] lifetime[157 weeks], average[149.73]
[Tue Dec  2 11:06:25 2025] >> SAMPLE[  848] lifetime[200 weeks], average[149.79]
[Tue Dec  2 11:06:26 2025] >> SAMPLE[  849] lifetime[159 weeks], average[149.80]
[Tue Dec  2 11:06:26 2025] >> SAMPLE[  850] lifetime[102 weeks], average[149.74]
[Tue Dec  2 11:06:27 2025] >> SAMPLE[  851] lifetime[207 weeks], average[149.81]
[Tue Dec  2 11:06:28 2025] >> SAMPLE[  852] lifetime[197 weeks], average[149.86]
[Tue Dec  2 11:06:29 2025] >> SAMPLE[  853] lifetime[108 weeks], average[149.81]
[Tue Dec  2 11:06:29 2025] >> SAMPLE[  854] lifetime[153 weeks], average[149.82]
[Tue Dec  2 11:06:30 2025] >> SAMPLE[  855] lifetime[153 weeks], average[149.82]
[Tue Dec  2 11:06:31 2025] >> SAMPLE[  856] lifetime[ 94 weeks], average[149.76]
[Tue Dec  2 11:06:31 2025] >> SAMPLE[  857] lifetime[142 weeks], average[149.75]
[Tue Dec  2 11:06:32 2025] >> SAMPLE[  858] lifetime[162 weeks], average[149.76]
[Tue Dec  2 11:06:33 2025] >> SAMPLE[  859] lifetime[137 weeks], average[149.75]
[Tue Dec  2 11:06:33 2025] >> SAMPLE[  860] lifetime[119 weeks], average[149.71]
[Tue Dec  2 11:06:34 2025] >> SAMPLE[  861] lifetime[183 weeks], average[149.75]
[Tue Dec  2 11:06:35 2025] >> SAMPLE[  862] lifetime[112 weeks], average[149.71]
[Tue Dec  2 11:06:35 2025] >> SAMPLE[  863] lifetime[138 weeks], average[149.69]
[Tue Dec  2 11:06:36 2025] >> SAMPLE[  864] lifetime[104 weeks], average[149.64]
[Tue Dec  2 11:06:36 2025] >> SAMPLE[  865] lifetime[142 weeks], average[149.63]
[Tue Dec  2 11:06:37 2025] >> SAMPLE[  866] lifetime[185 weeks], average[149.67]
[Tue Dec  2 11:06:38 2025] >> SAMPLE[  867] lifetime[126 weeks], average[149.64]
[Tue Dec  2 11:06:38 2025] >> SAMPLE[  868] lifetime[135 weeks], average[149.63]
[Tue Dec  2 11:06:39 2025] >> SAMPLE[  869] lifetime[158 weeks], average[149.64]
[Tue Dec  2 11:06:40 2025] >> SAMPLE[  870] lifetime[145 weeks], average[149.63]
[Tue Dec  2 11:06:40 2025] >> SAMPLE[  871] lifetime[154 weeks], average[149.64]
[Tue Dec  2 11:06:41 2025] >> SAMPLE[  872] lifetime[203 weeks], average[149.70]
[Tue Dec  2 11:06:42 2025] >> SAMPLE[  873] lifetime[171 weeks], average[149.72]
[Tue Dec  2 11:06:43 2025] >> SAMPLE[  874] lifetime[143 weeks], average[149.71]
[Tue Dec  2 11:06:44 2025] >> SAMPLE[  875] lifetime[145 weeks], average[149.71]
[Tue Dec  2 11:06:44 2025] >> SAMPLE[  876] lifetime[151 weeks], average[149.71]
[Tue Dec  2 11:06:45 2025] >> SAMPLE[  877] lifetime[183 weeks], average[149.75]
[Tue Dec  2 11:06:46 2025] >> SAMPLE[  878] lifetime[157 weeks], average[149.76]
[Tue Dec  2 11:06:46 2025] >> SAMPLE[  879] lifetime[122 weeks], average[149.72]
[Tue Dec  2 11:06:47 2025] >> SAMPLE[  880] lifetime[156 weeks], average[149.73]
[Tue Dec  2 11:06:48 2025] >> SAMPLE[  881] lifetime[150 weeks], average[149.73]
[Tue Dec  2 11:06:49 2025] >> SAMPLE[  882] lifetime[160 weeks], average[149.74]
[Tue Dec  2 11:06:49 2025] >> SAMPLE[  883] lifetime[146 weeks], average[149.74]
[Tue Dec  2 11:06:50 2025] >> SAMPLE[  884] lifetime[160 weeks], average[149.75]
[Tue Dec  2 11:06:51 2025] >> SAMPLE[  885] lifetime[161 weeks], average[149.76]
[Tue Dec  2 11:06:51 2025] >> SAMPLE[  886] lifetime[124 weeks], average[149.74]
[Tue Dec  2 11:06:52 2025] >> SAMPLE[  887] lifetime[ 92 weeks], average[149.67]
[Tue Dec  2 11:06:52 2025] >> SAMPLE[  888] lifetime[121 weeks], average[149.64]
[Tue Dec  2 11:06:53 2025] >> SAMPLE[  889] lifetime[153 weeks], average[149.64]
[Tue Dec  2 11:06:54 2025] >> SAMPLE[  890] lifetime[190 weeks], average[149.69]
[Tue Dec  2 11:06:54 2025] >> SAMPLE[  891] lifetime[124 weeks], average[149.66]
[Tue Dec  2 11:06:55 2025] >> SAMPLE[  892] lifetime[138 weeks], average[149.65]
[Tue Dec  2 11:06:56 2025] >> SAMPLE[  893] lifetime[133 weeks], average[149.63]
[Tue Dec  2 11:06:56 2025] >> SAMPLE[  894] lifetime[148 weeks], average[149.62]
[Tue Dec  2 11:06:57 2025] >> SAMPLE[  895] lifetime[106 weeks], average[149.58]
[Tue Dec  2 11:06:58 2025] >> SAMPLE[  896] lifetime[171 weeks], average[149.60]
[Tue Dec  2 11:06:58 2025] >> SAMPLE[  897] lifetime[177 weeks], average[149.63]
[Tue Dec  2 11:06:59 2025] >> SAMPLE[  898] lifetime[141 weeks], average[149.62]
[Tue Dec  2 11:07:00 2025] >> SAMPLE[  899] lifetime[167 weeks], average[149.64]
[Tue Dec  2 11:07:03 2025] >> Generating new alpha
[Tue Dec  2 11:07:03 2025] >> SAMPLE[  900] lifetime[ 98 weeks], average[149.58]
[Tue Dec  2 11:07:04 2025] >> SAMPLE[  901] lifetime[179 weeks], average[149.62]
[Tue Dec  2 11:07:05 2025] >> SAMPLE[  902] lifetime[152 weeks], average[149.62]
[Tue Dec  2 11:07:05 2025] >> SAMPLE[  903] lifetime[143 weeks], average[149.61]
[Tue Dec  2 11:07:06 2025] >> SAMPLE[  904] lifetime[128 weeks], average[149.59]
[Tue Dec  2 11:07:06 2025] >> SAMPLE[  905] lifetime[116 weeks], average[149.55]
[Tue Dec  2 11:07:07 2025] >> SAMPLE[  906] lifetime[132 weeks], average[149.53]
[Tue Dec  2 11:07:08 2025] >> SAMPLE[  907] lifetime[163 weeks], average[149.55]
[Tue Dec  2 11:07:08 2025] >> SAMPLE[  908] lifetime[108 weeks], average[149.50]
[Tue Dec  2 11:07:09 2025] >> SAMPLE[  909] lifetime[115 weeks], average[149.46]
[Tue Dec  2 11:07:09 2025] >> SAMPLE[  910] lifetime[170 weeks], average[149.48]
[Tue Dec  2 11:07:10 2025] >> SAMPLE[  911] lifetime[134 weeks], average[149.47]
[Tue Dec  2 11:07:11 2025] >> SAMPLE[  912] lifetime[176 weeks], average[149.50]
[Tue Dec  2 11:07:12 2025] >> SAMPLE[  913] lifetime[160 weeks], average[149.51]
[Tue Dec  2 11:07:12 2025] >> SAMPLE[  914] lifetime[164 weeks], average[149.52]
[Tue Dec  2 11:07:13 2025] >> SAMPLE[  915] lifetime[139 weeks], average[149.51]
[Tue Dec  2 11:07:14 2025] >> SAMPLE[  916] lifetime[156 weeks], average[149.52]
[Tue Dec  2 11:07:14 2025] >> SAMPLE[  917] lifetime[157 weeks], average[149.53]
[Tue Dec  2 11:07:15 2025] >> SAMPLE[  918] lifetime[158 weeks], average[149.54]
[Tue Dec  2 11:07:16 2025] >> SAMPLE[  919] lifetime[127 weeks], average[149.51]
[Tue Dec  2 11:07:16 2025] >> SAMPLE[  920] lifetime[148 weeks], average[149.51]
[Tue Dec  2 11:07:17 2025] >> SAMPLE[  921] lifetime[187 weeks], average[149.55]
[Tue Dec  2 11:07:18 2025] >> SAMPLE[  922] lifetime[134 weeks], average[149.53]
[Tue Dec  2 11:07:19 2025] >> SAMPLE[  923] lifetime[135 weeks], average[149.52]
[Tue Dec  2 11:07:19 2025] >> SAMPLE[  924] lifetime[117 weeks], average[149.48]
[Tue Dec  2 11:07:20 2025] >> SAMPLE[  925] lifetime[172 weeks], average[149.51]
[Tue Dec  2 11:07:21 2025] >> SAMPLE[  926] lifetime[152 weeks], average[149.51]
[Tue Dec  2 11:07:21 2025] >> SAMPLE[  927] lifetime[129 weeks], average[149.49]
[Tue Dec  2 11:07:22 2025] >> SAMPLE[  928] lifetime[139 weeks], average[149.48]
[Tue Dec  2 11:07:22 2025] >> SAMPLE[  929] lifetime[145 weeks], average[149.47]
[Tue Dec  2 11:07:23 2025] >> SAMPLE[  930] lifetime[129 weeks], average[149.45]
[Tue Dec  2 11:07:24 2025] >> SAMPLE[  931] lifetime[169 weeks], average[149.47]
[Tue Dec  2 11:07:25 2025] >> SAMPLE[  932] lifetime[167 weeks], average[149.49]
[Tue Dec  2 11:07:25 2025] >> SAMPLE[  933] lifetime[128 weeks], average[149.47]
[Tue Dec  2 11:07:26 2025] >> SAMPLE[  934] lifetime[ 99 weeks], average[149.41]
[Tue Dec  2 11:07:26 2025] >> SAMPLE[  935] lifetime[141 weeks], average[149.40]
[Tue Dec  2 11:07:27 2025] >> SAMPLE[  936] lifetime[137 weeks], average[149.39]
[Tue Dec  2 11:07:28 2025] >> SAMPLE[  937] lifetime[141 weeks], average[149.38]
[Tue Dec  2 11:07:28 2025] >> SAMPLE[  938] lifetime[165 weeks], average[149.40]
[Tue Dec  2 11:07:29 2025] >> SAMPLE[  939] lifetime[166 weeks], average[149.42]
[Tue Dec  2 11:07:30 2025] >> SAMPLE[  940] lifetime[142 weeks], average[149.41]
[Tue Dec  2 11:07:30 2025] >> SAMPLE[  941] lifetime[137 weeks], average[149.39]
[Tue Dec  2 11:07:31 2025] >> SAMPLE[  942] lifetime[130 weeks], average[149.37]
[Tue Dec  2 11:07:32 2025] >> SAMPLE[  943] lifetime[130 weeks], average[149.35]
[Tue Dec  2 11:07:32 2025] >> SAMPLE[  944] lifetime[189 weeks], average[149.40]
[Tue Dec  2 11:07:33 2025] >> SAMPLE[  945] lifetime[138 weeks], average[149.38]
[Tue Dec  2 11:07:34 2025] >> SAMPLE[  946] lifetime[119 weeks], average[149.35]
[Tue Dec  2 11:07:34 2025] >> SAMPLE[  947] lifetime[159 weeks], average[149.36]
[Tue Dec  2 11:07:35 2025] >> SAMPLE[  948] lifetime[100 weeks], average[149.31]
[Tue Dec  2 11:07:36 2025] >> SAMPLE[  949] lifetime[212 weeks], average[149.38]
[Tue Dec  2 11:07:36 2025] >> SAMPLE[  950] lifetime[135 weeks], average[149.36]
[Tue Dec  2 11:07:37 2025] >> SAMPLE[  951] lifetime[138 weeks], average[149.35]
[Tue Dec  2 11:07:38 2025] >> SAMPLE[  952] lifetime[141 weeks], average[149.34]
[Tue Dec  2 11:07:38 2025] >> SAMPLE[  953] lifetime[163 weeks], average[149.35]
[Tue Dec  2 11:07:39 2025] >> SAMPLE[  954] lifetime[142 weeks], average[149.35]
[Tue Dec  2 11:07:40 2025] >> SAMPLE[  955] lifetime[174 weeks], average[149.37]
[Tue Dec  2 11:07:41 2025] >> SAMPLE[  956] lifetime[153 weeks], average[149.38]
[Tue Dec  2 11:07:41 2025] >> SAMPLE[  957] lifetime[157 weeks], average[149.38]
[Tue Dec  2 11:07:42 2025] >> SAMPLE[  958] lifetime[147 weeks], average[149.38]
[Tue Dec  2 11:07:43 2025] >> SAMPLE[  959] lifetime[184 weeks], average[149.42]
[Tue Dec  2 11:07:44 2025] >> SAMPLE[  960] lifetime[163 weeks], average[149.43]
[Tue Dec  2 11:07:44 2025] >> SAMPLE[  961] lifetime[137 weeks], average[149.42]
[Tue Dec  2 11:07:45 2025] >> SAMPLE[  962] lifetime[143 weeks], average[149.41]
[Tue Dec  2 11:07:46 2025] >> SAMPLE[  963] lifetime[115 weeks], average[149.38]
[Tue Dec  2 11:07:46 2025] >> SAMPLE[  964] lifetime[118 weeks], average[149.34]
[Tue Dec  2 11:07:47 2025] >> SAMPLE[  965] lifetime[137 weeks], average[149.33]
[Tue Dec  2 11:07:47 2025] >> SAMPLE[  966] lifetime[129 weeks], average[149.31]
[Tue Dec  2 11:07:48 2025] >> SAMPLE[  967] lifetime[146 weeks], average[149.31]
[Tue Dec  2 11:07:49 2025] >> SAMPLE[  968] lifetime[147 weeks], average[149.30]
[Tue Dec  2 11:07:49 2025] >> SAMPLE[  969] lifetime[140 weeks], average[149.29]
[Tue Dec  2 11:07:50 2025] >> SAMPLE[  970] lifetime[116 weeks], average[149.26]
[Tue Dec  2 11:07:50 2025] >> SAMPLE[  971] lifetime[150 weeks], average[149.26]
[Tue Dec  2 11:07:51 2025] >> SAMPLE[  972] lifetime[145 weeks], average[149.26]
[Tue Dec  2 11:07:52 2025] >> SAMPLE[  973] lifetime[106 weeks], average[149.21]
[Tue Dec  2 11:07:52 2025] >> SAMPLE[  974] lifetime[175 weeks], average[149.24]
[Tue Dec  2 11:07:53 2025] >> SAMPLE[  975] lifetime[180 weeks], average[149.27]
[Tue Dec  2 11:07:54 2025] >> SAMPLE[  976] lifetime[151 weeks], average[149.27]
[Tue Dec  2 11:07:55 2025] >> SAMPLE[  977] lifetime[171 weeks], average[149.29]
[Tue Dec  2 11:07:56 2025] >> SAMPLE[  978] lifetime[174 weeks], average[149.32]
[Tue Dec  2 11:07:56 2025] >> SAMPLE[  979] lifetime[124 weeks], average[149.29]
[Tue Dec  2 11:07:57 2025] >> SAMPLE[  980] lifetime[181 weeks], average[149.33]
[Tue Dec  2 11:07:58 2025] >> SAMPLE[  981] lifetime[153 weeks], average[149.33]
[Tue Dec  2 11:07:58 2025] >> SAMPLE[  982] lifetime[121 weeks], average[149.30]
[Tue Dec  2 11:07:59 2025] >> SAMPLE[  983] lifetime[165 weeks], average[149.32]
[Tue Dec  2 11:08:00 2025] >> SAMPLE[  984] lifetime[153 weeks], average[149.32]
[Tue Dec  2 11:08:00 2025] >> SAMPLE[  985] lifetime[135 weeks], average[149.31]
[Tue Dec  2 11:08:01 2025] >> SAMPLE[  986] lifetime[170 weeks], average[149.33]
[Tue Dec  2 11:08:02 2025] >> SAMPLE[  987] lifetime[110 weeks], average[149.29]
[Tue Dec  2 11:08:02 2025] >> SAMPLE[  988] lifetime[124 weeks], average[149.26]
[Tue Dec  2 11:08:03 2025] >> SAMPLE[  989] lifetime[196 weeks], average[149.31]
[Tue Dec  2 11:08:04 2025] >> SAMPLE[  990] lifetime[125 weeks], average[149.28]
[Tue Dec  2 11:08:05 2025] >> SAMPLE[  991] lifetime[184 weeks], average[149.32]
[Tue Dec  2 11:08:05 2025] >> SAMPLE[  992] lifetime[147 weeks], average[149.32]
[Tue Dec  2 11:08:06 2025] >> SAMPLE[  993] lifetime[179 weeks], average[149.35]
[Tue Dec  2 11:08:07 2025] >> SAMPLE[  994] lifetime[118 weeks], average[149.32]
[Tue Dec  2 11:08:07 2025] >> SAMPLE[  995] lifetime[161 weeks], average[149.33]
[Tue Dec  2 11:08:08 2025] >> SAMPLE[  996] lifetime[112 weeks], average[149.29]
[Tue Dec  2 11:08:08 2025] >> SAMPLE[  997] lifetime[141 weeks], average[149.28]
[Tue Dec  2 11:08:09 2025] >> SAMPLE[  998] lifetime[155 weeks], average[149.29]
[Tue Dec  2 11:08:10 2025] >> SAMPLE[  999] lifetime[166 weeks], average[149.30]
[Tue Dec  2 11:08:13 2025] >> Generating new alpha
[Tue Dec  2 11:08:13 2025] >> SAMPLE[ 1000] lifetime[151 weeks], average[149.31]
[Tue Dec  2 11:08:14 2025] >> SAMPLE[ 1001] lifetime[151 weeks], average[149.31]
[Tue Dec  2 11:08:15 2025] >> SAMPLE[ 1002] lifetime[132 weeks], average[149.29]
[Tue Dec  2 11:08:15 2025] >> SAMPLE[ 1003] lifetime[141 weeks], average[149.28]
[Tue Dec  2 11:08:16 2025] >> SAMPLE[ 1004] lifetime[132 weeks], average[149.26]
[Tue Dec  2 11:08:17 2025] >> SAMPLE[ 1005] lifetime[170 weeks], average[149.29]
[Tue Dec  2 11:08:17 2025] >> SAMPLE[ 1006] lifetime[166 weeks], average[149.30]
[Tue Dec  2 11:08:18 2025] >> SAMPLE[ 1007] lifetime[138 weeks], average[149.29]
[Tue Dec  2 11:08:19 2025] >> SAMPLE[ 1008] lifetime[131 weeks], average[149.27]
[Tue Dec  2 11:08:19 2025] >> SAMPLE[ 1009] lifetime[170 weeks], average[149.29]
[Tue Dec  2 11:08:20 2025] >> SAMPLE[ 1010] lifetime[176 weeks], average[149.32]
[Tue Dec  2 11:08:21 2025] >> SAMPLE[ 1011] lifetime[154 weeks], average[149.32]
[Tue Dec  2 11:08:22 2025] >> SAMPLE[ 1012] lifetime[129 weeks], average[149.30]
[Tue Dec  2 11:08:22 2025] >> SAMPLE[ 1013] lifetime[168 weeks], average[149.32]
[Tue Dec  2 11:08:23 2025] >> SAMPLE[ 1014] lifetime[179 weeks], average[149.35]
[Tue Dec  2 11:08:24 2025] >> SAMPLE[ 1015] lifetime[114 weeks], average[149.32]
[Tue Dec  2 11:08:24 2025] >> SAMPLE[ 1016] lifetime[110 weeks], average[149.28]
[Tue Dec  2 11:08:25 2025] >> SAMPLE[ 1017] lifetime[103 weeks], average[149.23]
[Tue Dec  2 11:08:25 2025] >> SAMPLE[ 1018] lifetime[141 weeks], average[149.22]
[Tue Dec  2 11:08:26 2025] >> SAMPLE[ 1019] lifetime[113 weeks], average[149.19]
[Tue Dec  2 11:08:27 2025] >> SAMPLE[ 1020] lifetime[158 weeks], average[149.20]
[Tue Dec  2 11:08:27 2025] >> SAMPLE[ 1021] lifetime[183 weeks], average[149.23]
[Tue Dec  2 11:08:28 2025] >> SAMPLE[ 1022] lifetime[122 weeks], average[149.20]
[Tue Dec  2 11:08:29 2025] >> SAMPLE[ 1023] lifetime[136 weeks], average[149.19]
[Tue Dec  2 11:08:29 2025] >> SAMPLE[ 1024] lifetime[ 84 weeks], average[149.13]
[Tue Dec  2 11:08:30 2025] >> SAMPLE[ 1025] lifetime[198 weeks], average[149.18]
[Tue Dec  2 11:08:30 2025] >> SAMPLE[ 1026] lifetime[110 weeks], average[149.14]
[Tue Dec  2 11:08:31 2025] >> SAMPLE[ 1027] lifetime[145 weeks], average[149.13]
[Tue Dec  2 11:08:32 2025] >> SAMPLE[ 1028] lifetime[157 weeks], average[149.14]
[Tue Dec  2 11:08:32 2025] >> SAMPLE[ 1029] lifetime[150 weeks], average[149.14]
[Tue Dec  2 11:08:33 2025] >> SAMPLE[ 1030] lifetime[136 weeks], average[149.13]
[Tue Dec  2 11:08:34 2025] >> SAMPLE[ 1031] lifetime[119 weeks], average[149.10]
[Tue Dec  2 11:08:34 2025] >> SAMPLE[ 1032] lifetime[139 weeks], average[149.09]
[Tue Dec  2 11:08:35 2025] >> SAMPLE[ 1033] lifetime[156 weeks], average[149.10]
[Tue Dec  2 11:08:36 2025] >> SAMPLE[ 1034] lifetime[128 weeks], average[149.08]
[Tue Dec  2 11:08:36 2025] >> SAMPLE[ 1035] lifetime[171 weeks], average[149.10]
[Tue Dec  2 11:08:37 2025] >> SAMPLE[ 1036] lifetime[116 weeks], average[149.07]
[Tue Dec  2 11:08:38 2025] >> SAMPLE[ 1037] lifetime[183 weeks], average[149.10]
[Tue Dec  2 11:08:38 2025] >> SAMPLE[ 1038] lifetime[119 weeks], average[149.07]
[Tue Dec  2 11:08:39 2025] >> SAMPLE[ 1039] lifetime[170 weeks], average[149.09]
[Tue Dec  2 11:08:40 2025] >> SAMPLE[ 1040] lifetime[145 weeks], average[149.09]
[Tue Dec  2 11:08:40 2025] >> SAMPLE[ 1041] lifetime[122 weeks], average[149.06]
[Tue Dec  2 11:08:41 2025] >> SAMPLE[ 1042] lifetime[151 weeks], average[149.06]
[Tue Dec  2 11:08:41 2025] >> SAMPLE[ 1043] lifetime[115 weeks], average[149.03]
[Tue Dec  2 11:08:42 2025] >> SAMPLE[ 1044] lifetime[134 weeks], average[149.01]
[Tue Dec  2 11:08:43 2025] >> SAMPLE[ 1045] lifetime[148 weeks], average[149.01]
[Tue Dec  2 11:08:43 2025] >> SAMPLE[ 1046] lifetime[127 weeks], average[148.99]
[Tue Dec  2 11:08:44 2025] >> SAMPLE[ 1047] lifetime[196 weeks], average[149.04]
[Tue Dec  2 11:08:45 2025] >> SAMPLE[ 1048] lifetime[138 weeks], average[149.03]
[Tue Dec  2 11:08:46 2025] >> SAMPLE[ 1049] lifetime[140 weeks], average[149.02]
[Tue Dec  2 11:08:46 2025] >> SAMPLE[ 1050] lifetime[102 weeks], average[148.97]
[Tue Dec  2 11:08:46 2025] >> SAMPLE[ 1051] lifetime[ 98 weeks], average[148.92]
[Tue Dec  2 11:08:47 2025] >> SAMPLE[ 1052] lifetime[202 weeks], average[148.98]
[Tue Dec  2 11:08:48 2025] >> SAMPLE[ 1053] lifetime[123 weeks], average[148.95]
[Tue Dec  2 11:08:49 2025] >> SAMPLE[ 1054] lifetime[195 weeks], average[148.99]
[Tue Dec  2 11:08:50 2025] >> SAMPLE[ 1055] lifetime[152 weeks], average[149.00]
[Tue Dec  2 11:08:50 2025] >> SAMPLE[ 1056] lifetime[157 weeks], average[149.00]
[Tue Dec  2 11:08:51 2025] >> SAMPLE[ 1057] lifetime[130 weeks], average[148.99]
[Tue Dec  2 11:08:52 2025] >> SAMPLE[ 1058] lifetime[138 weeks], average[148.98]
[Tue Dec  2 11:08:52 2025] >> SAMPLE[ 1059] lifetime[132 weeks], average[148.96]
[Tue Dec  2 11:08:53 2025] >> SAMPLE[ 1060] lifetime[138 weeks], average[148.95]
[Tue Dec  2 11:08:54 2025] >> SAMPLE[ 1061] lifetime[188 weeks], average[148.99]
[Tue Dec  2 11:08:54 2025] >> SAMPLE[ 1062] lifetime[146 weeks], average[148.98]
[Tue Dec  2 11:08:55 2025] >> SAMPLE[ 1063] lifetime[188 weeks], average[149.02]
[Tue Dec  2 11:08:56 2025] >> SAMPLE[ 1064] lifetime[172 weeks], average[149.04]
[Tue Dec  2 11:08:57 2025] >> SAMPLE[ 1065] lifetime[154 weeks], average[149.05]
[Tue Dec  2 11:08:58 2025] >> SAMPLE[ 1066] lifetime[189 weeks], average[149.08]
[Tue Dec  2 11:08:59 2025] >> SAMPLE[ 1067] lifetime[199 weeks], average[149.13]
[Tue Dec  2 11:08:59 2025] >> SAMPLE[ 1068] lifetime[147 weeks], average[149.13]
[Tue Dec  2 11:09:00 2025] >> SAMPLE[ 1069] lifetime[ 85 weeks], average[149.07]
[Tue Dec  2 11:09:01 2025] >> SAMPLE[ 1070] lifetime[188 weeks], average[149.11]
[Tue Dec  2 11:09:01 2025] >> SAMPLE[ 1071] lifetime[171 weeks], average[149.13]
[Tue Dec  2 11:09:02 2025] >> SAMPLE[ 1072] lifetime[142 weeks], average[149.12]
[Tue Dec  2 11:09:03 2025] >> SAMPLE[ 1073] lifetime[194 weeks], average[149.16]
[Tue Dec  2 11:09:03 2025] >> SAMPLE[ 1074] lifetime[104 weeks], average[149.12]
[Tue Dec  2 11:09:04 2025] >> SAMPLE[ 1075] lifetime[111 weeks], average[149.08]
[Tue Dec  2 11:09:05 2025] >> SAMPLE[ 1076] lifetime[171 weeks], average[149.10]
[Tue Dec  2 11:09:05 2025] >> SAMPLE[ 1077] lifetime[128 weeks], average[149.08]
[Tue Dec  2 11:09:06 2025] >> SAMPLE[ 1078] lifetime[163 weeks], average[149.10]
[Tue Dec  2 11:09:07 2025] >> SAMPLE[ 1079] lifetime[138 weeks], average[149.09]
[Tue Dec  2 11:09:07 2025] >> SAMPLE[ 1080] lifetime[112 weeks], average[149.05]
[Tue Dec  2 11:09:08 2025] >> SAMPLE[ 1081] lifetime[ 91 weeks], average[149.00]
[Tue Dec  2 11:09:09 2025] >> SAMPLE[ 1082] lifetime[178 weeks], average[149.03]
[Tue Dec  2 11:09:09 2025] >> SAMPLE[ 1083] lifetime[151 weeks], average[149.03]
[Tue Dec  2 11:09:10 2025] >> SAMPLE[ 1084] lifetime[183 weeks], average[149.06]
[Tue Dec  2 11:09:11 2025] >> SAMPLE[ 1085] lifetime[155 weeks], average[149.06]
[Tue Dec  2 11:09:12 2025] >> SAMPLE[ 1086] lifetime[188 weeks], average[149.10]
[Tue Dec  2 11:09:13 2025] >> SAMPLE[ 1087] lifetime[188 weeks], average[149.14]
[Tue Dec  2 11:09:14 2025] >> SAMPLE[ 1088] lifetime[177 weeks], average[149.16]
[Tue Dec  2 11:09:14 2025] >> SAMPLE[ 1089] lifetime[142 weeks], average[149.16]
[Tue Dec  2 11:09:15 2025] >> SAMPLE[ 1090] lifetime[159 weeks], average[149.16]
[Tue Dec  2 11:09:16 2025] >> SAMPLE[ 1091] lifetime[113 weeks], average[149.13]
[Tue Dec  2 11:09:16 2025] >> SAMPLE[ 1092] lifetime[124 weeks], average[149.11]
[Tue Dec  2 11:09:17 2025] >> SAMPLE[ 1093] lifetime[103 weeks], average[149.07]
[Tue Dec  2 11:09:17 2025] >> SAMPLE[ 1094] lifetime[171 weeks], average[149.09]
[Tue Dec  2 11:09:18 2025] >> SAMPLE[ 1095] lifetime[192 weeks], average[149.12]
[Tue Dec  2 11:09:19 2025] >> SAMPLE[ 1096] lifetime[145 weeks], average[149.12]
[Tue Dec  2 11:09:20 2025] >> SAMPLE[ 1097] lifetime[114 weeks], average[149.09]
[Tue Dec  2 11:09:20 2025] >> SAMPLE[ 1098] lifetime[138 weeks], average[149.08]
[Tue Dec  2 11:09:21 2025] >> SAMPLE[ 1099] lifetime[112 weeks], average[149.05]
[Tue Dec  2 11:09:23 2025] >> Generating new alpha
[Tue Dec  2 11:09:24 2025] >> SAMPLE[ 1100] lifetime[133 weeks], average[149.03]
[Tue Dec  2 11:09:25 2025] >> SAMPLE[ 1101] lifetime[135 weeks], average[149.02]
[Tue Dec  2 11:09:25 2025] >> SAMPLE[ 1102] lifetime[169 weeks], average[149.04]
[Tue Dec  2 11:09:26 2025] >> SAMPLE[ 1103] lifetime[159 weeks], average[149.05]
[Tue Dec  2 11:09:27 2025] >> SAMPLE[ 1104] lifetime[120 weeks], average[149.02]
[Tue Dec  2 11:09:27 2025] >> SAMPLE[ 1105] lifetime[102 weeks], average[148.98]
[Tue Dec  2 11:09:28 2025] >> SAMPLE[ 1106] lifetime[147 weeks], average[148.97]
[Tue Dec  2 11:09:29 2025] >> SAMPLE[ 1107] lifetime[182 weeks], average[149.00]
[Tue Dec  2 11:09:29 2025] >> SAMPLE[ 1108] lifetime[140 weeks], average[149.00]
[Tue Dec  2 11:09:30 2025] >> SAMPLE[ 1109] lifetime[177 weeks], average[149.02]
[Tue Dec  2 11:09:31 2025] >> SAMPLE[ 1110] lifetime[115 weeks], average[148.99]
[Tue Dec  2 11:09:31 2025] >> SAMPLE[ 1111] lifetime[150 weeks], average[148.99]
[Tue Dec  2 11:09:32 2025] >> SAMPLE[ 1112] lifetime[184 weeks], average[149.02]
[Tue Dec  2 11:09:33 2025] >> SAMPLE[ 1113] lifetime[129 weeks], average[149.01]
[Tue Dec  2 11:09:33 2025] >> SAMPLE[ 1114] lifetime[138 weeks], average[149.00]
[Tue Dec  2 11:09:34 2025] >> SAMPLE[ 1115] lifetime[152 weeks], average[149.00]
[Tue Dec  2 11:09:34 2025] >> SAMPLE[ 1116] lifetime[100 weeks], average[148.95]
[Tue Dec  2 11:09:35 2025] >> SAMPLE[ 1117] lifetime[138 weeks], average[148.94]
[Tue Dec  2 11:09:35 2025] >> SAMPLE[ 1118] lifetime[ 86 weeks], average[148.89]
[Tue Dec  2 11:09:36 2025] >> SAMPLE[ 1119] lifetime[151 weeks], average[148.89]
[Tue Dec  2 11:09:37 2025] >> SAMPLE[ 1120] lifetime[ 97 weeks], average[148.84]
[Tue Dec  2 11:09:37 2025] >> SAMPLE[ 1121] lifetime[129 weeks], average[148.83]
[Tue Dec  2 11:09:38 2025] >> SAMPLE[ 1122] lifetime[171 weeks], average[148.85]
[Tue Dec  2 11:09:39 2025] >> SAMPLE[ 1123] lifetime[186 weeks], average[148.88]
[Tue Dec  2 11:09:39 2025] >> SAMPLE[ 1124] lifetime[102 weeks], average[148.84]
[Tue Dec  2 11:09:40 2025] >> SAMPLE[ 1125] lifetime[136 weeks], average[148.83]
[Tue Dec  2 11:09:40 2025] >> SAMPLE[ 1126] lifetime[ 96 weeks], average[148.78]
[Tue Dec  2 11:09:41 2025] >> SAMPLE[ 1127] lifetime[142 weeks], average[148.77]
[Tue Dec  2 11:09:42 2025] >> SAMPLE[ 1128] lifetime[140 weeks], average[148.77]
[Tue Dec  2 11:09:42 2025] >> SAMPLE[ 1129] lifetime[156 weeks], average[148.77]
[Tue Dec  2 11:09:43 2025] >> SAMPLE[ 1130] lifetime[132 weeks], average[148.76]
[Tue Dec  2 11:09:44 2025] >> SAMPLE[ 1131] lifetime[157 weeks], average[148.76]
[Tue Dec  2 11:09:44 2025] >> SAMPLE[ 1132] lifetime[150 weeks], average[148.77]
[Tue Dec  2 11:09:45 2025] >> SAMPLE[ 1133] lifetime[104 weeks], average[148.73]
[Tue Dec  2 11:09:46 2025] >> SAMPLE[ 1134] lifetime[172 weeks], average[148.75]
[Tue Dec  2 11:09:46 2025] >> SAMPLE[ 1135] lifetime[139 weeks], average[148.74]
[Tue Dec  2 11:09:47 2025] >> SAMPLE[ 1136] lifetime[128 weeks], average[148.72]
[Tue Dec  2 11:09:47 2025] >> SAMPLE[ 1137] lifetime[110 weeks], average[148.69]
[Tue Dec  2 11:09:48 2025] >> SAMPLE[ 1138] lifetime[101 weeks], average[148.64]
[Tue Dec  2 11:09:49 2025] >> SAMPLE[ 1139] lifetime[157 weeks], average[148.65]
[Tue Dec  2 11:09:49 2025] >> SAMPLE[ 1140] lifetime[171 weeks], average[148.67]
[Tue Dec  2 11:09:50 2025] >> SAMPLE[ 1141] lifetime[185 weeks], average[148.70]
[Tue Dec  2 11:09:51 2025] >> SAMPLE[ 1142] lifetime[122 weeks], average[148.68]
[Tue Dec  2 11:09:51 2025] >> SAMPLE[ 1143] lifetime[125 weeks], average[148.66]
[Tue Dec  2 11:09:52 2025] >> SAMPLE[ 1144] lifetime[143 weeks], average[148.65]
[Tue Dec  2 11:09:53 2025] >> SAMPLE[ 1145] lifetime[129 weeks], average[148.64]
[Tue Dec  2 11:09:53 2025] >> SAMPLE[ 1146] lifetime[167 weeks], average[148.65]
[Tue Dec  2 11:09:54 2025] >> SAMPLE[ 1147] lifetime[153 weeks], average[148.66]
[Tue Dec  2 11:09:55 2025] >> SAMPLE[ 1148] lifetime[149 weeks], average[148.66]
[Tue Dec  2 11:09:56 2025] >> SAMPLE[ 1149] lifetime[158 weeks], average[148.66]
[Tue Dec  2 11:09:56 2025] >> SAMPLE[ 1150] lifetime[127 weeks], average[148.65]
[Tue Dec  2 11:09:57 2025] >> SAMPLE[ 1151] lifetime[ 84 weeks], average[148.59]
[Tue Dec  2 11:09:57 2025] >> SAMPLE[ 1152] lifetime[150 weeks], average[148.59]
[Tue Dec  2 11:09:58 2025] >> SAMPLE[ 1153] lifetime[134 weeks], average[148.58]
[Tue Dec  2 11:09:59 2025] >> SAMPLE[ 1154] lifetime[166 weeks], average[148.59]
[Tue Dec  2 11:10:00 2025] >> SAMPLE[ 1155] lifetime[177 weeks], average[148.62]
[Tue Dec  2 11:10:00 2025] >> SAMPLE[ 1156] lifetime[146 weeks], average[148.62]
[Tue Dec  2 11:10:01 2025] >> SAMPLE[ 1157] lifetime[205 weeks], average[148.66]
[Tue Dec  2 11:10:02 2025] >> SAMPLE[ 1158] lifetime[186 weeks], average[148.70]
[Tue Dec  2 11:10:03 2025] >> SAMPLE[ 1159] lifetime[182 weeks], average[148.72]
[Tue Dec  2 11:10:04 2025] >> SAMPLE[ 1160] lifetime[150 weeks], average[148.73]
[Tue Dec  2 11:10:04 2025] >> SAMPLE[ 1161] lifetime[171 weeks], average[148.75]
[Tue Dec  2 11:10:05 2025] >> SAMPLE[ 1162] lifetime[113 weeks], average[148.71]
[Tue Dec  2 11:10:06 2025] >> SAMPLE[ 1163] lifetime[144 weeks], average[148.71]
[Tue Dec  2 11:10:06 2025] >> SAMPLE[ 1164] lifetime[151 weeks], average[148.71]
[Tue Dec  2 11:10:07 2025] >> SAMPLE[ 1165] lifetime[137 weeks], average[148.70]
[Tue Dec  2 11:10:08 2025] >> SAMPLE[ 1166] lifetime[160 weeks], average[148.71]
[Tue Dec  2 11:10:09 2025] >> SAMPLE[ 1167] lifetime[178 weeks], average[148.74]
[Tue Dec  2 11:10:09 2025] >> SAMPLE[ 1168] lifetime[152 weeks], average[148.74]
[Tue Dec  2 11:10:10 2025] >> SAMPLE[ 1169] lifetime[143 weeks], average[148.74]
[Tue Dec  2 11:10:11 2025] >> SAMPLE[ 1170] lifetime[176 weeks], average[148.76]
[Tue Dec  2 11:10:11 2025] >> SAMPLE[ 1171] lifetime[101 weeks], average[148.72]
[Tue Dec  2 11:10:12 2025] >> SAMPLE[ 1172] lifetime[167 weeks], average[148.73]
[Tue Dec  2 11:10:13 2025] >> SAMPLE[ 1173] lifetime[128 weeks], average[148.72]
[Tue Dec  2 11:10:13 2025] >> SAMPLE[ 1174] lifetime[165 weeks], average[148.73]
[Tue Dec  2 11:10:14 2025] >> SAMPLE[ 1175] lifetime[137 weeks], average[148.72]
[Tue Dec  2 11:10:15 2025] >> SAMPLE[ 1176] lifetime[152 weeks], average[148.72]
[Tue Dec  2 11:10:15 2025] >> SAMPLE[ 1177] lifetime[153 weeks], average[148.73]
[Tue Dec  2 11:10:16 2025] >> SAMPLE[ 1178] lifetime[205 weeks], average[148.77]
[Tue Dec  2 11:10:17 2025] >> SAMPLE[ 1179] lifetime[184 weeks], average[148.80]
[Tue Dec  2 11:10:18 2025] >> SAMPLE[ 1180] lifetime[174 weeks], average[148.82]
[Tue Dec  2 11:10:19 2025] >> SAMPLE[ 1181] lifetime[164 weeks], average[148.84]
[Tue Dec  2 11:10:20 2025] >> SAMPLE[ 1182] lifetime[196 weeks], average[148.88]
[Tue Dec  2 11:10:21 2025] >> SAMPLE[ 1183] lifetime[150 weeks], average[148.88]
[Tue Dec  2 11:10:21 2025] >> SAMPLE[ 1184] lifetime[138 weeks], average[148.87]
[Tue Dec  2 11:10:22 2025] >> SAMPLE[ 1185] lifetime[140 weeks], average[148.86]
[Tue Dec  2 11:10:23 2025] >> SAMPLE[ 1186] lifetime[177 weeks], average[148.89]
[Tue Dec  2 11:10:23 2025] >> SAMPLE[ 1187] lifetime[134 weeks], average[148.87]
[Tue Dec  2 11:10:24 2025] >> SAMPLE[ 1188] lifetime[110 weeks], average[148.84]
[Tue Dec  2 11:10:24 2025] >> SAMPLE[ 1189] lifetime[136 weeks], average[148.83]
[Tue Dec  2 11:10:25 2025] >> SAMPLE[ 1190] lifetime[106 weeks], average[148.79]
[Tue Dec  2 11:10:25 2025] >> SAMPLE[ 1191] lifetime[ 86 weeks], average[148.74]
[Tue Dec  2 11:10:26 2025] >> SAMPLE[ 1192] lifetime[165 weeks], average[148.75]
[Tue Dec  2 11:10:27 2025] >> SAMPLE[ 1193] lifetime[181 weeks], average[148.78]
[Tue Dec  2 11:10:28 2025] >> SAMPLE[ 1194] lifetime[157 weeks], average[148.79]
[Tue Dec  2 11:10:28 2025] >> SAMPLE[ 1195] lifetime[151 weeks], average[148.79]
[Tue Dec  2 11:10:29 2025] >> SAMPLE[ 1196] lifetime[136 weeks], average[148.78]
[Tue Dec  2 11:10:30 2025] >> SAMPLE[ 1197] lifetime[196 weeks], average[148.82]
[Tue Dec  2 11:10:31 2025] >> SAMPLE[ 1198] lifetime[191 weeks], average[148.85]
[Tue Dec  2 11:10:32 2025] >> SAMPLE[ 1199] lifetime[188 weeks], average[148.89]
[Tue Dec  2 11:10:35 2025] >> Generating new alpha
[Tue Dec  2 11:10:35 2025] >> SAMPLE[ 1200] lifetime[118 weeks], average[148.86]
[Tue Dec  2 11:10:36 2025] >> SAMPLE[ 1201] lifetime[163 weeks], average[148.87]
[Tue Dec  2 11:10:37 2025] >> SAMPLE[ 1202] lifetime[164 weeks], average[148.89]
[Tue Dec  2 11:10:37 2025] >> SAMPLE[ 1203] lifetime[156 weeks], average[148.89]
[Tue Dec  2 11:10:38 2025] >> SAMPLE[ 1204] lifetime[119 weeks], average[148.87]
[Tue Dec  2 11:10:39 2025] >> SAMPLE[ 1205] lifetime[145 weeks], average[148.86]
[Tue Dec  2 11:10:39 2025] >> SAMPLE[ 1206] lifetime[175 weeks], average[148.88]
[Tue Dec  2 11:10:40 2025] >> SAMPLE[ 1207] lifetime[123 weeks], average[148.86]
[Tue Dec  2 11:10:40 2025] >> SAMPLE[ 1208] lifetime[121 weeks], average[148.84]
[Tue Dec  2 11:10:41 2025] >> SAMPLE[ 1209] lifetime[133 weeks], average[148.83]
[Tue Dec  2 11:10:42 2025] >> SAMPLE[ 1210] lifetime[154 weeks], average[148.83]
[Tue Dec  2 11:10:43 2025] >> SAMPLE[ 1211] lifetime[175 weeks], average[148.85]
[Tue Dec  2 11:10:43 2025] >> SAMPLE[ 1212] lifetime[116 weeks], average[148.83]
[Tue Dec  2 11:10:44 2025] >> SAMPLE[ 1213] lifetime[149 weeks], average[148.83]
[Tue Dec  2 11:10:45 2025] >> SAMPLE[ 1214] lifetime[165 weeks], average[148.84]
[Tue Dec  2 11:10:45 2025] >> SAMPLE[ 1215] lifetime[141 weeks], average[148.83]
[Tue Dec  2 11:10:46 2025] >> SAMPLE[ 1216] lifetime[137 weeks], average[148.82]
[Tue Dec  2 11:10:46 2025] >> SAMPLE[ 1217] lifetime[126 weeks], average[148.80]
[Tue Dec  2 11:10:47 2025] >> SAMPLE[ 1218] lifetime[123 weeks], average[148.78]
[Tue Dec  2 11:10:48 2025] >> SAMPLE[ 1219] lifetime[170 weeks], average[148.80]
[Tue Dec  2 11:10:48 2025] >> SAMPLE[ 1220] lifetime[131 weeks], average[148.79]
[Tue Dec  2 11:10:49 2025] >> SAMPLE[ 1221] lifetime[120 weeks], average[148.76]
[Tue Dec  2 11:10:50 2025] >> SAMPLE[ 1222] lifetime[164 weeks], average[148.78]
[Tue Dec  2 11:10:50 2025] >> SAMPLE[ 1223] lifetime[128 weeks], average[148.76]
[Tue Dec  2 11:10:51 2025] >> SAMPLE[ 1224] lifetime[171 weeks], average[148.78]
[Tue Dec  2 11:10:52 2025] >> SAMPLE[ 1225] lifetime[159 weeks], average[148.78]
[Tue Dec  2 11:10:53 2025] >> SAMPLE[ 1226] lifetime[151 weeks], average[148.79]
[Tue Dec  2 11:10:53 2025] >> SAMPLE[ 1227] lifetime[160 weeks], average[148.80]
[Tue Dec  2 11:10:54 2025] >> SAMPLE[ 1228] lifetime[148 weeks], average[148.79]
[Tue Dec  2 11:10:55 2025] >> SAMPLE[ 1229] lifetime[145 weeks], average[148.79]
[Tue Dec  2 11:10:56 2025] >> SAMPLE[ 1230] lifetime[181 weeks], average[148.82]
[Tue Dec  2 11:10:56 2025] >> SAMPLE[ 1231] lifetime[162 weeks], average[148.83]
[Tue Dec  2 11:10:57 2025] >> SAMPLE[ 1232] lifetime[143 weeks], average[148.82]
[Tue Dec  2 11:10:58 2025] >> SAMPLE[ 1233] lifetime[138 weeks], average[148.82]
[Tue Dec  2 11:10:58 2025] >> SAMPLE[ 1234] lifetime[134 weeks], average[148.80]
[Tue Dec  2 11:10:59 2025] >> SAMPLE[ 1235] lifetime[121 weeks], average[148.78]
[Tue Dec  2 11:11:00 2025] >> SAMPLE[ 1236] lifetime[211 weeks], average[148.83]
[Tue Dec  2 11:11:00 2025] >> SAMPLE[ 1237] lifetime[114 weeks], average[148.80]
[Tue Dec  2 11:11:01 2025] >> SAMPLE[ 1238] lifetime[143 weeks], average[148.80]
[Tue Dec  2 11:11:02 2025] >> SAMPLE[ 1239] lifetime[175 weeks], average[148.82]
[Tue Dec  2 11:11:02 2025] >> SAMPLE[ 1240] lifetime[140 weeks], average[148.81]
[Tue Dec  2 11:11:03 2025] >> SAMPLE[ 1241] lifetime[150 weeks], average[148.81]
[Tue Dec  2 11:11:04 2025] >> SAMPLE[ 1242] lifetime[137 weeks], average[148.80]
[Tue Dec  2 11:11:05 2025] >> SAMPLE[ 1243] lifetime[164 weeks], average[148.82]
[Tue Dec  2 11:11:05 2025] >> SAMPLE[ 1244] lifetime[129 weeks], average[148.80]
[Tue Dec  2 11:11:06 2025] >> SAMPLE[ 1245] lifetime[153 weeks], average[148.80]
[Tue Dec  2 11:11:07 2025] >> SAMPLE[ 1246] lifetime[168 weeks], average[148.82]
[Tue Dec  2 11:11:07 2025] >> SAMPLE[ 1247] lifetime[123 weeks], average[148.80]
[Tue Dec  2 11:11:08 2025] >> SAMPLE[ 1248] lifetime[177 weeks], average[148.82]
[Tue Dec  2 11:11:09 2025] >> SAMPLE[ 1249] lifetime[154 weeks], average[148.82]
[Tue Dec  2 11:11:10 2025] >> SAMPLE[ 1250] lifetime[169 weeks], average[148.84]
[Tue Dec  2 11:11:10 2025] >> SAMPLE[ 1251] lifetime[149 weeks], average[148.84]
[Tue Dec  2 11:11:11 2025] >> SAMPLE[ 1252] lifetime[143 weeks], average[148.84]
[Tue Dec  2 11:11:12 2025] >> SAMPLE[ 1253] lifetime[141 weeks], average[148.83]
[Tue Dec  2 11:11:12 2025] >> SAMPLE[ 1254] lifetime[152 weeks], average[148.83]
[Tue Dec  2 11:11:13 2025] >> SAMPLE[ 1255] lifetime[162 weeks], average[148.84]
[Tue Dec  2 11:11:14 2025] >> SAMPLE[ 1256] lifetime[128 weeks], average[148.83]
[Tue Dec  2 11:11:14 2025] >> SAMPLE[ 1257] lifetime[187 weeks], average[148.86]
[Tue Dec  2 11:11:15 2025] >> SAMPLE[ 1258] lifetime[203 weeks], average[148.90]
[Tue Dec  2 11:11:16 2025] >> SAMPLE[ 1259] lifetime[188 weeks], average[148.93]
[Tue Dec  2 11:11:17 2025] >> SAMPLE[ 1260] lifetime[169 weeks], average[148.95]
[Tue Dec  2 11:11:18 2025] >> SAMPLE[ 1261] lifetime[139 weeks], average[148.94]
[Tue Dec  2 11:11:18 2025] >> SAMPLE[ 1262] lifetime[157 weeks], average[148.95]
[Tue Dec  2 11:11:19 2025] >> SAMPLE[ 1263] lifetime[180 weeks], average[148.97]
[Tue Dec  2 11:11:20 2025] >> SAMPLE[ 1264] lifetime[137 weeks], average[148.96]
[Tue Dec  2 11:11:21 2025] >> SAMPLE[ 1265] lifetime[202 weeks], average[149.00]
[Tue Dec  2 11:11:21 2025] >> SAMPLE[ 1266] lifetime[129 weeks], average[148.99]
[Tue Dec  2 11:11:22 2025] >> SAMPLE[ 1267] lifetime[130 weeks], average[148.97]
[Tue Dec  2 11:11:23 2025] >> SAMPLE[ 1268] lifetime[154 weeks], average[148.98]
[Tue Dec  2 11:11:23 2025] >> SAMPLE[ 1269] lifetime[154 weeks], average[148.98]
[Tue Dec  2 11:11:24 2025] >> SAMPLE[ 1270] lifetime[130 weeks], average[148.96]
[Tue Dec  2 11:11:25 2025] >> SAMPLE[ 1271] lifetime[123 weeks], average[148.94]
[Tue Dec  2 11:11:25 2025] >> SAMPLE[ 1272] lifetime[125 weeks], average[148.93]
[Tue Dec  2 11:11:26 2025] >> SAMPLE[ 1273] lifetime[176 weeks], average[148.95]
[Tue Dec  2 11:11:27 2025] >> SAMPLE[ 1274] lifetime[164 weeks], average[148.96]
[Tue Dec  2 11:11:28 2025] >> SAMPLE[ 1275] lifetime[164 weeks], average[148.97]
[Tue Dec  2 11:11:28 2025] >> SAMPLE[ 1276] lifetime[112 weeks], average[148.94]
[Tue Dec  2 11:11:29 2025] >> SAMPLE[ 1277] lifetime[156 weeks], average[148.95]
[Tue Dec  2 11:11:29 2025] >> SAMPLE[ 1278] lifetime[147 weeks], average[148.95]
[Tue Dec  2 11:11:30 2025] >> SAMPLE[ 1279] lifetime[134 weeks], average[148.93]
[Tue Dec  2 11:11:31 2025] >> SAMPLE[ 1280] lifetime[142 weeks], average[148.93]
[Tue Dec  2 11:11:32 2025] >> SAMPLE[ 1281] lifetime[188 weeks], average[148.96]
[Tue Dec  2 11:11:33 2025] >> SAMPLE[ 1282] lifetime[186 weeks], average[148.99]
[Tue Dec  2 11:11:33 2025] >> SAMPLE[ 1283] lifetime[112 weeks], average[148.96]
[Tue Dec  2 11:11:34 2025] >> SAMPLE[ 1284] lifetime[157 weeks], average[148.96]
[Tue Dec  2 11:11:35 2025] >> SAMPLE[ 1285] lifetime[169 weeks], average[148.98]
[Tue Dec  2 11:11:35 2025] >> SAMPLE[ 1286] lifetime[138 weeks], average[148.97]
[Tue Dec  2 11:11:36 2025] >> SAMPLE[ 1287] lifetime[157 weeks], average[148.98]
[Tue Dec  2 11:11:37 2025] >> SAMPLE[ 1288] lifetime[136 weeks], average[148.97]
[Tue Dec  2 11:11:37 2025] >> SAMPLE[ 1289] lifetime[183 weeks], average[148.99]
[Tue Dec  2 11:11:38 2025] >> SAMPLE[ 1290] lifetime[144 weeks], average[148.99]
[Tue Dec  2 11:11:39 2025] >> SAMPLE[ 1291] lifetime[151 weeks], average[148.99]
[Tue Dec  2 11:11:40 2025] >> SAMPLE[ 1292] lifetime[178 weeks], average[149.01]
[Tue Dec  2 11:11:40 2025] >> SAMPLE[ 1293] lifetime[135 weeks], average[149.00]
[Tue Dec  2 11:11:41 2025] >> SAMPLE[ 1294] lifetime[155 weeks], average[149.01]
[Tue Dec  2 11:11:42 2025] >> SAMPLE[ 1295] lifetime[173 weeks], average[149.03]
[Tue Dec  2 11:11:43 2025] >> SAMPLE[ 1296] lifetime[178 weeks], average[149.05]
[Tue Dec  2 11:11:43 2025] >> SAMPLE[ 1297] lifetime[169 weeks], average[149.06]
[Tue Dec  2 11:11:44 2025] >> SAMPLE[ 1298] lifetime[129 weeks], average[149.05]
[Tue Dec  2 11:11:45 2025] >> SAMPLE[ 1299] lifetime[152 weeks], average[149.05]
[Tue Dec  2 11:11:47 2025] >> Generating new alpha
[Tue Dec  2 11:11:48 2025] >> SAMPLE[ 1300] lifetime[117 weeks], average[149.03]
[Tue Dec  2 11:11:49 2025] >> SAMPLE[ 1301] lifetime[158 weeks], average[149.03]
[Tue Dec  2 11:11:50 2025] >> SAMPLE[ 1302] lifetime[199 weeks], average[149.07]
[Tue Dec  2 11:11:50 2025] >> SAMPLE[ 1303] lifetime[156 weeks], average[149.08]
[Tue Dec  2 11:11:51 2025] >> SAMPLE[ 1304] lifetime[151 weeks], average[149.08]
[Tue Dec  2 11:11:52 2025] >> SAMPLE[ 1305] lifetime[133 weeks], average[149.07]
[Tue Dec  2 11:11:52 2025] >> SAMPLE[ 1306] lifetime[155 weeks], average[149.07]
[Tue Dec  2 11:11:53 2025] >> SAMPLE[ 1307] lifetime[142 weeks], average[149.07]
[Tue Dec  2 11:11:54 2025] >> SAMPLE[ 1308] lifetime[143 weeks], average[149.06]
[Tue Dec  2 11:11:54 2025] >> SAMPLE[ 1309] lifetime[139 weeks], average[149.05]
[Tue Dec  2 11:11:55 2025] >> SAMPLE[ 1310] lifetime[164 weeks], average[149.06]
[Tue Dec  2 11:11:56 2025] >> SAMPLE[ 1311] lifetime[142 weeks], average[149.06]
[Tue Dec  2 11:11:56 2025] >> SAMPLE[ 1312] lifetime[149 weeks], average[149.06]
[Tue Dec  2 11:11:57 2025] >> SAMPLE[ 1313] lifetime[153 weeks], average[149.06]
[Tue Dec  2 11:11:58 2025] >> SAMPLE[ 1314] lifetime[161 weeks], average[149.07]
[Tue Dec  2 11:11:58 2025] >> SAMPLE[ 1315] lifetime[141 weeks], average[149.07]
[Tue Dec  2 11:11:59 2025] >> SAMPLE[ 1316] lifetime[100 weeks], average[149.03]
[Tue Dec  2 11:12:00 2025] >> SAMPLE[ 1317] lifetime[173 weeks], average[149.05]
[Tue Dec  2 11:12:01 2025] >> SAMPLE[ 1318] lifetime[185 weeks], average[149.07]
[Tue Dec  2 11:12:01 2025] >> SAMPLE[ 1319] lifetime[160 weeks], average[149.08]
[Tue Dec  2 11:12:02 2025] >> SAMPLE[ 1320] lifetime[194 weeks], average[149.12]
[Tue Dec  2 11:12:03 2025] >> SAMPLE[ 1321] lifetime[130 weeks], average[149.10]
[Tue Dec  2 11:12:04 2025] >> SAMPLE[ 1322] lifetime[142 weeks], average[149.10]
[Tue Dec  2 11:12:04 2025] >> SAMPLE[ 1323] lifetime[191 weeks], average[149.13]
[Tue Dec  2 11:12:05 2025] >> SAMPLE[ 1324] lifetime[121 weeks], average[149.11]
[Tue Dec  2 11:12:06 2025] >> SAMPLE[ 1325] lifetime[156 weeks], average[149.11]
[Tue Dec  2 11:12:07 2025] >> SAMPLE[ 1326] lifetime[175 weeks], average[149.13]
[Tue Dec  2 11:12:07 2025] >> SAMPLE[ 1327] lifetime[173 weeks], average[149.15]
[Tue Dec  2 11:12:08 2025] >> SAMPLE[ 1328] lifetime[170 weeks], average[149.16]
[Tue Dec  2 11:12:09 2025] >> SAMPLE[ 1329] lifetime[112 weeks], average[149.14]
[Tue Dec  2 11:12:09 2025] >> SAMPLE[ 1330] lifetime[159 weeks], average[149.14]
[Tue Dec  2 11:12:10 2025] >> SAMPLE[ 1331] lifetime[145 weeks], average[149.14]
[Tue Dec  2 11:12:10 2025] >> SAMPLE[ 1332] lifetime[ 89 weeks], average[149.10]
[Tue Dec  2 11:12:11 2025] >> SAMPLE[ 1333] lifetime[127 weeks], average[149.08]
[Tue Dec  2 11:12:12 2025] >> SAMPLE[ 1334] lifetime[134 weeks], average[149.07]
[Tue Dec  2 11:12:12 2025] >> SAMPLE[ 1335] lifetime[151 weeks], average[149.07]
[Tue Dec  2 11:12:13 2025] >> SAMPLE[ 1336] lifetime[150 weeks], average[149.07]
[Tue Dec  2 11:12:14 2025] >> SAMPLE[ 1337] lifetime[152 weeks], average[149.07]
[Tue Dec  2 11:12:14 2025] >> SAMPLE[ 1338] lifetime[141 weeks], average[149.07]
[Tue Dec  2 11:12:15 2025] >> SAMPLE[ 1339] lifetime[171 weeks], average[149.08]
[Tue Dec  2 11:12:16 2025] >> SAMPLE[ 1340] lifetime[161 weeks], average[149.09]
[Tue Dec  2 11:12:17 2025] >> SAMPLE[ 1341] lifetime[150 weeks], average[149.09]
[Tue Dec  2 11:12:17 2025] >> SAMPLE[ 1342] lifetime[135 weeks], average[149.08]
[Tue Dec  2 11:12:18 2025] >> SAMPLE[ 1343] lifetime[119 weeks], average[149.06]
[Tue Dec  2 11:12:18 2025] >> SAMPLE[ 1344] lifetime[126 weeks], average[149.04]
[Tue Dec  2 11:12:19 2025] >> SAMPLE[ 1345] lifetime[119 weeks], average[149.02]
[Tue Dec  2 11:12:19 2025] >> SAMPLE[ 1346] lifetime[130 weeks], average[149.01]
[Tue Dec  2 11:12:20 2025] >> SAMPLE[ 1347] lifetime[152 weeks], average[149.01]
[Tue Dec  2 11:12:21 2025] >> SAMPLE[ 1348] lifetime[174 weeks], average[149.03]
[Tue Dec  2 11:12:22 2025] >> SAMPLE[ 1349] lifetime[148 weeks], average[149.03]
[Tue Dec  2 11:12:22 2025] >> SAMPLE[ 1350] lifetime[163 weeks], average[149.04]
[Tue Dec  2 11:12:23 2025] >> SAMPLE[ 1351] lifetime[163 weeks], average[149.05]
[Tue Dec  2 11:12:24 2025] >> SAMPLE[ 1352] lifetime[ 86 weeks], average[149.00]
[Tue Dec  2 11:12:24 2025] >> SAMPLE[ 1353] lifetime[156 weeks], average[149.01]
[Tue Dec  2 11:12:25 2025] >> SAMPLE[ 1354] lifetime[123 weeks], average[148.99]
[Tue Dec  2 11:12:26 2025] >> SAMPLE[ 1355] lifetime[168 weeks], average[149.00]
[Tue Dec  2 11:12:26 2025] >> SAMPLE[ 1356] lifetime[187 weeks], average[149.03]
[Tue Dec  2 11:12:27 2025] >> SAMPLE[ 1357] lifetime[147 weeks], average[149.03]
[Tue Dec  2 11:12:28 2025] >> SAMPLE[ 1358] lifetime[125 weeks], average[149.01]
[Tue Dec  2 11:12:28 2025] >> SAMPLE[ 1359] lifetime[159 weeks], average[149.02]
[Tue Dec  2 11:12:29 2025] >> SAMPLE[ 1360] lifetime[169 weeks], average[149.03]
[Tue Dec  2 11:12:30 2025] >> SAMPLE[ 1361] lifetime[135 weeks], average[149.02]
[Tue Dec  2 11:12:31 2025] >> SAMPLE[ 1362] lifetime[162 weeks], average[149.03]
[Tue Dec  2 11:12:31 2025] >> SAMPLE[ 1363] lifetime[150 weeks], average[149.03]
[Tue Dec  2 11:12:32 2025] >> SAMPLE[ 1364] lifetime[131 weeks], average[149.02]
[Tue Dec  2 11:12:32 2025] >> SAMPLE[ 1365] lifetime[127 weeks], average[149.00]
[Tue Dec  2 11:12:33 2025] >> SAMPLE[ 1366] lifetime[165 weeks], average[149.01]
[Tue Dec  2 11:12:34 2025] >> SAMPLE[ 1367] lifetime[141 weeks], average[149.01]
[Tue Dec  2 11:12:34 2025] >> SAMPLE[ 1368] lifetime[137 weeks], average[149.00]
[Tue Dec  2 11:12:35 2025] >> SAMPLE[ 1369] lifetime[153 weeks], average[149.00]
[Tue Dec  2 11:12:36 2025] >> SAMPLE[ 1370] lifetime[135 weeks], average[148.99]
[Tue Dec  2 11:12:36 2025] >> SAMPLE[ 1371] lifetime[141 weeks], average[148.99]
[Tue Dec  2 11:12:37 2025] >> SAMPLE[ 1372] lifetime[151 weeks], average[148.99]
[Tue Dec  2 11:12:38 2025] >> SAMPLE[ 1373] lifetime[147 weeks], average[148.99]
[Tue Dec  2 11:12:38 2025] >> SAMPLE[ 1374] lifetime[136 weeks], average[148.98]
[Tue Dec  2 11:12:39 2025] >> SAMPLE[ 1375] lifetime[158 weeks], average[148.98]
[Tue Dec  2 11:12:40 2025] >> SAMPLE[ 1376] lifetime[143 weeks], average[148.98]
[Tue Dec  2 11:12:40 2025] >> SAMPLE[ 1377] lifetime[144 weeks], average[148.97]
[Tue Dec  2 11:12:41 2025] >> SAMPLE[ 1378] lifetime[138 weeks], average[148.97]
[Tue Dec  2 11:12:41 2025] >> SAMPLE[ 1379] lifetime[ 97 weeks], average[148.93]
[Tue Dec  2 11:12:42 2025] >> SAMPLE[ 1380] lifetime[119 weeks], average[148.91]
[Tue Dec  2 11:12:43 2025] >> SAMPLE[ 1381] lifetime[198 weeks], average[148.94]
[Tue Dec  2 11:12:44 2025] >> SAMPLE[ 1382] lifetime[171 weeks], average[148.96]
[Tue Dec  2 11:12:45 2025] >> SAMPLE[ 1383] lifetime[196 weeks], average[148.99]
[Tue Dec  2 11:12:45 2025] >> SAMPLE[ 1384] lifetime[150 weeks], average[148.99]
[Tue Dec  2 11:12:46 2025] >> SAMPLE[ 1385] lifetime[166 weeks], average[149.01]
[Tue Dec  2 11:12:47 2025] >> SAMPLE[ 1386] lifetime[121 weeks], average[148.99]
[Tue Dec  2 11:12:48 2025] >> SAMPLE[ 1387] lifetime[190 weeks], average[149.02]
[Tue Dec  2 11:12:48 2025] >> SAMPLE[ 1388] lifetime[116 weeks], average[148.99]
[Tue Dec  2 11:12:49 2025] >> SAMPLE[ 1389] lifetime[147 weeks], average[148.99]
[Tue Dec  2 11:12:49 2025] >> SAMPLE[ 1390] lifetime[140 weeks], average[148.98]
[Tue Dec  2 11:12:50 2025] >> SAMPLE[ 1391] lifetime[137 weeks], average[148.97]
[Tue Dec  2 11:12:51 2025] >> SAMPLE[ 1392] lifetime[168 weeks], average[148.99]
[Tue Dec  2 11:12:51 2025] >> SAMPLE[ 1393] lifetime[156 weeks], average[148.99]
[Tue Dec  2 11:12:52 2025] >> SAMPLE[ 1394] lifetime[120 weeks], average[148.97]
[Tue Dec  2 11:12:53 2025] >> SAMPLE[ 1395] lifetime[162 weeks], average[148.98]
[Tue Dec  2 11:12:53 2025] >> SAMPLE[ 1396] lifetime[154 weeks], average[148.99]
[Tue Dec  2 11:12:54 2025] >> SAMPLE[ 1397] lifetime[110 weeks], average[148.96]
[Tue Dec  2 11:12:55 2025] >> SAMPLE[ 1398] lifetime[195 weeks], average[148.99]
[Tue Dec  2 11:12:56 2025] >> SAMPLE[ 1399] lifetime[162 weeks], average[149.00]
[Tue Dec  2 11:12:58 2025] >> Generating new alpha
[Tue Dec  2 11:12:59 2025] >> SAMPLE[ 1400] lifetime[151 weeks], average[149.00]
[Tue Dec  2 11:13:00 2025] >> SAMPLE[ 1401] lifetime[116 weeks], average[148.98]
[Tue Dec  2 11:13:01 2025] >> SAMPLE[ 1402] lifetime[209 weeks], average[149.02]
[Tue Dec  2 11:13:01 2025] >> SAMPLE[ 1403] lifetime[127 weeks], average[149.00]
[Tue Dec  2 11:13:02 2025] >> SAMPLE[ 1404] lifetime[132 weeks], average[148.99]
[Tue Dec  2 11:13:03 2025] >> SAMPLE[ 1405] lifetime[190 weeks], average[149.02]
[Tue Dec  2 11:13:03 2025] >> SAMPLE[ 1406] lifetime[129 weeks], average[149.01]
[Tue Dec  2 11:13:04 2025] >> SAMPLE[ 1407] lifetime[139 weeks], average[149.00]
[Tue Dec  2 11:13:05 2025] >> SAMPLE[ 1408] lifetime[152 weeks], average[149.00]
[Tue Dec  2 11:13:05 2025] >> SAMPLE[ 1409] lifetime[173 weeks], average[149.02]
[Tue Dec  2 11:13:06 2025] >> SAMPLE[ 1410] lifetime[111 weeks], average[148.99]
[Tue Dec  2 11:13:07 2025] >> SAMPLE[ 1411] lifetime[106 weeks], average[148.96]
[Tue Dec  2 11:13:07 2025] >> SAMPLE[ 1412] lifetime[144 weeks], average[148.96]
[Tue Dec  2 11:13:08 2025] >> SAMPLE[ 1413] lifetime[137 weeks], average[148.95]
[Tue Dec  2 11:13:09 2025] >> SAMPLE[ 1414] lifetime[161 weeks], average[148.96]
[Tue Dec  2 11:13:09 2025] >> SAMPLE[ 1415] lifetime[168 weeks], average[148.97]
[Tue Dec  2 11:13:10 2025] >> SAMPLE[ 1416] lifetime[118 weeks], average[148.95]
[Tue Dec  2 11:13:11 2025] >> SAMPLE[ 1417] lifetime[201 weeks], average[148.99]
[Tue Dec  2 11:13:11 2025] >> SAMPLE[ 1418] lifetime[121 weeks], average[148.97]
[Tue Dec  2 11:13:12 2025] >> SAMPLE[ 1419] lifetime[171 weeks], average[148.98]
[Tue Dec  2 11:13:13 2025] >> SAMPLE[ 1420] lifetime[148 weeks], average[148.98]
[Tue Dec  2 11:13:14 2025] >> SAMPLE[ 1421] lifetime[161 weeks], average[148.99]
[Tue Dec  2 11:13:14 2025] >> SAMPLE[ 1422] lifetime[108 weeks], average[148.96]
[Tue Dec  2 11:13:15 2025] >> SAMPLE[ 1423] lifetime[149 weeks], average[148.96]
[Tue Dec  2 11:13:16 2025] >> SAMPLE[ 1424] lifetime[148 weeks], average[148.96]
[Tue Dec  2 11:13:16 2025] >> SAMPLE[ 1425] lifetime[151 weeks], average[148.96]
[Tue Dec  2 11:13:17 2025] >> SAMPLE[ 1426] lifetime[141 weeks], average[148.96]
[Tue Dec  2 11:13:18 2025] >> SAMPLE[ 1427] lifetime[173 weeks], average[148.97]
[Tue Dec  2 11:13:18 2025] >> SAMPLE[ 1428] lifetime[111 weeks], average[148.95]
[Tue Dec  2 11:13:19 2025] >> SAMPLE[ 1429] lifetime[115 weeks], average[148.92]
[Tue Dec  2 11:13:19 2025] >> SAMPLE[ 1430] lifetime[168 weeks], average[148.94]
[Tue Dec  2 11:13:20 2025] >> SAMPLE[ 1431] lifetime[138 weeks], average[148.93]
[Tue Dec  2 11:13:21 2025] >> SAMPLE[ 1432] lifetime[161 weeks], average[148.94]
[Tue Dec  2 11:13:22 2025] >> SAMPLE[ 1433] lifetime[163 weeks], average[148.95]
[Tue Dec  2 11:13:22 2025] >> SAMPLE[ 1434] lifetime[149 weeks], average[148.95]
[Tue Dec  2 11:13:23 2025] >> SAMPLE[ 1435] lifetime[107 weeks], average[148.92]
[Tue Dec  2 11:13:23 2025] >> SAMPLE[ 1436] lifetime[118 weeks], average[148.90]
[Tue Dec  2 11:13:24 2025] >> SAMPLE[ 1437] lifetime[111 weeks], average[148.87]
[Tue Dec  2 11:13:24 2025] >> SAMPLE[ 1438] lifetime[140 weeks], average[148.86]
[Tue Dec  2 11:13:25 2025] >> SAMPLE[ 1439] lifetime[149 weeks], average[148.86]
[Tue Dec  2 11:13:26 2025] >> SAMPLE[ 1440] lifetime[184 weeks], average[148.89]
[Tue Dec  2 11:13:27 2025] >> SAMPLE[ 1441] lifetime[163 weeks], average[148.90]
[Tue Dec  2 11:13:28 2025] >> SAMPLE[ 1442] lifetime[171 weeks], average[148.91]
[Tue Dec  2 11:13:28 2025] >> SAMPLE[ 1443] lifetime[169 weeks], average[148.93]
[Tue Dec  2 11:13:29 2025] >> SAMPLE[ 1444] lifetime[152 weeks], average[148.93]
[Tue Dec  2 11:13:30 2025] >> SAMPLE[ 1445] lifetime[195 weeks], average[148.96]
[Tue Dec  2 11:13:31 2025] >> SAMPLE[ 1446] lifetime[147 weeks], average[148.96]
[Tue Dec  2 11:13:31 2025] >> SAMPLE[ 1447] lifetime[148 weeks], average[148.96]
[Tue Dec  2 11:13:32 2025] >> SAMPLE[ 1448] lifetime[167 weeks], average[148.97]
[Tue Dec  2 11:13:33 2025] >> SAMPLE[ 1449] lifetime[134 weeks], average[148.96]
[Tue Dec  2 11:13:33 2025] >> SAMPLE[ 1450] lifetime[120 weeks], average[148.94]
[Tue Dec  2 11:13:34 2025] >> SAMPLE[ 1451] lifetime[170 weeks], average[148.96]
[Tue Dec  2 11:13:35 2025] >> SAMPLE[ 1452] lifetime[138 weeks], average[148.95]
[Tue Dec  2 11:13:35 2025] >> SAMPLE[ 1453] lifetime[118 weeks], average[148.93]
[Tue Dec  2 11:13:36 2025] >> SAMPLE[ 1454] lifetime[163 weeks], average[148.94]
[Tue Dec  2 11:13:37 2025] >> SAMPLE[ 1455] lifetime[159 weeks], average[148.94]
[Tue Dec  2 11:13:37 2025] >> SAMPLE[ 1456] lifetime[160 weeks], average[148.95]
[Tue Dec  2 11:13:38 2025] >> SAMPLE[ 1457] lifetime[150 weeks], average[148.95]
[Tue Dec  2 11:13:39 2025] >> SAMPLE[ 1458] lifetime[126 weeks], average[148.94]
[Tue Dec  2 11:13:39 2025] >> SAMPLE[ 1459] lifetime[152 weeks], average[148.94]
[Tue Dec  2 11:13:40 2025] >> SAMPLE[ 1460] lifetime[115 weeks], average[148.92]
[Tue Dec  2 11:13:40 2025] >> SAMPLE[ 1461] lifetime[125 weeks], average[148.90]
[Tue Dec  2 11:13:41 2025] >> SAMPLE[ 1462] lifetime[177 weeks], average[148.92]
[Tue Dec  2 11:13:42 2025] >> SAMPLE[ 1463] lifetime[133 weeks], average[148.91]
[Tue Dec  2 11:13:43 2025] >> SAMPLE[ 1464] lifetime[172 weeks], average[148.92]
[Tue Dec  2 11:13:44 2025] >> SAMPLE[ 1465] lifetime[183 weeks], average[148.95]
[Tue Dec  2 11:13:44 2025] >> SAMPLE[ 1466] lifetime[164 weeks], average[148.96]
[Tue Dec  2 11:13:45 2025] >> SAMPLE[ 1467] lifetime[172 weeks], average[148.97]
[Tue Dec  2 11:13:46 2025] >> SAMPLE[ 1468] lifetime[120 weeks], average[148.95]
[Tue Dec  2 11:13:46 2025] >> SAMPLE[ 1469] lifetime[140 weeks], average[148.95]
[Tue Dec  2 11:13:47 2025] >> SAMPLE[ 1470] lifetime[135 weeks], average[148.94]
[Tue Dec  2 11:13:48 2025] >> SAMPLE[ 1471] lifetime[180 weeks], average[148.96]
[Tue Dec  2 11:13:48 2025] >> SAMPLE[ 1472] lifetime[147 weeks], average[148.96]
[Tue Dec  2 11:13:49 2025] >> SAMPLE[ 1473] lifetime[152 weeks], average[148.96]
[Tue Dec  2 11:13:50 2025] >> SAMPLE[ 1474] lifetime[118 weeks], average[148.94]
[Tue Dec  2 11:13:50 2025] >> SAMPLE[ 1475] lifetime[116 weeks], average[148.92]
[Tue Dec  2 11:13:51 2025] >> SAMPLE[ 1476] lifetime[115 weeks], average[148.89]
[Tue Dec  2 11:13:51 2025] >> SAMPLE[ 1477] lifetime[ 69 weeks], average[148.84]
[Tue Dec  2 11:13:52 2025] >> SAMPLE[ 1478] lifetime[148 weeks], average[148.84]
[Tue Dec  2 11:13:52 2025] >> SAMPLE[ 1479] lifetime[121 weeks], average[148.82]
[Tue Dec  2 11:13:53 2025] >> SAMPLE[ 1480] lifetime[183 weeks], average[148.84]
[Tue Dec  2 11:13:54 2025] >> SAMPLE[ 1481] lifetime[141 weeks], average[148.84]
[Tue Dec  2 11:13:54 2025] >> SAMPLE[ 1482] lifetime[168 weeks], average[148.85]
[Tue Dec  2 11:13:55 2025] >> SAMPLE[ 1483] lifetime[133 weeks], average[148.84]
[Tue Dec  2 11:13:56 2025] >> SAMPLE[ 1484] lifetime[191 weeks], average[148.87]
[Tue Dec  2 11:13:57 2025] >> SAMPLE[ 1485] lifetime[154 weeks], average[148.87]
[Tue Dec  2 11:13:57 2025] >> SAMPLE[ 1486] lifetime[160 weeks], average[148.88]
[Tue Dec  2 11:13:58 2025] >> SAMPLE[ 1487] lifetime[158 weeks], average[148.89]
[Tue Dec  2 11:13:59 2025] >> SAMPLE[ 1488] lifetime[121 weeks], average[148.87]
[Tue Dec  2 11:13:59 2025] >> SAMPLE[ 1489] lifetime[166 weeks], average[148.88]
[Tue Dec  2 11:14:00 2025] >> SAMPLE[ 1490] lifetime[137 weeks], average[148.87]
[Tue Dec  2 11:14:01 2025] >> SAMPLE[ 1491] lifetime[176 weeks], average[148.89]
[Tue Dec  2 11:14:02 2025] >> SAMPLE[ 1492] lifetime[176 weeks], average[148.91]
[Tue Dec  2 11:14:03 2025] >> SAMPLE[ 1493] lifetime[198 weeks], average[148.94]
[Tue Dec  2 11:14:03 2025] >> SAMPLE[ 1494] lifetime[122 weeks], average[148.92]
[Tue Dec  2 11:14:04 2025] >> SAMPLE[ 1495] lifetime[132 weeks], average[148.91]
[Tue Dec  2 11:14:04 2025] >> SAMPLE[ 1496] lifetime[125 weeks], average[148.89]
[Tue Dec  2 11:14:05 2025] >> SAMPLE[ 1497] lifetime[195 weeks], average[148.92]
[Tue Dec  2 11:14:06 2025] >> SAMPLE[ 1498] lifetime[100 weeks], average[148.89]
[Tue Dec  2 11:14:07 2025] >> SAMPLE[ 1499] lifetime[154 weeks], average[148.90]
[Tue Dec  2 11:14:09 2025] >> Generating new alpha
[Tue Dec  2 11:14:10 2025] >> SAMPLE[ 1500] lifetime[147 weeks], average[148.89]
[Tue Dec  2 11:14:11 2025] >> SAMPLE[ 1501] lifetime[175 weeks], average[148.91]
[Tue Dec  2 11:14:11 2025] >> SAMPLE[ 1502] lifetime[131 weeks], average[148.90]
[Tue Dec  2 11:14:12 2025] >> SAMPLE[ 1503] lifetime[151 weeks], average[148.90]
[Tue Dec  2 11:14:13 2025] >> SAMPLE[ 1504] lifetime[146 weeks], average[148.90]
[Tue Dec  2 11:14:13 2025] >> SAMPLE[ 1505] lifetime[149 weeks], average[148.90]
[Tue Dec  2 11:14:14 2025] >> SAMPLE[ 1506] lifetime[127 weeks], average[148.88]
[Tue Dec  2 11:14:15 2025] >> SAMPLE[ 1507] lifetime[169 weeks], average[148.90]
[Tue Dec  2 11:14:15 2025] >> SAMPLE[ 1508] lifetime[150 weeks], average[148.90]
[Tue Dec  2 11:14:16 2025] >> SAMPLE[ 1509] lifetime[132 weeks], average[148.89]
[Tue Dec  2 11:14:17 2025] >> SAMPLE[ 1510] lifetime[122 weeks], average[148.87]
[Tue Dec  2 11:14:17 2025] >> SAMPLE[ 1511] lifetime[169 weeks], average[148.88]
[Tue Dec  2 11:14:18 2025] >> SAMPLE[ 1512] lifetime[201 weeks], average[148.92]
[Tue Dec  2 11:14:19 2025] >> SAMPLE[ 1513] lifetime[186 weeks], average[148.94]
[Tue Dec  2 11:14:20 2025] >> SAMPLE[ 1514] lifetime[166 weeks], average[148.95]
[Tue Dec  2 11:14:21 2025] >> SAMPLE[ 1515] lifetime[127 weeks], average[148.94]
[Tue Dec  2 11:14:21 2025] >> SAMPLE[ 1516] lifetime[175 weeks], average[148.96]
[Tue Dec  2 11:14:22 2025] >> SAMPLE[ 1517] lifetime[155 weeks], average[148.96]
[Tue Dec  2 11:14:23 2025] >> SAMPLE[ 1518] lifetime[145 weeks], average[148.96]
[Tue Dec  2 11:14:23 2025] >> SAMPLE[ 1519] lifetime[135 weeks], average[148.95]
[Tue Dec  2 11:14:24 2025] >> SAMPLE[ 1520] lifetime[155 weeks], average[148.95]
[Tue Dec  2 11:14:25 2025] >> SAMPLE[ 1521] lifetime[139 weeks], average[148.95]
[Tue Dec  2 11:14:25 2025] >> SAMPLE[ 1522] lifetime[129 weeks], average[148.93]
[Tue Dec  2 11:14:26 2025] >> SAMPLE[ 1523] lifetime[121 weeks], average[148.91]
[Tue Dec  2 11:14:26 2025] >> SAMPLE[ 1524] lifetime[133 weeks], average[148.90]
[Tue Dec  2 11:14:27 2025] >> SAMPLE[ 1525] lifetime[134 weeks], average[148.89]
[Tue Dec  2 11:14:28 2025] >> SAMPLE[ 1526] lifetime[160 weeks], average[148.90]
[Tue Dec  2 11:14:28 2025] >> SAMPLE[ 1527] lifetime[117 weeks], average[148.88]
[Tue Dec  2 11:14:29 2025] >> SAMPLE[ 1528] lifetime[158 weeks], average[148.89]
[Tue Dec  2 11:14:30 2025] >> SAMPLE[ 1529] lifetime[126 weeks], average[148.87]
[Tue Dec  2 11:14:30 2025] >> SAMPLE[ 1530] lifetime[142 weeks], average[148.87]
[Tue Dec  2 11:14:31 2025] >> SAMPLE[ 1531] lifetime[135 weeks], average[148.86]
[Tue Dec  2 11:14:32 2025] >> SAMPLE[ 1532] lifetime[208 weeks], average[148.90]
[Tue Dec  2 11:14:33 2025] >> SAMPLE[ 1533] lifetime[147 weeks], average[148.90]
[Tue Dec  2 11:14:33 2025] >> SAMPLE[ 1534] lifetime[174 weeks], average[148.91]
[Tue Dec  2 11:14:34 2025] >> SAMPLE[ 1535] lifetime[147 weeks], average[148.91]
[Tue Dec  2 11:14:35 2025] >> SAMPLE[ 1536] lifetime[140 weeks], average[148.90]
[Tue Dec  2 11:14:36 2025] >> SAMPLE[ 1537] lifetime[173 weeks], average[148.92]
[Tue Dec  2 11:14:36 2025] >> SAMPLE[ 1538] lifetime[170 weeks], average[148.93]
[Tue Dec  2 11:14:37 2025] >> SAMPLE[ 1539] lifetime[177 weeks], average[148.95]
[Tue Dec  2 11:14:38 2025] >> SAMPLE[ 1540] lifetime[171 weeks], average[148.97]
[Tue Dec  2 11:14:39 2025] >> SAMPLE[ 1541] lifetime[129 weeks], average[148.95]
[Tue Dec  2 11:14:39 2025] >> SAMPLE[ 1542] lifetime[179 weeks], average[148.97]
[Tue Dec  2 11:14:40 2025] >> SAMPLE[ 1543] lifetime[114 weeks], average[148.95]
[Tue Dec  2 11:14:41 2025] >> SAMPLE[ 1544] lifetime[171 weeks], average[148.96]
[Tue Dec  2 11:14:41 2025] >> SAMPLE[ 1545] lifetime[107 weeks], average[148.94]
[Tue Dec  2 11:14:42 2025] >> SAMPLE[ 1546] lifetime[130 weeks], average[148.93]
[Tue Dec  2 11:14:42 2025] >> SAMPLE[ 1547] lifetime[132 weeks], average[148.91]
[Tue Dec  2 11:14:43 2025] >> SAMPLE[ 1548] lifetime[187 weeks], average[148.94]
[Tue Dec  2 11:14:44 2025] >> SAMPLE[ 1549] lifetime[110 weeks], average[148.91]
[Tue Dec  2 11:14:44 2025] >> SAMPLE[ 1550] lifetime[155 weeks], average[148.92]
[Tue Dec  2 11:14:45 2025] >> SAMPLE[ 1551] lifetime[140 weeks], average[148.91]
[Tue Dec  2 11:14:46 2025] >> SAMPLE[ 1552] lifetime[107 weeks], average[148.88]
[Tue Dec  2 11:14:46 2025] >> SAMPLE[ 1553] lifetime[131 weeks], average[148.87]
[Tue Dec  2 11:14:47 2025] >> SAMPLE[ 1554] lifetime[168 weeks], average[148.89]
[Tue Dec  2 11:14:48 2025] >> SAMPLE[ 1555] lifetime[129 weeks], average[148.87]
[Tue Dec  2 11:14:48 2025] >> SAMPLE[ 1556] lifetime[110 weeks], average[148.85]
[Tue Dec  2 11:14:49 2025] >> SAMPLE[ 1557] lifetime[200 weeks], average[148.88]
[Tue Dec  2 11:14:50 2025] >> SAMPLE[ 1558] lifetime[165 weeks], average[148.89]
[Tue Dec  2 11:14:51 2025] >> SAMPLE[ 1559] lifetime[171 weeks], average[148.91]
[Tue Dec  2 11:14:52 2025] >> SAMPLE[ 1560] lifetime[205 weeks], average[148.94]
[Tue Dec  2 11:14:52 2025] >> SAMPLE[ 1561] lifetime[139 weeks], average[148.93]
[Tue Dec  2 11:14:53 2025] >> SAMPLE[ 1562] lifetime[176 weeks], average[148.95]
[Tue Dec  2 11:14:54 2025] >> SAMPLE[ 1563] lifetime[194 weeks], average[148.98]
[Tue Dec  2 11:14:55 2025] >> SAMPLE[ 1564] lifetime[156 weeks], average[148.99]
[Tue Dec  2 11:14:56 2025] >> SAMPLE[ 1565] lifetime[196 weeks], average[149.02]
[Tue Dec  2 11:14:56 2025] >> SAMPLE[ 1566] lifetime[135 weeks], average[149.01]
[Tue Dec  2 11:14:57 2025] >> SAMPLE[ 1567] lifetime[138 weeks], average[149.00]
[Tue Dec  2 11:14:58 2025] >> SAMPLE[ 1568] lifetime[189 weeks], average[149.02]
[Tue Dec  2 11:14:59 2025] >> SAMPLE[ 1569] lifetime[159 weeks], average[149.03]
[Tue Dec  2 11:14:59 2025] >> SAMPLE[ 1570] lifetime[147 weeks], average[149.03]
[Tue Dec  2 11:15:00 2025] >> SAMPLE[ 1571] lifetime[154 weeks], average[149.03]
[Tue Dec  2 11:15:01 2025] >> SAMPLE[ 1572] lifetime[156 weeks], average[149.04]
[Tue Dec  2 11:15:01 2025] >> SAMPLE[ 1573] lifetime[133 weeks], average[149.03]
[Tue Dec  2 11:15:02 2025] >> SAMPLE[ 1574] lifetime[127 weeks], average[149.01]
[Tue Dec  2 11:15:03 2025] >> SAMPLE[ 1575] lifetime[166 weeks], average[149.02]
[Tue Dec  2 11:15:03 2025] >> SAMPLE[ 1576] lifetime[153 weeks], average[149.03]
[Tue Dec  2 11:15:04 2025] >> SAMPLE[ 1577] lifetime[157 weeks], average[149.03]
[Tue Dec  2 11:15:05 2025] >> SAMPLE[ 1578] lifetime[136 weeks], average[149.02]
[Tue Dec  2 11:15:05 2025] >> SAMPLE[ 1579] lifetime[145 weeks], average[149.02]
[Tue Dec  2 11:15:06 2025] >> SAMPLE[ 1580] lifetime[127 weeks], average[149.01]
[Tue Dec  2 11:15:07 2025] >> SAMPLE[ 1581] lifetime[151 weeks], average[149.01]
[Tue Dec  2 11:15:07 2025] >> SAMPLE[ 1582] lifetime[149 weeks], average[149.01]
[Tue Dec  2 11:15:08 2025] >> SAMPLE[ 1583] lifetime[153 weeks], average[149.01]
[Tue Dec  2 11:15:09 2025] >> SAMPLE[ 1584] lifetime[152 weeks], average[149.01]
[Tue Dec  2 11:15:09 2025] >> SAMPLE[ 1585] lifetime[140 weeks], average[149.01]
[Tue Dec  2 11:15:10 2025] >> SAMPLE[ 1586] lifetime[143 weeks], average[149.00]
[Tue Dec  2 11:15:11 2025] >> SAMPLE[ 1587] lifetime[156 weeks], average[149.01]
[Tue Dec  2 11:15:11 2025] >> SAMPLE[ 1588] lifetime[155 weeks], average[149.01]
[Tue Dec  2 11:15:12 2025] >> SAMPLE[ 1589] lifetime[150 weeks], average[149.01]
[Tue Dec  2 11:15:13 2025] >> SAMPLE[ 1590] lifetime[149 weeks], average[149.01]
[Tue Dec  2 11:15:13 2025] >> SAMPLE[ 1591] lifetime[124 weeks], average[149.00]
[Tue Dec  2 11:15:14 2025] >> SAMPLE[ 1592] lifetime[152 weeks], average[149.00]
[Tue Dec  2 11:15:15 2025] >> SAMPLE[ 1593] lifetime[183 weeks], average[149.02]
[Tue Dec  2 11:15:16 2025] >> SAMPLE[ 1594] lifetime[146 weeks], average[149.02]
[Tue Dec  2 11:15:16 2025] >> SAMPLE[ 1595] lifetime[160 weeks], average[149.02]
[Tue Dec  2 11:15:17 2025] >> SAMPLE[ 1596] lifetime[120 weeks], average[149.01]
[Tue Dec  2 11:15:18 2025] >> SAMPLE[ 1597] lifetime[176 weeks], average[149.02]
[Tue Dec  2 11:15:18 2025] >> SAMPLE[ 1598] lifetime[127 weeks], average[149.01]
[Tue Dec  2 11:15:19 2025] >> SAMPLE[ 1599] lifetime[161 weeks], average[149.02]
[Tue Dec  2 11:15:22 2025] >> Generating new alpha
[Tue Dec  2 11:15:22 2025] >> SAMPLE[ 1600] lifetime[165 weeks], average[149.03]
[Tue Dec  2 11:15:23 2025] >> SAMPLE[ 1601] lifetime[109 weeks], average[149.00]
[Tue Dec  2 11:15:23 2025] >> SAMPLE[ 1602] lifetime[111 weeks], average[148.98]
[Tue Dec  2 11:15:24 2025] >> SAMPLE[ 1603] lifetime[129 weeks], average[148.97]
[Tue Dec  2 11:15:25 2025] >> SAMPLE[ 1604] lifetime[154 weeks], average[148.97]
[Tue Dec  2 11:15:25 2025] >> SAMPLE[ 1605] lifetime[160 weeks], average[148.98]
[Tue Dec  2 11:15:26 2025] >> SAMPLE[ 1606] lifetime[167 weeks], average[148.99]
[Tue Dec  2 11:15:27 2025] >> SAMPLE[ 1607] lifetime[119 weeks], average[148.97]
[Tue Dec  2 11:15:27 2025] >> SAMPLE[ 1608] lifetime[136 weeks], average[148.96]
[Tue Dec  2 11:15:28 2025] >> SAMPLE[ 1609] lifetime[112 weeks], average[148.94]
[Tue Dec  2 11:15:28 2025] >> SAMPLE[ 1610] lifetime[125 weeks], average[148.92]
[Tue Dec  2 11:15:29 2025] >> SAMPLE[ 1611] lifetime[170 weeks], average[148.94]
[Tue Dec  2 11:15:30 2025] >> SAMPLE[ 1612] lifetime[133 weeks], average[148.93]
[Tue Dec  2 11:15:30 2025] >> SAMPLE[ 1613] lifetime[137 weeks], average[148.92]
[Tue Dec  2 11:15:31 2025] >> SAMPLE[ 1614] lifetime[165 weeks], average[148.93]
[Tue Dec  2 11:15:32 2025] >> SAMPLE[ 1615] lifetime[124 weeks], average[148.91]
[Tue Dec  2 11:15:33 2025] >> SAMPLE[ 1616] lifetime[197 weeks], average[148.94]
[Tue Dec  2 11:15:33 2025] >> SAMPLE[ 1617] lifetime[125 weeks], average[148.93]
[Tue Dec  2 11:15:34 2025] >> SAMPLE[ 1618] lifetime[207 weeks], average[148.96]
[Tue Dec  2 11:15:35 2025] >> SAMPLE[ 1619] lifetime[175 weeks], average[148.98]
[Tue Dec  2 11:15:36 2025] >> SAMPLE[ 1620] lifetime[166 weeks], average[148.99]
[Tue Dec  2 11:15:37 2025] >> SAMPLE[ 1621] lifetime[144 weeks], average[148.99]
[Tue Dec  2 11:15:37 2025] >> SAMPLE[ 1622] lifetime[191 weeks], average[149.01]
[Tue Dec  2 11:15:38 2025] >> SAMPLE[ 1623] lifetime[133 weeks], average[149.00]
[Tue Dec  2 11:15:39 2025] >> SAMPLE[ 1624] lifetime[144 weeks], average[149.00]
[Tue Dec  2 11:15:39 2025] >> SAMPLE[ 1625] lifetime[165 weeks], average[149.01]
[Tue Dec  2 11:15:40 2025] >> SAMPLE[ 1626] lifetime[163 weeks], average[149.02]
[Tue Dec  2 11:15:41 2025] >> SAMPLE[ 1627] lifetime[159 weeks], average[149.02]
[Tue Dec  2 11:15:42 2025] >> SAMPLE[ 1628] lifetime[137 weeks], average[149.02]
[Tue Dec  2 11:15:42 2025] >> SAMPLE[ 1629] lifetime[172 weeks], average[149.03]
[Tue Dec  2 11:15:43 2025] >> SAMPLE[ 1630] lifetime[ 89 weeks], average[148.99]
[Tue Dec  2 11:15:44 2025] >> SAMPLE[ 1631] lifetime[193 weeks], average[149.02]
[Tue Dec  2 11:15:45 2025] >> SAMPLE[ 1632] lifetime[183 weeks], average[149.04]
[Tue Dec  2 11:15:45 2025] >> SAMPLE[ 1633] lifetime[155 weeks], average[149.05]
[Tue Dec  2 11:15:46 2025] >> SAMPLE[ 1634] lifetime[138 weeks], average[149.04]
[Tue Dec  2 11:15:47 2025] >> SAMPLE[ 1635] lifetime[167 weeks], average[149.05]
[Tue Dec  2 11:15:47 2025] >> SAMPLE[ 1636] lifetime[144 weeks], average[149.05]
[Tue Dec  2 11:15:48 2025] >> SAMPLE[ 1637] lifetime[182 weeks], average[149.07]
[Tue Dec  2 11:15:49 2025] >> SAMPLE[ 1638] lifetime[126 weeks], average[149.05]
[Tue Dec  2 11:15:50 2025] >> SAMPLE[ 1639] lifetime[159 weeks], average[149.06]
[Tue Dec  2 11:15:50 2025] >> SAMPLE[ 1640] lifetime[155 weeks], average[149.06]
[Tue Dec  2 11:15:51 2025] >> SAMPLE[ 1641] lifetime[103 weeks], average[149.03]
[Tue Dec  2 11:15:51 2025] >> SAMPLE[ 1642] lifetime[127 weeks], average[149.02]
[Tue Dec  2 11:15:52 2025] >> SAMPLE[ 1643] lifetime[186 weeks], average[149.04]
[Tue Dec  2 11:15:53 2025] >> SAMPLE[ 1644] lifetime[125 weeks], average[149.03]
[Tue Dec  2 11:15:53 2025] >> SAMPLE[ 1645] lifetime[136 weeks], average[149.02]
[Tue Dec  2 11:15:54 2025] >> SAMPLE[ 1646] lifetime[159 weeks], average[149.03]
[Tue Dec  2 11:15:55 2025] >> SAMPLE[ 1647] lifetime[148 weeks], average[149.03]
[Tue Dec  2 11:15:55 2025] >> SAMPLE[ 1648] lifetime[ 97 weeks], average[149.00]
[Tue Dec  2 11:15:56 2025] >> SAMPLE[ 1649] lifetime[122 weeks], average[148.98]
[Tue Dec  2 11:15:56 2025] >> SAMPLE[ 1650] lifetime[130 weeks], average[148.97]
[Tue Dec  2 11:15:57 2025] >> SAMPLE[ 1651] lifetime[142 weeks], average[148.96]
[Tue Dec  2 11:15:58 2025] >> SAMPLE[ 1652] lifetime[136 weeks], average[148.96]
[Tue Dec  2 11:15:58 2025] >> SAMPLE[ 1653] lifetime[143 weeks], average[148.95]
[Tue Dec  2 11:15:59 2025] >> SAMPLE[ 1654] lifetime[126 weeks], average[148.94]
[Tue Dec  2 11:15:59 2025] >> SAMPLE[ 1655] lifetime[128 weeks], average[148.93]
[Tue Dec  2 11:16:00 2025] >> SAMPLE[ 1656] lifetime[126 weeks], average[148.91]
[Tue Dec  2 11:16:01 2025] >> SAMPLE[ 1657] lifetime[148 weeks], average[148.91]
[Tue Dec  2 11:16:01 2025] >> SAMPLE[ 1658] lifetime[165 weeks], average[148.92]
[Tue Dec  2 11:16:02 2025] >> SAMPLE[ 1659] lifetime[171 weeks], average[148.93]
[Tue Dec  2 11:16:03 2025] >> SAMPLE[ 1660] lifetime[118 weeks], average[148.92]
[Tue Dec  2 11:16:03 2025] >> SAMPLE[ 1661] lifetime[107 weeks], average[148.89]
[Tue Dec  2 11:16:04 2025] >> SAMPLE[ 1662] lifetime[123 weeks], average[148.87]
[Tue Dec  2 11:16:04 2025] >> SAMPLE[ 1663] lifetime[157 weeks], average[148.88]
[Tue Dec  2 11:16:05 2025] >> SAMPLE[ 1664] lifetime[146 weeks], average[148.88]
[Tue Dec  2 11:16:06 2025] >> SAMPLE[ 1665] lifetime[155 weeks], average[148.88]
[Tue Dec  2 11:16:06 2025] >> SAMPLE[ 1666] lifetime[122 weeks], average[148.87]
[Tue Dec  2 11:16:07 2025] >> SAMPLE[ 1667] lifetime[195 weeks], average[148.89]
[Tue Dec  2 11:16:08 2025] >> SAMPLE[ 1668] lifetime[203 weeks], average[148.93]
[Tue Dec  2 11:16:09 2025] >> SAMPLE[ 1669] lifetime[113 weeks], average[148.90]
[Tue Dec  2 11:16:10 2025] >> SAMPLE[ 1670] lifetime[184 weeks], average[148.92]
[Tue Dec  2 11:16:11 2025] >> SAMPLE[ 1671] lifetime[173 weeks], average[148.94]
[Tue Dec  2 11:16:11 2025] >> SAMPLE[ 1672] lifetime[173 weeks], average[148.95]
[Tue Dec  2 11:16:12 2025] >> SAMPLE[ 1673] lifetime[103 weeks], average[148.93]
[Tue Dec  2 11:16:13 2025] >> SAMPLE[ 1674] lifetime[169 weeks], average[148.94]
[Tue Dec  2 11:16:13 2025] >> SAMPLE[ 1675] lifetime[153 weeks], average[148.94]
[Tue Dec  2 11:16:14 2025] >> SAMPLE[ 1676] lifetime[146 weeks], average[148.94]
[Tue Dec  2 11:16:15 2025] >> SAMPLE[ 1677] lifetime[134 weeks], average[148.93]
[Tue Dec  2 11:16:15 2025] >> SAMPLE[ 1678] lifetime[163 weeks], average[148.94]
[Tue Dec  2 11:16:16 2025] >> SAMPLE[ 1679] lifetime[204 weeks], average[148.97]
[Tue Dec  2 11:16:17 2025] >> SAMPLE[ 1680] lifetime[117 weeks], average[148.95]
[Tue Dec  2 11:16:18 2025] >> SAMPLE[ 1681] lifetime[212 weeks], average[148.99]
[Tue Dec  2 11:16:19 2025] >> SAMPLE[ 1682] lifetime[130 weeks], average[148.98]
[Tue Dec  2 11:16:19 2025] >> SAMPLE[ 1683] lifetime[145 weeks], average[148.98]
[Tue Dec  2 11:16:20 2025] >> SAMPLE[ 1684] lifetime[132 weeks], average[148.97]
[Tue Dec  2 11:16:20 2025] >> SAMPLE[ 1685] lifetime[109 weeks], average[148.94]
[Tue Dec  2 11:16:21 2025] >> SAMPLE[ 1686] lifetime[141 weeks], average[148.94]
[Tue Dec  2 11:16:22 2025] >> SAMPLE[ 1687] lifetime[151 weeks], average[148.94]
[Tue Dec  2 11:16:22 2025] >> SAMPLE[ 1688] lifetime[145 weeks], average[148.94]
[Tue Dec  2 11:16:23 2025] >> SAMPLE[ 1689] lifetime[125 weeks], average[148.92]
[Tue Dec  2 11:16:24 2025] >> SAMPLE[ 1690] lifetime[182 weeks], average[148.94]
[Tue Dec  2 11:16:25 2025] >> SAMPLE[ 1691] lifetime[209 weeks], average[148.98]
[Tue Dec  2 11:16:26 2025] >> SAMPLE[ 1692] lifetime[166 weeks], average[148.99]
[Tue Dec  2 11:16:26 2025] >> SAMPLE[ 1693] lifetime[146 weeks], average[148.99]
[Tue Dec  2 11:16:27 2025] >> SAMPLE[ 1694] lifetime[156 weeks], average[148.99]
[Tue Dec  2 11:16:28 2025] >> SAMPLE[ 1695] lifetime[167 weeks], average[149.00]
[Tue Dec  2 11:16:28 2025] >> SAMPLE[ 1696] lifetime[164 weeks], average[149.01]
[Tue Dec  2 11:16:29 2025] >> SAMPLE[ 1697] lifetime[127 weeks], average[149.00]
[Tue Dec  2 11:16:30 2025] >> SAMPLE[ 1698] lifetime[190 weeks], average[149.02]
[Tue Dec  2 11:16:30 2025] >> SAMPLE[ 1699] lifetime[106 weeks], average[148.99]
[Tue Dec  2 11:16:33 2025] >> Generating new alpha
[Tue Dec  2 11:16:34 2025] >> SAMPLE[ 1700] lifetime[125 weeks], average[148.98]
[Tue Dec  2 11:16:34 2025] >> SAMPLE[ 1701] lifetime[127 weeks], average[148.97]
[Tue Dec  2 11:16:35 2025] >> SAMPLE[ 1702] lifetime[136 weeks], average[148.96]
[Tue Dec  2 11:16:36 2025] >> SAMPLE[ 1703] lifetime[148 weeks], average[148.96]
[Tue Dec  2 11:16:36 2025] >> SAMPLE[ 1704] lifetime[145 weeks], average[148.96]
[Tue Dec  2 11:16:37 2025] >> SAMPLE[ 1705] lifetime[167 weeks], average[148.97]
[Tue Dec  2 11:16:38 2025] >> SAMPLE[ 1706] lifetime[137 weeks], average[148.96]
[Tue Dec  2 11:16:38 2025] >> SAMPLE[ 1707] lifetime[177 weeks], average[148.98]
[Tue Dec  2 11:16:39 2025] >> SAMPLE[ 1708] lifetime[135 weeks], average[148.97]
[Tue Dec  2 11:16:40 2025] >> SAMPLE[ 1709] lifetime[170 weeks], average[148.98]
[Tue Dec  2 11:16:41 2025] >> SAMPLE[ 1710] lifetime[184 weeks], average[149.00]
[Tue Dec  2 11:16:41 2025] >> SAMPLE[ 1711] lifetime[115 weeks], average[148.98]
[Tue Dec  2 11:16:42 2025] >> SAMPLE[ 1712] lifetime[117 weeks], average[148.96]
[Tue Dec  2 11:16:42 2025] >> SAMPLE[ 1713] lifetime[131 weeks], average[148.95]
[Tue Dec  2 11:16:43 2025] >> SAMPLE[ 1714] lifetime[159 weeks], average[148.96]
[Tue Dec  2 11:16:44 2025] >> SAMPLE[ 1715] lifetime[153 weeks], average[148.96]
[Tue Dec  2 11:16:45 2025] >> SAMPLE[ 1716] lifetime[158 weeks], average[148.97]
[Tue Dec  2 11:16:45 2025] >> SAMPLE[ 1717] lifetime[162 weeks], average[148.97]
[Tue Dec  2 11:16:46 2025] >> SAMPLE[ 1718] lifetime[145 weeks], average[148.97]
[Tue Dec  2 11:16:47 2025] >> SAMPLE[ 1719] lifetime[149 weeks], average[148.97]
[Tue Dec  2 11:16:47 2025] >> SAMPLE[ 1720] lifetime[159 weeks], average[148.98]
[Tue Dec  2 11:16:48 2025] >> SAMPLE[ 1721] lifetime[154 weeks], average[148.98]
[Tue Dec  2 11:16:49 2025] >> SAMPLE[ 1722] lifetime[124 weeks], average[148.97]
[Tue Dec  2 11:16:50 2025] >> SAMPLE[ 1723] lifetime[190 weeks], average[148.99]
[Tue Dec  2 11:16:50 2025] >> SAMPLE[ 1724] lifetime[152 weeks], average[148.99]
[Tue Dec  2 11:16:51 2025] >> SAMPLE[ 1725] lifetime[135 weeks], average[148.98]
[Tue Dec  2 11:16:52 2025] >> SAMPLE[ 1726] lifetime[142 weeks], average[148.98]
[Tue Dec  2 11:16:52 2025] >> SAMPLE[ 1727] lifetime[152 weeks], average[148.98]
[Tue Dec  2 11:16:53 2025] >> SAMPLE[ 1728] lifetime[137 weeks], average[148.97]
[Tue Dec  2 11:16:54 2025] >> SAMPLE[ 1729] lifetime[207 weeks], average[149.01]
[Tue Dec  2 11:16:55 2025] >> SAMPLE[ 1730] lifetime[142 weeks], average[149.00]
[Tue Dec  2 11:16:55 2025] >> SAMPLE[ 1731] lifetime[192 weeks], average[149.03]
[Tue Dec  2 11:16:56 2025] >> SAMPLE[ 1732] lifetime[202 weeks], average[149.06]
[Tue Dec  2 11:16:57 2025] >> SAMPLE[ 1733] lifetime[171 weeks], average[149.07]
[Tue Dec  2 11:16:58 2025] >> SAMPLE[ 1734] lifetime[102 weeks], average[149.04]
[Tue Dec  2 11:16:58 2025] >> SAMPLE[ 1735] lifetime[162 weeks], average[149.05]
[Tue Dec  2 11:16:59 2025] >> SAMPLE[ 1736] lifetime[138 weeks], average[149.05]
[Tue Dec  2 11:16:59 2025] >> SAMPLE[ 1737] lifetime[106 weeks], average[149.02]
[Tue Dec  2 11:17:00 2025] >> SAMPLE[ 1738] lifetime[142 weeks], average[149.02]
[Tue Dec  2 11:17:01 2025] >> SAMPLE[ 1739] lifetime[107 weeks], average[148.99]
[Tue Dec  2 11:17:01 2025] >> SAMPLE[ 1740] lifetime[121 weeks], average[148.98]
[Tue Dec  2 11:17:02 2025] >> SAMPLE[ 1741] lifetime[154 weeks], average[148.98]
[Tue Dec  2 11:17:02 2025] >> SAMPLE[ 1742] lifetime[123 weeks], average[148.96]
[Tue Dec  2 11:17:03 2025] >> SAMPLE[ 1743] lifetime[105 weeks], average[148.94]
[Tue Dec  2 11:17:03 2025] >> SAMPLE[ 1744] lifetime[114 weeks], average[148.92]
[Tue Dec  2 11:17:04 2025] >> SAMPLE[ 1745] lifetime[171 weeks], average[148.93]
[Tue Dec  2 11:17:05 2025] >> SAMPLE[ 1746] lifetime[ 97 weeks], average[148.90]
[Tue Dec  2 11:17:05 2025] >> SAMPLE[ 1747] lifetime[126 weeks], average[148.89]
[Tue Dec  2 11:17:06 2025] >> SAMPLE[ 1748] lifetime[154 weeks], average[148.89]
[Tue Dec  2 11:17:06 2025] >> SAMPLE[ 1749] lifetime[133 weeks], average[148.88]
[Tue Dec  2 11:17:07 2025] >> SAMPLE[ 1750] lifetime[112 weeks], average[148.86]
[Tue Dec  2 11:17:07 2025] >> SAMPLE[ 1751] lifetime[ 96 weeks], average[148.83]
[Tue Dec  2 11:17:08 2025] >> SAMPLE[ 1752] lifetime[176 weeks], average[148.85]
[Tue Dec  2 11:17:09 2025] >> SAMPLE[ 1753] lifetime[159 weeks], average[148.85]
[Tue Dec  2 11:17:09 2025] >> SAMPLE[ 1754] lifetime[130 weeks], average[148.84]
[Tue Dec  2 11:17:10 2025] >> SAMPLE[ 1755] lifetime[138 weeks], average[148.84]
[Tue Dec  2 11:17:11 2025] >> SAMPLE[ 1756] lifetime[155 weeks], average[148.84]
[Tue Dec  2 11:17:11 2025] >> SAMPLE[ 1757] lifetime[150 weeks], average[148.84]
[Tue Dec  2 11:17:12 2025] >> SAMPLE[ 1758] lifetime[167 weeks], average[148.85]
[Tue Dec  2 11:17:13 2025] >> SAMPLE[ 1759] lifetime[122 weeks], average[148.84]
[Tue Dec  2 11:17:14 2025] >> SAMPLE[ 1760] lifetime[178 weeks], average[148.85]
[Tue Dec  2 11:17:14 2025] >> SAMPLE[ 1761] lifetime[152 weeks], average[148.85]
[Tue Dec  2 11:17:15 2025] >> SAMPLE[ 1762] lifetime[130 weeks], average[148.84]
[Tue Dec  2 11:17:16 2025] >> SAMPLE[ 1763] lifetime[142 weeks], average[148.84]
[Tue Dec  2 11:17:16 2025] >> SAMPLE[ 1764] lifetime[132 weeks], average[148.83]
[Tue Dec  2 11:17:17 2025] >> SAMPLE[ 1765] lifetime[115 weeks], average[148.81]
[Tue Dec  2 11:17:17 2025] >> SAMPLE[ 1766] lifetime[141 weeks], average[148.81]
[Tue Dec  2 11:17:18 2025] >> SAMPLE[ 1767] lifetime[171 weeks], average[148.82]
[Tue Dec  2 11:17:19 2025] >> SAMPLE[ 1768] lifetime[168 weeks], average[148.83]
[Tue Dec  2 11:17:20 2025] >> SAMPLE[ 1769] lifetime[163 weeks], average[148.84]
[Tue Dec  2 11:17:20 2025] >> SAMPLE[ 1770] lifetime[116 weeks], average[148.82]
[Tue Dec  2 11:17:21 2025] >> SAMPLE[ 1771] lifetime[130 weeks], average[148.81]
[Tue Dec  2 11:17:21 2025] >> SAMPLE[ 1772] lifetime[118 weeks], average[148.79]
[Tue Dec  2 11:17:22 2025] >> SAMPLE[ 1773] lifetime[107 weeks], average[148.77]
[Tue Dec  2 11:17:23 2025] >> SAMPLE[ 1774] lifetime[161 weeks], average[148.77]
[Tue Dec  2 11:17:23 2025] >> SAMPLE[ 1775] lifetime[145 weeks], average[148.77]
[Tue Dec  2 11:17:24 2025] >> SAMPLE[ 1776] lifetime[148 weeks], average[148.77]
[Tue Dec  2 11:17:24 2025] >> SAMPLE[ 1777] lifetime[132 weeks], average[148.76]
[Tue Dec  2 11:17:25 2025] >> SAMPLE[ 1778] lifetime[157 weeks], average[148.77]
[Tue Dec  2 11:17:26 2025] >> SAMPLE[ 1779] lifetime[149 weeks], average[148.77]
[Tue Dec  2 11:17:27 2025] >> SAMPLE[ 1780] lifetime[167 weeks], average[148.78]
[Tue Dec  2 11:17:28 2025] >> SAMPLE[ 1781] lifetime[185 weeks], average[148.80]
[Tue Dec  2 11:17:28 2025] >> SAMPLE[ 1782] lifetime[181 weeks], average[148.82]
[Tue Dec  2 11:17:29 2025] >> SAMPLE[ 1783] lifetime[124 weeks], average[148.80]
[Tue Dec  2 11:17:30 2025] >> SAMPLE[ 1784] lifetime[137 weeks], average[148.79]
[Tue Dec  2 11:17:30 2025] >> SAMPLE[ 1785] lifetime[173 weeks], average[148.81]
[Tue Dec  2 11:17:31 2025] >> SAMPLE[ 1786] lifetime[174 weeks], average[148.82]
[Tue Dec  2 11:17:32 2025] >> SAMPLE[ 1787] lifetime[172 weeks], average[148.84]
[Tue Dec  2 11:17:33 2025] >> SAMPLE[ 1788] lifetime[137 weeks], average[148.83]
[Tue Dec  2 11:17:33 2025] >> SAMPLE[ 1789] lifetime[129 weeks], average[148.82]
[Tue Dec  2 11:17:34 2025] >> SAMPLE[ 1790] lifetime[138 weeks], average[148.81]
[Tue Dec  2 11:17:34 2025] >> SAMPLE[ 1791] lifetime[139 weeks], average[148.81]
[Tue Dec  2 11:17:35 2025] >> SAMPLE[ 1792] lifetime[112 weeks], average[148.79]
[Tue Dec  2 11:17:35 2025] >> SAMPLE[ 1793] lifetime[ 84 weeks], average[148.75]
[Tue Dec  2 11:17:36 2025] >> SAMPLE[ 1794] lifetime[172 weeks], average[148.76]
[Tue Dec  2 11:17:37 2025] >> SAMPLE[ 1795] lifetime[129 weeks], average[148.75]
[Tue Dec  2 11:17:37 2025] >> SAMPLE[ 1796] lifetime[134 weeks], average[148.74]
[Tue Dec  2 11:17:38 2025] >> SAMPLE[ 1797] lifetime[179 weeks], average[148.76]
[Tue Dec  2 11:17:39 2025] >> SAMPLE[ 1798] lifetime[148 weeks], average[148.76]
[Tue Dec  2 11:17:40 2025] >> SAMPLE[ 1799] lifetime[162 weeks], average[148.77]
[Tue Dec  2 11:17:42 2025] >> Generating new alpha
[Tue Dec  2 11:17:43 2025] >> SAMPLE[ 1800] lifetime[106 weeks], average[148.74]
[Tue Dec  2 11:17:44 2025] >> SAMPLE[ 1801] lifetime[202 weeks], average[148.77]
[Tue Dec  2 11:17:44 2025] >> SAMPLE[ 1802] lifetime[150 weeks], average[148.77]
[Tue Dec  2 11:17:45 2025] >> SAMPLE[ 1803] lifetime[106 weeks], average[148.75]
[Tue Dec  2 11:17:46 2025] >> SAMPLE[ 1804] lifetime[142 weeks], average[148.75]
[Tue Dec  2 11:17:47 2025] >> SAMPLE[ 1805] lifetime[174 weeks], average[148.76]
[Tue Dec  2 11:17:47 2025] >> SAMPLE[ 1806] lifetime[175 weeks], average[148.77]
[Tue Dec  2 11:17:48 2025] >> SAMPLE[ 1807] lifetime[121 weeks], average[148.76]
[Tue Dec  2 11:17:49 2025] >> SAMPLE[ 1808] lifetime[146 weeks], average[148.76]
[Tue Dec  2 11:17:49 2025] >> SAMPLE[ 1809] lifetime[147 weeks], average[148.76]
[Tue Dec  2 11:17:50 2025] >> SAMPLE[ 1810] lifetime[143 weeks], average[148.75]
[Tue Dec  2 11:17:51 2025] >> SAMPLE[ 1811] lifetime[174 weeks], average[148.77]
[Tue Dec  2 11:17:52 2025] >> SAMPLE[ 1812] lifetime[190 weeks], average[148.79]
[Tue Dec  2 11:17:53 2025] >> SAMPLE[ 1813] lifetime[172 weeks], average[148.80]
[Tue Dec  2 11:17:53 2025] >> SAMPLE[ 1814] lifetime[133 weeks], average[148.79]
[Tue Dec  2 11:17:54 2025] >> SAMPLE[ 1815] lifetime[122 weeks], average[148.78]
[Tue Dec  2 11:17:55 2025] >> SAMPLE[ 1816] lifetime[192 weeks], average[148.80]
[Tue Dec  2 11:17:55 2025] >> SAMPLE[ 1817] lifetime[132 weeks], average[148.79]
[Tue Dec  2 11:17:56 2025] >> SAMPLE[ 1818] lifetime[163 weeks], average[148.80]
[Tue Dec  2 11:17:57 2025] >> SAMPLE[ 1819] lifetime[165 weeks], average[148.81]
[Tue Dec  2 11:17:58 2025] >> SAMPLE[ 1820] lifetime[141 weeks], average[148.81]
[Tue Dec  2 11:17:58 2025] >> SAMPLE[ 1821] lifetime[152 weeks], average[148.81]
[Tue Dec  2 11:17:59 2025] >> SAMPLE[ 1822] lifetime[165 weeks], average[148.82]
[Tue Dec  2 11:18:00 2025] >> SAMPLE[ 1823] lifetime[148 weeks], average[148.82]
[Tue Dec  2 11:18:00 2025] >> SAMPLE[ 1824] lifetime[147 weeks], average[148.82]
[Tue Dec  2 11:18:01 2025] >> SAMPLE[ 1825] lifetime[144 weeks], average[148.81]
[Tue Dec  2 11:18:02 2025] >> SAMPLE[ 1826] lifetime[138 weeks], average[148.81]
[Tue Dec  2 11:18:02 2025] >> SAMPLE[ 1827] lifetime[115 weeks], average[148.79]
[Tue Dec  2 11:18:03 2025] >> SAMPLE[ 1828] lifetime[114 weeks], average[148.77]
[Tue Dec  2 11:18:03 2025] >> SAMPLE[ 1829] lifetime[ 93 weeks], average[148.74]
[Tue Dec  2 11:18:04 2025] >> SAMPLE[ 1830] lifetime[134 weeks], average[148.73]
[Tue Dec  2 11:18:04 2025] >> SAMPLE[ 1831] lifetime[138 weeks], average[148.73]
[Tue Dec  2 11:18:05 2025] >> SAMPLE[ 1832] lifetime[158 weeks], average[148.73]
[Tue Dec  2 11:18:06 2025] >> SAMPLE[ 1833] lifetime[137 weeks], average[148.72]
[Tue Dec  2 11:18:06 2025] >> SAMPLE[ 1834] lifetime[104 weeks], average[148.70]
[Tue Dec  2 11:18:07 2025] >> SAMPLE[ 1835] lifetime[ 87 weeks], average[148.67]
[Tue Dec  2 11:18:07 2025] >> SAMPLE[ 1836] lifetime[153 weeks], average[148.67]
[Tue Dec  2 11:18:08 2025] >> SAMPLE[ 1837] lifetime[152 weeks], average[148.67]
[Tue Dec  2 11:18:09 2025] >> SAMPLE[ 1838] lifetime[137 weeks], average[148.66]
[Tue Dec  2 11:18:09 2025] >> SAMPLE[ 1839] lifetime[166 weeks], average[148.67]
[Tue Dec  2 11:18:10 2025] >> SAMPLE[ 1840] lifetime[153 weeks], average[148.68]
[Tue Dec  2 11:18:11 2025] >> SAMPLE[ 1841] lifetime[158 weeks], average[148.68]
[Tue Dec  2 11:18:11 2025] >> SAMPLE[ 1842] lifetime[140 weeks], average[148.68]
[Tue Dec  2 11:18:12 2025] >> SAMPLE[ 1843] lifetime[126 weeks], average[148.66]
[Tue Dec  2 11:18:13 2025] >> SAMPLE[ 1844] lifetime[134 weeks], average[148.66]
[Tue Dec  2 11:18:13 2025] >> SAMPLE[ 1845] lifetime[175 weeks], average[148.67]
[Tue Dec  2 11:18:14 2025] >> SAMPLE[ 1846] lifetime[196 weeks], average[148.70]
[Tue Dec  2 11:18:15 2025] >> SAMPLE[ 1847] lifetime[153 weeks], average[148.70]
[Tue Dec  2 11:18:16 2025] >> SAMPLE[ 1848] lifetime[145 weeks], average[148.70]
[Tue Dec  2 11:18:17 2025] >> SAMPLE[ 1849] lifetime[170 weeks], average[148.71]
[Tue Dec  2 11:18:17 2025] >> SAMPLE[ 1850] lifetime[164 weeks], average[148.72]
[Tue Dec  2 11:18:18 2025] >> SAMPLE[ 1851] lifetime[108 weeks], average[148.69]
[Tue Dec  2 11:18:19 2025] >> SAMPLE[ 1852] lifetime[159 weeks], average[148.70]
[Tue Dec  2 11:18:20 2025] >> SAMPLE[ 1853] lifetime[177 weeks], average[148.71]
[Tue Dec  2 11:18:20 2025] >> SAMPLE[ 1854] lifetime[172 weeks], average[148.73]
[Tue Dec  2 11:18:21 2025] >> SAMPLE[ 1855] lifetime[224 weeks], average[148.77]
[Tue Dec  2 11:18:22 2025] >> SAMPLE[ 1856] lifetime[152 weeks], average[148.77]
[Tue Dec  2 11:18:23 2025] >> SAMPLE[ 1857] lifetime[ 99 weeks], average[148.74]
[Tue Dec  2 11:18:23 2025] >> SAMPLE[ 1858] lifetime[127 weeks], average[148.73]
[Tue Dec  2 11:18:24 2025] >> SAMPLE[ 1859] lifetime[178 weeks], average[148.75]
[Tue Dec  2 11:18:25 2025] >> SAMPLE[ 1860] lifetime[173 weeks], average[148.76]
[Tue Dec  2 11:18:26 2025] >> SAMPLE[ 1861] lifetime[144 weeks], average[148.76]
[Tue Dec  2 11:18:26 2025] >> SAMPLE[ 1862] lifetime[128 weeks], average[148.75]
[Tue Dec  2 11:18:27 2025] >> SAMPLE[ 1863] lifetime[160 weeks], average[148.75]
[Tue Dec  2 11:18:28 2025] >> SAMPLE[ 1864] lifetime[153 weeks], average[148.75]
[Tue Dec  2 11:18:28 2025] >> SAMPLE[ 1865] lifetime[168 weeks], average[148.76]
[Tue Dec  2 11:18:29 2025] >> SAMPLE[ 1866] lifetime[179 weeks], average[148.78]
[Tue Dec  2 11:18:30 2025] >> SAMPLE[ 1867] lifetime[183 weeks], average[148.80]
[Tue Dec  2 11:18:31 2025] >> SAMPLE[ 1868] lifetime[114 weeks], average[148.78]
[Tue Dec  2 11:18:31 2025] >> SAMPLE[ 1869] lifetime[142 weeks], average[148.78]
[Tue Dec  2 11:18:32 2025] >> SAMPLE[ 1870] lifetime[131 weeks], average[148.77]
[Tue Dec  2 11:18:33 2025] >> SAMPLE[ 1871] lifetime[176 weeks], average[148.78]
[Tue Dec  2 11:18:34 2025] >> SAMPLE[ 1872] lifetime[183 weeks], average[148.80]
[Tue Dec  2 11:18:34 2025] >> SAMPLE[ 1873] lifetime[152 weeks], average[148.80]
[Tue Dec  2 11:18:35 2025] >> SAMPLE[ 1874] lifetime[125 weeks], average[148.79]
[Tue Dec  2 11:18:35 2025] >> SAMPLE[ 1875] lifetime[140 weeks], average[148.78]
[Tue Dec  2 11:18:36 2025] >> SAMPLE[ 1876] lifetime[199 weeks], average[148.81]
[Tue Dec  2 11:18:37 2025] >> SAMPLE[ 1877] lifetime[114 weeks], average[148.79]
[Tue Dec  2 11:18:38 2025] >> SAMPLE[ 1878] lifetime[136 weeks], average[148.79]
[Tue Dec  2 11:18:38 2025] >> SAMPLE[ 1879] lifetime[139 weeks], average[148.78]
[Tue Dec  2 11:18:39 2025] >> SAMPLE[ 1880] lifetime[143 weeks], average[148.78]
[Tue Dec  2 11:18:39 2025] >> SAMPLE[ 1881] lifetime[139 weeks], average[148.77]
[Tue Dec  2 11:18:40 2025] >> SAMPLE[ 1882] lifetime[176 weeks], average[148.79]
[Tue Dec  2 11:18:41 2025] >> SAMPLE[ 1883] lifetime[186 weeks], average[148.81]
[Tue Dec  2 11:18:42 2025] >> SAMPLE[ 1884] lifetime[132 weeks], average[148.80]
[Tue Dec  2 11:18:43 2025] >> SAMPLE[ 1885] lifetime[158 weeks], average[148.80]
[Tue Dec  2 11:18:43 2025] >> SAMPLE[ 1886] lifetime[148 weeks], average[148.80]
[Tue Dec  2 11:18:44 2025] >> SAMPLE[ 1887] lifetime[107 weeks], average[148.78]
[Tue Dec  2 11:18:44 2025] >> SAMPLE[ 1888] lifetime[154 weeks], average[148.78]
[Tue Dec  2 11:18:45 2025] >> SAMPLE[ 1889] lifetime[195 weeks], average[148.81]
[Tue Dec  2 11:18:46 2025] >> SAMPLE[ 1890] lifetime[154 weeks], average[148.81]
[Tue Dec  2 11:18:47 2025] >> SAMPLE[ 1891] lifetime[ 98 weeks], average[148.78]
[Tue Dec  2 11:18:47 2025] >> SAMPLE[ 1892] lifetime[153 weeks], average[148.79]
[Tue Dec  2 11:18:48 2025] >> SAMPLE[ 1893] lifetime[159 weeks], average[148.79]
[Tue Dec  2 11:18:49 2025] >> SAMPLE[ 1894] lifetime[109 weeks], average[148.77]
[Tue Dec  2 11:18:49 2025] >> SAMPLE[ 1895] lifetime[131 weeks], average[148.76]
[Tue Dec  2 11:18:50 2025] >> SAMPLE[ 1896] lifetime[169 weeks], average[148.77]
[Tue Dec  2 11:18:51 2025] >> SAMPLE[ 1897] lifetime[146 weeks], average[148.77]
[Tue Dec  2 11:18:52 2025] >> SAMPLE[ 1898] lifetime[188 weeks], average[148.79]
[Tue Dec  2 11:18:52 2025] >> SAMPLE[ 1899] lifetime[111 weeks], average[148.77]
[Tue Dec  2 11:18:55 2025] >> Generating new alpha
[Tue Dec  2 11:18:55 2025] >> SAMPLE[ 1900] lifetime[149 weeks], average[148.77]
[Tue Dec  2 11:18:56 2025] >> SAMPLE[ 1901] lifetime[132 weeks], average[148.76]
[Tue Dec  2 11:18:57 2025] >> SAMPLE[ 1902] lifetime[120 weeks], average[148.75]
[Tue Dec  2 11:18:57 2025] >> SAMPLE[ 1903] lifetime[200 weeks], average[148.77]
[Tue Dec  2 11:18:58 2025] >> SAMPLE[ 1904] lifetime[160 weeks], average[148.78]
[Tue Dec  2 11:18:59 2025] >> SAMPLE[ 1905] lifetime[172 weeks], average[148.79]
[Tue Dec  2 11:19:00 2025] >> SAMPLE[ 1906] lifetime[128 weeks], average[148.78]
[Tue Dec  2 11:19:00 2025] >> SAMPLE[ 1907] lifetime[142 weeks], average[148.78]
[Tue Dec  2 11:19:01 2025] >> SAMPLE[ 1908] lifetime[202 weeks], average[148.81]
[Tue Dec  2 11:19:02 2025] >> SAMPLE[ 1909] lifetime[121 weeks], average[148.79]
[Tue Dec  2 11:19:02 2025] >> SAMPLE[ 1910] lifetime[ 94 weeks], average[148.76]
[Tue Dec  2 11:19:03 2025] >> SAMPLE[ 1911] lifetime[162 weeks], average[148.77]
[Tue Dec  2 11:19:04 2025] >> SAMPLE[ 1912] lifetime[180 weeks], average[148.79]
[Tue Dec  2 11:19:04 2025] >> SAMPLE[ 1913] lifetime[114 weeks], average[148.77]
[Tue Dec  2 11:19:05 2025] >> SAMPLE[ 1914] lifetime[162 weeks], average[148.77]
[Tue Dec  2 11:19:06 2025] >> SAMPLE[ 1915] lifetime[114 weeks], average[148.76]
[Tue Dec  2 11:19:06 2025] >> SAMPLE[ 1916] lifetime[153 weeks], average[148.76]
[Tue Dec  2 11:19:07 2025] >> SAMPLE[ 1917] lifetime[123 weeks], average[148.74]
[Tue Dec  2 11:19:07 2025] >> SAMPLE[ 1918] lifetime[139 weeks], average[148.74]
[Tue Dec  2 11:19:08 2025] >> SAMPLE[ 1919] lifetime[175 weeks], average[148.75]
[Tue Dec  2 11:19:09 2025] >> SAMPLE[ 1920] lifetime[137 weeks], average[148.75]
[Tue Dec  2 11:19:10 2025] >> SAMPLE[ 1921] lifetime[132 weeks], average[148.74]
[Tue Dec  2 11:19:10 2025] >> SAMPLE[ 1922] lifetime[161 weeks], average[148.74]
[Tue Dec  2 11:19:11 2025] >> SAMPLE[ 1923] lifetime[126 weeks], average[148.73]
[Tue Dec  2 11:19:11 2025] >> SAMPLE[ 1924] lifetime[135 weeks], average[148.73]
[Tue Dec  2 11:19:12 2025] >> SAMPLE[ 1925] lifetime[202 weeks], average[148.75]
[Tue Dec  2 11:19:13 2025] >> SAMPLE[ 1926] lifetime[197 weeks], average[148.78]
[Tue Dec  2 11:19:14 2025] >> SAMPLE[ 1927] lifetime[172 weeks], average[148.79]
[Tue Dec  2 11:19:15 2025] >> SAMPLE[ 1928] lifetime[ 92 weeks], average[148.76]
[Tue Dec  2 11:19:15 2025] >> SAMPLE[ 1929] lifetime[154 weeks], average[148.76]
[Tue Dec  2 11:19:16 2025] >> SAMPLE[ 1930] lifetime[135 weeks], average[148.76]
[Tue Dec  2 11:19:17 2025] >> SAMPLE[ 1931] lifetime[137 weeks], average[148.75]
[Tue Dec  2 11:19:17 2025] >> SAMPLE[ 1932] lifetime[166 weeks], average[148.76]
[Tue Dec  2 11:19:18 2025] >> SAMPLE[ 1933] lifetime[182 weeks], average[148.78]
[Tue Dec  2 11:19:19 2025] >> SAMPLE[ 1934] lifetime[155 weeks], average[148.78]
[Tue Dec  2 11:19:20 2025] >> SAMPLE[ 1935] lifetime[175 weeks], average[148.79]
[Tue Dec  2 11:19:21 2025] >> SAMPLE[ 1936] lifetime[181 weeks], average[148.81]
[Tue Dec  2 11:19:21 2025] >> SAMPLE[ 1937] lifetime[133 weeks], average[148.80]
[Tue Dec  2 11:19:22 2025] >> SAMPLE[ 1938] lifetime[153 weeks], average[148.80]
[Tue Dec  2 11:19:23 2025] >> SAMPLE[ 1939] lifetime[134 weeks], average[148.80]
[Tue Dec  2 11:19:23 2025] >> SAMPLE[ 1940] lifetime[138 weeks], average[148.79]
[Tue Dec  2 11:19:24 2025] >> SAMPLE[ 1941] lifetime[139 weeks], average[148.79]
[Tue Dec  2 11:19:25 2025] >> SAMPLE[ 1942] lifetime[149 weeks], average[148.79]
[Tue Dec  2 11:19:25 2025] >> SAMPLE[ 1943] lifetime[136 weeks], average[148.78]
[Tue Dec  2 11:19:26 2025] >> SAMPLE[ 1944] lifetime[163 weeks], average[148.79]
[Tue Dec  2 11:19:27 2025] >> SAMPLE[ 1945] lifetime[178 weeks], average[148.80]
[Tue Dec  2 11:19:28 2025] >> SAMPLE[ 1946] lifetime[177 weeks], average[148.82]
[Tue Dec  2 11:19:28 2025] >> SAMPLE[ 1947] lifetime[140 weeks], average[148.81]
[Tue Dec  2 11:19:29 2025] >> SAMPLE[ 1948] lifetime[187 weeks], average[148.83]
[Tue Dec  2 11:19:30 2025] >> SAMPLE[ 1949] lifetime[158 weeks], average[148.84]
[Tue Dec  2 11:19:31 2025] >> SAMPLE[ 1950] lifetime[182 weeks], average[148.85]
[Tue Dec  2 11:19:31 2025] >> SAMPLE[ 1951] lifetime[133 weeks], average[148.84]
[Tue Dec  2 11:19:32 2025] >> SAMPLE[ 1952] lifetime[144 weeks], average[148.84]
[Tue Dec  2 11:19:33 2025] >> SAMPLE[ 1953] lifetime[196 weeks], average[148.87]
[Tue Dec  2 11:19:34 2025] >> SAMPLE[ 1954] lifetime[192 weeks], average[148.89]
[Tue Dec  2 11:19:34 2025] >> SAMPLE[ 1955] lifetime[ 96 weeks], average[148.86]
[Tue Dec  2 11:19:35 2025] >> SAMPLE[ 1956] lifetime[147 weeks], average[148.86]
[Tue Dec  2 11:19:36 2025] >> SAMPLE[ 1957] lifetime[143 weeks], average[148.86]
[Tue Dec  2 11:19:36 2025] >> SAMPLE[ 1958] lifetime[142 weeks], average[148.85]
[Tue Dec  2 11:19:37 2025] >> SAMPLE[ 1959] lifetime[193 weeks], average[148.88]
[Tue Dec  2 11:19:38 2025] >> SAMPLE[ 1960] lifetime[134 weeks], average[148.87]
[Tue Dec  2 11:19:39 2025] >> SAMPLE[ 1961] lifetime[188 weeks], average[148.89]
[Tue Dec  2 11:19:39 2025] >> SAMPLE[ 1962] lifetime[122 weeks], average[148.88]
[Tue Dec  2 11:19:40 2025] >> SAMPLE[ 1963] lifetime[101 weeks], average[148.85]
[Tue Dec  2 11:19:40 2025] >> SAMPLE[ 1964] lifetime[100 weeks], average[148.83]
[Tue Dec  2 11:19:41 2025] >> SAMPLE[ 1965] lifetime[164 weeks], average[148.83]
[Tue Dec  2 11:19:42 2025] >> SAMPLE[ 1966] lifetime[187 weeks], average[148.85]
[Tue Dec  2 11:19:43 2025] >> SAMPLE[ 1967] lifetime[137 weeks], average[148.85]
[Tue Dec  2 11:19:43 2025] >> SAMPLE[ 1968] lifetime[160 weeks], average[148.85]
[Tue Dec  2 11:19:44 2025] >> SAMPLE[ 1969] lifetime[150 weeks], average[148.85]
[Tue Dec  2 11:19:45 2025] >> SAMPLE[ 1970] lifetime[191 weeks], average[148.87]
[Tue Dec  2 11:19:46 2025] >> SAMPLE[ 1971] lifetime[160 weeks], average[148.88]
[Tue Dec  2 11:19:46 2025] >> SAMPLE[ 1972] lifetime[112 weeks], average[148.86]
[Tue Dec  2 11:19:47 2025] >> SAMPLE[ 1973] lifetime[155 weeks], average[148.86]
[Tue Dec  2 11:19:48 2025] >> SAMPLE[ 1974] lifetime[131 weeks], average[148.86]
[Tue Dec  2 11:19:48 2025] >> SAMPLE[ 1975] lifetime[116 weeks], average[148.84]
[Tue Dec  2 11:19:49 2025] >> SAMPLE[ 1976] lifetime[136 weeks], average[148.83]
[Tue Dec  2 11:19:49 2025] >> SAMPLE[ 1977] lifetime[153 weeks], average[148.83]
[Tue Dec  2 11:19:50 2025] >> SAMPLE[ 1978] lifetime[173 weeks], average[148.85]
[Tue Dec  2 11:19:51 2025] >> SAMPLE[ 1979] lifetime[151 weeks], average[148.85]
[Tue Dec  2 11:19:52 2025] >> SAMPLE[ 1980] lifetime[149 weeks], average[148.85]
[Tue Dec  2 11:19:52 2025] >> SAMPLE[ 1981] lifetime[170 weeks], average[148.86]
[Tue Dec  2 11:19:53 2025] >> SAMPLE[ 1982] lifetime[174 weeks], average[148.87]
[Tue Dec  2 11:19:54 2025] >> SAMPLE[ 1983] lifetime[172 weeks], average[148.88]
[Tue Dec  2 11:19:55 2025] >> SAMPLE[ 1984] lifetime[215 weeks], average[148.92]
[Tue Dec  2 11:19:56 2025] >> SAMPLE[ 1985] lifetime[117 weeks], average[148.90]
[Tue Dec  2 11:19:56 2025] >> SAMPLE[ 1986] lifetime[113 weeks], average[148.88]
[Tue Dec  2 11:19:57 2025] >> SAMPLE[ 1987] lifetime[148 weeks], average[148.88]
[Tue Dec  2 11:19:57 2025] >> SAMPLE[ 1988] lifetime[115 weeks], average[148.86]
[Tue Dec  2 11:19:58 2025] >> SAMPLE[ 1989] lifetime[125 weeks], average[148.85]
[Tue Dec  2 11:19:59 2025] >> SAMPLE[ 1990] lifetime[170 weeks], average[148.86]
[Tue Dec  2 11:19:59 2025] >> SAMPLE[ 1991] lifetime[116 weeks], average[148.85]
[Tue Dec  2 11:20:00 2025] >> SAMPLE[ 1992] lifetime[147 weeks], average[148.85]
[Tue Dec  2 11:20:00 2025] >> SAMPLE[ 1993] lifetime[110 weeks], average[148.83]
[Tue Dec  2 11:20:01 2025] >> SAMPLE[ 1994] lifetime[113 weeks], average[148.81]
[Tue Dec  2 11:20:02 2025] >> SAMPLE[ 1995] lifetime[180 weeks], average[148.82]
[Tue Dec  2 11:20:02 2025] >> SAMPLE[ 1996] lifetime[158 weeks], average[148.83]
[Tue Dec  2 11:20:03 2025] >> SAMPLE[ 1997] lifetime[142 weeks], average[148.83]
[Tue Dec  2 11:20:03 2025] >> SAMPLE[ 1998] lifetime[ 97 weeks], average[148.80]
[Tue Dec  2 11:20:04 2025] >> SAMPLE[ 1999] lifetime[170 weeks], average[148.81]
[Tue Dec  2 11:20:07 2025] >> Generating new alpha
[Tue Dec  2 11:20:07 2025] >> SAMPLE[ 2000] lifetime[119 weeks], average[148.80]
[Tue Dec  2 11:20:08 2025] >> SAMPLE[ 2001] lifetime[143 weeks], average[148.79]
[Tue Dec  2 11:20:09 2025] >> SAMPLE[ 2002] lifetime[149 weeks], average[148.79]
[Tue Dec  2 11:20:10 2025] >> SAMPLE[ 2003] lifetime[157 weeks], average[148.80]
[Tue Dec  2 11:20:10 2025] >> SAMPLE[ 2004] lifetime[123 weeks], average[148.78]
[Tue Dec  2 11:20:11 2025] >> SAMPLE[ 2005] lifetime[133 weeks], average[148.78]
[Tue Dec  2 11:20:12 2025] >> SAMPLE[ 2006] lifetime[167 weeks], average[148.78]
[Tue Dec  2 11:20:12 2025] >> SAMPLE[ 2007] lifetime[154 weeks], average[148.79]
[Tue Dec  2 11:20:13 2025] >> SAMPLE[ 2008] lifetime[190 weeks], average[148.81]
[Tue Dec  2 11:20:14 2025] >> SAMPLE[ 2009] lifetime[141 weeks], average[148.80]
[Tue Dec  2 11:20:14 2025] >> SAMPLE[ 2010] lifetime[114 weeks], average[148.79]
[Tue Dec  2 11:20:15 2025] >> SAMPLE[ 2011] lifetime[182 weeks], average[148.80]
[Tue Dec  2 11:20:16 2025] >> SAMPLE[ 2012] lifetime[147 weeks], average[148.80]
[Tue Dec  2 11:20:17 2025] >> SAMPLE[ 2013] lifetime[165 weeks], average[148.81]
[Tue Dec  2 11:20:17 2025] >> SAMPLE[ 2014] lifetime[146 weeks], average[148.81]
[Tue Dec  2 11:20:18 2025] >> SAMPLE[ 2015] lifetime[156 weeks], average[148.81]
[Tue Dec  2 11:20:19 2025] >> SAMPLE[ 2016] lifetime[123 weeks], average[148.80]
[Tue Dec  2 11:20:19 2025] >> SAMPLE[ 2017] lifetime[121 weeks], average[148.79]
[Tue Dec  2 11:20:20 2025] >> SAMPLE[ 2018] lifetime[121 weeks], average[148.77]
[Tue Dec  2 11:20:20 2025] >> SAMPLE[ 2019] lifetime[179 weeks], average[148.79]
[Tue Dec  2 11:20:21 2025] >> SAMPLE[ 2020] lifetime[155 weeks], average[148.79]
[Tue Dec  2 11:20:22 2025] >> SAMPLE[ 2021] lifetime[132 weeks], average[148.78]
[Tue Dec  2 11:20:22 2025] >> SAMPLE[ 2022] lifetime[ 99 weeks], average[148.76]
[Tue Dec  2 11:20:23 2025] >> SAMPLE[ 2023] lifetime[ 92 weeks], average[148.73]
[Tue Dec  2 11:20:23 2025] >> SAMPLE[ 2024] lifetime[122 weeks], average[148.72]
[Tue Dec  2 11:20:24 2025] >> SAMPLE[ 2025] lifetime[184 weeks], average[148.73]
[Tue Dec  2 11:20:25 2025] >> SAMPLE[ 2026] lifetime[138 weeks], average[148.73]
[Tue Dec  2 11:20:25 2025] >> SAMPLE[ 2027] lifetime[159 weeks], average[148.73]
[Tue Dec  2 11:20:26 2025] >> SAMPLE[ 2028] lifetime[185 weeks], average[148.75]
[Tue Dec  2 11:20:27 2025] >> SAMPLE[ 2029] lifetime[172 weeks], average[148.76]
[Tue Dec  2 11:20:28 2025] >> SAMPLE[ 2030] lifetime[179 weeks], average[148.78]
[Tue Dec  2 11:20:29 2025] >> SAMPLE[ 2031] lifetime[151 weeks], average[148.78]
[Tue Dec  2 11:20:30 2025] >> SAMPLE[ 2032] lifetime[178 weeks], average[148.79]
[Tue Dec  2 11:20:31 2025] >> SAMPLE[ 2033] lifetime[206 weeks], average[148.82]
[Tue Dec  2 11:20:31 2025] >> SAMPLE[ 2034] lifetime[136 weeks], average[148.81]
[Tue Dec  2 11:20:32 2025] >> SAMPLE[ 2035] lifetime[174 weeks], average[148.83]
[Tue Dec  2 11:20:33 2025] >> SAMPLE[ 2036] lifetime[141 weeks], average[148.82]
[Tue Dec  2 11:20:34 2025] >> SAMPLE[ 2037] lifetime[197 weeks], average[148.85]
[Tue Dec  2 11:20:34 2025] >> SAMPLE[ 2038] lifetime[116 weeks], average[148.83]
[Tue Dec  2 11:20:35 2025] >> SAMPLE[ 2039] lifetime[152 weeks], average[148.83]
[Tue Dec  2 11:20:36 2025] >> SAMPLE[ 2040] lifetime[154 weeks], average[148.83]
[Tue Dec  2 11:20:36 2025] >> SAMPLE[ 2041] lifetime[134 weeks], average[148.83]
[Tue Dec  2 11:20:37 2025] >> SAMPLE[ 2042] lifetime[154 weeks], average[148.83]
[Tue Dec  2 11:20:38 2025] >> SAMPLE[ 2043] lifetime[157 weeks], average[148.83]
[Tue Dec  2 11:20:38 2025] >> SAMPLE[ 2044] lifetime[108 weeks], average[148.81]
[Tue Dec  2 11:20:39 2025] >> SAMPLE[ 2045] lifetime[134 weeks], average[148.81]
[Tue Dec  2 11:20:40 2025] >> SAMPLE[ 2046] lifetime[145 weeks], average[148.81]
[Tue Dec  2 11:20:40 2025] >> SAMPLE[ 2047] lifetime[145 weeks], average[148.80]
[Tue Dec  2 11:20:41 2025] >> SAMPLE[ 2048] lifetime[134 weeks], average[148.80]
[Tue Dec  2 11:20:42 2025] >> SAMPLE[ 2049] lifetime[176 weeks], average[148.81]
[Tue Dec  2 11:20:42 2025] >> SAMPLE[ 2050] lifetime[110 weeks], average[148.79]
[Tue Dec  2 11:20:43 2025] >> SAMPLE[ 2051] lifetime[163 weeks], average[148.80]
[Tue Dec  2 11:20:44 2025] >> SAMPLE[ 2052] lifetime[145 weeks], average[148.80]
[Tue Dec  2 11:20:44 2025] >> SAMPLE[ 2053] lifetime[161 weeks], average[148.80]
[Tue Dec  2 11:20:45 2025] >> SAMPLE[ 2054] lifetime[166 weeks], average[148.81]
[Tue Dec  2 11:20:46 2025] >> SAMPLE[ 2055] lifetime[180 weeks], average[148.82]
[Tue Dec  2 11:20:47 2025] >> SAMPLE[ 2056] lifetime[158 weeks], average[148.83]
[Tue Dec  2 11:20:48 2025] >> SAMPLE[ 2057] lifetime[194 weeks], average[148.85]
[Tue Dec  2 11:20:48 2025] >> SAMPLE[ 2058] lifetime[145 weeks], average[148.85]
[Tue Dec  2 11:20:49 2025] >> SAMPLE[ 2059] lifetime[122 weeks], average[148.84]
[Tue Dec  2 11:20:49 2025] >> SAMPLE[ 2060] lifetime[134 weeks], average[148.83]
[Tue Dec  2 11:20:50 2025] >> SAMPLE[ 2061] lifetime[194 weeks], average[148.85]
[Tue Dec  2 11:20:51 2025] >> SAMPLE[ 2062] lifetime[152 weeks], average[148.85]
[Tue Dec  2 11:20:52 2025] >> SAMPLE[ 2063] lifetime[143 weeks], average[148.85]
[Tue Dec  2 11:20:53 2025] >> SAMPLE[ 2064] lifetime[203 weeks], average[148.88]
[Tue Dec  2 11:20:53 2025] >> SAMPLE[ 2065] lifetime[116 weeks], average[148.86]
[Tue Dec  2 11:20:54 2025] >> SAMPLE[ 2066] lifetime[129 weeks], average[148.85]
[Tue Dec  2 11:20:55 2025] >> SAMPLE[ 2067] lifetime[138 weeks], average[148.85]
[Tue Dec  2 11:20:55 2025] >> SAMPLE[ 2068] lifetime[144 weeks], average[148.84]
[Tue Dec  2 11:20:56 2025] >> SAMPLE[ 2069] lifetime[188 weeks], average[148.86]
[Tue Dec  2 11:20:57 2025] >> SAMPLE[ 2070] lifetime[172 weeks], average[148.87]
[Tue Dec  2 11:20:58 2025] >> SAMPLE[ 2071] lifetime[118 weeks], average[148.86]
[Tue Dec  2 11:20:58 2025] >> SAMPLE[ 2072] lifetime[141 weeks], average[148.85]
[Tue Dec  2 11:20:59 2025] >> SAMPLE[ 2073] lifetime[130 weeks], average[148.85]
[Tue Dec  2 11:20:59 2025] >> SAMPLE[ 2074] lifetime[137 weeks], average[148.84]
[Tue Dec  2 11:21:00 2025] >> SAMPLE[ 2075] lifetime[176 weeks], average[148.85]
[Tue Dec  2 11:21:01 2025] >> SAMPLE[ 2076] lifetime[120 weeks], average[148.84]
[Tue Dec  2 11:21:02 2025] >> SAMPLE[ 2077] lifetime[141 weeks], average[148.83]
[Tue Dec  2 11:21:02 2025] >> SAMPLE[ 2078] lifetime[123 weeks], average[148.82]
[Tue Dec  2 11:21:03 2025] >> SAMPLE[ 2079] lifetime[186 weeks], average[148.84]
[Tue Dec  2 11:21:04 2025] >> SAMPLE[ 2080] lifetime[136 weeks], average[148.83]
[Tue Dec  2 11:21:04 2025] >> SAMPLE[ 2081] lifetime[140 weeks], average[148.83]
[Tue Dec  2 11:21:05 2025] >> SAMPLE[ 2082] lifetime[172 weeks], average[148.84]
[Tue Dec  2 11:21:06 2025] >> SAMPLE[ 2083] lifetime[115 weeks], average[148.82]
[Tue Dec  2 11:21:06 2025] >> SAMPLE[ 2084] lifetime[164 weeks], average[148.83]
[Tue Dec  2 11:21:07 2025] >> SAMPLE[ 2085] lifetime[145 weeks], average[148.83]
[Tue Dec  2 11:21:08 2025] >> SAMPLE[ 2086] lifetime[156 weeks], average[148.83]
[Tue Dec  2 11:21:09 2025] >> SAMPLE[ 2087] lifetime[182 weeks], average[148.85]
[Tue Dec  2 11:21:09 2025] >> SAMPLE[ 2088] lifetime[142 weeks], average[148.85]
[Tue Dec  2 11:21:10 2025] >> SAMPLE[ 2089] lifetime[180 weeks], average[148.86]
[Tue Dec  2 11:21:11 2025] >> SAMPLE[ 2090] lifetime[127 weeks], average[148.85]
[Tue Dec  2 11:21:11 2025] >> SAMPLE[ 2091] lifetime[127 weeks], average[148.84]
[Tue Dec  2 11:21:12 2025] >> SAMPLE[ 2092] lifetime[129 weeks], average[148.83]
[Tue Dec  2 11:21:13 2025] >> SAMPLE[ 2093] lifetime[127 weeks], average[148.82]
[Tue Dec  2 11:21:14 2025] >> SAMPLE[ 2094] lifetime[174 weeks], average[148.83]
[Tue Dec  2 11:21:14 2025] >> SAMPLE[ 2095] lifetime[113 weeks], average[148.82]
[Tue Dec  2 11:21:15 2025] >> SAMPLE[ 2096] lifetime[168 weeks], average[148.82]
[Tue Dec  2 11:21:16 2025] >> SAMPLE[ 2097] lifetime[139 weeks], average[148.82]
[Tue Dec  2 11:21:17 2025] >> SAMPLE[ 2098] lifetime[172 weeks], average[148.83]
[Tue Dec  2 11:21:17 2025] >> SAMPLE[ 2099] lifetime[162 weeks], average[148.84]
[Tue Dec  2 11:21:20 2025] >> Generating new alpha
[Tue Dec  2 11:21:21 2025] >> SAMPLE[ 2100] lifetime[143 weeks], average[148.83]
[Tue Dec  2 11:21:21 2025] >> SAMPLE[ 2101] lifetime[128 weeks], average[148.82]
[Tue Dec  2 11:21:22 2025] >> SAMPLE[ 2102] lifetime[141 weeks], average[148.82]
[Tue Dec  2 11:21:23 2025] >> SAMPLE[ 2103] lifetime[165 weeks], average[148.83]
[Tue Dec  2 11:21:23 2025] >> SAMPLE[ 2104] lifetime[131 weeks], average[148.82]
[Tue Dec  2 11:21:24 2025] >> SAMPLE[ 2105] lifetime[126 weeks], average[148.81]
[Tue Dec  2 11:21:25 2025] >> SAMPLE[ 2106] lifetime[193 weeks], average[148.83]
[Tue Dec  2 11:21:26 2025] >> SAMPLE[ 2107] lifetime[134 weeks], average[148.82]
[Tue Dec  2 11:21:26 2025] >> SAMPLE[ 2108] lifetime[127 weeks], average[148.81]
[Tue Dec  2 11:21:27 2025] >> SAMPLE[ 2109] lifetime[136 weeks], average[148.81]
[Tue Dec  2 11:21:27 2025] >> SAMPLE[ 2110] lifetime[126 weeks], average[148.80]
[Tue Dec  2 11:21:28 2025] >> SAMPLE[ 2111] lifetime[169 weeks], average[148.81]
[Tue Dec  2 11:21:29 2025] >> SAMPLE[ 2112] lifetime[145 weeks], average[148.80]
[Tue Dec  2 11:21:30 2025] >> SAMPLE[ 2113] lifetime[172 weeks], average[148.81]
[Tue Dec  2 11:21:30 2025] >> SAMPLE[ 2114] lifetime[134 weeks], average[148.81]
[Tue Dec  2 11:21:31 2025] >> SAMPLE[ 2115] lifetime[108 weeks], average[148.79]
[Tue Dec  2 11:21:31 2025] >> SAMPLE[ 2116] lifetime[166 weeks], average[148.80]
[Tue Dec  2 11:21:32 2025] >> SAMPLE[ 2117] lifetime[167 weeks], average[148.81]
[Tue Dec  2 11:21:33 2025] >> SAMPLE[ 2118] lifetime[171 weeks], average[148.82]
[Tue Dec  2 11:21:34 2025] >> SAMPLE[ 2119] lifetime[167 weeks], average[148.82]
[Tue Dec  2 11:21:34 2025] >> SAMPLE[ 2120] lifetime[128 weeks], average[148.81]
[Tue Dec  2 11:21:35 2025] >> SAMPLE[ 2121] lifetime[163 weeks], average[148.82]
[Tue Dec  2 11:21:36 2025] >> SAMPLE[ 2122] lifetime[135 weeks], average[148.81]
[Tue Dec  2 11:21:36 2025] >> SAMPLE[ 2123] lifetime[167 weeks], average[148.82]
[Tue Dec  2 11:21:37 2025] >> SAMPLE[ 2124] lifetime[168 weeks], average[148.83]
[Tue Dec  2 11:21:38 2025] >> SAMPLE[ 2125] lifetime[134 weeks], average[148.83]
[Tue Dec  2 11:21:39 2025] >> SAMPLE[ 2126] lifetime[162 weeks], average[148.83]
[Tue Dec  2 11:21:39 2025] >> SAMPLE[ 2127] lifetime[168 weeks], average[148.84]
[Tue Dec  2 11:21:40 2025] >> SAMPLE[ 2128] lifetime[158 weeks], average[148.84]
[Tue Dec  2 11:21:41 2025] >> SAMPLE[ 2129] lifetime[120 weeks], average[148.83]
[Tue Dec  2 11:21:41 2025] >> SAMPLE[ 2130] lifetime[110 weeks], average[148.81]
[Tue Dec  2 11:21:42 2025] >> SAMPLE[ 2131] lifetime[133 weeks], average[148.81]
[Tue Dec  2 11:21:43 2025] >> SAMPLE[ 2132] lifetime[185 weeks], average[148.82]
[Tue Dec  2 11:21:43 2025] >> SAMPLE[ 2133] lifetime[156 weeks], average[148.83]
[Tue Dec  2 11:21:44 2025] >> SAMPLE[ 2134] lifetime[190 weeks], average[148.84]
[Tue Dec  2 11:21:45 2025] >> SAMPLE[ 2135] lifetime[122 weeks], average[148.83]
[Tue Dec  2 11:21:45 2025] >> SAMPLE[ 2136] lifetime[ 91 weeks], average[148.81]
[Tue Dec  2 11:21:46 2025] >> SAMPLE[ 2137] lifetime[154 weeks], average[148.81]
[Tue Dec  2 11:21:47 2025] >> SAMPLE[ 2138] lifetime[173 weeks], average[148.82]
[Tue Dec  2 11:21:48 2025] >> SAMPLE[ 2139] lifetime[191 weeks], average[148.84]
[Tue Dec  2 11:21:49 2025] >> SAMPLE[ 2140] lifetime[187 weeks], average[148.86]
[Tue Dec  2 11:21:49 2025] >> SAMPLE[ 2141] lifetime[179 weeks], average[148.87]
[Tue Dec  2 11:21:50 2025] >> SAMPLE[ 2142] lifetime[148 weeks], average[148.87]
[Tue Dec  2 11:21:51 2025] >> SAMPLE[ 2143] lifetime[113 weeks], average[148.85]
[Tue Dec  2 11:21:51 2025] >> SAMPLE[ 2144] lifetime[171 weeks], average[148.86]
[Tue Dec  2 11:21:52 2025] >> SAMPLE[ 2145] lifetime[147 weeks], average[148.86]
[Tue Dec  2 11:21:53 2025] >> SAMPLE[ 2146] lifetime[197 weeks], average[148.89]
[Tue Dec  2 11:21:54 2025] >> SAMPLE[ 2147] lifetime[184 weeks], average[148.90]
[Tue Dec  2 11:21:55 2025] >> SAMPLE[ 2148] lifetime[135 weeks], average[148.90]
[Tue Dec  2 11:21:55 2025] >> SAMPLE[ 2149] lifetime[156 weeks], average[148.90]
[Tue Dec  2 11:21:56 2025] >> SAMPLE[ 2150] lifetime[197 weeks], average[148.92]
[Tue Dec  2 11:21:57 2025] >> SAMPLE[ 2151] lifetime[176 weeks], average[148.93]
[Tue Dec  2 11:21:58 2025] >> SAMPLE[ 2152] lifetime[127 weeks], average[148.92]
[Tue Dec  2 11:21:58 2025] >> SAMPLE[ 2153] lifetime[166 weeks], average[148.93]
[Tue Dec  2 11:21:59 2025] >> SAMPLE[ 2154] lifetime[135 weeks], average[148.92]
[Tue Dec  2 11:22:00 2025] >> SAMPLE[ 2155] lifetime[127 weeks], average[148.91]
[Tue Dec  2 11:22:00 2025] >> SAMPLE[ 2156] lifetime[144 weeks], average[148.91]
[Tue Dec  2 11:22:01 2025] >> SAMPLE[ 2157] lifetime[140 weeks], average[148.91]
[Tue Dec  2 11:22:02 2025] >> SAMPLE[ 2158] lifetime[144 weeks], average[148.91]
[Tue Dec  2 11:22:02 2025] >> SAMPLE[ 2159] lifetime[143 weeks], average[148.90]
[Tue Dec  2 11:22:03 2025] >> SAMPLE[ 2160] lifetime[160 weeks], average[148.91]
[Tue Dec  2 11:22:04 2025] >> SAMPLE[ 2161] lifetime[165 weeks], average[148.92]
[Tue Dec  2 11:22:04 2025] >> SAMPLE[ 2162] lifetime[150 weeks], average[148.92]
[Tue Dec  2 11:22:05 2025] >> SAMPLE[ 2163] lifetime[138 weeks], average[148.91]
[Tue Dec  2 11:22:06 2025] >> SAMPLE[ 2164] lifetime[155 weeks], average[148.91]
[Tue Dec  2 11:22:06 2025] >> SAMPLE[ 2165] lifetime[136 weeks], average[148.91]
[Tue Dec  2 11:22:07 2025] >> SAMPLE[ 2166] lifetime[130 weeks], average[148.90]
[Tue Dec  2 11:22:08 2025] >> SAMPLE[ 2167] lifetime[131 weeks], average[148.89]
[Tue Dec  2 11:22:09 2025] >> SAMPLE[ 2168] lifetime[199 weeks], average[148.91]
[Tue Dec  2 11:22:09 2025] >> SAMPLE[ 2169] lifetime[140 weeks], average[148.91]
[Tue Dec  2 11:22:10 2025] >> SAMPLE[ 2170] lifetime[171 weeks], average[148.92]
[Tue Dec  2 11:22:11 2025] >> SAMPLE[ 2171] lifetime[118 weeks], average[148.91]
[Tue Dec  2 11:22:11 2025] >> SAMPLE[ 2172] lifetime[105 weeks], average[148.89]
[Tue Dec  2 11:22:12 2025] >> SAMPLE[ 2173] lifetime[190 weeks], average[148.90]
[Tue Dec  2 11:22:13 2025] >> SAMPLE[ 2174] lifetime[139 weeks], average[148.90]
[Tue Dec  2 11:22:13 2025] >> SAMPLE[ 2175] lifetime[136 weeks], average[148.89]
[Tue Dec  2 11:22:14 2025] >> SAMPLE[ 2176] lifetime[162 weeks], average[148.90]
[Tue Dec  2 11:22:15 2025] >> SAMPLE[ 2177] lifetime[139 weeks], average[148.90]
[Tue Dec  2 11:22:15 2025] >> SAMPLE[ 2178] lifetime[131 weeks], average[148.89]
[Tue Dec  2 11:22:16 2025] >> SAMPLE[ 2179] lifetime[119 weeks], average[148.87]
[Tue Dec  2 11:22:16 2025] >> SAMPLE[ 2180] lifetime[156 weeks], average[148.88]
[Tue Dec  2 11:22:17 2025] >> SAMPLE[ 2181] lifetime[140 weeks], average[148.87]
[Tue Dec  2 11:22:18 2025] >> SAMPLE[ 2182] lifetime[129 weeks], average[148.86]
[Tue Dec  2 11:22:19 2025] >> SAMPLE[ 2183] lifetime[212 weeks], average[148.89]
[Tue Dec  2 11:22:19 2025] >> SAMPLE[ 2184] lifetime[147 weeks], average[148.89]
[Tue Dec  2 11:22:20 2025] >> SAMPLE[ 2185] lifetime[186 weeks], average[148.91]
[Tue Dec  2 11:22:21 2025] >> SAMPLE[ 2186] lifetime[172 weeks], average[148.92]
[Tue Dec  2 11:22:22 2025] >> SAMPLE[ 2187] lifetime[189 weeks], average[148.94]
[Tue Dec  2 11:22:23 2025] >> SAMPLE[ 2188] lifetime[174 weeks], average[148.95]
[Tue Dec  2 11:22:24 2025] >> SAMPLE[ 2189] lifetime[184 weeks], average[148.97]
[Tue Dec  2 11:22:24 2025] >> SAMPLE[ 2190] lifetime[125 weeks], average[148.95]
[Tue Dec  2 11:22:25 2025] >> SAMPLE[ 2191] lifetime[198 weeks], average[148.98]
[Tue Dec  2 11:22:26 2025] >> SAMPLE[ 2192] lifetime[152 weeks], average[148.98]
[Tue Dec  2 11:22:27 2025] >> SAMPLE[ 2193] lifetime[158 weeks], average[148.98]
[Tue Dec  2 11:22:28 2025] >> SAMPLE[ 2194] lifetime[191 weeks], average[149.00]
[Tue Dec  2 11:22:28 2025] >> SAMPLE[ 2195] lifetime[ 91 weeks], average[148.97]
[Tue Dec  2 11:22:29 2025] >> SAMPLE[ 2196] lifetime[177 weeks], average[148.99]
[Tue Dec  2 11:22:30 2025] >> SAMPLE[ 2197] lifetime[171 weeks], average[149.00]
[Tue Dec  2 11:22:30 2025] >> SAMPLE[ 2198] lifetime[ 98 weeks], average[148.97]
[Tue Dec  2 11:22:31 2025] >> SAMPLE[ 2199] lifetime[170 weeks], average[148.98]
[Tue Dec  2 11:22:34 2025] >> Generating new alpha
[Tue Dec  2 11:22:34 2025] >> SAMPLE[ 2200] lifetime[118 weeks], average[148.97]
[Tue Dec  2 11:22:35 2025] >> SAMPLE[ 2201] lifetime[120 weeks], average[148.96]
[Tue Dec  2 11:22:35 2025] >> SAMPLE[ 2202] lifetime[ 95 weeks], average[148.93]
[Tue Dec  2 11:22:36 2025] >> SAMPLE[ 2203] lifetime[161 weeks], average[148.94]
[Tue Dec  2 11:22:37 2025] >> SAMPLE[ 2204] lifetime[150 weeks], average[148.94]
[Tue Dec  2 11:22:38 2025] >> SAMPLE[ 2205] lifetime[179 weeks], average[148.95]
[Tue Dec  2 11:22:38 2025] >> SAMPLE[ 2206] lifetime[157 weeks], average[148.96]
[Tue Dec  2 11:22:39 2025] >> SAMPLE[ 2207] lifetime[111 weeks], average[148.94]
[Tue Dec  2 11:22:40 2025] >> SAMPLE[ 2208] lifetime[186 weeks], average[148.96]
[Tue Dec  2 11:22:41 2025] >> SAMPLE[ 2209] lifetime[165 weeks], average[148.96]
[Tue Dec  2 11:22:41 2025] >> SAMPLE[ 2210] lifetime[179 weeks], average[148.98]
[Tue Dec  2 11:22:42 2025] >> SAMPLE[ 2211] lifetime[172 weeks], average[148.99]
[Tue Dec  2 11:22:43 2025] >> SAMPLE[ 2212] lifetime[157 weeks], average[148.99]
[Tue Dec  2 11:22:44 2025] >> SAMPLE[ 2213] lifetime[184 weeks], average[149.01]
[Tue Dec  2 11:22:44 2025] >> SAMPLE[ 2214] lifetime[108 weeks], average[148.99]
[Tue Dec  2 11:22:45 2025] >> SAMPLE[ 2215] lifetime[179 weeks], average[149.00]
[Tue Dec  2 11:22:46 2025] >> SAMPLE[ 2216] lifetime[151 weeks], average[149.00]
[Tue Dec  2 11:22:47 2025] >> SAMPLE[ 2217] lifetime[134 weeks], average[149.00]
[Tue Dec  2 11:22:47 2025] >> SAMPLE[ 2218] lifetime[154 weeks], average[149.00]
[Tue Dec  2 11:22:48 2025] >> SAMPLE[ 2219] lifetime[181 weeks], average[149.01]
[Tue Dec  2 11:22:49 2025] >> SAMPLE[ 2220] lifetime[201 weeks], average[149.04]
[Tue Dec  2 11:22:50 2025] >> SAMPLE[ 2221] lifetime[130 weeks], average[149.03]
[Tue Dec  2 11:22:50 2025] >> SAMPLE[ 2222] lifetime[121 weeks], average[149.01]
[Tue Dec  2 11:22:51 2025] >> SAMPLE[ 2223] lifetime[109 weeks], average[149.00]
[Tue Dec  2 11:22:51 2025] >> SAMPLE[ 2224] lifetime[161 weeks], average[149.00]
[Tue Dec  2 11:22:52 2025] >> SAMPLE[ 2225] lifetime[168 weeks], average[149.01]
[Tue Dec  2 11:22:53 2025] >> SAMPLE[ 2226] lifetime[ 97 weeks], average[148.99]
[Tue Dec  2 11:22:53 2025] >> SAMPLE[ 2227] lifetime[147 weeks], average[148.99]
[Tue Dec  2 11:22:54 2025] >> SAMPLE[ 2228] lifetime[131 weeks], average[148.98]
[Tue Dec  2 11:22:55 2025] >> SAMPLE[ 2229] lifetime[152 weeks], average[148.98]
[Tue Dec  2 11:22:55 2025] >> SAMPLE[ 2230] lifetime[149 weeks], average[148.98]
[Tue Dec  2 11:22:56 2025] >> SAMPLE[ 2231] lifetime[140 weeks], average[148.97]
[Tue Dec  2 11:22:56 2025] >> SAMPLE[ 2232] lifetime[127 weeks], average[148.97]
[Tue Dec  2 11:22:57 2025] >> SAMPLE[ 2233] lifetime[124 weeks], average[148.95]
[Tue Dec  2 11:22:58 2025] >> SAMPLE[ 2234] lifetime[154 weeks], average[148.96]
[Tue Dec  2 11:22:59 2025] >> SAMPLE[ 2235] lifetime[168 weeks], average[148.96]
[Tue Dec  2 11:22:59 2025] >> SAMPLE[ 2236] lifetime[136 weeks], average[148.96]
[Tue Dec  2 11:23:00 2025] >> SAMPLE[ 2237] lifetime[171 weeks], average[148.97]
[Tue Dec  2 11:23:01 2025] >> SAMPLE[ 2238] lifetime[183 weeks], average[148.98]
[Tue Dec  2 11:23:01 2025] >> SAMPLE[ 2239] lifetime[132 weeks], average[148.98]
[Tue Dec  2 11:23:02 2025] >> SAMPLE[ 2240] lifetime[110 weeks], average[148.96]
[Tue Dec  2 11:23:03 2025] >> SAMPLE[ 2241] lifetime[178 weeks], average[148.97]
[Tue Dec  2 11:23:03 2025] >> SAMPLE[ 2242] lifetime[121 weeks], average[148.96]
[Tue Dec  2 11:23:04 2025] >> SAMPLE[ 2243] lifetime[141 weeks], average[148.96]
[Tue Dec  2 11:23:05 2025] >> SAMPLE[ 2244] lifetime[130 weeks], average[148.95]
[Tue Dec  2 11:23:05 2025] >> SAMPLE[ 2245] lifetime[170 weeks], average[148.96]
[Tue Dec  2 11:23:06 2025] >> SAMPLE[ 2246] lifetime[129 weeks], average[148.95]
[Tue Dec  2 11:23:07 2025] >> SAMPLE[ 2247] lifetime[150 weeks], average[148.95]
[Tue Dec  2 11:23:07 2025] >> SAMPLE[ 2248] lifetime[171 weeks], average[148.96]
[Tue Dec  2 11:23:08 2025] >> SAMPLE[ 2249] lifetime[140 weeks], average[148.95]
[Tue Dec  2 11:23:09 2025] >> SAMPLE[ 2250] lifetime[176 weeks], average[148.97]
[Tue Dec  2 11:23:10 2025] >> SAMPLE[ 2251] lifetime[145 weeks], average[148.96]
[Tue Dec  2 11:23:10 2025] >> SAMPLE[ 2252] lifetime[127 weeks], average[148.95]
[Tue Dec  2 11:23:11 2025] >> SAMPLE[ 2253] lifetime[172 weeks], average[148.96]
[Tue Dec  2 11:23:12 2025] >> SAMPLE[ 2254] lifetime[151 weeks], average[148.97]
[Tue Dec  2 11:23:12 2025] >> SAMPLE[ 2255] lifetime[153 weeks], average[148.97]
[Tue Dec  2 11:23:13 2025] >> SAMPLE[ 2256] lifetime[169 weeks], average[148.98]
[Tue Dec  2 11:23:14 2025] >> SAMPLE[ 2257] lifetime[107 weeks], average[148.96]
[Tue Dec  2 11:23:14 2025] >> SAMPLE[ 2258] lifetime[166 weeks], average[148.97]
[Tue Dec  2 11:23:15 2025] >> SAMPLE[ 2259] lifetime[129 weeks], average[148.96]
[Tue Dec  2 11:23:15 2025] >> SAMPLE[ 2260] lifetime[142 weeks], average[148.95]
[Tue Dec  2 11:23:16 2025] >> SAMPLE[ 2261] lifetime[121 weeks], average[148.94]
[Tue Dec  2 11:23:17 2025] >> SAMPLE[ 2262] lifetime[179 weeks], average[148.95]
[Tue Dec  2 11:23:17 2025] >> SAMPLE[ 2263] lifetime[126 weeks], average[148.94]
[Tue Dec  2 11:23:18 2025] >> SAMPLE[ 2264] lifetime[122 weeks], average[148.93]
[Tue Dec  2 11:23:19 2025] >> SAMPLE[ 2265] lifetime[158 weeks], average[148.94]
[Tue Dec  2 11:23:19 2025] >> SAMPLE[ 2266] lifetime[155 weeks], average[148.94]
[Tue Dec  2 11:23:20 2025] >> SAMPLE[ 2267] lifetime[171 weeks], average[148.95]
[Tue Dec  2 11:23:21 2025] >> SAMPLE[ 2268] lifetime[137 weeks], average[148.94]
[Tue Dec  2 11:23:21 2025] >> SAMPLE[ 2269] lifetime[139 weeks], average[148.94]
[Tue Dec  2 11:23:22 2025] >> SAMPLE[ 2270] lifetime[164 weeks], average[148.95]
[Tue Dec  2 11:23:23 2025] >> SAMPLE[ 2271] lifetime[120 weeks], average[148.93]
[Tue Dec  2 11:23:23 2025] >> SAMPLE[ 2272] lifetime[125 weeks], average[148.92]
[Tue Dec  2 11:23:24 2025] >> SAMPLE[ 2273] lifetime[148 weeks], average[148.92]
[Tue Dec  2 11:23:25 2025] >> SAMPLE[ 2274] lifetime[134 weeks], average[148.92]
[Tue Dec  2 11:23:25 2025] >> SAMPLE[ 2275] lifetime[ 94 weeks], average[148.89]
[Tue Dec  2 11:23:25 2025] >> SAMPLE[ 2276] lifetime[128 weeks], average[148.88]
[Tue Dec  2 11:23:26 2025] >> SAMPLE[ 2277] lifetime[190 weeks], average[148.90]
[Tue Dec  2 11:23:27 2025] >> SAMPLE[ 2278] lifetime[127 weeks], average[148.89]
[Tue Dec  2 11:23:28 2025] >> SAMPLE[ 2279] lifetime[153 weeks], average[148.89]
[Tue Dec  2 11:23:28 2025] >> SAMPLE[ 2280] lifetime[120 weeks], average[148.88]
[Tue Dec  2 11:23:29 2025] >> SAMPLE[ 2281] lifetime[158 weeks], average[148.88]
[Tue Dec  2 11:23:30 2025] >> SAMPLE[ 2282] lifetime[190 weeks], average[148.90]
[Tue Dec  2 11:23:30 2025] >> SAMPLE[ 2283] lifetime[126 weeks], average[148.89]
[Tue Dec  2 11:23:31 2025] >> SAMPLE[ 2284] lifetime[139 weeks], average[148.89]
[Tue Dec  2 11:23:32 2025] >> SAMPLE[ 2285] lifetime[127 weeks], average[148.88]
[Tue Dec  2 11:23:32 2025] >> SAMPLE[ 2286] lifetime[176 weeks], average[148.89]
[Tue Dec  2 11:23:33 2025] >> SAMPLE[ 2287] lifetime[143 weeks], average[148.89]
[Tue Dec  2 11:23:34 2025] >> SAMPLE[ 2288] lifetime[203 weeks], average[148.91]
[Tue Dec  2 11:23:35 2025] >> SAMPLE[ 2289] lifetime[165 weeks], average[148.92]
[Tue Dec  2 11:23:35 2025] >> SAMPLE[ 2290] lifetime[ 89 weeks], average[148.89]
[Tue Dec  2 11:23:36 2025] >> SAMPLE[ 2291] lifetime[115 weeks], average[148.88]
[Tue Dec  2 11:23:37 2025] >> SAMPLE[ 2292] lifetime[187 weeks], average[148.89]
[Tue Dec  2 11:23:37 2025] >> SAMPLE[ 2293] lifetime[184 weeks], average[148.91]
[Tue Dec  2 11:23:38 2025] >> SAMPLE[ 2294] lifetime[157 weeks], average[148.91]
[Tue Dec  2 11:23:39 2025] >> SAMPLE[ 2295] lifetime[173 weeks], average[148.92]
[Tue Dec  2 11:23:40 2025] >> SAMPLE[ 2296] lifetime[156 weeks], average[148.93]
[Tue Dec  2 11:23:40 2025] >> SAMPLE[ 2297] lifetime[147 weeks], average[148.93]
[Tue Dec  2 11:23:41 2025] >> SAMPLE[ 2298] lifetime[111 weeks], average[148.91]
[Tue Dec  2 11:23:42 2025] >> SAMPLE[ 2299] lifetime[161 weeks], average[148.91]
[Tue Dec  2 11:23:44 2025] >> Generating new alpha
[Tue Dec  2 11:23:45 2025] >> SAMPLE[ 2300] lifetime[156 weeks], average[148.92]
[Tue Dec  2 11:23:46 2025] >> SAMPLE[ 2301] lifetime[181 weeks], average[148.93]
[Tue Dec  2 11:23:47 2025] >> SAMPLE[ 2302] lifetime[180 weeks], average[148.94]
[Tue Dec  2 11:23:47 2025] >> SAMPLE[ 2303] lifetime[178 weeks], average[148.96]
[Tue Dec  2 11:23:48 2025] >> SAMPLE[ 2304] lifetime[136 weeks], average[148.95]
[Tue Dec  2 11:23:49 2025] >> SAMPLE[ 2305] lifetime[128 weeks], average[148.94]
[Tue Dec  2 11:23:49 2025] >> SAMPLE[ 2306] lifetime[138 weeks], average[148.94]
[Tue Dec  2 11:23:50 2025] >> SAMPLE[ 2307] lifetime[153 weeks], average[148.94]
[Tue Dec  2 11:23:51 2025] >> SAMPLE[ 2308] lifetime[179 weeks], average[148.95]
[Tue Dec  2 11:23:51 2025] >> SAMPLE[ 2309] lifetime[152 weeks], average[148.95]
[Tue Dec  2 11:23:52 2025] >> SAMPLE[ 2310] lifetime[ 91 weeks], average[148.93]
[Tue Dec  2 11:23:52 2025] >> SAMPLE[ 2311] lifetime[130 weeks], average[148.92]
[Tue Dec  2 11:23:53 2025] >> SAMPLE[ 2312] lifetime[167 weeks], average[148.93]
[Tue Dec  2 11:23:54 2025] >> SAMPLE[ 2313] lifetime[181 weeks], average[148.94]
[Tue Dec  2 11:23:55 2025] >> SAMPLE[ 2314] lifetime[170 weeks], average[148.95]
[Tue Dec  2 11:23:55 2025] >> SAMPLE[ 2315] lifetime[129 weeks], average[148.94]
[Tue Dec  2 11:23:56 2025] >> SAMPLE[ 2316] lifetime[135 weeks], average[148.94]
[Tue Dec  2 11:23:57 2025] >> SAMPLE[ 2317] lifetime[191 weeks], average[148.95]
[Tue Dec  2 11:23:58 2025] >> SAMPLE[ 2318] lifetime[185 weeks], average[148.97]
[Tue Dec  2 11:23:58 2025] >> SAMPLE[ 2319] lifetime[118 weeks], average[148.96]
[Tue Dec  2 11:23:59 2025] >> SAMPLE[ 2320] lifetime[150 weeks], average[148.96]
[Tue Dec  2 11:24:00 2025] >> SAMPLE[ 2321] lifetime[146 weeks], average[148.96]
[Tue Dec  2 11:24:00 2025] >> SAMPLE[ 2322] lifetime[159 weeks], average[148.96]
[Tue Dec  2 11:24:01 2025] >> SAMPLE[ 2323] lifetime[152 weeks], average[148.96]
[Tue Dec  2 11:24:02 2025] >> SAMPLE[ 2324] lifetime[134 weeks], average[148.96]
[Tue Dec  2 11:24:02 2025] >> SAMPLE[ 2325] lifetime[102 weeks], average[148.94]
[Tue Dec  2 11:24:03 2025] >> SAMPLE[ 2326] lifetime[140 weeks], average[148.93]
[Tue Dec  2 11:24:04 2025] >> SAMPLE[ 2327] lifetime[186 weeks], average[148.95]
[Tue Dec  2 11:24:05 2025] >> SAMPLE[ 2328] lifetime[200 weeks], average[148.97]
[Tue Dec  2 11:24:05 2025] >> SAMPLE[ 2329] lifetime[174 weeks], average[148.98]
[Tue Dec  2 11:24:06 2025] >> SAMPLE[ 2330] lifetime[144 weeks], average[148.98]
[Tue Dec  2 11:24:07 2025] >> SAMPLE[ 2331] lifetime[186 weeks], average[148.99]
[Tue Dec  2 11:24:08 2025] >> SAMPLE[ 2332] lifetime[189 weeks], average[149.01]
[Tue Dec  2 11:24:09 2025] >> SAMPLE[ 2333] lifetime[185 weeks], average[149.03]
[Tue Dec  2 11:24:10 2025] >> SAMPLE[ 2334] lifetime[177 weeks], average[149.04]
[Tue Dec  2 11:24:10 2025] >> SAMPLE[ 2335] lifetime[156 weeks], average[149.04]
[Tue Dec  2 11:24:11 2025] >> SAMPLE[ 2336] lifetime[140 weeks], average[149.04]
[Tue Dec  2 11:24:11 2025] >> SAMPLE[ 2337] lifetime[133 weeks], average[149.03]
[Tue Dec  2 11:24:12 2025] >> SAMPLE[ 2338] lifetime[117 weeks], average[149.02]
[Tue Dec  2 11:24:13 2025] >> SAMPLE[ 2339] lifetime[175 weeks], average[149.03]
[Tue Dec  2 11:24:14 2025] >> SAMPLE[ 2340] lifetime[173 weeks], average[149.04]
[Tue Dec  2 11:24:14 2025] >> SAMPLE[ 2341] lifetime[123 weeks], average[149.03]
[Tue Dec  2 11:24:15 2025] >> SAMPLE[ 2342] lifetime[117 weeks], average[149.01]
[Tue Dec  2 11:24:15 2025] >> SAMPLE[ 2343] lifetime[124 weeks], average[149.00]
[Tue Dec  2 11:24:16 2025] >> SAMPLE[ 2344] lifetime[178 weeks], average[149.01]
[Tue Dec  2 11:24:17 2025] >> SAMPLE[ 2345] lifetime[161 weeks], average[149.02]
[Tue Dec  2 11:24:17 2025] >> SAMPLE[ 2346] lifetime[119 weeks], average[149.01]
[Tue Dec  2 11:24:18 2025] >> SAMPLE[ 2347] lifetime[229 weeks], average[149.04]
[Tue Dec  2 11:24:19 2025] >> SAMPLE[ 2348] lifetime[170 weeks], average[149.05]
[Tue Dec  2 11:24:20 2025] >> SAMPLE[ 2349] lifetime[199 weeks], average[149.07]
[Tue Dec  2 11:24:21 2025] >> SAMPLE[ 2350] lifetime[112 weeks], average[149.06]
[Tue Dec  2 11:24:21 2025] >> SAMPLE[ 2351] lifetime[173 weeks], average[149.07]
[Tue Dec  2 11:24:22 2025] >> SAMPLE[ 2352] lifetime[142 weeks], average[149.06]
[Tue Dec  2 11:24:23 2025] >> SAMPLE[ 2353] lifetime[163 weeks], average[149.07]
[Tue Dec  2 11:24:24 2025] >> SAMPLE[ 2354] lifetime[174 weeks], average[149.08]
[Tue Dec  2 11:24:24 2025] >> SAMPLE[ 2355] lifetime[124 weeks], average[149.07]
[Tue Dec  2 11:24:25 2025] >> SAMPLE[ 2356] lifetime[167 weeks], average[149.08]
[Tue Dec  2 11:24:26 2025] >> SAMPLE[ 2357] lifetime[147 weeks], average[149.08]
[Tue Dec  2 11:24:26 2025] >> SAMPLE[ 2358] lifetime[116 weeks], average[149.06]
[Tue Dec  2 11:24:27 2025] >> SAMPLE[ 2359] lifetime[193 weeks], average[149.08]
[Tue Dec  2 11:24:27 2025] >> SAMPLE[ 2360] lifetime[ 97 weeks], average[149.06]
[Tue Dec  2 11:24:28 2025] >> SAMPLE[ 2361] lifetime[190 weeks], average[149.08]
[Tue Dec  2 11:24:29 2025] >> SAMPLE[ 2362] lifetime[134 weeks], average[149.07]
[Tue Dec  2 11:24:30 2025] >> SAMPLE[ 2363] lifetime[155 weeks], average[149.07]
[Tue Dec  2 11:24:30 2025] >> SAMPLE[ 2364] lifetime[176 weeks], average[149.08]
[Tue Dec  2 11:24:31 2025] >> SAMPLE[ 2365] lifetime[155 weeks], average[149.09]
[Tue Dec  2 11:24:32 2025] >> SAMPLE[ 2366] lifetime[106 weeks], average[149.07]
[Tue Dec  2 11:24:32 2025] >> SAMPLE[ 2367] lifetime[171 weeks], average[149.08]
[Tue Dec  2 11:24:33 2025] >> SAMPLE[ 2368] lifetime[194 weeks], average[149.10]
[Tue Dec  2 11:24:34 2025] >> SAMPLE[ 2369] lifetime[148 weeks], average[149.09]
[Tue Dec  2 11:24:35 2025] >> SAMPLE[ 2370] lifetime[182 weeks], average[149.11]
[Tue Dec  2 11:24:36 2025] >> SAMPLE[ 2371] lifetime[195 weeks], average[149.13]
[Tue Dec  2 11:24:36 2025] >> SAMPLE[ 2372] lifetime[142 weeks], average[149.13]
[Tue Dec  2 11:24:37 2025] >> SAMPLE[ 2373] lifetime[180 weeks], average[149.14]
[Tue Dec  2 11:24:38 2025] >> SAMPLE[ 2374] lifetime[150 weeks], average[149.14]
[Tue Dec  2 11:24:39 2025] >> SAMPLE[ 2375] lifetime[182 weeks], average[149.15]
[Tue Dec  2 11:24:40 2025] >> SAMPLE[ 2376] lifetime[183 weeks], average[149.17]
[Tue Dec  2 11:24:40 2025] >> SAMPLE[ 2377] lifetime[186 weeks], average[149.18]
[Tue Dec  2 11:24:41 2025] >> SAMPLE[ 2378] lifetime[159 weeks], average[149.19]
[Tue Dec  2 11:24:42 2025] >> SAMPLE[ 2379] lifetime[144 weeks], average[149.18]
[Tue Dec  2 11:24:42 2025] >> SAMPLE[ 2380] lifetime[105 weeks], average[149.17]
[Tue Dec  2 11:24:43 2025] >> SAMPLE[ 2381] lifetime[126 weeks], average[149.16]
[Tue Dec  2 11:24:44 2025] >> SAMPLE[ 2382] lifetime[176 weeks], average[149.17]
[Tue Dec  2 11:24:44 2025] >> SAMPLE[ 2383] lifetime[124 weeks], average[149.16]
[Tue Dec  2 11:24:45 2025] >> SAMPLE[ 2384] lifetime[101 weeks], average[149.14]
[Tue Dec  2 11:24:45 2025] >> SAMPLE[ 2385] lifetime[164 weeks], average[149.14]
[Tue Dec  2 11:24:46 2025] >> SAMPLE[ 2386] lifetime[137 weeks], average[149.14]
[Tue Dec  2 11:24:47 2025] >> SAMPLE[ 2387] lifetime[151 weeks], average[149.14]
[Tue Dec  2 11:24:47 2025] >> SAMPLE[ 2388] lifetime[179 weeks], average[149.15]
[Tue Dec  2 11:24:48 2025] >> SAMPLE[ 2389] lifetime[115 weeks], average[149.14]
[Tue Dec  2 11:24:49 2025] >> SAMPLE[ 2390] lifetime[165 weeks], average[149.14]
[Tue Dec  2 11:24:49 2025] >> SAMPLE[ 2391] lifetime[156 weeks], average[149.15]
[Tue Dec  2 11:24:50 2025] >> SAMPLE[ 2392] lifetime[143 weeks], average[149.14]
[Tue Dec  2 11:24:51 2025] >> SAMPLE[ 2393] lifetime[131 weeks], average[149.14]
[Tue Dec  2 11:24:52 2025] >> SAMPLE[ 2394] lifetime[204 weeks], average[149.16]
[Tue Dec  2 11:24:52 2025] >> SAMPLE[ 2395] lifetime[165 weeks], average[149.17]
[Tue Dec  2 11:24:53 2025] >> SAMPLE[ 2396] lifetime[162 weeks], average[149.17]
[Tue Dec  2 11:24:54 2025] >> SAMPLE[ 2397] lifetime[161 weeks], average[149.18]
[Tue Dec  2 11:24:55 2025] >> SAMPLE[ 2398] lifetime[183 weeks], average[149.19]
[Tue Dec  2 11:24:55 2025] >> SAMPLE[ 2399] lifetime[132 weeks], average[149.18]
[Tue Dec  2 11:24:58 2025] >> Generating new alpha
[Tue Dec  2 11:24:58 2025] >> SAMPLE[ 2400] lifetime[138 weeks], average[149.18]
[Tue Dec  2 11:24:59 2025] >> SAMPLE[ 2401] lifetime[158 weeks], average[149.18]
[Tue Dec  2 11:25:00 2025] >> SAMPLE[ 2402] lifetime[180 weeks], average[149.19]
[Tue Dec  2 11:25:01 2025] >> SAMPLE[ 2403] lifetime[115 weeks], average[149.18]
[Tue Dec  2 11:25:01 2025] >> SAMPLE[ 2404] lifetime[130 weeks], average[149.17]
[Tue Dec  2 11:25:02 2025] >> SAMPLE[ 2405] lifetime[187 weeks], average[149.19]
[Tue Dec  2 11:25:03 2025] >> SAMPLE[ 2406] lifetime[142 weeks], average[149.18]
[Tue Dec  2 11:25:03 2025] >> SAMPLE[ 2407] lifetime[106 weeks], average[149.17]
[Tue Dec  2 11:25:04 2025] >> SAMPLE[ 2408] lifetime[143 weeks], average[149.16]
[Tue Dec  2 11:25:04 2025] >> SAMPLE[ 2409] lifetime[121 weeks], average[149.15]
[Tue Dec  2 11:25:05 2025] >> SAMPLE[ 2410] lifetime[141 weeks], average[149.15]
[Tue Dec  2 11:25:06 2025] >> SAMPLE[ 2411] lifetime[120 weeks], average[149.14]
[Tue Dec  2 11:25:06 2025] >> SAMPLE[ 2412] lifetime[107 weeks], average[149.12]
[Tue Dec  2 11:25:07 2025] >> SAMPLE[ 2413] lifetime[149 weeks], average[149.12]
[Tue Dec  2 11:25:08 2025] >> SAMPLE[ 2414] lifetime[201 weeks], average[149.14]
[Tue Dec  2 11:25:08 2025] >> SAMPLE[ 2415] lifetime[141 weeks], average[149.14]
[Tue Dec  2 11:25:09 2025] >> SAMPLE[ 2416] lifetime[153 weeks], average[149.14]
[Tue Dec  2 11:25:10 2025] >> SAMPLE[ 2417] lifetime[151 weeks], average[149.14]
[Tue Dec  2 11:25:10 2025] >> SAMPLE[ 2418] lifetime[134 weeks], average[149.13]
[Tue Dec  2 11:25:11 2025] >> SAMPLE[ 2419] lifetime[130 weeks], average[149.13]
[Tue Dec  2 11:25:12 2025] >> SAMPLE[ 2420] lifetime[144 weeks], average[149.12]
[Tue Dec  2 11:25:12 2025] >> SAMPLE[ 2421] lifetime[115 weeks], average[149.11]
[Tue Dec  2 11:25:13 2025] >> SAMPLE[ 2422] lifetime[122 weeks], average[149.10]
[Tue Dec  2 11:25:13 2025] >> SAMPLE[ 2423] lifetime[125 weeks], average[149.09]
[Tue Dec  2 11:25:14 2025] >> SAMPLE[ 2424] lifetime[105 weeks], average[149.07]
[Tue Dec  2 11:25:14 2025] >> SAMPLE[ 2425] lifetime[103 weeks], average[149.05]
[Tue Dec  2 11:25:15 2025] >> SAMPLE[ 2426] lifetime[181 weeks], average[149.06]
[Tue Dec  2 11:25:16 2025] >> SAMPLE[ 2427] lifetime[164 weeks], average[149.07]
[Tue Dec  2 11:25:17 2025] >> SAMPLE[ 2428] lifetime[183 weeks], average[149.08]
[Tue Dec  2 11:25:17 2025] >> SAMPLE[ 2429] lifetime[129 weeks], average[149.08]
[Tue Dec  2 11:25:18 2025] >> SAMPLE[ 2430] lifetime[210 weeks], average[149.10]
[Tue Dec  2 11:25:19 2025] >> SAMPLE[ 2431] lifetime[169 weeks], average[149.11]
[Tue Dec  2 11:25:20 2025] >> SAMPLE[ 2432] lifetime[170 weeks], average[149.12]
[Tue Dec  2 11:25:21 2025] >> SAMPLE[ 2433] lifetime[174 weeks], average[149.13]
[Tue Dec  2 11:25:21 2025] >> SAMPLE[ 2434] lifetime[100 weeks], average[149.11]
[Tue Dec  2 11:25:22 2025] >> SAMPLE[ 2435] lifetime[173 weeks], average[149.12]
[Tue Dec  2 11:25:23 2025] >> SAMPLE[ 2436] lifetime[168 weeks], average[149.13]
[Tue Dec  2 11:25:23 2025] >> SAMPLE[ 2437] lifetime[101 weeks], average[149.11]
[Tue Dec  2 11:25:24 2025] >> SAMPLE[ 2438] lifetime[ 93 weeks], average[149.08]
[Tue Dec  2 11:25:24 2025] >> SAMPLE[ 2439] lifetime[140 weeks], average[149.08]
[Tue Dec  2 11:25:25 2025] >> SAMPLE[ 2440] lifetime[124 weeks], average[149.07]
[Tue Dec  2 11:25:25 2025] >> SAMPLE[ 2441] lifetime[119 weeks], average[149.06]
[Tue Dec  2 11:25:26 2025] >> SAMPLE[ 2442] lifetime[143 weeks], average[149.05]
[Tue Dec  2 11:25:27 2025] >> SAMPLE[ 2443] lifetime[164 weeks], average[149.06]
[Tue Dec  2 11:25:28 2025] >> SAMPLE[ 2444] lifetime[168 weeks], average[149.07]
[Tue Dec  2 11:25:28 2025] >> SAMPLE[ 2445] lifetime[ 98 weeks], average[149.05]
[Tue Dec  2 11:25:29 2025] >> SAMPLE[ 2446] lifetime[119 weeks], average[149.04]
[Tue Dec  2 11:25:29 2025] >> SAMPLE[ 2447] lifetime[128 weeks], average[149.03]
[Tue Dec  2 11:25:30 2025] >> SAMPLE[ 2448] lifetime[174 weeks], average[149.04]
[Tue Dec  2 11:25:31 2025] >> SAMPLE[ 2449] lifetime[168 weeks], average[149.04]
[Tue Dec  2 11:25:32 2025] >> SAMPLE[ 2450] lifetime[178 weeks], average[149.06]
[Tue Dec  2 11:25:32 2025] >> SAMPLE[ 2451] lifetime[ 90 weeks], average[149.03]
[Tue Dec  2 11:25:32 2025] >> SAMPLE[ 2452] lifetime[129 weeks], average[149.02]
[Tue Dec  2 11:25:33 2025] >> SAMPLE[ 2453] lifetime[172 weeks], average[149.03]
[Tue Dec  2 11:25:34 2025] >> SAMPLE[ 2454] lifetime[128 weeks], average[149.02]
[Tue Dec  2 11:25:34 2025] >> SAMPLE[ 2455] lifetime[114 weeks], average[149.01]
[Tue Dec  2 11:25:35 2025] >> SAMPLE[ 2456] lifetime[143 weeks], average[149.01]
[Tue Dec  2 11:25:36 2025] >> SAMPLE[ 2457] lifetime[134 weeks], average[149.00]
[Tue Dec  2 11:25:36 2025] >> SAMPLE[ 2458] lifetime[129 weeks], average[148.99]
[Tue Dec  2 11:25:37 2025] >> SAMPLE[ 2459] lifetime[139 weeks], average[148.99]
[Tue Dec  2 11:25:37 2025] >> SAMPLE[ 2460] lifetime[137 weeks], average[148.98]
[Tue Dec  2 11:25:38 2025] >> SAMPLE[ 2461] lifetime[150 weeks], average[148.99]
[Tue Dec  2 11:25:39 2025] >> SAMPLE[ 2462] lifetime[124 weeks], average[148.98]
[Tue Dec  2 11:25:39 2025] >> SAMPLE[ 2463] lifetime[146 weeks], average[148.97]
[Tue Dec  2 11:25:40 2025] >> SAMPLE[ 2464] lifetime[168 weeks], average[148.98]
[Tue Dec  2 11:25:41 2025] >> SAMPLE[ 2465] lifetime[166 weeks], average[148.99]
[Tue Dec  2 11:25:42 2025] >> SAMPLE[ 2466] lifetime[185 weeks], average[149.00]
[Tue Dec  2 11:25:42 2025] >> SAMPLE[ 2467] lifetime[132 weeks], average[149.00]
[Tue Dec  2 11:25:43 2025] >> SAMPLE[ 2468] lifetime[145 weeks], average[148.99]
[Tue Dec  2 11:25:44 2025] >> SAMPLE[ 2469] lifetime[127 weeks], average[148.99]
[Tue Dec  2 11:25:44 2025] >> SAMPLE[ 2470] lifetime[151 weeks], average[148.99]
[Tue Dec  2 11:25:45 2025] >> SAMPLE[ 2471] lifetime[131 weeks], average[148.98]
[Tue Dec  2 11:25:46 2025] >> SAMPLE[ 2472] lifetime[152 weeks], average[148.98]
[Tue Dec  2 11:25:46 2025] >> SAMPLE[ 2473] lifetime[126 weeks], average[148.97]
[Tue Dec  2 11:25:47 2025] >> SAMPLE[ 2474] lifetime[150 weeks], average[148.97]
[Tue Dec  2 11:25:47 2025] >> SAMPLE[ 2475] lifetime[130 weeks], average[148.96]
[Tue Dec  2 11:25:48 2025] >> SAMPLE[ 2476] lifetime[134 weeks], average[148.96]
[Tue Dec  2 11:25:49 2025] >> SAMPLE[ 2477] lifetime[114 weeks], average[148.94]
[Tue Dec  2 11:25:49 2025] >> SAMPLE[ 2478] lifetime[134 weeks], average[148.94]
[Tue Dec  2 11:25:50 2025] >> SAMPLE[ 2479] lifetime[177 weeks], average[148.95]
[Tue Dec  2 11:25:51 2025] >> SAMPLE[ 2480] lifetime[127 weeks], average[148.94]
[Tue Dec  2 11:25:51 2025] >> SAMPLE[ 2481] lifetime[172 weeks], average[148.95]
[Tue Dec  2 11:25:52 2025] >> SAMPLE[ 2482] lifetime[149 weeks], average[148.95]
[Tue Dec  2 11:25:53 2025] >> SAMPLE[ 2483] lifetime[186 weeks], average[148.96]
[Tue Dec  2 11:25:54 2025] >> SAMPLE[ 2484] lifetime[166 weeks], average[148.97]
[Tue Dec  2 11:25:54 2025] >> SAMPLE[ 2485] lifetime[108 weeks], average[148.95]
[Tue Dec  2 11:25:55 2025] >> SAMPLE[ 2486] lifetime[124 weeks], average[148.94]
[Tue Dec  2 11:25:55 2025] >> SAMPLE[ 2487] lifetime[ 92 weeks], average[148.92]
[Tue Dec  2 11:25:56 2025] >> SAMPLE[ 2488] lifetime[128 weeks], average[148.91]
[Tue Dec  2 11:25:57 2025] >> SAMPLE[ 2489] lifetime[158 weeks], average[148.92]
[Tue Dec  2 11:25:57 2025] >> SAMPLE[ 2490] lifetime[178 weeks], average[148.93]
[Tue Dec  2 11:25:58 2025] >> SAMPLE[ 2491] lifetime[134 weeks], average[148.92]
[Tue Dec  2 11:25:59 2025] >> SAMPLE[ 2492] lifetime[153 weeks], average[148.92]
[Tue Dec  2 11:25:59 2025] >> SAMPLE[ 2493] lifetime[109 weeks], average[148.91]
[Tue Dec  2 11:26:00 2025] >> SAMPLE[ 2494] lifetime[157 weeks], average[148.91]
[Tue Dec  2 11:26:00 2025] >> SAMPLE[ 2495] lifetime[130 weeks], average[148.90]
[Tue Dec  2 11:26:01 2025] >> SAMPLE[ 2496] lifetime[152 weeks], average[148.91]
[Tue Dec  2 11:26:02 2025] >> SAMPLE[ 2497] lifetime[198 weeks], average[148.93]
[Tue Dec  2 11:26:03 2025] >> SAMPLE[ 2498] lifetime[154 weeks], average[148.93]
[Tue Dec  2 11:26:04 2025] >> SAMPLE[ 2499] lifetime[172 weeks], average[148.94]
[Tue Dec  2 11:26:06 2025] >> Generating new alpha
[Tue Dec  2 11:26:07 2025] >> SAMPLE[ 2500] lifetime[124 weeks], average[148.93]
[Tue Dec  2 11:26:08 2025] >> SAMPLE[ 2501] lifetime[169 weeks], average[148.93]
[Tue Dec  2 11:26:08 2025] >> SAMPLE[ 2502] lifetime[153 weeks], average[148.94]
[Tue Dec  2 11:26:09 2025] >> SAMPLE[ 2503] lifetime[136 weeks], average[148.93]
[Tue Dec  2 11:26:09 2025] >> SAMPLE[ 2504] lifetime[124 weeks], average[148.92]
[Tue Dec  2 11:26:10 2025] >> SAMPLE[ 2505] lifetime[150 weeks], average[148.92]
[Tue Dec  2 11:26:11 2025] >> SAMPLE[ 2506] lifetime[139 weeks], average[148.92]
[Tue Dec  2 11:26:11 2025] >> SAMPLE[ 2507] lifetime[115 weeks], average[148.90]
[Tue Dec  2 11:26:12 2025] >> SAMPLE[ 2508] lifetime[185 weeks], average[148.92]
[Tue Dec  2 11:26:12 2025] >> SAMPLE[ 2509] lifetime[102 weeks], average[148.90]
[Tue Dec  2 11:26:13 2025] >> SAMPLE[ 2510] lifetime[120 weeks], average[148.89]
[Tue Dec  2 11:26:14 2025] >> SAMPLE[ 2511] lifetime[121 weeks], average[148.88]
[Tue Dec  2 11:26:14 2025] >> SAMPLE[ 2512] lifetime[135 weeks], average[148.87]
[Tue Dec  2 11:26:15 2025] >> SAMPLE[ 2513] lifetime[140 weeks], average[148.87]
[Tue Dec  2 11:26:15 2025] >> SAMPLE[ 2514] lifetime[112 weeks], average[148.85]
[Tue Dec  2 11:26:16 2025] >> SAMPLE[ 2515] lifetime[153 weeks], average[148.85]
[Tue Dec  2 11:26:17 2025] >> SAMPLE[ 2516] lifetime[149 weeks], average[148.85]
[Tue Dec  2 11:26:17 2025] >> SAMPLE[ 2517] lifetime[165 weeks], average[148.86]
[Tue Dec  2 11:26:18 2025] >> SAMPLE[ 2518] lifetime[179 weeks], average[148.87]
[Tue Dec  2 11:26:19 2025] >> SAMPLE[ 2519] lifetime[187 weeks], average[148.89]
[Tue Dec  2 11:26:20 2025] >> SAMPLE[ 2520] lifetime[173 weeks], average[148.90]
[Tue Dec  2 11:26:21 2025] >> SAMPLE[ 2521] lifetime[120 weeks], average[148.89]
[Tue Dec  2 11:26:21 2025] >> SAMPLE[ 2522] lifetime[157 weeks], average[148.89]
[Tue Dec  2 11:26:22 2025] >> SAMPLE[ 2523] lifetime[197 weeks], average[148.91]
[Tue Dec  2 11:26:23 2025] >> SAMPLE[ 2524] lifetime[131 weeks], average[148.90]
[Tue Dec  2 11:26:23 2025] >> SAMPLE[ 2525] lifetime[108 weeks], average[148.89]
[Tue Dec  2 11:26:24 2025] >> SAMPLE[ 2526] lifetime[196 weeks], average[148.90]
[Tue Dec  2 11:26:25 2025] >> SAMPLE[ 2527] lifetime[128 weeks], average[148.90]
[Tue Dec  2 11:26:25 2025] >> SAMPLE[ 2528] lifetime[109 weeks], average[148.88]
[Tue Dec  2 11:26:26 2025] >> SAMPLE[ 2529] lifetime[148 weeks], average[148.88]
[Tue Dec  2 11:26:27 2025] >> SAMPLE[ 2530] lifetime[170 weeks], average[148.89]
[Tue Dec  2 11:26:28 2025] >> SAMPLE[ 2531] lifetime[162 weeks], average[148.89]
[Tue Dec  2 11:26:29 2025] >> SAMPLE[ 2532] lifetime[206 weeks], average[148.92]
[Tue Dec  2 11:26:29 2025] >> SAMPLE[ 2533] lifetime[192 weeks], average[148.93]
[Tue Dec  2 11:26:30 2025] >> SAMPLE[ 2534] lifetime[109 weeks], average[148.92]
[Tue Dec  2 11:26:30 2025] >> SAMPLE[ 2535] lifetime[118 weeks], average[148.90]
[Tue Dec  2 11:26:31 2025] >> SAMPLE[ 2536] lifetime[115 weeks], average[148.89]
[Tue Dec  2 11:26:31 2025] >> SAMPLE[ 2537] lifetime[102 weeks], average[148.87]
[Tue Dec  2 11:26:32 2025] >> SAMPLE[ 2538] lifetime[162 weeks], average[148.88]
[Tue Dec  2 11:26:33 2025] >> SAMPLE[ 2539] lifetime[127 weeks], average[148.87]
[Tue Dec  2 11:26:33 2025] >> SAMPLE[ 2540] lifetime[171 weeks], average[148.88]
[Tue Dec  2 11:26:34 2025] >> SAMPLE[ 2541] lifetime[120 weeks], average[148.87]
[Tue Dec  2 11:26:35 2025] >> SAMPLE[ 2542] lifetime[122 weeks], average[148.86]
[Tue Dec  2 11:26:35 2025] >> SAMPLE[ 2543] lifetime[143 weeks], average[148.85]
[Tue Dec  2 11:26:36 2025] >> SAMPLE[ 2544] lifetime[120 weeks], average[148.84]
[Tue Dec  2 11:26:36 2025] >> SAMPLE[ 2545] lifetime[121 weeks], average[148.83]
[Tue Dec  2 11:26:37 2025] >> SAMPLE[ 2546] lifetime[153 weeks], average[148.83]
[Tue Dec  2 11:26:38 2025] >> SAMPLE[ 2547] lifetime[148 weeks], average[148.83]
[Tue Dec  2 11:26:38 2025] >> SAMPLE[ 2548] lifetime[157 weeks], average[148.84]
[Tue Dec  2 11:26:39 2025] >> SAMPLE[ 2549] lifetime[111 weeks], average[148.82]
[Tue Dec  2 11:26:40 2025] >> SAMPLE[ 2550] lifetime[147 weeks], average[148.82]
[Tue Dec  2 11:26:41 2025] >> SAMPLE[ 2551] lifetime[228 weeks], average[148.85]
[Tue Dec  2 11:26:41 2025] >> SAMPLE[ 2552] lifetime[137 weeks], average[148.85]
[Tue Dec  2 11:26:42 2025] >> SAMPLE[ 2553] lifetime[132 weeks], average[148.84]
[Tue Dec  2 11:26:43 2025] >> SAMPLE[ 2554] lifetime[151 weeks], average[148.84]
[Tue Dec  2 11:26:43 2025] >> SAMPLE[ 2555] lifetime[138 weeks], average[148.84]
[Tue Dec  2 11:26:44 2025] >> SAMPLE[ 2556] lifetime[143 weeks], average[148.83]
[Tue Dec  2 11:26:45 2025] >> SAMPLE[ 2557] lifetime[164 weeks], average[148.84]
[Tue Dec  2 11:26:46 2025] >> SAMPLE[ 2558] lifetime[163 weeks], average[148.85]
[Tue Dec  2 11:26:47 2025] >> SAMPLE[ 2559] lifetime[185 weeks], average[148.86]
[Tue Dec  2 11:26:47 2025] >> SAMPLE[ 2560] lifetime[183 weeks], average[148.87]
[Tue Dec  2 11:26:48 2025] >> SAMPLE[ 2561] lifetime[142 weeks], average[148.87]
[Tue Dec  2 11:26:49 2025] >> SAMPLE[ 2562] lifetime[149 weeks], average[148.87]
[Tue Dec  2 11:26:49 2025] >> SAMPLE[ 2563] lifetime[107 weeks], average[148.85]
[Tue Dec  2 11:26:50 2025] >> SAMPLE[ 2564] lifetime[127 weeks], average[148.85]
[Tue Dec  2 11:26:50 2025] >> SAMPLE[ 2565] lifetime[141 weeks], average[148.84]
[Tue Dec  2 11:26:51 2025] >> SAMPLE[ 2566] lifetime[122 weeks], average[148.83]
[Tue Dec  2 11:26:52 2025] >> SAMPLE[ 2567] lifetime[232 weeks], average[148.87]
[Tue Dec  2 11:26:53 2025] >> SAMPLE[ 2568] lifetime[142 weeks], average[148.86]
[Tue Dec  2 11:26:53 2025] >> SAMPLE[ 2569] lifetime[102 weeks], average[148.84]
[Tue Dec  2 11:26:54 2025] >> SAMPLE[ 2570] lifetime[124 weeks], average[148.83]
[Tue Dec  2 11:26:54 2025] >> SAMPLE[ 2571] lifetime[138 weeks], average[148.83]
[Tue Dec  2 11:26:55 2025] >> SAMPLE[ 2572] lifetime[134 weeks], average[148.82]
[Tue Dec  2 11:26:56 2025] >> SAMPLE[ 2573] lifetime[140 weeks], average[148.82]
[Tue Dec  2 11:26:56 2025] >> SAMPLE[ 2574] lifetime[161 weeks], average[148.83]
[Tue Dec  2 11:26:57 2025] >> SAMPLE[ 2575] lifetime[127 weeks], average[148.82]
[Tue Dec  2 11:26:58 2025] >> SAMPLE[ 2576] lifetime[210 weeks], average[148.84]
[Tue Dec  2 11:26:59 2025] >> SAMPLE[ 2577] lifetime[168 weeks], average[148.85]
[Tue Dec  2 11:27:00 2025] >> SAMPLE[ 2578] lifetime[174 weeks], average[148.86]
[Tue Dec  2 11:27:00 2025] >> SAMPLE[ 2579] lifetime[121 weeks], average[148.85]
[Tue Dec  2 11:27:01 2025] >> SAMPLE[ 2580] lifetime[156 weeks], average[148.85]
[Tue Dec  2 11:27:02 2025] >> SAMPLE[ 2581] lifetime[145 weeks], average[148.85]
[Tue Dec  2 11:27:02 2025] >> SAMPLE[ 2582] lifetime[171 weeks], average[148.86]
[Tue Dec  2 11:27:03 2025] >> SAMPLE[ 2583] lifetime[135 weeks], average[148.85]
[Tue Dec  2 11:27:04 2025] >> SAMPLE[ 2584] lifetime[152 weeks], average[148.85]
[Tue Dec  2 11:27:04 2025] >> SAMPLE[ 2585] lifetime[103 weeks], average[148.84]
[Tue Dec  2 11:27:05 2025] >> SAMPLE[ 2586] lifetime[ 97 weeks], average[148.82]
[Tue Dec  2 11:27:05 2025] >> SAMPLE[ 2587] lifetime[142 weeks], average[148.81]
[Tue Dec  2 11:27:06 2025] >> SAMPLE[ 2588] lifetime[133 weeks], average[148.81]
[Tue Dec  2 11:27:07 2025] >> SAMPLE[ 2589] lifetime[150 weeks], average[148.81]
[Tue Dec  2 11:27:07 2025] >> SAMPLE[ 2590] lifetime[142 weeks], average[148.80]
[Tue Dec  2 11:27:08 2025] >> SAMPLE[ 2591] lifetime[131 weeks], average[148.80]
[Tue Dec  2 11:27:09 2025] >> SAMPLE[ 2592] lifetime[182 weeks], average[148.81]
[Tue Dec  2 11:27:09 2025] >> SAMPLE[ 2593] lifetime[118 weeks], average[148.80]
[Tue Dec  2 11:27:10 2025] >> SAMPLE[ 2594] lifetime[197 weeks], average[148.82]
[Tue Dec  2 11:27:11 2025] >> SAMPLE[ 2595] lifetime[190 weeks], average[148.83]
[Tue Dec  2 11:27:12 2025] >> SAMPLE[ 2596] lifetime[138 weeks], average[148.83]
[Tue Dec  2 11:27:12 2025] >> SAMPLE[ 2597] lifetime[135 weeks], average[148.82]
[Tue Dec  2 11:27:13 2025] >> SAMPLE[ 2598] lifetime[155 weeks], average[148.83]
[Tue Dec  2 11:27:14 2025] >> SAMPLE[ 2599] lifetime[174 weeks], average[148.84]
[Tue Dec  2 11:27:17 2025] >> Generating new alpha
[Tue Dec  2 11:27:17 2025] >> SAMPLE[ 2600] lifetime[130 weeks], average[148.83]
[Tue Dec  2 11:27:18 2025] >> SAMPLE[ 2601] lifetime[128 weeks], average[148.82]
[Tue Dec  2 11:27:18 2025] >> SAMPLE[ 2602] lifetime[ 99 weeks], average[148.80]
[Tue Dec  2 11:27:19 2025] >> SAMPLE[ 2603] lifetime[174 weeks], average[148.81]
[Tue Dec  2 11:27:20 2025] >> SAMPLE[ 2604] lifetime[136 weeks], average[148.81]
[Tue Dec  2 11:27:20 2025] >> SAMPLE[ 2605] lifetime[147 weeks], average[148.81]
[Tue Dec  2 11:27:21 2025] >> SAMPLE[ 2606] lifetime[159 weeks], average[148.81]
[Tue Dec  2 11:27:22 2025] >> SAMPLE[ 2607] lifetime[139 weeks], average[148.81]
[Tue Dec  2 11:27:23 2025] >> SAMPLE[ 2608] lifetime[165 weeks], average[148.81]
[Tue Dec  2 11:27:23 2025] >> SAMPLE[ 2609] lifetime[142 weeks], average[148.81]
[Tue Dec  2 11:27:24 2025] >> SAMPLE[ 2610] lifetime[146 weeks], average[148.81]
[Tue Dec  2 11:27:25 2025] >> SAMPLE[ 2611] lifetime[153 weeks], average[148.81]
[Tue Dec  2 11:27:25 2025] >> SAMPLE[ 2612] lifetime[142 weeks], average[148.81]
[Tue Dec  2 11:27:26 2025] >> SAMPLE[ 2613] lifetime[170 weeks], average[148.82]
[Tue Dec  2 11:27:27 2025] >> SAMPLE[ 2614] lifetime[156 weeks], average[148.82]
[Tue Dec  2 11:27:28 2025] >> SAMPLE[ 2615] lifetime[173 weeks], average[148.83]
[Tue Dec  2 11:27:28 2025] >> SAMPLE[ 2616] lifetime[132 weeks], average[148.82]
[Tue Dec  2 11:27:29 2025] >> SAMPLE[ 2617] lifetime[193 weeks], average[148.84]
[Tue Dec  2 11:27:30 2025] >> SAMPLE[ 2618] lifetime[135 weeks], average[148.83]
[Tue Dec  2 11:27:31 2025] >> SAMPLE[ 2619] lifetime[178 weeks], average[148.84]
[Tue Dec  2 11:27:31 2025] >> SAMPLE[ 2620] lifetime[ 94 weeks], average[148.82]
[Tue Dec  2 11:27:32 2025] >> SAMPLE[ 2621] lifetime[147 weeks], average[148.82]
[Tue Dec  2 11:27:32 2025] >> SAMPLE[ 2622] lifetime[149 weeks], average[148.82]
[Tue Dec  2 11:27:33 2025] >> SAMPLE[ 2623] lifetime[180 weeks], average[148.83]
[Tue Dec  2 11:27:34 2025] >> SAMPLE[ 2624] lifetime[133 weeks], average[148.83]
[Tue Dec  2 11:27:34 2025] >> SAMPLE[ 2625] lifetime[132 weeks], average[148.82]
[Tue Dec  2 11:27:35 2025] >> SAMPLE[ 2626] lifetime[169 weeks], average[148.83]
[Tue Dec  2 11:27:36 2025] >> SAMPLE[ 2627] lifetime[111 weeks], average[148.81]
[Tue Dec  2 11:27:36 2025] >> SAMPLE[ 2628] lifetime[163 weeks], average[148.82]
[Tue Dec  2 11:27:37 2025] >> SAMPLE[ 2629] lifetime[128 weeks], average[148.81]
[Tue Dec  2 11:27:38 2025] >> SAMPLE[ 2630] lifetime[144 weeks], average[148.81]
[Tue Dec  2 11:27:38 2025] >> SAMPLE[ 2631] lifetime[140 weeks], average[148.81]
[Tue Dec  2 11:27:39 2025] >> SAMPLE[ 2632] lifetime[160 weeks], average[148.81]
[Tue Dec  2 11:27:40 2025] >> SAMPLE[ 2633] lifetime[158 weeks], average[148.81]
[Tue Dec  2 11:27:40 2025] >> SAMPLE[ 2634] lifetime[132 weeks], average[148.81]
[Tue Dec  2 11:27:41 2025] >> SAMPLE[ 2635] lifetime[128 weeks], average[148.80]
[Tue Dec  2 11:27:41 2025] >> SAMPLE[ 2636] lifetime[143 weeks], average[148.80]
[Tue Dec  2 11:27:42 2025] >> SAMPLE[ 2637] lifetime[133 weeks], average[148.79]
[Tue Dec  2 11:27:43 2025] >> SAMPLE[ 2638] lifetime[215 weeks], average[148.82]
[Tue Dec  2 11:27:44 2025] >> SAMPLE[ 2639] lifetime[139 weeks], average[148.81]
[Tue Dec  2 11:27:44 2025] >> SAMPLE[ 2640] lifetime[143 weeks], average[148.81]
[Tue Dec  2 11:27:45 2025] >> SAMPLE[ 2641] lifetime[160 weeks], average[148.82]
[Tue Dec  2 11:27:46 2025] >> SAMPLE[ 2642] lifetime[114 weeks], average[148.80]
[Tue Dec  2 11:27:46 2025] >> SAMPLE[ 2643] lifetime[146 weeks], average[148.80]
[Tue Dec  2 11:27:47 2025] >> SAMPLE[ 2644] lifetime[128 weeks], average[148.79]
[Tue Dec  2 11:27:47 2025] >> SAMPLE[ 2645] lifetime[125 weeks], average[148.78]
[Tue Dec  2 11:27:48 2025] >> SAMPLE[ 2646] lifetime[125 weeks], average[148.78]
[Tue Dec  2 11:27:48 2025] >> SAMPLE[ 2647] lifetime[119 weeks], average[148.76]
[Tue Dec  2 11:27:49 2025] >> SAMPLE[ 2648] lifetime[148 weeks], average[148.76]
[Tue Dec  2 11:27:50 2025] >> SAMPLE[ 2649] lifetime[153 weeks], average[148.77]
[Tue Dec  2 11:27:50 2025] >> SAMPLE[ 2650] lifetime[148 weeks], average[148.77]
[Tue Dec  2 11:27:51 2025] >> SAMPLE[ 2651] lifetime[162 weeks], average[148.77]
[Tue Dec  2 11:27:52 2025] >> SAMPLE[ 2652] lifetime[158 weeks], average[148.77]
[Tue Dec  2 11:27:53 2025] >> SAMPLE[ 2653] lifetime[194 weeks], average[148.79]
[Tue Dec  2 11:27:54 2025] >> SAMPLE[ 2654] lifetime[154 weeks], average[148.79]
[Tue Dec  2 11:27:54 2025] >> SAMPLE[ 2655] lifetime[184 weeks], average[148.81]
[Tue Dec  2 11:27:55 2025] >> SAMPLE[ 2656] lifetime[160 weeks], average[148.81]
[Tue Dec  2 11:27:56 2025] >> SAMPLE[ 2657] lifetime[146 weeks], average[148.81]
[Tue Dec  2 11:27:56 2025] >> SAMPLE[ 2658] lifetime[118 weeks], average[148.80]
[Tue Dec  2 11:27:57 2025] >> SAMPLE[ 2659] lifetime[185 weeks], average[148.81]
[Tue Dec  2 11:27:58 2025] >> SAMPLE[ 2660] lifetime[145 weeks], average[148.81]
[Tue Dec  2 11:27:58 2025] >> SAMPLE[ 2661] lifetime[137 weeks], average[148.81]
[Tue Dec  2 11:27:59 2025] >> SAMPLE[ 2662] lifetime[132 weeks], average[148.80]
[Tue Dec  2 11:28:00 2025] >> SAMPLE[ 2663] lifetime[202 weeks], average[148.82]
[Tue Dec  2 11:28:01 2025] >> SAMPLE[ 2664] lifetime[149 weeks], average[148.82]
[Tue Dec  2 11:28:01 2025] >> SAMPLE[ 2665] lifetime[133 weeks], average[148.81]
[Tue Dec  2 11:28:02 2025] >> SAMPLE[ 2666] lifetime[187 weeks], average[148.83]
[Tue Dec  2 11:28:03 2025] >> SAMPLE[ 2667] lifetime[157 weeks], average[148.83]
[Tue Dec  2 11:28:04 2025] >> SAMPLE[ 2668] lifetime[155 weeks], average[148.83]
[Tue Dec  2 11:28:04 2025] >> SAMPLE[ 2669] lifetime[152 weeks], average[148.83]
[Tue Dec  2 11:28:05 2025] >> SAMPLE[ 2670] lifetime[144 weeks], average[148.83]
[Tue Dec  2 11:28:06 2025] >> SAMPLE[ 2671] lifetime[167 weeks], average[148.84]
[Tue Dec  2 11:28:07 2025] >> SAMPLE[ 2672] lifetime[161 weeks], average[148.84]
[Tue Dec  2 11:28:07 2025] >> SAMPLE[ 2673] lifetime[142 weeks], average[148.84]
[Tue Dec  2 11:28:08 2025] >> SAMPLE[ 2674] lifetime[156 weeks], average[148.84]
[Tue Dec  2 11:28:09 2025] >> SAMPLE[ 2675] lifetime[144 weeks], average[148.84]
[Tue Dec  2 11:28:09 2025] >> SAMPLE[ 2676] lifetime[114 weeks], average[148.83]
[Tue Dec  2 11:28:10 2025] >> SAMPLE[ 2677] lifetime[134 weeks], average[148.82]
[Tue Dec  2 11:28:10 2025] >> SAMPLE[ 2678] lifetime[115 weeks], average[148.81]
[Tue Dec  2 11:28:11 2025] >> SAMPLE[ 2679] lifetime[161 weeks], average[148.82]
[Tue Dec  2 11:28:11 2025] >> SAMPLE[ 2680] lifetime[111 weeks], average[148.80]
[Tue Dec  2 11:28:12 2025] >> SAMPLE[ 2681] lifetime[173 weeks], average[148.81]
[Tue Dec  2 11:28:13 2025] >> SAMPLE[ 2682] lifetime[ 95 weeks], average[148.79]
[Tue Dec  2 11:28:13 2025] >> SAMPLE[ 2683] lifetime[111 weeks], average[148.78]
[Tue Dec  2 11:28:14 2025] >> SAMPLE[ 2684] lifetime[129 weeks], average[148.77]
[Tue Dec  2 11:28:14 2025] >> SAMPLE[ 2685] lifetime[137 weeks], average[148.76]
[Tue Dec  2 11:28:15 2025] >> SAMPLE[ 2686] lifetime[179 weeks], average[148.78]
[Tue Dec  2 11:28:16 2025] >> SAMPLE[ 2687] lifetime[149 weeks], average[148.78]
[Tue Dec  2 11:28:17 2025] >> SAMPLE[ 2688] lifetime[159 weeks], average[148.78]
[Tue Dec  2 11:28:17 2025] >> SAMPLE[ 2689] lifetime[144 weeks], average[148.78]
[Tue Dec  2 11:28:18 2025] >> SAMPLE[ 2690] lifetime[134 weeks], average[148.77]
[Tue Dec  2 11:28:18 2025] >> SAMPLE[ 2691] lifetime[111 weeks], average[148.76]
[Tue Dec  2 11:28:19 2025] >> SAMPLE[ 2692] lifetime[117 weeks], average[148.75]
[Tue Dec  2 11:28:20 2025] >> SAMPLE[ 2693] lifetime[175 weeks], average[148.76]
[Tue Dec  2 11:28:21 2025] >> SAMPLE[ 2694] lifetime[175 weeks], average[148.77]
[Tue Dec  2 11:28:21 2025] >> SAMPLE[ 2695] lifetime[184 weeks], average[148.78]
[Tue Dec  2 11:28:22 2025] >> SAMPLE[ 2696] lifetime[202 weeks], average[148.80]
[Tue Dec  2 11:28:23 2025] >> SAMPLE[ 2697] lifetime[103 weeks], average[148.78]
[Tue Dec  2 11:28:24 2025] >> SAMPLE[ 2698] lifetime[156 weeks], average[148.78]
[Tue Dec  2 11:28:24 2025] >> SAMPLE[ 2699] lifetime[151 weeks], average[148.79]
[Tue Dec  2 11:28:27 2025] >> Generating new alpha
[Tue Dec  2 11:28:28 2025] >> SAMPLE[ 2700] lifetime[144 weeks], average[148.78]
[Tue Dec  2 11:28:28 2025] >> SAMPLE[ 2701] lifetime[150 weeks], average[148.78]
[Tue Dec  2 11:28:29 2025] >> SAMPLE[ 2702] lifetime[120 weeks], average[148.77]
[Tue Dec  2 11:28:29 2025] >> SAMPLE[ 2703] lifetime[139 weeks], average[148.77]
[Tue Dec  2 11:28:30 2025] >> SAMPLE[ 2704] lifetime[154 weeks], average[148.77]
[Tue Dec  2 11:28:31 2025] >> SAMPLE[ 2705] lifetime[123 weeks], average[148.76]
[Tue Dec  2 11:28:31 2025] >> SAMPLE[ 2706] lifetime[ 86 weeks], average[148.74]
[Tue Dec  2 11:28:32 2025] >> SAMPLE[ 2707] lifetime[171 weeks], average[148.75]
[Tue Dec  2 11:28:33 2025] >> SAMPLE[ 2708] lifetime[148 weeks], average[148.75]
[Tue Dec  2 11:28:33 2025] >> SAMPLE[ 2709] lifetime[165 weeks], average[148.75]
[Tue Dec  2 11:28:34 2025] >> SAMPLE[ 2710] lifetime[156 weeks], average[148.76]
[Tue Dec  2 11:28:35 2025] >> SAMPLE[ 2711] lifetime[196 weeks], average[148.77]
[Tue Dec  2 11:28:36 2025] >> SAMPLE[ 2712] lifetime[116 weeks], average[148.76]
[Tue Dec  2 11:28:36 2025] >> SAMPLE[ 2713] lifetime[151 weeks], average[148.76]
[Tue Dec  2 11:28:37 2025] >> SAMPLE[ 2714] lifetime[117 weeks], average[148.75]
[Tue Dec  2 11:28:37 2025] >> SAMPLE[ 2715] lifetime[134 weeks], average[148.74]
[Tue Dec  2 11:28:38 2025] >> SAMPLE[ 2716] lifetime[162 weeks], average[148.75]
[Tue Dec  2 11:28:39 2025] >> SAMPLE[ 2717] lifetime[140 weeks], average[148.75]
[Tue Dec  2 11:28:40 2025] >> SAMPLE[ 2718] lifetime[145 weeks], average[148.74]
[Tue Dec  2 11:28:40 2025] >> SAMPLE[ 2719] lifetime[156 weeks], average[148.75]
[Tue Dec  2 11:28:41 2025] >> SAMPLE[ 2720] lifetime[172 weeks], average[148.76]
[Tue Dec  2 11:28:42 2025] >> SAMPLE[ 2721] lifetime[108 weeks], average[148.74]
[Tue Dec  2 11:28:42 2025] >> SAMPLE[ 2722] lifetime[177 weeks], average[148.75]
[Tue Dec  2 11:28:43 2025] >> SAMPLE[ 2723] lifetime[122 weeks], average[148.74]
[Tue Dec  2 11:28:44 2025] >> SAMPLE[ 2724] lifetime[159 weeks], average[148.75]
[Tue Dec  2 11:28:44 2025] >> SAMPLE[ 2725] lifetime[111 weeks], average[148.73]
[Tue Dec  2 11:28:45 2025] >> SAMPLE[ 2726] lifetime[105 weeks], average[148.72]
[Tue Dec  2 11:28:45 2025] >> SAMPLE[ 2727] lifetime[160 weeks], average[148.72]
[Tue Dec  2 11:28:46 2025] >> SAMPLE[ 2728] lifetime[112 weeks], average[148.71]
[Tue Dec  2 11:28:46 2025] >> SAMPLE[ 2729] lifetime[142 weeks], average[148.70]
[Tue Dec  2 11:28:47 2025] >> SAMPLE[ 2730] lifetime[124 weeks], average[148.69]
[Tue Dec  2 11:28:48 2025] >> SAMPLE[ 2731] lifetime[190 weeks], average[148.71]
[Tue Dec  2 11:28:49 2025] >> SAMPLE[ 2732] lifetime[170 weeks], average[148.72]
[Tue Dec  2 11:28:50 2025] >> SAMPLE[ 2733] lifetime[163 weeks], average[148.72]
[Tue Dec  2 11:28:50 2025] >> SAMPLE[ 2734] lifetime[148 weeks], average[148.72]
[Tue Dec  2 11:28:51 2025] >> SAMPLE[ 2735] lifetime[122 weeks], average[148.71]
[Tue Dec  2 11:28:51 2025] >> SAMPLE[ 2736] lifetime[129 weeks], average[148.71]
[Tue Dec  2 11:28:52 2025] >> SAMPLE[ 2737] lifetime[118 weeks], average[148.69]
[Tue Dec  2 11:28:53 2025] >> SAMPLE[ 2738] lifetime[161 weeks], average[148.70]
[Tue Dec  2 11:28:54 2025] >> SAMPLE[ 2739] lifetime[175 weeks], average[148.71]
[Tue Dec  2 11:28:54 2025] >> SAMPLE[ 2740] lifetime[172 weeks], average[148.72]
[Tue Dec  2 11:28:55 2025] >> SAMPLE[ 2741] lifetime[156 weeks], average[148.72]
[Tue Dec  2 11:28:56 2025] >> SAMPLE[ 2742] lifetime[150 weeks], average[148.72]
[Tue Dec  2 11:28:56 2025] >> SAMPLE[ 2743] lifetime[160 weeks], average[148.72]
[Tue Dec  2 11:28:57 2025] >> SAMPLE[ 2744] lifetime[116 weeks], average[148.71]
[Tue Dec  2 11:28:58 2025] >> SAMPLE[ 2745] lifetime[142 weeks], average[148.71]
[Tue Dec  2 11:28:58 2025] >> SAMPLE[ 2746] lifetime[154 weeks], average[148.71]
[Tue Dec  2 11:28:59 2025] >> SAMPLE[ 2747] lifetime[169 weeks], average[148.72]
[Tue Dec  2 11:29:00 2025] >> SAMPLE[ 2748] lifetime[124 weeks], average[148.71]
[Tue Dec  2 11:29:00 2025] >> SAMPLE[ 2749] lifetime[139 weeks], average[148.71]
[Tue Dec  2 11:29:01 2025] >> SAMPLE[ 2750] lifetime[164 weeks], average[148.71]
[Tue Dec  2 11:29:02 2025] >> SAMPLE[ 2751] lifetime[130 weeks], average[148.71]
[Tue Dec  2 11:29:02 2025] >> SAMPLE[ 2752] lifetime[166 weeks], average[148.71]
[Tue Dec  2 11:29:03 2025] >> SAMPLE[ 2753] lifetime[160 weeks], average[148.72]
[Tue Dec  2 11:29:04 2025] >> SAMPLE[ 2754] lifetime[137 weeks], average[148.71]
[Tue Dec  2 11:29:04 2025] >> SAMPLE[ 2755] lifetime[157 weeks], average[148.71]
[Tue Dec  2 11:29:05 2025] >> SAMPLE[ 2756] lifetime[120 weeks], average[148.70]
[Tue Dec  2 11:29:06 2025] >> SAMPLE[ 2757] lifetime[165 weeks], average[148.71]
[Tue Dec  2 11:29:06 2025] >> SAMPLE[ 2758] lifetime[166 weeks], average[148.72]
[Tue Dec  2 11:29:07 2025] >> SAMPLE[ 2759] lifetime[186 weeks], average[148.73]
[Tue Dec  2 11:29:08 2025] >> SAMPLE[ 2760] lifetime[109 weeks], average[148.72]
[Tue Dec  2 11:29:09 2025] >> SAMPLE[ 2761] lifetime[170 weeks], average[148.72]
[Tue Dec  2 11:29:09 2025] >> SAMPLE[ 2762] lifetime[155 weeks], average[148.73]
[Tue Dec  2 11:29:10 2025] >> SAMPLE[ 2763] lifetime[158 weeks], average[148.73]
[Tue Dec  2 11:29:10 2025] >> SAMPLE[ 2764] lifetime[110 weeks], average[148.71]
[Tue Dec  2 11:29:11 2025] >> SAMPLE[ 2765] lifetime[143 weeks], average[148.71]
[Tue Dec  2 11:29:12 2025] >> SAMPLE[ 2766] lifetime[180 weeks], average[148.72]
[Tue Dec  2 11:29:13 2025] >> SAMPLE[ 2767] lifetime[158 weeks], average[148.73]
[Tue Dec  2 11:29:13 2025] >> SAMPLE[ 2768] lifetime[141 weeks], average[148.72]
[Tue Dec  2 11:29:14 2025] >> SAMPLE[ 2769] lifetime[202 weeks], average[148.74]
[Tue Dec  2 11:29:15 2025] >> SAMPLE[ 2770] lifetime[133 weeks], average[148.74]
[Tue Dec  2 11:29:15 2025] >> SAMPLE[ 2771] lifetime[133 weeks], average[148.73]
[Tue Dec  2 11:29:16 2025] >> SAMPLE[ 2772] lifetime[142 weeks], average[148.73]
[Tue Dec  2 11:29:17 2025] >> SAMPLE[ 2773] lifetime[172 weeks], average[148.74]
[Tue Dec  2 11:29:17 2025] >> SAMPLE[ 2774] lifetime[125 weeks], average[148.73]
[Tue Dec  2 11:29:18 2025] >> SAMPLE[ 2775] lifetime[180 weeks], average[148.74]
[Tue Dec  2 11:29:19 2025] >> SAMPLE[ 2776] lifetime[136 weeks], average[148.74]
[Tue Dec  2 11:29:20 2025] >> SAMPLE[ 2777] lifetime[169 weeks], average[148.74]
[Tue Dec  2 11:29:20 2025] >> SAMPLE[ 2778] lifetime[143 weeks], average[148.74]
[Tue Dec  2 11:29:21 2025] >> SAMPLE[ 2779] lifetime[166 weeks], average[148.75]
[Tue Dec  2 11:29:22 2025] >> SAMPLE[ 2780] lifetime[139 weeks], average[148.74]
[Tue Dec  2 11:29:23 2025] >> SAMPLE[ 2781] lifetime[170 weeks], average[148.75]
[Tue Dec  2 11:29:23 2025] >> SAMPLE[ 2782] lifetime[124 weeks], average[148.74]
[Tue Dec  2 11:29:24 2025] >> SAMPLE[ 2783] lifetime[128 weeks], average[148.74]
[Tue Dec  2 11:29:24 2025] >> SAMPLE[ 2784] lifetime[175 weeks], average[148.75]
[Tue Dec  2 11:29:25 2025] >> SAMPLE[ 2785] lifetime[158 weeks], average[148.75]
[Tue Dec  2 11:29:26 2025] >> SAMPLE[ 2786] lifetime[138 weeks], average[148.74]
[Tue Dec  2 11:29:27 2025] >> SAMPLE[ 2787] lifetime[183 weeks], average[148.76]
[Tue Dec  2 11:29:27 2025] >> SAMPLE[ 2788] lifetime[184 weeks], average[148.77]
[Tue Dec  2 11:29:28 2025] >> SAMPLE[ 2789] lifetime[195 weeks], average[148.79]
[Tue Dec  2 11:29:29 2025] >> SAMPLE[ 2790] lifetime[187 weeks], average[148.80]
[Tue Dec  2 11:29:30 2025] >> SAMPLE[ 2791] lifetime[122 weeks], average[148.79]
[Tue Dec  2 11:29:31 2025] >> SAMPLE[ 2792] lifetime[201 weeks], average[148.81]
[Tue Dec  2 11:29:32 2025] >> SAMPLE[ 2793] lifetime[165 weeks], average[148.81]
[Tue Dec  2 11:29:32 2025] >> SAMPLE[ 2794] lifetime[135 weeks], average[148.81]
[Tue Dec  2 11:29:33 2025] >> SAMPLE[ 2795] lifetime[140 weeks], average[148.81]
[Tue Dec  2 11:29:34 2025] >> SAMPLE[ 2796] lifetime[203 weeks], average[148.83]
[Tue Dec  2 11:29:35 2025] >> SAMPLE[ 2797] lifetime[172 weeks], average[148.83]
[Tue Dec  2 11:29:35 2025] >> SAMPLE[ 2798] lifetime[111 weeks], average[148.82]
[Tue Dec  2 11:29:36 2025] >> SAMPLE[ 2799] lifetime[184 weeks], average[148.83]
[Tue Dec  2 11:29:38 2025] >> Generating new alpha
[Tue Dec  2 11:29:39 2025] >> SAMPLE[ 2800] lifetime[205 weeks], average[148.85]
[Tue Dec  2 11:29:40 2025] >> SAMPLE[ 2801] lifetime[118 weeks], average[148.84]
[Tue Dec  2 11:29:41 2025] >> SAMPLE[ 2802] lifetime[156 weeks], average[148.84]
[Tue Dec  2 11:29:41 2025] >> SAMPLE[ 2803] lifetime[152 weeks], average[148.85]
[Tue Dec  2 11:29:42 2025] >> SAMPLE[ 2804] lifetime[146 weeks], average[148.84]
[Tue Dec  2 11:29:43 2025] >> SAMPLE[ 2805] lifetime[157 weeks], average[148.85]
[Tue Dec  2 11:29:43 2025] >> SAMPLE[ 2806] lifetime[126 weeks], average[148.84]
[Tue Dec  2 11:29:44 2025] >> SAMPLE[ 2807] lifetime[157 weeks], average[148.84]
[Tue Dec  2 11:29:45 2025] >> SAMPLE[ 2808] lifetime[142 weeks], average[148.84]
[Tue Dec  2 11:29:46 2025] >> SAMPLE[ 2809] lifetime[166 weeks], average[148.85]
[Tue Dec  2 11:29:46 2025] >> SAMPLE[ 2810] lifetime[135 weeks], average[148.84]
[Tue Dec  2 11:29:47 2025] >> SAMPLE[ 2811] lifetime[116 weeks], average[148.83]
[Tue Dec  2 11:29:48 2025] >> SAMPLE[ 2812] lifetime[192 weeks], average[148.85]
[Tue Dec  2 11:29:49 2025] >> SAMPLE[ 2813] lifetime[140 weeks], average[148.84]
[Tue Dec  2 11:29:49 2025] >> SAMPLE[ 2814] lifetime[104 weeks], average[148.83]
[Tue Dec  2 11:29:50 2025] >> SAMPLE[ 2815] lifetime[135 weeks], average[148.82]
[Tue Dec  2 11:29:50 2025] >> SAMPLE[ 2816] lifetime[141 weeks], average[148.82]
[Tue Dec  2 11:29:51 2025] >> SAMPLE[ 2817] lifetime[141 weeks], average[148.82]
[Tue Dec  2 11:29:52 2025] >> SAMPLE[ 2818] lifetime[161 weeks], average[148.82]
[Tue Dec  2 11:29:52 2025] >> SAMPLE[ 2819] lifetime[134 weeks], average[148.81]
[Tue Dec  2 11:29:53 2025] >> SAMPLE[ 2820] lifetime[170 weeks], average[148.82]
[Tue Dec  2 11:29:54 2025] >> SAMPLE[ 2821] lifetime[154 weeks], average[148.82]
[Tue Dec  2 11:29:55 2025] >> SAMPLE[ 2822] lifetime[120 weeks], average[148.81]
[Tue Dec  2 11:29:55 2025] >> SAMPLE[ 2823] lifetime[125 weeks], average[148.81]
[Tue Dec  2 11:29:56 2025] >> SAMPLE[ 2824] lifetime[159 weeks], average[148.81]
[Tue Dec  2 11:29:56 2025] >> SAMPLE[ 2825] lifetime[120 weeks], average[148.80]
[Tue Dec  2 11:29:57 2025] >> SAMPLE[ 2826] lifetime[146 weeks], average[148.80]
[Tue Dec  2 11:29:58 2025] >> SAMPLE[ 2827] lifetime[172 weeks], average[148.81]
[Tue Dec  2 11:29:59 2025] >> SAMPLE[ 2828] lifetime[169 weeks], average[148.81]
[Tue Dec  2 11:29:59 2025] >> SAMPLE[ 2829] lifetime[129 weeks], average[148.81]
[Tue Dec  2 11:30:00 2025] >> SAMPLE[ 2830] lifetime[149 weeks], average[148.81]
[Tue Dec  2 11:30:01 2025] >> SAMPLE[ 2831] lifetime[165 weeks], average[148.81]
[Tue Dec  2 11:30:01 2025] >> SAMPLE[ 2832] lifetime[155 weeks], average[148.81]
[Tue Dec  2 11:30:02 2025] >> SAMPLE[ 2833] lifetime[175 weeks], average[148.82]
[Tue Dec  2 11:30:03 2025] >> SAMPLE[ 2834] lifetime[128 weeks], average[148.82]
[Tue Dec  2 11:30:04 2025] >> SAMPLE[ 2835] lifetime[165 weeks], average[148.82]
[Tue Dec  2 11:30:05 2025] >> SAMPLE[ 2836] lifetime[202 weeks], average[148.84]
[Tue Dec  2 11:30:05 2025] >> SAMPLE[ 2837] lifetime[132 weeks], average[148.83]
[Tue Dec  2 11:30:06 2025] >> SAMPLE[ 2838] lifetime[166 weeks], average[148.84]
[Tue Dec  2 11:30:07 2025] >> SAMPLE[ 2839] lifetime[142 weeks], average[148.84]
[Tue Dec  2 11:30:07 2025] >> SAMPLE[ 2840] lifetime[155 weeks], average[148.84]
[Tue Dec  2 11:30:08 2025] >> SAMPLE[ 2841] lifetime[174 weeks], average[148.85]
[Tue Dec  2 11:30:09 2025] >> SAMPLE[ 2842] lifetime[155 weeks], average[148.85]
[Tue Dec  2 11:30:10 2025] >> SAMPLE[ 2843] lifetime[181 weeks], average[148.86]
[Tue Dec  2 11:30:10 2025] >> SAMPLE[ 2844] lifetime[161 weeks], average[148.87]
[Tue Dec  2 11:30:11 2025] >> SAMPLE[ 2845] lifetime[142 weeks], average[148.86]
[Tue Dec  2 11:30:12 2025] >> SAMPLE[ 2846] lifetime[130 weeks], average[148.86]
[Tue Dec  2 11:30:12 2025] >> SAMPLE[ 2847] lifetime[139 weeks], average[148.85]
[Tue Dec  2 11:30:13 2025] >> SAMPLE[ 2848] lifetime[154 weeks], average[148.86]
[Tue Dec  2 11:30:14 2025] >> SAMPLE[ 2849] lifetime[164 weeks], average[148.86]
[Tue Dec  2 11:30:14 2025] >> SAMPLE[ 2850] lifetime[137 weeks], average[148.86]
[Tue Dec  2 11:30:15 2025] >> SAMPLE[ 2851] lifetime[125 weeks], average[148.85]
[Tue Dec  2 11:30:16 2025] >> SAMPLE[ 2852] lifetime[146 weeks], average[148.85]
[Tue Dec  2 11:30:16 2025] >> SAMPLE[ 2853] lifetime[122 weeks], average[148.84]
[Tue Dec  2 11:30:17 2025] >> SAMPLE[ 2854] lifetime[131 weeks], average[148.83]
[Tue Dec  2 11:30:18 2025] >> SAMPLE[ 2855] lifetime[161 weeks], average[148.84]
[Tue Dec  2 11:30:18 2025] >> SAMPLE[ 2856] lifetime[129 weeks], average[148.83]
[Tue Dec  2 11:30:19 2025] >> SAMPLE[ 2857] lifetime[110 weeks], average[148.82]
[Tue Dec  2 11:30:19 2025] >> SAMPLE[ 2858] lifetime[151 weeks], average[148.82]
[Tue Dec  2 11:30:20 2025] >> SAMPLE[ 2859] lifetime[171 weeks], average[148.82]
[Tue Dec  2 11:30:21 2025] >> SAMPLE[ 2860] lifetime[130 weeks], average[148.82]
[Tue Dec  2 11:30:21 2025] >> SAMPLE[ 2861] lifetime[130 weeks], average[148.81]
[Tue Dec  2 11:30:22 2025] >> SAMPLE[ 2862] lifetime[156 weeks], average[148.81]
[Tue Dec  2 11:30:23 2025] >> SAMPLE[ 2863] lifetime[189 weeks], average[148.83]
[Tue Dec  2 11:30:24 2025] >> SAMPLE[ 2864] lifetime[180 weeks], average[148.84]
[Tue Dec  2 11:30:25 2025] >> SAMPLE[ 2865] lifetime[178 weeks], average[148.85]
[Tue Dec  2 11:30:26 2025] >> SAMPLE[ 2866] lifetime[156 weeks], average[148.85]
[Tue Dec  2 11:30:27 2025] >> SAMPLE[ 2867] lifetime[179 weeks], average[148.86]
[Tue Dec  2 11:30:27 2025] >> SAMPLE[ 2868] lifetime[153 weeks], average[148.86]
[Tue Dec  2 11:30:28 2025] >> SAMPLE[ 2869] lifetime[181 weeks], average[148.87]
[Tue Dec  2 11:30:29 2025] >> SAMPLE[ 2870] lifetime[167 weeks], average[148.88]
[Tue Dec  2 11:30:29 2025] >> SAMPLE[ 2871] lifetime[ 98 weeks], average[148.86]
[Tue Dec  2 11:30:30 2025] >> SAMPLE[ 2872] lifetime[188 weeks], average[148.88]
[Tue Dec  2 11:30:31 2025] >> SAMPLE[ 2873] lifetime[133 weeks], average[148.87]
[Tue Dec  2 11:30:32 2025] >> SAMPLE[ 2874] lifetime[171 weeks], average[148.88]
[Tue Dec  2 11:30:32 2025] >> SAMPLE[ 2875] lifetime[108 weeks], average[148.86]
[Tue Dec  2 11:30:33 2025] >> SAMPLE[ 2876] lifetime[150 weeks], average[148.87]
[Tue Dec  2 11:30:33 2025] >> SAMPLE[ 2877] lifetime[143 weeks], average[148.86]
[Tue Dec  2 11:30:34 2025] >> SAMPLE[ 2878] lifetime[134 weeks], average[148.86]
[Tue Dec  2 11:30:35 2025] >> SAMPLE[ 2879] lifetime[244 weeks], average[148.89]
[Tue Dec  2 11:30:36 2025] >> SAMPLE[ 2880] lifetime[182 weeks], average[148.90]
[Tue Dec  2 11:30:37 2025] >> SAMPLE[ 2881] lifetime[121 weeks], average[148.89]
[Tue Dec  2 11:30:38 2025] >> SAMPLE[ 2882] lifetime[201 weeks], average[148.91]
[Tue Dec  2 11:30:38 2025] >> SAMPLE[ 2883] lifetime[120 weeks], average[148.90]
[Tue Dec  2 11:30:39 2025] >> SAMPLE[ 2884] lifetime[121 weeks], average[148.89]
[Tue Dec  2 11:30:40 2025] >> SAMPLE[ 2885] lifetime[196 weeks], average[148.91]
[Tue Dec  2 11:30:40 2025] >> SAMPLE[ 2886] lifetime[138 weeks], average[148.90]
[Tue Dec  2 11:30:41 2025] >> SAMPLE[ 2887] lifetime[134 weeks], average[148.90]
[Tue Dec  2 11:30:41 2025] >> SAMPLE[ 2888] lifetime[119 weeks], average[148.89]
[Tue Dec  2 11:30:42 2025] >> SAMPLE[ 2889] lifetime[146 weeks], average[148.89]
[Tue Dec  2 11:30:43 2025] >> SAMPLE[ 2890] lifetime[150 weeks], average[148.89]
[Tue Dec  2 11:30:43 2025] >> SAMPLE[ 2891] lifetime[149 weeks], average[148.89]
[Tue Dec  2 11:30:44 2025] >> SAMPLE[ 2892] lifetime[181 weeks], average[148.90]
[Tue Dec  2 11:30:45 2025] >> SAMPLE[ 2893] lifetime[172 weeks], average[148.91]
[Tue Dec  2 11:30:46 2025] >> SAMPLE[ 2894] lifetime[151 weeks], average[148.91]
[Tue Dec  2 11:30:46 2025] >> SAMPLE[ 2895] lifetime[127 weeks], average[148.90]
[Tue Dec  2 11:30:47 2025] >> SAMPLE[ 2896] lifetime[132 weeks], average[148.89]
[Tue Dec  2 11:30:48 2025] >> SAMPLE[ 2897] lifetime[169 weeks], average[148.90]
[Tue Dec  2 11:30:48 2025] >> SAMPLE[ 2898] lifetime[110 weeks], average[148.89]
[Tue Dec  2 11:30:49 2025] >> SAMPLE[ 2899] lifetime[219 weeks], average[148.91]
[Tue Dec  2 11:30:52 2025] >> Generating new alpha
[Tue Dec  2 11:30:52 2025] >> SAMPLE[ 2900] lifetime[131 weeks], average[148.91]
[Tue Dec  2 11:30:53 2025] >> SAMPLE[ 2901] lifetime[130 weeks], average[148.90]
[Tue Dec  2 11:30:53 2025] >> SAMPLE[ 2902] lifetime[106 weeks], average[148.88]
[Tue Dec  2 11:30:54 2025] >> SAMPLE[ 2903] lifetime[138 weeks], average[148.88]
[Tue Dec  2 11:30:55 2025] >> SAMPLE[ 2904] lifetime[121 weeks], average[148.87]
[Tue Dec  2 11:30:55 2025] >> SAMPLE[ 2905] lifetime[126 weeks], average[148.86]
[Tue Dec  2 11:30:56 2025] >> SAMPLE[ 2906] lifetime[178 weeks], average[148.87]
[Tue Dec  2 11:30:57 2025] >> SAMPLE[ 2907] lifetime[184 weeks], average[148.89]
[Tue Dec  2 11:30:58 2025] >> SAMPLE[ 2908] lifetime[161 weeks], average[148.89]
[Tue Dec  2 11:30:58 2025] >> SAMPLE[ 2909] lifetime[139 weeks], average[148.89]
[Tue Dec  2 11:30:59 2025] >> SAMPLE[ 2910] lifetime[125 weeks], average[148.88]
[Tue Dec  2 11:30:59 2025] >> SAMPLE[ 2911] lifetime[148 weeks], average[148.88]
[Tue Dec  2 11:31:01 2025] >> SAMPLE[ 2912] lifetime[231 weeks], average[148.91]
[Tue Dec  2 11:31:01 2025] >> SAMPLE[ 2913] lifetime[158 weeks], average[148.91]
[Tue Dec  2 11:31:02 2025] >> SAMPLE[ 2914] lifetime[150 weeks], average[148.91]
[Tue Dec  2 11:31:03 2025] >> SAMPLE[ 2915] lifetime[151 weeks], average[148.91]
[Tue Dec  2 11:31:03 2025] >> SAMPLE[ 2916] lifetime[114 weeks], average[148.90]
[Tue Dec  2 11:31:04 2025] >> SAMPLE[ 2917] lifetime[157 weeks], average[148.90]
[Tue Dec  2 11:31:05 2025] >> SAMPLE[ 2918] lifetime[153 weeks], average[148.90]
[Tue Dec  2 11:31:05 2025] >> SAMPLE[ 2919] lifetime[142 weeks], average[148.90]
[Tue Dec  2 11:31:06 2025] >> SAMPLE[ 2920] lifetime[116 weeks], average[148.89]
[Tue Dec  2 11:31:06 2025] >> SAMPLE[ 2921] lifetime[144 weeks], average[148.89]
[Tue Dec  2 11:31:07 2025] >> SAMPLE[ 2922] lifetime[167 weeks], average[148.89]
[Tue Dec  2 11:31:08 2025] >> SAMPLE[ 2923] lifetime[172 weeks], average[148.90]
[Tue Dec  2 11:31:09 2025] >> SAMPLE[ 2924] lifetime[166 weeks], average[148.91]
[Tue Dec  2 11:31:10 2025] >> SAMPLE[ 2925] lifetime[148 weeks], average[148.91]
[Tue Dec  2 11:31:10 2025] >> SAMPLE[ 2926] lifetime[138 weeks], average[148.90]
[Tue Dec  2 11:31:11 2025] >> SAMPLE[ 2927] lifetime[157 weeks], average[148.91]
[Tue Dec  2 11:31:12 2025] >> SAMPLE[ 2928] lifetime[142 weeks], average[148.90]
[Tue Dec  2 11:31:12 2025] >> SAMPLE[ 2929] lifetime[158 weeks], average[148.91]
[Tue Dec  2 11:31:13 2025] >> SAMPLE[ 2930] lifetime[115 weeks], average[148.89]
[Tue Dec  2 11:31:13 2025] >> SAMPLE[ 2931] lifetime[131 weeks], average[148.89]
[Tue Dec  2 11:31:14 2025] >> SAMPLE[ 2932] lifetime[162 weeks], average[148.89]
[Tue Dec  2 11:31:15 2025] >> SAMPLE[ 2933] lifetime[165 weeks], average[148.90]
[Tue Dec  2 11:31:16 2025] >> SAMPLE[ 2934] lifetime[147 weeks], average[148.90]
[Tue Dec  2 11:31:16 2025] >> SAMPLE[ 2935] lifetime[149 weeks], average[148.90]
[Tue Dec  2 11:31:17 2025] >> SAMPLE[ 2936] lifetime[127 weeks], average[148.89]
[Tue Dec  2 11:31:18 2025] >> SAMPLE[ 2937] lifetime[139 weeks], average[148.89]
[Tue Dec  2 11:31:18 2025] >> SAMPLE[ 2938] lifetime[150 weeks], average[148.89]
[Tue Dec  2 11:31:19 2025] >> SAMPLE[ 2939] lifetime[143 weeks], average[148.89]
[Tue Dec  2 11:31:20 2025] >> SAMPLE[ 2940] lifetime[216 weeks], average[148.91]
[Tue Dec  2 11:31:21 2025] >> SAMPLE[ 2941] lifetime[134 weeks], average[148.90]
[Tue Dec  2 11:31:21 2025] >> SAMPLE[ 2942] lifetime[147 weeks], average[148.90]
[Tue Dec  2 11:31:22 2025] >> SAMPLE[ 2943] lifetime[163 weeks], average[148.91]
[Tue Dec  2 11:31:23 2025] >> SAMPLE[ 2944] lifetime[131 weeks], average[148.90]
[Tue Dec  2 11:31:23 2025] >> SAMPLE[ 2945] lifetime[134 weeks], average[148.90]
[Tue Dec  2 11:31:24 2025] >> SAMPLE[ 2946] lifetime[153 weeks], average[148.90]
[Tue Dec  2 11:31:25 2025] >> SAMPLE[ 2947] lifetime[160 weeks], average[148.90]
[Tue Dec  2 11:31:25 2025] >> SAMPLE[ 2948] lifetime[169 weeks], average[148.91]
[Tue Dec  2 11:31:26 2025] >> SAMPLE[ 2949] lifetime[152 weeks], average[148.91]
[Tue Dec  2 11:31:27 2025] >> SAMPLE[ 2950] lifetime[138 weeks], average[148.91]
[Tue Dec  2 11:31:28 2025] >> SAMPLE[ 2951] lifetime[155 weeks], average[148.91]
[Tue Dec  2 11:31:28 2025] >> SAMPLE[ 2952] lifetime[106 weeks], average[148.89]
[Tue Dec  2 11:31:29 2025] >> SAMPLE[ 2953] lifetime[171 weeks], average[148.90]
[Tue Dec  2 11:31:29 2025] >> SAMPLE[ 2954] lifetime[131 weeks], average[148.89]
[Tue Dec  2 11:31:30 2025] >> SAMPLE[ 2955] lifetime[192 weeks], average[148.91]
[Tue Dec  2 11:31:31 2025] >> SAMPLE[ 2956] lifetime[198 weeks], average[148.93]
[Tue Dec  2 11:31:32 2025] >> SAMPLE[ 2957] lifetime[150 weeks], average[148.93]
[Tue Dec  2 11:31:33 2025] >> SAMPLE[ 2958] lifetime[160 weeks], average[148.93]
[Tue Dec  2 11:31:33 2025] >> SAMPLE[ 2959] lifetime[154 weeks], average[148.93]
[Tue Dec  2 11:31:34 2025] >> SAMPLE[ 2960] lifetime[126 weeks], average[148.92]
[Tue Dec  2 11:31:35 2025] >> SAMPLE[ 2961] lifetime[147 weeks], average[148.92]
[Tue Dec  2 11:31:35 2025] >> SAMPLE[ 2962] lifetime[149 weeks], average[148.92]
[Tue Dec  2 11:31:36 2025] >> SAMPLE[ 2963] lifetime[156 weeks], average[148.93]
[Tue Dec  2 11:31:37 2025] >> SAMPLE[ 2964] lifetime[167 weeks], average[148.93]
[Tue Dec  2 11:31:37 2025] >> SAMPLE[ 2965] lifetime[146 weeks], average[148.93]
[Tue Dec  2 11:31:38 2025] >> SAMPLE[ 2966] lifetime[107 weeks], average[148.92]
[Tue Dec  2 11:31:39 2025] >> SAMPLE[ 2967] lifetime[142 weeks], average[148.91]
[Tue Dec  2 11:31:39 2025] >> SAMPLE[ 2968] lifetime[118 weeks], average[148.90]
[Tue Dec  2 11:31:40 2025] >> SAMPLE[ 2969] lifetime[163 weeks], average[148.91]
[Tue Dec  2 11:31:40 2025] >> SAMPLE[ 2970] lifetime[135 weeks], average[148.90]
[Tue Dec  2 11:31:41 2025] >> SAMPLE[ 2971] lifetime[139 weeks], average[148.90]
[Tue Dec  2 11:31:42 2025] >> SAMPLE[ 2972] lifetime[106 weeks], average[148.89]
[Tue Dec  2 11:31:42 2025] >> SAMPLE[ 2973] lifetime[170 weeks], average[148.89]
[Tue Dec  2 11:31:43 2025] >> SAMPLE[ 2974] lifetime[164 weeks], average[148.90]
[Tue Dec  2 11:31:44 2025] >> SAMPLE[ 2975] lifetime[144 weeks], average[148.90]
[Tue Dec  2 11:31:44 2025] >> SAMPLE[ 2976] lifetime[150 weeks], average[148.90]
[Tue Dec  2 11:31:45 2025] >> SAMPLE[ 2977] lifetime[176 weeks], average[148.91]
[Tue Dec  2 11:31:46 2025] >> SAMPLE[ 2978] lifetime[184 weeks], average[148.92]
[Tue Dec  2 11:31:47 2025] >> SAMPLE[ 2979] lifetime[208 weeks], average[148.94]
[Tue Dec  2 11:31:48 2025] >> SAMPLE[ 2980] lifetime[138 weeks], average[148.93]
[Tue Dec  2 11:31:48 2025] >> SAMPLE[ 2981] lifetime[117 weeks], average[148.92]
[Tue Dec  2 11:31:49 2025] >> SAMPLE[ 2982] lifetime[144 weeks], average[148.92]
[Tue Dec  2 11:31:50 2025] >> SAMPLE[ 2983] lifetime[157 weeks], average[148.92]
[Tue Dec  2 11:31:50 2025] >> SAMPLE[ 2984] lifetime[157 weeks], average[148.93]
[Tue Dec  2 11:31:51 2025] >> SAMPLE[ 2985] lifetime[123 weeks], average[148.92]
[Tue Dec  2 11:31:51 2025] >> SAMPLE[ 2986] lifetime[120 weeks], average[148.91]
[Tue Dec  2 11:31:52 2025] >> SAMPLE[ 2987] lifetime[154 weeks], average[148.91]
[Tue Dec  2 11:31:53 2025] >> SAMPLE[ 2988] lifetime[180 weeks], average[148.92]
[Tue Dec  2 11:31:54 2025] >> SAMPLE[ 2989] lifetime[175 weeks], average[148.93]
[Tue Dec  2 11:31:55 2025] >> SAMPLE[ 2990] lifetime[158 weeks], average[148.93]
[Tue Dec  2 11:31:55 2025] >> SAMPLE[ 2991] lifetime[172 weeks], average[148.94]
[Tue Dec  2 11:31:56 2025] >> SAMPLE[ 2992] lifetime[141 weeks], average[148.94]
[Tue Dec  2 11:31:57 2025] >> SAMPLE[ 2993] lifetime[158 weeks], average[148.94]
[Tue Dec  2 11:31:57 2025] >> SAMPLE[ 2994] lifetime[142 weeks], average[148.94]
[Tue Dec  2 11:31:58 2025] >> SAMPLE[ 2995] lifetime[158 weeks], average[148.94]
[Tue Dec  2 11:31:59 2025] >> SAMPLE[ 2996] lifetime[142 weeks], average[148.94]
[Tue Dec  2 11:31:59 2025] >> SAMPLE[ 2997] lifetime[140 weeks], average[148.94]
[Tue Dec  2 11:32:00 2025] >> SAMPLE[ 2998] lifetime[160 weeks], average[148.94]
[Tue Dec  2 11:32:01 2025] >> SAMPLE[ 2999] lifetime[127 weeks], average[148.93]
[Tue Dec  2 11:32:03 2025] >> Generating new alpha
[Tue Dec  2 11:32:04 2025] >> SAMPLE[ 3000] lifetime[187 weeks], average[148.95]
[Tue Dec  2 11:32:05 2025] >> SAMPLE[ 3001] lifetime[209 weeks], average[148.97]
[Tue Dec  2 11:32:06 2025] >> SAMPLE[ 3002] lifetime[143 weeks], average[148.96]
[Tue Dec  2 11:32:06 2025] >> SAMPLE[ 3003] lifetime[132 weeks], average[148.96]
[Tue Dec  2 11:32:07 2025] >> SAMPLE[ 3004] lifetime[106 weeks], average[148.94]
[Tue Dec  2 11:32:07 2025] >> SAMPLE[ 3005] lifetime[ 87 weeks], average[148.92]
[Tue Dec  2 11:32:08 2025] >> SAMPLE[ 3006] lifetime[176 weeks], average[148.93]
[Tue Dec  2 11:32:09 2025] >> SAMPLE[ 3007] lifetime[159 weeks], average[148.93]
[Tue Dec  2 11:32:10 2025] >> SAMPLE[ 3008] lifetime[142 weeks], average[148.93]
[Tue Dec  2 11:32:10 2025] >> SAMPLE[ 3009] lifetime[129 weeks], average[148.93]
[Tue Dec  2 11:32:11 2025] >> SAMPLE[ 3010] lifetime[160 weeks], average[148.93]
[Tue Dec  2 11:32:11 2025] >> SAMPLE[ 3011] lifetime[112 weeks], average[148.92]
[Tue Dec  2 11:32:12 2025] >> SAMPLE[ 3012] lifetime[ 97 weeks], average[148.90]
[Tue Dec  2 11:32:12 2025] >> SAMPLE[ 3013] lifetime[156 weeks], average[148.90]
[Tue Dec  2 11:32:13 2025] >> SAMPLE[ 3014] lifetime[204 weeks], average[148.92]
[Tue Dec  2 11:32:14 2025] >> SAMPLE[ 3015] lifetime[146 weeks], average[148.92]
[Tue Dec  2 11:32:15 2025] >> SAMPLE[ 3016] lifetime[201 weeks], average[148.94]
[Tue Dec  2 11:32:16 2025] >> SAMPLE[ 3017] lifetime[195 weeks], average[148.95]
[Tue Dec  2 11:32:17 2025] >> SAMPLE[ 3018] lifetime[151 weeks], average[148.95]
[Tue Dec  2 11:32:17 2025] >> SAMPLE[ 3019] lifetime[159 weeks], average[148.96]
[Tue Dec  2 11:32:18 2025] >> SAMPLE[ 3020] lifetime[ 75 weeks], average[148.93]
[Tue Dec  2 11:32:18 2025] >> SAMPLE[ 3021] lifetime[116 weeks], average[148.92]
[Tue Dec  2 11:32:19 2025] >> SAMPLE[ 3022] lifetime[162 weeks], average[148.93]
[Tue Dec  2 11:32:20 2025] >> SAMPLE[ 3023] lifetime[174 weeks], average[148.93]
[Tue Dec  2 11:32:20 2025] >> SAMPLE[ 3024] lifetime[118 weeks], average[148.92]
[Tue Dec  2 11:32:21 2025] >> SAMPLE[ 3025] lifetime[138 weeks], average[148.92]
[Tue Dec  2 11:32:22 2025] >> SAMPLE[ 3026] lifetime[211 weeks], average[148.94]
[Tue Dec  2 11:32:23 2025] >> SAMPLE[ 3027] lifetime[104 weeks], average[148.93]
[Tue Dec  2 11:32:23 2025] >> SAMPLE[ 3028] lifetime[139 weeks], average[148.92]
[Tue Dec  2 11:32:24 2025] >> SAMPLE[ 3029] lifetime[133 weeks], average[148.92]
[Tue Dec  2 11:32:25 2025] >> SAMPLE[ 3030] lifetime[159 weeks], average[148.92]
[Tue Dec  2 11:32:25 2025] >> SAMPLE[ 3031] lifetime[171 weeks], average[148.93]
[Tue Dec  2 11:32:26 2025] >> SAMPLE[ 3032] lifetime[142 weeks], average[148.93]
[Tue Dec  2 11:32:27 2025] >> SAMPLE[ 3033] lifetime[162 weeks], average[148.93]
[Tue Dec  2 11:32:27 2025] >> SAMPLE[ 3034] lifetime[135 weeks], average[148.92]
[Tue Dec  2 11:32:28 2025] >> SAMPLE[ 3035] lifetime[132 weeks], average[148.92]
[Tue Dec  2 11:32:29 2025] >> SAMPLE[ 3036] lifetime[132 weeks], average[148.91]
[Tue Dec  2 11:32:29 2025] >> SAMPLE[ 3037] lifetime[147 weeks], average[148.91]
[Tue Dec  2 11:32:30 2025] >> SAMPLE[ 3038] lifetime[154 weeks], average[148.91]
[Tue Dec  2 11:32:31 2025] >> SAMPLE[ 3039] lifetime[191 weeks], average[148.93]
[Tue Dec  2 11:32:32 2025] >> SAMPLE[ 3040] lifetime[126 weeks], average[148.92]
[Tue Dec  2 11:32:32 2025] >> SAMPLE[ 3041] lifetime[138 weeks], average[148.92]
[Tue Dec  2 11:32:33 2025] >> SAMPLE[ 3042] lifetime[189 weeks], average[148.93]
[Tue Dec  2 11:32:34 2025] >> SAMPLE[ 3043] lifetime[170 weeks], average[148.94]
[Tue Dec  2 11:32:35 2025] >> SAMPLE[ 3044] lifetime[178 weeks], average[148.95]
[Tue Dec  2 11:32:35 2025] >> SAMPLE[ 3045] lifetime[124 weeks], average[148.94]
[Tue Dec  2 11:32:36 2025] >> SAMPLE[ 3046] lifetime[141 weeks], average[148.94]
[Tue Dec  2 11:32:37 2025] >> SAMPLE[ 3047] lifetime[183 weeks], average[148.95]
[Tue Dec  2 11:32:38 2025] >> SAMPLE[ 3048] lifetime[153 weeks], average[148.95]
[Tue Dec  2 11:32:38 2025] >> SAMPLE[ 3049] lifetime[176 weeks], average[148.96]
[Tue Dec  2 11:32:39 2025] >> SAMPLE[ 3050] lifetime[147 weeks], average[148.96]
[Tue Dec  2 11:32:40 2025] >> SAMPLE[ 3051] lifetime[154 weeks], average[148.96]
[Tue Dec  2 11:32:40 2025] >> SAMPLE[ 3052] lifetime[157 weeks], average[148.96]
[Tue Dec  2 11:32:41 2025] >> SAMPLE[ 3053] lifetime[169 weeks], average[148.97]
[Tue Dec  2 11:32:42 2025] >> SAMPLE[ 3054] lifetime[186 weeks], average[148.98]
[Tue Dec  2 11:32:43 2025] >> SAMPLE[ 3055] lifetime[117 weeks], average[148.97]
[Tue Dec  2 11:32:43 2025] >> SAMPLE[ 3056] lifetime[173 weeks], average[148.98]
[Tue Dec  2 11:32:44 2025] >> SAMPLE[ 3057] lifetime[162 weeks], average[148.98]
[Tue Dec  2 11:32:45 2025] >> SAMPLE[ 3058] lifetime[162 weeks], average[148.99]
[Tue Dec  2 11:32:46 2025] >> SAMPLE[ 3059] lifetime[179 weeks], average[149.00]
[Tue Dec  2 11:32:47 2025] >> SAMPLE[ 3060] lifetime[176 weeks], average[149.00]
[Tue Dec  2 11:32:47 2025] >> SAMPLE[ 3061] lifetime[168 weeks], average[149.01]
[Tue Dec  2 11:32:48 2025] >> SAMPLE[ 3062] lifetime[153 weeks], average[149.01]
[Tue Dec  2 11:32:49 2025] >> SAMPLE[ 3063] lifetime[202 weeks], average[149.03]
[Tue Dec  2 11:32:50 2025] >> SAMPLE[ 3064] lifetime[184 weeks], average[149.04]
[Tue Dec  2 11:32:51 2025] >> SAMPLE[ 3065] lifetime[135 weeks], average[149.04]
[Tue Dec  2 11:32:51 2025] >> SAMPLE[ 3066] lifetime[157 weeks], average[149.04]
[Tue Dec  2 11:32:52 2025] >> SAMPLE[ 3067] lifetime[113 weeks], average[149.03]
[Tue Dec  2 11:32:52 2025] >> SAMPLE[ 3068] lifetime[143 weeks], average[149.03]
[Tue Dec  2 11:32:53 2025] >> SAMPLE[ 3069] lifetime[106 weeks], average[149.01]
[Tue Dec  2 11:32:54 2025] >> SAMPLE[ 3070] lifetime[136 weeks], average[149.01]
[Tue Dec  2 11:32:54 2025] >> SAMPLE[ 3071] lifetime[150 weeks], average[149.01]
[Tue Dec  2 11:32:55 2025] >> SAMPLE[ 3072] lifetime[157 weeks], average[149.01]
[Tue Dec  2 11:32:56 2025] >> SAMPLE[ 3073] lifetime[150 weeks], average[149.01]
[Tue Dec  2 11:32:56 2025] >> SAMPLE[ 3074] lifetime[151 weeks], average[149.01]
[Tue Dec  2 11:32:57 2025] >> SAMPLE[ 3075] lifetime[147 weeks], average[149.01]
[Tue Dec  2 11:32:58 2025] >> SAMPLE[ 3076] lifetime[146 weeks], average[149.01]
[Tue Dec  2 11:32:58 2025] >> SAMPLE[ 3077] lifetime[ 89 weeks], average[148.99]
[Tue Dec  2 11:32:59 2025] >> SAMPLE[ 3078] lifetime[132 weeks], average[148.98]
[Tue Dec  2 11:32:59 2025] >> SAMPLE[ 3079] lifetime[193 weeks], average[149.00]
[Tue Dec  2 11:33:00 2025] >> SAMPLE[ 3080] lifetime[142 weeks], average[149.00]
[Tue Dec  2 11:33:01 2025] >> SAMPLE[ 3081] lifetime[111 weeks], average[148.98]
[Tue Dec  2 11:33:01 2025] >> SAMPLE[ 3082] lifetime[118 weeks], average[148.97]
[Tue Dec  2 11:33:02 2025] >> SAMPLE[ 3083] lifetime[202 weeks], average[148.99]
[Tue Dec  2 11:33:03 2025] >> SAMPLE[ 3084] lifetime[167 weeks], average[149.00]
[Tue Dec  2 11:33:03 2025] >> SAMPLE[ 3085] lifetime[130 weeks], average[148.99]
[Tue Dec  2 11:33:04 2025] >> SAMPLE[ 3086] lifetime[189 weeks], average[149.00]
[Tue Dec  2 11:33:05 2025] >> SAMPLE[ 3087] lifetime[115 weeks], average[148.99]
[Tue Dec  2 11:33:05 2025] >> SAMPLE[ 3088] lifetime[102 weeks], average[148.98]
[Tue Dec  2 11:33:06 2025] >> SAMPLE[ 3089] lifetime[125 weeks], average[148.97]
[Tue Dec  2 11:33:06 2025] >> SAMPLE[ 3090] lifetime[150 weeks], average[148.97]
[Tue Dec  2 11:33:07 2025] >> SAMPLE[ 3091] lifetime[183 weeks], average[148.98]
[Tue Dec  2 11:33:08 2025] >> SAMPLE[ 3092] lifetime[187 weeks], average[148.99]
[Tue Dec  2 11:33:09 2025] >> SAMPLE[ 3093] lifetime[133 weeks], average[148.99]
[Tue Dec  2 11:33:10 2025] >> SAMPLE[ 3094] lifetime[171 weeks], average[149.00]
[Tue Dec  2 11:33:10 2025] >> SAMPLE[ 3095] lifetime[178 weeks], average[149.00]
[Tue Dec  2 11:33:11 2025] >> SAMPLE[ 3096] lifetime[149 weeks], average[149.00]
[Tue Dec  2 11:33:12 2025] >> SAMPLE[ 3097] lifetime[146 weeks], average[149.00]
[Tue Dec  2 11:33:12 2025] >> SAMPLE[ 3098] lifetime[128 weeks], average[149.00]
[Tue Dec  2 11:33:13 2025] >> SAMPLE[ 3099] lifetime[148 weeks], average[149.00]
[Tue Dec  2 11:33:16 2025] >> Generating new alpha
[Tue Dec  2 11:33:16 2025] >> SAMPLE[ 3100] lifetime[188 weeks], average[149.01]
[Tue Dec  2 11:33:17 2025] >> SAMPLE[ 3101] lifetime[107 weeks], average[149.00]
[Tue Dec  2 11:33:18 2025] >> SAMPLE[ 3102] lifetime[176 weeks], average[149.00]
[Tue Dec  2 11:33:19 2025] >> SAMPLE[ 3103] lifetime[174 weeks], average[149.01]
[Tue Dec  2 11:33:19 2025] >> SAMPLE[ 3104] lifetime[108 weeks], average[149.00]
[Tue Dec  2 11:33:20 2025] >> SAMPLE[ 3105] lifetime[129 weeks], average[148.99]
[Tue Dec  2 11:33:20 2025] >> SAMPLE[ 3106] lifetime[130 weeks], average[148.99]
[Tue Dec  2 11:33:21 2025] >> SAMPLE[ 3107] lifetime[198 weeks], average[149.00]
[Tue Dec  2 11:33:22 2025] >> SAMPLE[ 3108] lifetime[123 weeks], average[148.99]
[Tue Dec  2 11:33:22 2025] >> SAMPLE[ 3109] lifetime[167 weeks], average[149.00]
[Tue Dec  2 11:33:23 2025] >> SAMPLE[ 3110] lifetime[173 weeks], average[149.01]
[Tue Dec  2 11:33:24 2025] >> SAMPLE[ 3111] lifetime[127 weeks], average[149.00]
[Tue Dec  2 11:33:24 2025] >> SAMPLE[ 3112] lifetime[129 weeks], average[148.99]
[Tue Dec  2 11:33:25 2025] >> SAMPLE[ 3113] lifetime[159 weeks], average[149.00]
[Tue Dec  2 11:33:26 2025] >> SAMPLE[ 3114] lifetime[211 weeks], average[149.02]
[Tue Dec  2 11:33:26 2025] >> SAMPLE[ 3115] lifetime[105 weeks], average[149.00]
[Tue Dec  2 11:33:27 2025] >> SAMPLE[ 3116] lifetime[112 weeks], average[148.99]
[Tue Dec  2 11:33:28 2025] >> SAMPLE[ 3117] lifetime[191 weeks], average[149.00]
[Tue Dec  2 11:33:29 2025] >> SAMPLE[ 3118] lifetime[178 weeks], average[149.01]
[Tue Dec  2 11:33:29 2025] >> SAMPLE[ 3119] lifetime[120 weeks], average[149.00]
[Tue Dec  2 11:33:30 2025] >> SAMPLE[ 3120] lifetime[158 weeks], average[149.01]
[Tue Dec  2 11:33:31 2025] >> SAMPLE[ 3121] lifetime[131 weeks], average[149.00]
[Tue Dec  2 11:33:31 2025] >> SAMPLE[ 3122] lifetime[104 weeks], average[148.99]
[Tue Dec  2 11:33:32 2025] >> SAMPLE[ 3123] lifetime[163 weeks], average[148.99]
[Tue Dec  2 11:33:33 2025] >> SAMPLE[ 3124] lifetime[176 weeks], average[149.00]
[Tue Dec  2 11:33:34 2025] >> SAMPLE[ 3125] lifetime[203 weeks], average[149.02]
[Tue Dec  2 11:33:34 2025] >> SAMPLE[ 3126] lifetime[152 weeks], average[149.02]
[Tue Dec  2 11:33:35 2025] >> SAMPLE[ 3127] lifetime[135 weeks], average[149.01]
[Tue Dec  2 11:33:36 2025] >> SAMPLE[ 3128] lifetime[169 weeks], average[149.02]
[Tue Dec  2 11:33:37 2025] >> SAMPLE[ 3129] lifetime[160 weeks], average[149.02]
[Tue Dec  2 11:33:37 2025] >> SAMPLE[ 3130] lifetime[120 weeks], average[149.01]
[Tue Dec  2 11:33:38 2025] >> SAMPLE[ 3131] lifetime[182 weeks], average[149.03]
[Tue Dec  2 11:33:39 2025] >> SAMPLE[ 3132] lifetime[201 weeks], average[149.04]
[Tue Dec  2 11:33:40 2025] >> SAMPLE[ 3133] lifetime[129 weeks], average[149.04]
[Tue Dec  2 11:33:40 2025] >> SAMPLE[ 3134] lifetime[141 weeks], average[149.03]
[Tue Dec  2 11:33:41 2025] >> SAMPLE[ 3135] lifetime[168 weeks], average[149.04]
[Tue Dec  2 11:33:42 2025] >> SAMPLE[ 3136] lifetime[176 weeks], average[149.05]
[Tue Dec  2 11:33:43 2025] >> SAMPLE[ 3137] lifetime[157 weeks], average[149.05]
[Tue Dec  2 11:33:43 2025] >> SAMPLE[ 3138] lifetime[120 weeks], average[149.04]
[Tue Dec  2 11:33:44 2025] >> SAMPLE[ 3139] lifetime[126 weeks], average[149.03]
[Tue Dec  2 11:33:45 2025] >> SAMPLE[ 3140] lifetime[199 weeks], average[149.05]
[Tue Dec  2 11:33:45 2025] >> SAMPLE[ 3141] lifetime[132 weeks], average[149.04]
[Tue Dec  2 11:33:46 2025] >> SAMPLE[ 3142] lifetime[163 weeks], average[149.05]
[Tue Dec  2 11:33:47 2025] >> SAMPLE[ 3143] lifetime[141 weeks], average[149.05]
[Tue Dec  2 11:33:47 2025] >> SAMPLE[ 3144] lifetime[141 weeks], average[149.04]
[Tue Dec  2 11:33:48 2025] >> SAMPLE[ 3145] lifetime[154 weeks], average[149.04]
[Tue Dec  2 11:33:49 2025] >> SAMPLE[ 3146] lifetime[170 weeks], average[149.05]
[Tue Dec  2 11:33:50 2025] >> SAMPLE[ 3147] lifetime[167 weeks], average[149.06]
[Tue Dec  2 11:33:50 2025] >> SAMPLE[ 3148] lifetime[150 weeks], average[149.06]
[Tue Dec  2 11:33:51 2025] >> SAMPLE[ 3149] lifetime[125 weeks], average[149.05]
[Tue Dec  2 11:33:51 2025] >> SAMPLE[ 3150] lifetime[134 weeks], average[149.05]
[Tue Dec  2 11:33:52 2025] >> SAMPLE[ 3151] lifetime[205 weeks], average[149.06]
[Tue Dec  2 11:33:54 2025] >> SAMPLE[ 3152] lifetime[215 weeks], average[149.08]
[Tue Dec  2 11:33:54 2025] >> SAMPLE[ 3153] lifetime[163 weeks], average[149.09]
[Tue Dec  2 11:33:55 2025] >> SAMPLE[ 3154] lifetime[130 weeks], average[149.08]
[Tue Dec  2 11:33:55 2025] >> SAMPLE[ 3155] lifetime[113 weeks], average[149.07]
[Tue Dec  2 11:33:56 2025] >> SAMPLE[ 3156] lifetime[180 weeks], average[149.08]
[Tue Dec  2 11:33:57 2025] >> SAMPLE[ 3157] lifetime[164 weeks], average[149.09]
[Tue Dec  2 11:33:58 2025] >> SAMPLE[ 3158] lifetime[177 weeks], average[149.09]
[Tue Dec  2 11:33:59 2025] >> SAMPLE[ 3159] lifetime[168 weeks], average[149.10]
[Tue Dec  2 11:34:00 2025] >> SAMPLE[ 3160] lifetime[202 weeks], average[149.12]
[Tue Dec  2 11:34:00 2025] >> SAMPLE[ 3161] lifetime[165 weeks], average[149.12]
[Tue Dec  2 11:34:01 2025] >> SAMPLE[ 3162] lifetime[219 weeks], average[149.14]
[Tue Dec  2 11:34:02 2025] >> SAMPLE[ 3163] lifetime[123 weeks], average[149.14]
[Tue Dec  2 11:34:03 2025] >> SAMPLE[ 3164] lifetime[120 weeks], average[149.13]
[Tue Dec  2 11:34:03 2025] >> SAMPLE[ 3165] lifetime[118 weeks], average[149.12]
[Tue Dec  2 11:34:04 2025] >> SAMPLE[ 3166] lifetime[122 weeks], average[149.11]
[Tue Dec  2 11:34:04 2025] >> SAMPLE[ 3167] lifetime[138 weeks], average[149.10]
[Tue Dec  2 11:34:05 2025] >> SAMPLE[ 3168] lifetime[139 weeks], average[149.10]
[Tue Dec  2 11:34:05 2025] >> SAMPLE[ 3169] lifetime[119 weeks], average[149.09]
[Tue Dec  2 11:34:06 2025] >> SAMPLE[ 3170] lifetime[138 weeks], average[149.09]
[Tue Dec  2 11:34:07 2025] >> SAMPLE[ 3171] lifetime[136 weeks], average[149.08]
[Tue Dec  2 11:34:07 2025] >> SAMPLE[ 3172] lifetime[140 weeks], average[149.08]
[Tue Dec  2 11:34:08 2025] >> SAMPLE[ 3173] lifetime[103 weeks], average[149.07]
[Tue Dec  2 11:34:08 2025] >> SAMPLE[ 3174] lifetime[151 weeks], average[149.07]
[Tue Dec  2 11:34:09 2025] >> SAMPLE[ 3175] lifetime[102 weeks], average[149.05]
[Tue Dec  2 11:34:10 2025] >> SAMPLE[ 3176] lifetime[178 weeks], average[149.06]
[Tue Dec  2 11:34:10 2025] >> SAMPLE[ 3177] lifetime[132 weeks], average[149.06]
[Tue Dec  2 11:34:11 2025] >> SAMPLE[ 3178] lifetime[196 weeks], average[149.07]
[Tue Dec  2 11:34:12 2025] >> SAMPLE[ 3179] lifetime[173 weeks], average[149.08]
[Tue Dec  2 11:34:13 2025] >> SAMPLE[ 3180] lifetime[132 weeks], average[149.07]
[Tue Dec  2 11:34:13 2025] >> SAMPLE[ 3181] lifetime[137 weeks], average[149.07]
[Tue Dec  2 11:34:14 2025] >> SAMPLE[ 3182] lifetime[169 weeks], average[149.08]
[Tue Dec  2 11:34:15 2025] >> SAMPLE[ 3183] lifetime[151 weeks], average[149.08]
[Tue Dec  2 11:34:15 2025] >> SAMPLE[ 3184] lifetime[178 weeks], average[149.09]
[Tue Dec  2 11:34:16 2025] >> SAMPLE[ 3185] lifetime[139 weeks], average[149.08]
[Tue Dec  2 11:34:17 2025] >> SAMPLE[ 3186] lifetime[183 weeks], average[149.09]
[Tue Dec  2 11:34:18 2025] >> SAMPLE[ 3187] lifetime[125 weeks], average[149.09]
[Tue Dec  2 11:34:18 2025] >> SAMPLE[ 3188] lifetime[167 weeks], average[149.09]
[Tue Dec  2 11:34:19 2025] >> SAMPLE[ 3189] lifetime[189 weeks], average[149.10]
[Tue Dec  2 11:34:20 2025] >> SAMPLE[ 3190] lifetime[182 weeks], average[149.11]
[Tue Dec  2 11:34:21 2025] >> SAMPLE[ 3191] lifetime[131 weeks], average[149.11]
[Tue Dec  2 11:34:22 2025] >> SAMPLE[ 3192] lifetime[215 weeks], average[149.13]
[Tue Dec  2 11:34:22 2025] >> SAMPLE[ 3193] lifetime[150 weeks], average[149.13]
[Tue Dec  2 11:34:23 2025] >> SAMPLE[ 3194] lifetime[153 weeks], average[149.13]
[Tue Dec  2 11:34:24 2025] >> SAMPLE[ 3195] lifetime[130 weeks], average[149.12]
[Tue Dec  2 11:34:24 2025] >> SAMPLE[ 3196] lifetime[162 weeks], average[149.13]
[Tue Dec  2 11:34:25 2025] >> SAMPLE[ 3197] lifetime[138 weeks], average[149.12]
[Tue Dec  2 11:34:26 2025] >> SAMPLE[ 3198] lifetime[158 weeks], average[149.13]
[Tue Dec  2 11:34:27 2025] >> SAMPLE[ 3199] lifetime[225 weeks], average[149.15]
[Tue Dec  2 11:34:29 2025] >> Generating new alpha
[Tue Dec  2 11:34:30 2025] >> SAMPLE[ 3200] lifetime[127 weeks], average[149.14]
[Tue Dec  2 11:34:31 2025] >> SAMPLE[ 3201] lifetime[182 weeks], average[149.15]
[Tue Dec  2 11:34:31 2025] >> SAMPLE[ 3202] lifetime[130 weeks], average[149.15]
[Tue Dec  2 11:34:32 2025] >> SAMPLE[ 3203] lifetime[189 weeks], average[149.16]
[Tue Dec  2 11:34:33 2025] >> SAMPLE[ 3204] lifetime[121 weeks], average[149.15]
[Tue Dec  2 11:34:34 2025] >> SAMPLE[ 3205] lifetime[172 weeks], average[149.16]
[Tue Dec  2 11:34:34 2025] >> SAMPLE[ 3206] lifetime[124 weeks], average[149.15]
[Tue Dec  2 11:34:35 2025] >> SAMPLE[ 3207] lifetime[134 weeks], average[149.15]
[Tue Dec  2 11:34:35 2025] >> SAMPLE[ 3208] lifetime[124 weeks], average[149.14]
[Tue Dec  2 11:34:36 2025] >> SAMPLE[ 3209] lifetime[135 weeks], average[149.13]
[Tue Dec  2 11:34:37 2025] >> SAMPLE[ 3210] lifetime[120 weeks], average[149.13]
[Tue Dec  2 11:34:37 2025] >> SAMPLE[ 3211] lifetime[150 weeks], average[149.13]
[Tue Dec  2 11:34:38 2025] >> SAMPLE[ 3212] lifetime[139 weeks], average[149.12]
[Tue Dec  2 11:34:38 2025] >> SAMPLE[ 3213] lifetime[107 weeks], average[149.11]
[Tue Dec  2 11:34:39 2025] >> SAMPLE[ 3214] lifetime[129 weeks], average[149.10]
[Tue Dec  2 11:34:40 2025] >> SAMPLE[ 3215] lifetime[172 weeks], average[149.11]
[Tue Dec  2 11:34:40 2025] >> SAMPLE[ 3216] lifetime[118 weeks], average[149.10]
[Tue Dec  2 11:34:41 2025] >> SAMPLE[ 3217] lifetime[153 weeks], average[149.10]
[Tue Dec  2 11:34:42 2025] >> SAMPLE[ 3218] lifetime[134 weeks], average[149.10]
[Tue Dec  2 11:34:42 2025] >> SAMPLE[ 3219] lifetime[142 weeks], average[149.10]
[Tue Dec  2 11:34:43 2025] >> SAMPLE[ 3220] lifetime[169 weeks], average[149.10]
[Tue Dec  2 11:34:44 2025] >> SAMPLE[ 3221] lifetime[181 weeks], average[149.11]
[Tue Dec  2 11:34:44 2025] >> SAMPLE[ 3222] lifetime[125 weeks], average[149.10]
[Tue Dec  2 11:34:45 2025] >> SAMPLE[ 3223] lifetime[134 weeks], average[149.10]
[Tue Dec  2 11:34:46 2025] >> SAMPLE[ 3224] lifetime[142 weeks], average[149.10]
[Tue Dec  2 11:34:46 2025] >> SAMPLE[ 3225] lifetime[105 weeks], average[149.08]
[Tue Dec  2 11:34:46 2025] >> SAMPLE[ 3226] lifetime[111 weeks], average[149.07]
[Tue Dec  2 11:34:47 2025] >> SAMPLE[ 3227] lifetime[153 weeks], average[149.07]
[Tue Dec  2 11:34:48 2025] >> SAMPLE[ 3228] lifetime[123 weeks], average[149.06]
[Tue Dec  2 11:34:48 2025] >> SAMPLE[ 3229] lifetime[133 weeks], average[149.06]
[Tue Dec  2 11:34:49 2025] >> SAMPLE[ 3230] lifetime[103 weeks], average[149.05]
[Tue Dec  2 11:34:50 2025] >> SAMPLE[ 3231] lifetime[174 weeks], average[149.05]
[Tue Dec  2 11:34:50 2025] >> SAMPLE[ 3232] lifetime[120 weeks], average[149.04]
[Tue Dec  2 11:34:51 2025] >> SAMPLE[ 3233] lifetime[178 weeks], average[149.05]
[Tue Dec  2 11:34:51 2025] >> SAMPLE[ 3234] lifetime[105 weeks], average[149.04]
[Tue Dec  2 11:34:52 2025] >> SAMPLE[ 3235] lifetime[168 weeks], average[149.05]
[Tue Dec  2 11:34:52 2025] >> SAMPLE[ 3236] lifetime[ 89 weeks], average[149.03]
[Tue Dec  2 11:34:53 2025] >> SAMPLE[ 3237] lifetime[138 weeks], average[149.02]
[Tue Dec  2 11:34:54 2025] >> SAMPLE[ 3238] lifetime[158 weeks], average[149.03]
[Tue Dec  2 11:34:55 2025] >> SAMPLE[ 3239] lifetime[173 weeks], average[149.03]
[Tue Dec  2 11:34:55 2025] >> SAMPLE[ 3240] lifetime[145 weeks], average[149.03]
[Tue Dec  2 11:34:56 2025] >> SAMPLE[ 3241] lifetime[174 weeks], average[149.04]
[Tue Dec  2 11:34:57 2025] >> SAMPLE[ 3242] lifetime[164 weeks], average[149.04]
[Tue Dec  2 11:34:57 2025] >> SAMPLE[ 3243] lifetime[125 weeks], average[149.04]
[Tue Dec  2 11:34:58 2025] >> SAMPLE[ 3244] lifetime[165 weeks], average[149.04]
[Tue Dec  2 11:34:59 2025] >> SAMPLE[ 3245] lifetime[152 weeks], average[149.04]
[Tue Dec  2 11:35:00 2025] >> SAMPLE[ 3246] lifetime[151 weeks], average[149.04]
[Tue Dec  2 11:35:00 2025] >> SAMPLE[ 3247] lifetime[139 weeks], average[149.04]
[Tue Dec  2 11:35:01 2025] >> SAMPLE[ 3248] lifetime[139 weeks], average[149.04]
[Tue Dec  2 11:35:01 2025] >> SAMPLE[ 3249] lifetime[135 weeks], average[149.03]
[Tue Dec  2 11:35:02 2025] >> SAMPLE[ 3250] lifetime[185 weeks], average[149.04]
[Tue Dec  2 11:35:03 2025] >> SAMPLE[ 3251] lifetime[115 weeks], average[149.03]
[Tue Dec  2 11:35:04 2025] >> SAMPLE[ 3252] lifetime[194 weeks], average[149.05]
[Tue Dec  2 11:35:04 2025] >> SAMPLE[ 3253] lifetime[140 weeks], average[149.04]
[Tue Dec  2 11:35:05 2025] >> SAMPLE[ 3254] lifetime[184 weeks], average[149.06]
[Tue Dec  2 11:35:06 2025] >> SAMPLE[ 3255] lifetime[103 weeks], average[149.04]
[Tue Dec  2 11:35:06 2025] >> SAMPLE[ 3256] lifetime[127 weeks], average[149.03]
[Tue Dec  2 11:35:07 2025] >> SAMPLE[ 3257] lifetime[187 weeks], average[149.05]
[Tue Dec  2 11:35:08 2025] >> SAMPLE[ 3258] lifetime[147 weeks], average[149.05]
[Tue Dec  2 11:35:08 2025] >> SAMPLE[ 3259] lifetime[114 weeks], average[149.03]
[Tue Dec  2 11:35:09 2025] >> SAMPLE[ 3260] lifetime[124 weeks], average[149.03]
[Tue Dec  2 11:35:10 2025] >> SAMPLE[ 3261] lifetime[174 weeks], average[149.03]
[Tue Dec  2 11:35:10 2025] >> SAMPLE[ 3262] lifetime[154 weeks], average[149.04]
[Tue Dec  2 11:35:11 2025] >> SAMPLE[ 3263] lifetime[106 weeks], average[149.02]
[Tue Dec  2 11:35:11 2025] >> SAMPLE[ 3264] lifetime[144 weeks], average[149.02]
[Tue Dec  2 11:35:12 2025] >> SAMPLE[ 3265] lifetime[150 weeks], average[149.02]
[Tue Dec  2 11:35:13 2025] >> SAMPLE[ 3266] lifetime[149 weeks], average[149.02]
[Tue Dec  2 11:35:14 2025] >> SAMPLE[ 3267] lifetime[179 weeks], average[149.03]
[Tue Dec  2 11:35:14 2025] >> SAMPLE[ 3268] lifetime[182 weeks], average[149.04]
[Tue Dec  2 11:35:15 2025] >> SAMPLE[ 3269] lifetime[132 weeks], average[149.04]
[Tue Dec  2 11:35:16 2025] >> SAMPLE[ 3270] lifetime[150 weeks], average[149.04]
[Tue Dec  2 11:35:17 2025] >> SAMPLE[ 3271] lifetime[182 weeks], average[149.05]
[Tue Dec  2 11:35:17 2025] >> SAMPLE[ 3272] lifetime[146 weeks], average[149.05]
[Tue Dec  2 11:35:18 2025] >> SAMPLE[ 3273] lifetime[128 weeks], average[149.04]
[Tue Dec  2 11:35:18 2025] >> SAMPLE[ 3274] lifetime[143 weeks], average[149.04]
[Tue Dec  2 11:35:19 2025] >> SAMPLE[ 3275] lifetime[145 weeks], average[149.04]
[Tue Dec  2 11:35:20 2025] >> SAMPLE[ 3276] lifetime[158 weeks], average[149.04]
[Tue Dec  2 11:35:21 2025] >> SAMPLE[ 3277] lifetime[185 weeks], average[149.05]
[Tue Dec  2 11:35:21 2025] >> SAMPLE[ 3278] lifetime[155 weeks], average[149.05]
[Tue Dec  2 11:35:22 2025] >> SAMPLE[ 3279] lifetime[158 weeks], average[149.05]
[Tue Dec  2 11:35:23 2025] >> SAMPLE[ 3280] lifetime[151 weeks], average[149.05]
[Tue Dec  2 11:35:23 2025] >> SAMPLE[ 3281] lifetime[145 weeks], average[149.05]
[Tue Dec  2 11:35:24 2025] >> SAMPLE[ 3282] lifetime[181 weeks], average[149.06]
[Tue Dec  2 11:35:25 2025] >> SAMPLE[ 3283] lifetime[135 weeks], average[149.06]
[Tue Dec  2 11:35:26 2025] >> SAMPLE[ 3284] lifetime[157 weeks], average[149.06]
[Tue Dec  2 11:35:26 2025] >> SAMPLE[ 3285] lifetime[174 weeks], average[149.07]
[Tue Dec  2 11:35:27 2025] >> SAMPLE[ 3286] lifetime[117 weeks], average[149.06]
[Tue Dec  2 11:35:28 2025] >> SAMPLE[ 3287] lifetime[166 weeks], average[149.06]
[Tue Dec  2 11:35:29 2025] >> SAMPLE[ 3288] lifetime[192 weeks], average[149.08]
[Tue Dec  2 11:35:29 2025] >> SAMPLE[ 3289] lifetime[151 weeks], average[149.08]
[Tue Dec  2 11:35:30 2025] >> SAMPLE[ 3290] lifetime[166 weeks], average[149.08]
[Tue Dec  2 11:35:31 2025] >> SAMPLE[ 3291] lifetime[153 weeks], average[149.08]
[Tue Dec  2 11:35:31 2025] >> SAMPLE[ 3292] lifetime[124 weeks], average[149.08]
[Tue Dec  2 11:35:32 2025] >> SAMPLE[ 3293] lifetime[190 weeks], average[149.09]
[Tue Dec  2 11:35:33 2025] >> SAMPLE[ 3294] lifetime[142 weeks], average[149.09]
[Tue Dec  2 11:35:33 2025] >> SAMPLE[ 3295] lifetime[144 weeks], average[149.09]
[Tue Dec  2 11:35:34 2025] >> SAMPLE[ 3296] lifetime[148 weeks], average[149.08]
[Tue Dec  2 11:35:35 2025] >> SAMPLE[ 3297] lifetime[149 weeks], average[149.08]
[Tue Dec  2 11:35:35 2025] >> SAMPLE[ 3298] lifetime[125 weeks], average[149.08]
[Tue Dec  2 11:35:36 2025] >> SAMPLE[ 3299] lifetime[158 weeks], average[149.08]
[Tue Dec  2 11:35:39 2025] >> Generating new alpha
[Tue Dec  2 11:35:39 2025] >> SAMPLE[ 3300] lifetime[113 weeks], average[149.07]
[Tue Dec  2 11:35:40 2025] >> SAMPLE[ 3301] lifetime[181 weeks], average[149.08]
[Tue Dec  2 11:35:41 2025] >> SAMPLE[ 3302] lifetime[120 weeks], average[149.07]
[Tue Dec  2 11:35:42 2025] >> SAMPLE[ 3303] lifetime[200 weeks], average[149.09]
[Tue Dec  2 11:35:42 2025] >> SAMPLE[ 3304] lifetime[164 weeks], average[149.09]
[Tue Dec  2 11:35:43 2025] >> SAMPLE[ 3305] lifetime[139 weeks], average[149.09]
[Tue Dec  2 11:35:44 2025] >> SAMPLE[ 3306] lifetime[157 weeks], average[149.09]
[Tue Dec  2 11:35:44 2025] >> SAMPLE[ 3307] lifetime[122 weeks], average[149.08]
[Tue Dec  2 11:35:45 2025] >> SAMPLE[ 3308] lifetime[146 weeks], average[149.08]
[Tue Dec  2 11:35:46 2025] >> SAMPLE[ 3309] lifetime[151 weeks], average[149.08]
[Tue Dec  2 11:35:46 2025] >> SAMPLE[ 3310] lifetime[129 weeks], average[149.07]
[Tue Dec  2 11:35:47 2025] >> SAMPLE[ 3311] lifetime[158 weeks], average[149.08]
[Tue Dec  2 11:35:47 2025] >> SAMPLE[ 3312] lifetime[118 weeks], average[149.07]
[Tue Dec  2 11:35:48 2025] >> SAMPLE[ 3313] lifetime[162 weeks], average[149.07]
[Tue Dec  2 11:35:49 2025] >> SAMPLE[ 3314] lifetime[156 weeks], average[149.07]
[Tue Dec  2 11:35:49 2025] >> SAMPLE[ 3315] lifetime[137 weeks], average[149.07]
[Tue Dec  2 11:35:50 2025] >> SAMPLE[ 3316] lifetime[170 weeks], average[149.08]
[Tue Dec  2 11:35:51 2025] >> SAMPLE[ 3317] lifetime[200 weeks], average[149.09]
[Tue Dec  2 11:35:52 2025] >> SAMPLE[ 3318] lifetime[127 weeks], average[149.09]
[Tue Dec  2 11:35:53 2025] >> SAMPLE[ 3319] lifetime[179 weeks], average[149.09]
[Tue Dec  2 11:35:53 2025] >> SAMPLE[ 3320] lifetime[126 weeks], average[149.09]
[Tue Dec  2 11:35:54 2025] >> SAMPLE[ 3321] lifetime[171 weeks], average[149.09]
[Tue Dec  2 11:35:54 2025] >> SAMPLE[ 3322] lifetime[117 weeks], average[149.08]
[Tue Dec  2 11:35:55 2025] >> SAMPLE[ 3323] lifetime[150 weeks], average[149.08]
[Tue Dec  2 11:35:56 2025] >> SAMPLE[ 3324] lifetime[162 weeks], average[149.09]
[Tue Dec  2 11:35:56 2025] >> SAMPLE[ 3325] lifetime[142 weeks], average[149.09]
[Tue Dec  2 11:35:57 2025] >> SAMPLE[ 3326] lifetime[161 weeks], average[149.09]
[Tue Dec  2 11:35:58 2025] >> SAMPLE[ 3327] lifetime[142 weeks], average[149.09]
[Tue Dec  2 11:35:59 2025] >> SAMPLE[ 3328] lifetime[215 weeks], average[149.11]
[Tue Dec  2 11:35:59 2025] >> SAMPLE[ 3329] lifetime[136 weeks], average[149.10]
[Tue Dec  2 11:36:00 2025] >> SAMPLE[ 3330] lifetime[118 weeks], average[149.09]
[Tue Dec  2 11:36:01 2025] >> SAMPLE[ 3331] lifetime[151 weeks], average[149.10]
[Tue Dec  2 11:36:01 2025] >> SAMPLE[ 3332] lifetime[151 weeks], average[149.10]
[Tue Dec  2 11:36:02 2025] >> SAMPLE[ 3333] lifetime[131 weeks], average[149.09]
[Tue Dec  2 11:36:03 2025] >> SAMPLE[ 3334] lifetime[154 weeks], average[149.09]
[Tue Dec  2 11:36:03 2025] >> SAMPLE[ 3335] lifetime[ 97 weeks], average[149.08]
[Tue Dec  2 11:36:04 2025] >> SAMPLE[ 3336] lifetime[161 weeks], average[149.08]
[Tue Dec  2 11:36:05 2025] >> SAMPLE[ 3337] lifetime[129 weeks], average[149.07]
[Tue Dec  2 11:36:05 2025] >> SAMPLE[ 3338] lifetime[131 weeks], average[149.07]
[Tue Dec  2 11:36:06 2025] >> SAMPLE[ 3339] lifetime[154 weeks], average[149.07]
[Tue Dec  2 11:36:07 2025] >> SAMPLE[ 3340] lifetime[158 weeks], average[149.07]
[Tue Dec  2 11:36:07 2025] >> SAMPLE[ 3341] lifetime[127 weeks], average[149.07]
[Tue Dec  2 11:36:08 2025] >> SAMPLE[ 3342] lifetime[164 weeks], average[149.07]
[Tue Dec  2 11:36:09 2025] >> SAMPLE[ 3343] lifetime[169 weeks], average[149.08]
[Tue Dec  2 11:36:10 2025] >> SAMPLE[ 3344] lifetime[139 weeks], average[149.07]
[Tue Dec  2 11:36:10 2025] >> SAMPLE[ 3345] lifetime[138 weeks], average[149.07]
[Tue Dec  2 11:36:11 2025] >> SAMPLE[ 3346] lifetime[159 weeks], average[149.07]
[Tue Dec  2 11:36:12 2025] >> SAMPLE[ 3347] lifetime[150 weeks], average[149.07]
[Tue Dec  2 11:36:13 2025] >> SAMPLE[ 3348] lifetime[143 weeks], average[149.07]
[Tue Dec  2 11:36:13 2025] >> SAMPLE[ 3349] lifetime[130 weeks], average[149.07]
[Tue Dec  2 11:36:14 2025] >> SAMPLE[ 3350] lifetime[187 weeks], average[149.08]
[Tue Dec  2 11:36:15 2025] >> SAMPLE[ 3351] lifetime[169 weeks], average[149.08]
[Tue Dec  2 11:36:16 2025] >> SAMPLE[ 3352] lifetime[168 weeks], average[149.09]
[Tue Dec  2 11:36:16 2025] >> SAMPLE[ 3353] lifetime[116 weeks], average[149.08]
[Tue Dec  2 11:36:17 2025] >> SAMPLE[ 3354] lifetime[163 weeks], average[149.08]
[Tue Dec  2 11:36:18 2025] >> SAMPLE[ 3355] lifetime[148 weeks], average[149.08]
[Tue Dec  2 11:36:19 2025] >> SAMPLE[ 3356] lifetime[163 weeks], average[149.09]
[Tue Dec  2 11:36:19 2025] >> SAMPLE[ 3357] lifetime[106 weeks], average[149.07]
[Tue Dec  2 11:36:20 2025] >> SAMPLE[ 3358] lifetime[146 weeks], average[149.07]
[Tue Dec  2 11:36:21 2025] >> SAMPLE[ 3359] lifetime[225 weeks], average[149.10]
[Tue Dec  2 11:36:22 2025] >> SAMPLE[ 3360] lifetime[105 weeks], average[149.08]
[Tue Dec  2 11:36:22 2025] >> SAMPLE[ 3361] lifetime[146 weeks], average[149.08]
[Tue Dec  2 11:36:23 2025] >> SAMPLE[ 3362] lifetime[139 weeks], average[149.08]
[Tue Dec  2 11:36:24 2025] >> SAMPLE[ 3363] lifetime[160 weeks], average[149.08]
[Tue Dec  2 11:36:25 2025] >> SAMPLE[ 3364] lifetime[183 weeks], average[149.09]
[Tue Dec  2 11:36:25 2025] >> SAMPLE[ 3365] lifetime[154 weeks], average[149.09]
[Tue Dec  2 11:36:26 2025] >> SAMPLE[ 3366] lifetime[112 weeks], average[149.08]
[Tue Dec  2 11:36:26 2025] >> SAMPLE[ 3367] lifetime[114 weeks], average[149.07]
[Tue Dec  2 11:36:27 2025] >> SAMPLE[ 3368] lifetime[122 weeks], average[149.06]
[Tue Dec  2 11:36:28 2025] >> SAMPLE[ 3369] lifetime[168 weeks], average[149.07]
[Tue Dec  2 11:36:29 2025] >> SAMPLE[ 3370] lifetime[189 weeks], average[149.08]
[Tue Dec  2 11:36:30 2025] >> SAMPLE[ 3371] lifetime[184 weeks], average[149.09]
[Tue Dec  2 11:36:31 2025] >> SAMPLE[ 3372] lifetime[172 weeks], average[149.10]
[Tue Dec  2 11:36:31 2025] >> SAMPLE[ 3373] lifetime[121 weeks], average[149.09]
[Tue Dec  2 11:36:32 2025] >> SAMPLE[ 3374] lifetime[133 weeks], average[149.09]
[Tue Dec  2 11:36:33 2025] >> SAMPLE[ 3375] lifetime[169 weeks], average[149.09]
[Tue Dec  2 11:36:34 2025] >> SAMPLE[ 3376] lifetime[188 weeks], average[149.10]
[Tue Dec  2 11:36:34 2025] >> SAMPLE[ 3377] lifetime[141 weeks], average[149.10]
[Tue Dec  2 11:36:35 2025] >> SAMPLE[ 3378] lifetime[146 weeks], average[149.10]
[Tue Dec  2 11:36:35 2025] >> SAMPLE[ 3379] lifetime[109 weeks], average[149.09]
[Tue Dec  2 11:36:36 2025] >> SAMPLE[ 3380] lifetime[174 weeks], average[149.09]
[Tue Dec  2 11:36:37 2025] >> SAMPLE[ 3381] lifetime[145 weeks], average[149.09]
[Tue Dec  2 11:36:38 2025] >> SAMPLE[ 3382] lifetime[166 weeks], average[149.10]
[Tue Dec  2 11:36:38 2025] >> SAMPLE[ 3383] lifetime[117 weeks], average[149.09]
[Tue Dec  2 11:36:39 2025] >> SAMPLE[ 3384] lifetime[128 weeks], average[149.08]
[Tue Dec  2 11:36:40 2025] >> SAMPLE[ 3385] lifetime[137 weeks], average[149.08]
[Tue Dec  2 11:36:40 2025] >> SAMPLE[ 3386] lifetime[162 weeks], average[149.08]
[Tue Dec  2 11:36:41 2025] >> SAMPLE[ 3387] lifetime[162 weeks], average[149.09]
[Tue Dec  2 11:36:42 2025] >> SAMPLE[ 3388] lifetime[121 weeks], average[149.08]
[Tue Dec  2 11:36:42 2025] >> SAMPLE[ 3389] lifetime[161 weeks], average[149.08]
[Tue Dec  2 11:36:43 2025] >> SAMPLE[ 3390] lifetime[132 weeks], average[149.08]
[Tue Dec  2 11:36:43 2025] >> SAMPLE[ 3391] lifetime[124 weeks], average[149.07]
[Tue Dec  2 11:36:44 2025] >> SAMPLE[ 3392] lifetime[150 weeks], average[149.07]
[Tue Dec  2 11:36:45 2025] >> SAMPLE[ 3393] lifetime[ 96 weeks], average[149.05]
[Tue Dec  2 11:36:45 2025] >> SAMPLE[ 3394] lifetime[190 weeks], average[149.07]
[Tue Dec  2 11:36:46 2025] >> SAMPLE[ 3395] lifetime[165 weeks], average[149.07]
[Tue Dec  2 11:36:47 2025] >> SAMPLE[ 3396] lifetime[174 weeks], average[149.08]
[Tue Dec  2 11:36:48 2025] >> SAMPLE[ 3397] lifetime[115 weeks], average[149.07]
[Tue Dec  2 11:36:48 2025] >> SAMPLE[ 3398] lifetime[108 weeks], average[149.06]
[Tue Dec  2 11:36:49 2025] >> SAMPLE[ 3399] lifetime[170 weeks], average[149.06]
[Tue Dec  2 11:36:51 2025] >> Generating new alpha
[Tue Dec  2 11:36:52 2025] >> SAMPLE[ 3400] lifetime[141 weeks], average[149.06]
[Tue Dec  2 11:36:53 2025] >> SAMPLE[ 3401] lifetime[167 weeks], average[149.07]
[Tue Dec  2 11:36:54 2025] >> SAMPLE[ 3402] lifetime[181 weeks], average[149.07]
[Tue Dec  2 11:36:54 2025] >> SAMPLE[ 3403] lifetime[137 weeks], average[149.07]
[Tue Dec  2 11:36:55 2025] >> SAMPLE[ 3404] lifetime[160 weeks], average[149.07]
[Tue Dec  2 11:36:56 2025] >> SAMPLE[ 3405] lifetime[161 weeks], average[149.08]
[Tue Dec  2 11:36:56 2025] >> SAMPLE[ 3406] lifetime[136 weeks], average[149.07]
[Tue Dec  2 11:36:57 2025] >> SAMPLE[ 3407] lifetime[150 weeks], average[149.07]
[Tue Dec  2 11:36:58 2025] >> SAMPLE[ 3408] lifetime[158 weeks], average[149.08]
[Tue Dec  2 11:36:58 2025] >> SAMPLE[ 3409] lifetime[150 weeks], average[149.08]
[Tue Dec  2 11:36:59 2025] >> SAMPLE[ 3410] lifetime[125 weeks], average[149.07]
[Tue Dec  2 11:36:59 2025] >> SAMPLE[ 3411] lifetime[115 weeks], average[149.06]
[Tue Dec  2 11:37:00 2025] >> SAMPLE[ 3412] lifetime[189 weeks], average[149.07]
[Tue Dec  2 11:37:01 2025] >> SAMPLE[ 3413] lifetime[166 weeks], average[149.08]
[Tue Dec  2 11:37:02 2025] >> SAMPLE[ 3414] lifetime[203 weeks], average[149.09]
[Tue Dec  2 11:37:03 2025] >> SAMPLE[ 3415] lifetime[116 weeks], average[149.08]
[Tue Dec  2 11:37:03 2025] >> SAMPLE[ 3416] lifetime[121 weeks], average[149.07]
[Tue Dec  2 11:37:04 2025] >> SAMPLE[ 3417] lifetime[145 weeks], average[149.07]
[Tue Dec  2 11:37:04 2025] >> SAMPLE[ 3418] lifetime[ 95 weeks], average[149.06]
[Tue Dec  2 11:37:05 2025] >> SAMPLE[ 3419] lifetime[123 weeks], average[149.05]
[Tue Dec  2 11:37:05 2025] >> SAMPLE[ 3420] lifetime[173 weeks], average[149.06]
[Tue Dec  2 11:37:06 2025] >> SAMPLE[ 3421] lifetime[148 weeks], average[149.06]
[Tue Dec  2 11:37:07 2025] >> SAMPLE[ 3422] lifetime[183 weeks], average[149.07]
[Tue Dec  2 11:37:08 2025] >> SAMPLE[ 3423] lifetime[187 weeks], average[149.08]
[Tue Dec  2 11:37:09 2025] >> SAMPLE[ 3424] lifetime[166 weeks], average[149.08]
[Tue Dec  2 11:37:09 2025] >> SAMPLE[ 3425] lifetime[158 weeks], average[149.09]
[Tue Dec  2 11:37:10 2025] >> SAMPLE[ 3426] lifetime[173 weeks], average[149.09]
[Tue Dec  2 11:37:11 2025] >> SAMPLE[ 3427] lifetime[155 weeks], average[149.09]
[Tue Dec  2 11:37:11 2025] >> SAMPLE[ 3428] lifetime[119 weeks], average[149.09]
[Tue Dec  2 11:37:12 2025] >> SAMPLE[ 3429] lifetime[130 weeks], average[149.08]
[Tue Dec  2 11:37:13 2025] >> SAMPLE[ 3430] lifetime[126 weeks], average[149.07]
[Tue Dec  2 11:37:13 2025] >> SAMPLE[ 3431] lifetime[127 weeks], average[149.07]
[Tue Dec  2 11:37:14 2025] >> SAMPLE[ 3432] lifetime[140 weeks], average[149.06]
[Tue Dec  2 11:37:14 2025] >> SAMPLE[ 3433] lifetime[127 weeks], average[149.06]
[Tue Dec  2 11:37:15 2025] >> SAMPLE[ 3434] lifetime[176 weeks], average[149.07]
[Tue Dec  2 11:37:16 2025] >> SAMPLE[ 3435] lifetime[138 weeks], average[149.06]
[Tue Dec  2 11:37:16 2025] >> SAMPLE[ 3436] lifetime[142 weeks], average[149.06]
[Tue Dec  2 11:37:17 2025] >> SAMPLE[ 3437] lifetime[180 weeks], average[149.07]
[Tue Dec  2 11:37:18 2025] >> SAMPLE[ 3438] lifetime[130 weeks], average[149.06]
[Tue Dec  2 11:37:18 2025] >> SAMPLE[ 3439] lifetime[126 weeks], average[149.06]
[Tue Dec  2 11:37:19 2025] >> SAMPLE[ 3440] lifetime[129 weeks], average[149.05]
[Tue Dec  2 11:37:19 2025] >> SAMPLE[ 3441] lifetime[131 weeks], average[149.05]
[Tue Dec  2 11:37:20 2025] >> SAMPLE[ 3442] lifetime[144 weeks], average[149.04]
[Tue Dec  2 11:37:21 2025] >> SAMPLE[ 3443] lifetime[155 weeks], average[149.05]
[Tue Dec  2 11:37:22 2025] >> SAMPLE[ 3444] lifetime[169 weeks], average[149.05]
[Tue Dec  2 11:37:22 2025] >> SAMPLE[ 3445] lifetime[141 weeks], average[149.05]
[Tue Dec  2 11:37:23 2025] >> SAMPLE[ 3446] lifetime[161 weeks], average[149.05]
[Tue Dec  2 11:37:24 2025] >> SAMPLE[ 3447] lifetime[146 weeks], average[149.05]
[Tue Dec  2 11:37:24 2025] >> SAMPLE[ 3448] lifetime[125 weeks], average[149.05]
[Tue Dec  2 11:37:25 2025] >> SAMPLE[ 3449] lifetime[137 weeks], average[149.04]
[Tue Dec  2 11:37:26 2025] >> SAMPLE[ 3450] lifetime[193 weeks], average[149.05]
[Tue Dec  2 11:37:26 2025] >> SAMPLE[ 3451] lifetime[121 weeks], average[149.05]
[Tue Dec  2 11:37:27 2025] >> SAMPLE[ 3452] lifetime[115 weeks], average[149.04]
[Tue Dec  2 11:37:27 2025] >> SAMPLE[ 3453] lifetime[135 weeks], average[149.03]
[Tue Dec  2 11:37:28 2025] >> SAMPLE[ 3454] lifetime[164 weeks], average[149.04]
[Tue Dec  2 11:37:28 2025] >> SAMPLE[ 3455] lifetime[104 weeks], average[149.02]
[Tue Dec  2 11:37:29 2025] >> SAMPLE[ 3456] lifetime[107 weeks], average[149.01]
[Tue Dec  2 11:37:30 2025] >> SAMPLE[ 3457] lifetime[170 weeks], average[149.02]
[Tue Dec  2 11:37:30 2025] >> SAMPLE[ 3458] lifetime[142 weeks], average[149.02]
[Tue Dec  2 11:37:31 2025] >> SAMPLE[ 3459] lifetime[127 weeks], average[149.01]
[Tue Dec  2 11:37:32 2025] >> SAMPLE[ 3460] lifetime[146 weeks], average[149.01]
[Tue Dec  2 11:37:32 2025] >> SAMPLE[ 3461] lifetime[171 weeks], average[149.01]
[Tue Dec  2 11:37:33 2025] >> SAMPLE[ 3462] lifetime[ 98 weeks], average[149.00]
[Tue Dec  2 11:37:33 2025] >> SAMPLE[ 3463] lifetime[149 weeks], average[149.00]
[Tue Dec  2 11:37:34 2025] >> SAMPLE[ 3464] lifetime[115 weeks], average[148.99]
[Tue Dec  2 11:37:34 2025] >> SAMPLE[ 3465] lifetime[122 weeks], average[148.98]
[Tue Dec  2 11:37:35 2025] >> SAMPLE[ 3466] lifetime[ 96 weeks], average[148.97]
[Tue Dec  2 11:37:36 2025] >> SAMPLE[ 3467] lifetime[153 weeks], average[148.97]
[Tue Dec  2 11:37:36 2025] >> SAMPLE[ 3468] lifetime[192 weeks], average[148.98]
[Tue Dec  2 11:37:37 2025] >> SAMPLE[ 3469] lifetime[144 weeks], average[148.98]
[Tue Dec  2 11:37:38 2025] >> SAMPLE[ 3470] lifetime[143 weeks], average[148.98]
[Tue Dec  2 11:37:38 2025] >> SAMPLE[ 3471] lifetime[130 weeks], average[148.97]
[Tue Dec  2 11:37:39 2025] >> SAMPLE[ 3472] lifetime[183 weeks], average[148.98]
[Tue Dec  2 11:37:40 2025] >> SAMPLE[ 3473] lifetime[155 weeks], average[148.98]
[Tue Dec  2 11:37:41 2025] >> SAMPLE[ 3474] lifetime[172 weeks], average[148.99]
[Tue Dec  2 11:37:41 2025] >> SAMPLE[ 3475] lifetime[160 weeks], average[148.99]
[Tue Dec  2 11:37:42 2025] >> SAMPLE[ 3476] lifetime[ 94 weeks], average[148.98]
[Tue Dec  2 11:37:43 2025] >> SAMPLE[ 3477] lifetime[194 weeks], average[148.99]
[Tue Dec  2 11:37:44 2025] >> SAMPLE[ 3478] lifetime[171 weeks], average[149.00]
[Tue Dec  2 11:37:44 2025] >> SAMPLE[ 3479] lifetime[143 weeks], average[149.00]
[Tue Dec  2 11:37:45 2025] >> SAMPLE[ 3480] lifetime[135 weeks], average[148.99]
[Tue Dec  2 11:37:45 2025] >> SAMPLE[ 3481] lifetime[127 weeks], average[148.98]
[Tue Dec  2 11:37:46 2025] >> SAMPLE[ 3482] lifetime[141 weeks], average[148.98]
[Tue Dec  2 11:37:47 2025] >> SAMPLE[ 3483] lifetime[129 weeks], average[148.98]
[Tue Dec  2 11:37:47 2025] >> SAMPLE[ 3484] lifetime[150 weeks], average[148.98]
[Tue Dec  2 11:37:48 2025] >> SAMPLE[ 3485] lifetime[134 weeks], average[148.97]
[Tue Dec  2 11:37:48 2025] >> SAMPLE[ 3486] lifetime[124 weeks], average[148.97]
[Tue Dec  2 11:37:49 2025] >> SAMPLE[ 3487] lifetime[197 weeks], average[148.98]
[Tue Dec  2 11:37:50 2025] >> SAMPLE[ 3488] lifetime[193 weeks], average[148.99]
[Tue Dec  2 11:37:51 2025] >> SAMPLE[ 3489] lifetime[192 weeks], average[149.00]
[Tue Dec  2 11:37:52 2025] >> SAMPLE[ 3490] lifetime[186 weeks], average[149.01]
[Tue Dec  2 11:37:53 2025] >> SAMPLE[ 3491] lifetime[194 weeks], average[149.03]
[Tue Dec  2 11:37:54 2025] >> SAMPLE[ 3492] lifetime[146 weeks], average[149.03]
[Tue Dec  2 11:37:54 2025] >> SAMPLE[ 3493] lifetime[125 weeks], average[149.02]
[Tue Dec  2 11:37:55 2025] >> SAMPLE[ 3494] lifetime[152 weeks], average[149.02]
[Tue Dec  2 11:37:56 2025] >> SAMPLE[ 3495] lifetime[181 weeks], average[149.03]
[Tue Dec  2 11:37:56 2025] >> SAMPLE[ 3496] lifetime[133 weeks], average[149.03]
[Tue Dec  2 11:37:57 2025] >> SAMPLE[ 3497] lifetime[143 weeks], average[149.02]
[Tue Dec  2 11:37:57 2025] >> SAMPLE[ 3498] lifetime[110 weeks], average[149.01]
[Tue Dec  2 11:37:58 2025] >> SAMPLE[ 3499] lifetime[116 weeks], average[149.00]
[Tue Dec  2 11:38:01 2025] >> Generating new alpha
[Tue Dec  2 11:38:01 2025] >> SAMPLE[ 3500] lifetime[146 weeks], average[149.00]
[Tue Dec  2 11:38:02 2025] >> SAMPLE[ 3501] lifetime[138 weeks], average[149.00]
[Tue Dec  2 11:38:02 2025] >> SAMPLE[ 3502] lifetime[ 98 weeks], average[148.98]
[Tue Dec  2 11:38:03 2025] >> SAMPLE[ 3503] lifetime[148 weeks], average[148.98]
[Tue Dec  2 11:38:04 2025] >> SAMPLE[ 3504] lifetime[136 weeks], average[148.98]
[Tue Dec  2 11:38:04 2025] >> SAMPLE[ 3505] lifetime[113 weeks], average[148.97]
[Tue Dec  2 11:38:05 2025] >> SAMPLE[ 3506] lifetime[172 weeks], average[148.98]
[Tue Dec  2 11:38:06 2025] >> SAMPLE[ 3507] lifetime[160 weeks], average[148.98]
[Tue Dec  2 11:38:06 2025] >> SAMPLE[ 3508] lifetime[151 weeks], average[148.98]
[Tue Dec  2 11:38:07 2025] >> SAMPLE[ 3509] lifetime[106 weeks], average[148.97]
[Tue Dec  2 11:38:07 2025] >> SAMPLE[ 3510] lifetime[110 weeks], average[148.96]
[Tue Dec  2 11:38:08 2025] >> SAMPLE[ 3511] lifetime[148 weeks], average[148.96]
[Tue Dec  2 11:38:09 2025] >> SAMPLE[ 3512] lifetime[198 weeks], average[148.97]
[Tue Dec  2 11:38:10 2025] >> SAMPLE[ 3513] lifetime[171 weeks], average[148.98]
[Tue Dec  2 11:38:10 2025] >> SAMPLE[ 3514] lifetime[116 weeks], average[148.97]
[Tue Dec  2 11:38:11 2025] >> SAMPLE[ 3515] lifetime[145 weeks], average[148.97]
[Tue Dec  2 11:38:11 2025] >> SAMPLE[ 3516] lifetime[126 weeks], average[148.96]
[Tue Dec  2 11:38:12 2025] >> SAMPLE[ 3517] lifetime[121 weeks], average[148.95]
[Tue Dec  2 11:38:12 2025] >> SAMPLE[ 3518] lifetime[149 weeks], average[148.95]
[Tue Dec  2 11:38:13 2025] >> SAMPLE[ 3519] lifetime[189 weeks], average[148.96]
[Tue Dec  2 11:38:14 2025] >> SAMPLE[ 3520] lifetime[172 weeks], average[148.97]
[Tue Dec  2 11:38:15 2025] >> SAMPLE[ 3521] lifetime[153 weeks], average[148.97]
[Tue Dec  2 11:38:16 2025] >> SAMPLE[ 3522] lifetime[159 weeks], average[148.97]
[Tue Dec  2 11:38:16 2025] >> SAMPLE[ 3523] lifetime[120 weeks], average[148.97]
[Tue Dec  2 11:38:17 2025] >> SAMPLE[ 3524] lifetime[175 weeks], average[148.97]
[Tue Dec  2 11:38:18 2025] >> SAMPLE[ 3525] lifetime[150 weeks], average[148.97]
[Tue Dec  2 11:38:18 2025] >> SAMPLE[ 3526] lifetime[132 weeks], average[148.97]
[Tue Dec  2 11:38:19 2025] >> SAMPLE[ 3527] lifetime[168 weeks], average[148.97]
[Tue Dec  2 11:38:20 2025] >> SAMPLE[ 3528] lifetime[124 weeks], average[148.97]
[Tue Dec  2 11:38:20 2025] >> SAMPLE[ 3529] lifetime[144 weeks], average[148.97]
[Tue Dec  2 11:38:21 2025] >> SAMPLE[ 3530] lifetime[110 weeks], average[148.95]
[Tue Dec  2 11:38:22 2025] >> SAMPLE[ 3531] lifetime[178 weeks], average[148.96]
[Tue Dec  2 11:38:22 2025] >> SAMPLE[ 3532] lifetime[157 weeks], average[148.97]
[Tue Dec  2 11:38:23 2025] >> SAMPLE[ 3533] lifetime[147 weeks], average[148.96]
[Tue Dec  2 11:38:23 2025] >> SAMPLE[ 3534] lifetime[126 weeks], average[148.96]
[Tue Dec  2 11:38:24 2025] >> SAMPLE[ 3535] lifetime[121 weeks], average[148.95]
[Tue Dec  2 11:38:25 2025] >> SAMPLE[ 3536] lifetime[191 weeks], average[148.96]
[Tue Dec  2 11:38:26 2025] >> SAMPLE[ 3537] lifetime[169 weeks], average[148.97]
[Tue Dec  2 11:38:26 2025] >> SAMPLE[ 3538] lifetime[152 weeks], average[148.97]
[Tue Dec  2 11:38:27 2025] >> SAMPLE[ 3539] lifetime[115 weeks], average[148.96]
[Tue Dec  2 11:38:27 2025] >> SAMPLE[ 3540] lifetime[126 weeks], average[148.95]
[Tue Dec  2 11:38:28 2025] >> SAMPLE[ 3541] lifetime[216 weeks], average[148.97]
[Tue Dec  2 11:38:29 2025] >> SAMPLE[ 3542] lifetime[143 weeks], average[148.97]
[Tue Dec  2 11:38:30 2025] >> SAMPLE[ 3543] lifetime[142 weeks], average[148.97]
[Tue Dec  2 11:38:30 2025] >> SAMPLE[ 3544] lifetime[162 weeks], average[148.97]
[Tue Dec  2 11:38:31 2025] >> SAMPLE[ 3545] lifetime[135 weeks], average[148.97]
[Tue Dec  2 11:38:32 2025] >> SAMPLE[ 3546] lifetime[177 weeks], average[148.98]
[Tue Dec  2 11:38:32 2025] >> SAMPLE[ 3547] lifetime[131 weeks], average[148.97]
[Tue Dec  2 11:38:33 2025] >> SAMPLE[ 3548] lifetime[172 weeks], average[148.98]
[Tue Dec  2 11:38:34 2025] >> SAMPLE[ 3549] lifetime[116 weeks], average[148.97]
[Tue Dec  2 11:38:34 2025] >> SAMPLE[ 3550] lifetime[152 weeks], average[148.97]
[Tue Dec  2 11:38:35 2025] >> SAMPLE[ 3551] lifetime[ 94 weeks], average[148.95]
[Tue Dec  2 11:38:35 2025] >> SAMPLE[ 3552] lifetime[120 weeks], average[148.94]
[Tue Dec  2 11:38:36 2025] >> SAMPLE[ 3553] lifetime[154 weeks], average[148.95]
[Tue Dec  2 11:38:37 2025] >> SAMPLE[ 3554] lifetime[114 weeks], average[148.94]
[Tue Dec  2 11:38:37 2025] >> SAMPLE[ 3555] lifetime[169 weeks], average[148.94]
[Tue Dec  2 11:38:38 2025] >> SAMPLE[ 3556] lifetime[169 weeks], average[148.95]
[Tue Dec  2 11:38:39 2025] >> SAMPLE[ 3557] lifetime[164 weeks], average[148.95]
[Tue Dec  2 11:38:39 2025] >> SAMPLE[ 3558] lifetime[123 weeks], average[148.94]
[Tue Dec  2 11:38:40 2025] >> SAMPLE[ 3559] lifetime[139 weeks], average[148.94]
[Tue Dec  2 11:38:41 2025] >> SAMPLE[ 3560] lifetime[183 weeks], average[148.95]
[Tue Dec  2 11:38:42 2025] >> SAMPLE[ 3561] lifetime[154 weeks], average[148.95]
[Tue Dec  2 11:38:42 2025] >> SAMPLE[ 3562] lifetime[168 weeks], average[148.96]
[Tue Dec  2 11:38:43 2025] >> SAMPLE[ 3563] lifetime[163 weeks], average[148.96]
[Tue Dec  2 11:38:44 2025] >> SAMPLE[ 3564] lifetime[138 weeks], average[148.96]
[Tue Dec  2 11:38:44 2025] >> SAMPLE[ 3565] lifetime[139 weeks], average[148.96]
[Tue Dec  2 11:38:45 2025] >> SAMPLE[ 3566] lifetime[147 weeks], average[148.96]
[Tue Dec  2 11:38:46 2025] >> SAMPLE[ 3567] lifetime[157 weeks], average[148.96]
[Tue Dec  2 11:38:47 2025] >> SAMPLE[ 3568] lifetime[174 weeks], average[148.96]
[Tue Dec  2 11:38:47 2025] >> SAMPLE[ 3569] lifetime[162 weeks], average[148.97]
[Tue Dec  2 11:38:48 2025] >> SAMPLE[ 3570] lifetime[106 weeks], average[148.96]
[Tue Dec  2 11:38:48 2025] >> SAMPLE[ 3571] lifetime[151 weeks], average[148.96]
[Tue Dec  2 11:38:49 2025] >> SAMPLE[ 3572] lifetime[194 weeks], average[148.97]
[Tue Dec  2 11:38:50 2025] >> SAMPLE[ 3573] lifetime[182 weeks], average[148.98]
[Tue Dec  2 11:38:51 2025] >> SAMPLE[ 3574] lifetime[150 weeks], average[148.98]
[Tue Dec  2 11:38:52 2025] >> SAMPLE[ 3575] lifetime[163 weeks], average[148.98]
[Tue Dec  2 11:38:52 2025] >> SAMPLE[ 3576] lifetime[138 weeks], average[148.98]
[Tue Dec  2 11:38:53 2025] >> SAMPLE[ 3577] lifetime[164 weeks], average[148.98]
[Tue Dec  2 11:38:54 2025] >> SAMPLE[ 3578] lifetime[165 weeks], average[148.99]
[Tue Dec  2 11:38:55 2025] >> SAMPLE[ 3579] lifetime[151 weeks], average[148.99]
[Tue Dec  2 11:38:55 2025] >> SAMPLE[ 3580] lifetime[129 weeks], average[148.98]
[Tue Dec  2 11:38:56 2025] >> SAMPLE[ 3581] lifetime[102 weeks], average[148.97]
[Tue Dec  2 11:38:56 2025] >> SAMPLE[ 3582] lifetime[141 weeks], average[148.97]
[Tue Dec  2 11:38:57 2025] >> SAMPLE[ 3583] lifetime[182 weeks], average[148.98]
[Tue Dec  2 11:38:58 2025] >> SAMPLE[ 3584] lifetime[127 weeks], average[148.97]
[Tue Dec  2 11:38:59 2025] >> SAMPLE[ 3585] lifetime[188 weeks], average[148.98]
[Tue Dec  2 11:38:59 2025] >> SAMPLE[ 3586] lifetime[151 weeks], average[148.98]
[Tue Dec  2 11:39:00 2025] >> SAMPLE[ 3587] lifetime[133 weeks], average[148.98]
[Tue Dec  2 11:39:00 2025] >> SAMPLE[ 3588] lifetime[127 weeks], average[148.97]
[Tue Dec  2 11:39:01 2025] >> SAMPLE[ 3589] lifetime[179 weeks], average[148.98]
[Tue Dec  2 11:39:02 2025] >> SAMPLE[ 3590] lifetime[164 weeks], average[148.98]
[Tue Dec  2 11:39:02 2025] >> SAMPLE[ 3591] lifetime[121 weeks], average[148.98]
[Tue Dec  2 11:39:03 2025] >> SAMPLE[ 3592] lifetime[117 weeks], average[148.97]
[Tue Dec  2 11:39:04 2025] >> SAMPLE[ 3593] lifetime[156 weeks], average[148.97]
[Tue Dec  2 11:39:04 2025] >> SAMPLE[ 3594] lifetime[165 weeks], average[148.97]
[Tue Dec  2 11:39:05 2025] >> SAMPLE[ 3595] lifetime[160 weeks], average[148.98]
[Tue Dec  2 11:39:06 2025] >> SAMPLE[ 3596] lifetime[157 weeks], average[148.98]
[Tue Dec  2 11:39:07 2025] >> SAMPLE[ 3597] lifetime[173 weeks], average[148.99]
[Tue Dec  2 11:39:07 2025] >> SAMPLE[ 3598] lifetime[157 weeks], average[148.99]
[Tue Dec  2 11:39:08 2025] >> SAMPLE[ 3599] lifetime[167 weeks], average[148.99]
[Tue Dec  2 11:39:11 2025] >> Generating new alpha
[Tue Dec  2 11:39:11 2025] >> SAMPLE[ 3600] lifetime[114 weeks], average[148.98]
[Tue Dec  2 11:39:12 2025] >> SAMPLE[ 3601] lifetime[136 weeks], average[148.98]
[Tue Dec  2 11:39:13 2025] >> SAMPLE[ 3602] lifetime[143 weeks], average[148.98]
[Tue Dec  2 11:39:13 2025] >> SAMPLE[ 3603] lifetime[110 weeks], average[148.97]
[Tue Dec  2 11:39:14 2025] >> SAMPLE[ 3604] lifetime[173 weeks], average[148.97]
[Tue Dec  2 11:39:14 2025] >> SAMPLE[ 3605] lifetime[117 weeks], average[148.97]
[Tue Dec  2 11:39:15 2025] >> SAMPLE[ 3606] lifetime[174 weeks], average[148.97]
[Tue Dec  2 11:39:16 2025] >> SAMPLE[ 3607] lifetime[170 weeks], average[148.98]
[Tue Dec  2 11:39:17 2025] >> SAMPLE[ 3608] lifetime[182 weeks], average[148.99]
[Tue Dec  2 11:39:18 2025] >> SAMPLE[ 3609] lifetime[168 weeks], average[148.99]
[Tue Dec  2 11:39:18 2025] >> SAMPLE[ 3610] lifetime[150 weeks], average[148.99]
[Tue Dec  2 11:39:19 2025] >> SAMPLE[ 3611] lifetime[163 weeks], average[149.00]
[Tue Dec  2 11:39:20 2025] >> SAMPLE[ 3612] lifetime[156 weeks], average[149.00]
[Tue Dec  2 11:39:21 2025] >> SAMPLE[ 3613] lifetime[198 weeks], average[149.01]
[Tue Dec  2 11:39:21 2025] >> SAMPLE[ 3614] lifetime[174 weeks], average[149.02]
[Tue Dec  2 11:39:22 2025] >> SAMPLE[ 3615] lifetime[131 weeks], average[149.01]
[Tue Dec  2 11:39:23 2025] >> SAMPLE[ 3616] lifetime[186 weeks], average[149.02]
[Tue Dec  2 11:39:23 2025] >> SAMPLE[ 3617] lifetime[103 weeks], average[149.01]
[Tue Dec  2 11:39:24 2025] >> SAMPLE[ 3618] lifetime[158 weeks], average[149.01]
[Tue Dec  2 11:39:25 2025] >> SAMPLE[ 3619] lifetime[148 weeks], average[149.01]
[Tue Dec  2 11:39:26 2025] >> SAMPLE[ 3620] lifetime[172 weeks], average[149.02]
[Tue Dec  2 11:39:26 2025] >> SAMPLE[ 3621] lifetime[168 weeks], average[149.03]
[Tue Dec  2 11:39:27 2025] >> SAMPLE[ 3622] lifetime[112 weeks], average[149.02]
[Tue Dec  2 11:39:27 2025] >> SAMPLE[ 3623] lifetime[146 weeks], average[149.01]
[Tue Dec  2 11:39:28 2025] >> SAMPLE[ 3624] lifetime[142 weeks], average[149.01]
[Tue Dec  2 11:39:29 2025] >> SAMPLE[ 3625] lifetime[163 weeks], average[149.02]
[Tue Dec  2 11:39:29 2025] >> SAMPLE[ 3626] lifetime[121 weeks], average[149.01]
[Tue Dec  2 11:39:30 2025] >> SAMPLE[ 3627] lifetime[145 weeks], average[149.01]
[Tue Dec  2 11:39:31 2025] >> SAMPLE[ 3628] lifetime[127 weeks], average[149.00]
[Tue Dec  2 11:39:31 2025] >> SAMPLE[ 3629] lifetime[105 weeks], average[148.99]
[Tue Dec  2 11:39:31 2025] >> SAMPLE[ 3630] lifetime[112 weeks], average[148.98]
[Tue Dec  2 11:39:32 2025] >> SAMPLE[ 3631] lifetime[171 weeks], average[148.99]
[Tue Dec  2 11:39:33 2025] >> SAMPLE[ 3632] lifetime[160 weeks], average[148.99]
[Tue Dec  2 11:39:34 2025] >> SAMPLE[ 3633] lifetime[139 weeks], average[148.99]
[Tue Dec  2 11:39:34 2025] >> SAMPLE[ 3634] lifetime[183 weeks], average[149.00]
[Tue Dec  2 11:39:35 2025] >> SAMPLE[ 3635] lifetime[131 weeks], average[148.99]
[Tue Dec  2 11:39:36 2025] >> SAMPLE[ 3636] lifetime[153 weeks], average[148.99]
[Tue Dec  2 11:39:36 2025] >> SAMPLE[ 3637] lifetime[106 weeks], average[148.98]
[Tue Dec  2 11:39:37 2025] >> SAMPLE[ 3638] lifetime[129 weeks], average[148.97]
[Tue Dec  2 11:39:37 2025] >> SAMPLE[ 3639] lifetime[144 weeks], average[148.97]
[Tue Dec  2 11:39:38 2025] >> SAMPLE[ 3640] lifetime[174 weeks], average[148.98]
[Tue Dec  2 11:39:39 2025] >> SAMPLE[ 3641] lifetime[171 weeks], average[148.99]
[Tue Dec  2 11:39:40 2025] >> SAMPLE[ 3642] lifetime[178 weeks], average[148.99]
[Tue Dec  2 11:39:40 2025] >> SAMPLE[ 3643] lifetime[130 weeks], average[148.99]
[Tue Dec  2 11:39:41 2025] >> SAMPLE[ 3644] lifetime[178 weeks], average[149.00]
[Tue Dec  2 11:39:42 2025] >> SAMPLE[ 3645] lifetime[207 weeks], average[149.01]
[Tue Dec  2 11:39:43 2025] >> SAMPLE[ 3646] lifetime[133 weeks], average[149.01]
[Tue Dec  2 11:39:43 2025] >> SAMPLE[ 3647] lifetime[115 weeks], average[149.00]
[Tue Dec  2 11:39:44 2025] >> SAMPLE[ 3648] lifetime[180 weeks], average[149.01]
[Tue Dec  2 11:39:45 2025] >> SAMPLE[ 3649] lifetime[114 weeks], average[149.00]
[Tue Dec  2 11:39:46 2025] >> SAMPLE[ 3650] lifetime[177 weeks], average[149.01]
[Tue Dec  2 11:39:46 2025] >> SAMPLE[ 3651] lifetime[123 weeks], average[149.00]
[Tue Dec  2 11:39:47 2025] >> SAMPLE[ 3652] lifetime[164 weeks], average[149.00]
[Tue Dec  2 11:39:48 2025] >> SAMPLE[ 3653] lifetime[176 weeks], average[149.01]
[Tue Dec  2 11:39:49 2025] >> SAMPLE[ 3654] lifetime[197 weeks], average[149.02]
[Tue Dec  2 11:39:49 2025] >> SAMPLE[ 3655] lifetime[168 weeks], average[149.03]
[Tue Dec  2 11:39:50 2025] >> SAMPLE[ 3656] lifetime[161 weeks], average[149.03]
[Tue Dec  2 11:39:51 2025] >> SAMPLE[ 3657] lifetime[166 weeks], average[149.04]
[Tue Dec  2 11:39:52 2025] >> SAMPLE[ 3658] lifetime[168 weeks], average[149.04]
[Tue Dec  2 11:39:53 2025] >> SAMPLE[ 3659] lifetime[164 weeks], average[149.05]
[Tue Dec  2 11:39:53 2025] >> SAMPLE[ 3660] lifetime[115 weeks], average[149.04]
[Tue Dec  2 11:39:54 2025] >> SAMPLE[ 3661] lifetime[149 weeks], average[149.04]
[Tue Dec  2 11:39:54 2025] >> SAMPLE[ 3662] lifetime[ 94 weeks], average[149.02]
[Tue Dec  2 11:39:55 2025] >> SAMPLE[ 3663] lifetime[177 weeks], average[149.03]
[Tue Dec  2 11:39:56 2025] >> SAMPLE[ 3664] lifetime[150 weeks], average[149.03]
[Tue Dec  2 11:39:56 2025] >> SAMPLE[ 3665] lifetime[140 weeks], average[149.03]
[Tue Dec  2 11:39:57 2025] >> SAMPLE[ 3666] lifetime[187 weeks], average[149.04]
[Tue Dec  2 11:39:58 2025] >> SAMPLE[ 3667] lifetime[186 weeks], average[149.05]
[Tue Dec  2 11:39:59 2025] >> SAMPLE[ 3668] lifetime[144 weeks], average[149.05]
[Tue Dec  2 11:39:59 2025] >> SAMPLE[ 3669] lifetime[109 weeks], average[149.03]
[Tue Dec  2 11:40:00 2025] >> SAMPLE[ 3670] lifetime[157 weeks], average[149.04]
[Tue Dec  2 11:40:01 2025] >> SAMPLE[ 3671] lifetime[168 weeks], average[149.04]
[Tue Dec  2 11:40:02 2025] >> SAMPLE[ 3672] lifetime[150 weeks], average[149.04]
[Tue Dec  2 11:40:02 2025] >> SAMPLE[ 3673] lifetime[162 weeks], average[149.05]
[Tue Dec  2 11:40:03 2025] >> SAMPLE[ 3674] lifetime[141 weeks], average[149.04]
[Tue Dec  2 11:40:04 2025] >> SAMPLE[ 3675] lifetime[140 weeks], average[149.04]
[Tue Dec  2 11:40:04 2025] >> SAMPLE[ 3676] lifetime[157 weeks], average[149.04]
[Tue Dec  2 11:40:05 2025] >> SAMPLE[ 3677] lifetime[139 weeks], average[149.04]
[Tue Dec  2 11:40:06 2025] >> SAMPLE[ 3678] lifetime[166 weeks], average[149.04]
[Tue Dec  2 11:40:06 2025] >> SAMPLE[ 3679] lifetime[166 weeks], average[149.05]
[Tue Dec  2 11:40:07 2025] >> SAMPLE[ 3680] lifetime[140 weeks], average[149.05]
[Tue Dec  2 11:40:08 2025] >> SAMPLE[ 3681] lifetime[176 weeks], average[149.05]
[Tue Dec  2 11:40:09 2025] >> SAMPLE[ 3682] lifetime[135 weeks], average[149.05]
[Tue Dec  2 11:40:09 2025] >> SAMPLE[ 3683] lifetime[138 weeks], average[149.05]
[Tue Dec  2 11:40:10 2025] >> SAMPLE[ 3684] lifetime[143 weeks], average[149.05]
[Tue Dec  2 11:40:11 2025] >> SAMPLE[ 3685] lifetime[201 weeks], average[149.06]
[Tue Dec  2 11:40:12 2025] >> SAMPLE[ 3686] lifetime[171 weeks], average[149.07]
[Tue Dec  2 11:40:12 2025] >> SAMPLE[ 3687] lifetime[164 weeks], average[149.07]
[Tue Dec  2 11:40:13 2025] >> SAMPLE[ 3688] lifetime[186 weeks], average[149.08]
[Tue Dec  2 11:40:14 2025] >> SAMPLE[ 3689] lifetime[172 weeks], average[149.09]
[Tue Dec  2 11:40:15 2025] >> SAMPLE[ 3690] lifetime[137 weeks], average[149.08]
[Tue Dec  2 11:40:15 2025] >> SAMPLE[ 3691] lifetime[159 weeks], average[149.09]
[Tue Dec  2 11:40:16 2025] >> SAMPLE[ 3692] lifetime[136 weeks], average[149.08]
[Tue Dec  2 11:40:17 2025] >> SAMPLE[ 3693] lifetime[149 weeks], average[149.08]
[Tue Dec  2 11:40:17 2025] >> SAMPLE[ 3694] lifetime[140 weeks], average[149.08]
[Tue Dec  2 11:40:18 2025] >> SAMPLE[ 3695] lifetime[140 weeks], average[149.08]
[Tue Dec  2 11:40:19 2025] >> SAMPLE[ 3696] lifetime[149 weeks], average[149.08]
[Tue Dec  2 11:40:20 2025] >> SAMPLE[ 3697] lifetime[211 weeks], average[149.09]
[Tue Dec  2 11:40:21 2025] >> SAMPLE[ 3698] lifetime[163 weeks], average[149.10]
[Tue Dec  2 11:40:22 2025] >> SAMPLE[ 3699] lifetime[215 weeks], average[149.12]
[Tue Dec  2 11:40:24 2025] >> Generating new alpha
[Tue Dec  2 11:40:25 2025] >> SAMPLE[ 3700] lifetime[138 weeks], average[149.11]
[Tue Dec  2 11:40:26 2025] >> SAMPLE[ 3701] lifetime[153 weeks], average[149.11]
[Tue Dec  2 11:40:27 2025] >> SAMPLE[ 3702] lifetime[182 weeks], average[149.12]
[Tue Dec  2 11:40:27 2025] >> SAMPLE[ 3703] lifetime[137 weeks], average[149.12]
[Tue Dec  2 11:40:28 2025] >> SAMPLE[ 3704] lifetime[105 weeks], average[149.11]
[Tue Dec  2 11:40:28 2025] >> SAMPLE[ 3705] lifetime[145 weeks], average[149.11]
[Tue Dec  2 11:40:29 2025] >> SAMPLE[ 3706] lifetime[152 weeks], average[149.11]
[Tue Dec  2 11:40:30 2025] >> SAMPLE[ 3707] lifetime[154 weeks], average[149.11]
[Tue Dec  2 11:40:30 2025] >> SAMPLE[ 3708] lifetime[147 weeks], average[149.11]
[Tue Dec  2 11:40:31 2025] >> SAMPLE[ 3709] lifetime[121 weeks], average[149.10]
[Tue Dec  2 11:40:32 2025] >> SAMPLE[ 3710] lifetime[179 weeks], average[149.11]
[Tue Dec  2 11:40:32 2025] >> SAMPLE[ 3711] lifetime[141 weeks], average[149.11]
[Tue Dec  2 11:40:33 2025] >> SAMPLE[ 3712] lifetime[137 weeks], average[149.10]
[Tue Dec  2 11:40:34 2025] >> SAMPLE[ 3713] lifetime[154 weeks], average[149.10]
[Tue Dec  2 11:40:35 2025] >> SAMPLE[ 3714] lifetime[185 weeks], average[149.11]
[Tue Dec  2 11:40:35 2025] >> SAMPLE[ 3715] lifetime[118 weeks], average[149.11]
[Tue Dec  2 11:40:36 2025] >> SAMPLE[ 3716] lifetime[166 weeks], average[149.11]
[Tue Dec  2 11:40:37 2025] >> SAMPLE[ 3717] lifetime[147 weeks], average[149.11]
[Tue Dec  2 11:40:37 2025] >> SAMPLE[ 3718] lifetime[169 weeks], average[149.11]
[Tue Dec  2 11:40:38 2025] >> SAMPLE[ 3719] lifetime[158 weeks], average[149.12]
[Tue Dec  2 11:40:39 2025] >> SAMPLE[ 3720] lifetime[141 weeks], average[149.11]
[Tue Dec  2 11:40:40 2025] >> SAMPLE[ 3721] lifetime[176 weeks], average[149.12]
[Tue Dec  2 11:40:40 2025] >> SAMPLE[ 3722] lifetime[156 weeks], average[149.12]
[Tue Dec  2 11:40:41 2025] >> SAMPLE[ 3723] lifetime[132 weeks], average[149.12]
[Tue Dec  2 11:40:41 2025] >> SAMPLE[ 3724] lifetime[105 weeks], average[149.11]
[Tue Dec  2 11:40:42 2025] >> SAMPLE[ 3725] lifetime[169 weeks], average[149.11]
[Tue Dec  2 11:40:43 2025] >> SAMPLE[ 3726] lifetime[144 weeks], average[149.11]
[Tue Dec  2 11:40:44 2025] >> SAMPLE[ 3727] lifetime[196 weeks], average[149.12]
[Tue Dec  2 11:40:45 2025] >> SAMPLE[ 3728] lifetime[169 weeks], average[149.13]
[Tue Dec  2 11:40:45 2025] >> SAMPLE[ 3729] lifetime[126 weeks], average[149.12]
[Tue Dec  2 11:40:46 2025] >> SAMPLE[ 3730] lifetime[154 weeks], average[149.12]
[Tue Dec  2 11:40:47 2025] >> SAMPLE[ 3731] lifetime[191 weeks], average[149.14]
[Tue Dec  2 11:40:48 2025] >> SAMPLE[ 3732] lifetime[150 weeks], average[149.14]
[Tue Dec  2 11:40:48 2025] >> SAMPLE[ 3733] lifetime[134 weeks], average[149.13]
[Tue Dec  2 11:40:49 2025] >> SAMPLE[ 3734] lifetime[146 weeks], average[149.13]
[Tue Dec  2 11:40:50 2025] >> SAMPLE[ 3735] lifetime[137 weeks], average[149.13]
[Tue Dec  2 11:40:50 2025] >> SAMPLE[ 3736] lifetime[171 weeks], average[149.13]
[Tue Dec  2 11:40:51 2025] >> SAMPLE[ 3737] lifetime[167 weeks], average[149.14]
[Tue Dec  2 11:40:52 2025] >> SAMPLE[ 3738] lifetime[124 weeks], average[149.13]
[Tue Dec  2 11:40:52 2025] >> SAMPLE[ 3739] lifetime[142 weeks], average[149.13]
[Tue Dec  2 11:40:53 2025] >> SAMPLE[ 3740] lifetime[185 weeks], average[149.14]
[Tue Dec  2 11:40:54 2025] >> SAMPLE[ 3741] lifetime[152 weeks], average[149.14]
[Tue Dec  2 11:40:54 2025] >> SAMPLE[ 3742] lifetime[127 weeks], average[149.13]
[Tue Dec  2 11:40:55 2025] >> SAMPLE[ 3743] lifetime[182 weeks], average[149.14]
[Tue Dec  2 11:40:56 2025] >> SAMPLE[ 3744] lifetime[132 weeks], average[149.14]
[Tue Dec  2 11:40:56 2025] >> SAMPLE[ 3745] lifetime[118 weeks], average[149.13]
[Tue Dec  2 11:40:57 2025] >> SAMPLE[ 3746] lifetime[151 weeks], average[149.13]
[Tue Dec  2 11:40:58 2025] >> SAMPLE[ 3747] lifetime[121 weeks], average[149.12]
[Tue Dec  2 11:40:58 2025] >> SAMPLE[ 3748] lifetime[127 weeks], average[149.12]
[Tue Dec  2 11:40:59 2025] >> SAMPLE[ 3749] lifetime[109 weeks], average[149.11]
[Tue Dec  2 11:40:59 2025] >> SAMPLE[ 3750] lifetime[163 weeks], average[149.11]
[Tue Dec  2 11:41:00 2025] >> SAMPLE[ 3751] lifetime[150 weeks], average[149.11]
[Tue Dec  2 11:41:01 2025] >> SAMPLE[ 3752] lifetime[154 weeks], average[149.11]
[Tue Dec  2 11:41:01 2025] >> SAMPLE[ 3753] lifetime[129 weeks], average[149.11]
[Tue Dec  2 11:41:02 2025] >> SAMPLE[ 3754] lifetime[135 weeks], average[149.10]
[Tue Dec  2 11:41:03 2025] >> SAMPLE[ 3755] lifetime[175 weeks], average[149.11]
[Tue Dec  2 11:41:04 2025] >> SAMPLE[ 3756] lifetime[157 weeks], average[149.11]
[Tue Dec  2 11:41:04 2025] >> SAMPLE[ 3757] lifetime[ 92 weeks], average[149.10]
[Tue Dec  2 11:41:05 2025] >> SAMPLE[ 3758] lifetime[134 weeks], average[149.09]
[Tue Dec  2 11:41:05 2025] >> SAMPLE[ 3759] lifetime[136 weeks], average[149.09]
[Tue Dec  2 11:41:06 2025] >> SAMPLE[ 3760] lifetime[180 weeks], average[149.10]
[Tue Dec  2 11:41:07 2025] >> SAMPLE[ 3761] lifetime[132 weeks], average[149.09]
[Tue Dec  2 11:41:07 2025] >> SAMPLE[ 3762] lifetime[177 weeks], average[149.10]
[Tue Dec  2 11:41:08 2025] >> SAMPLE[ 3763] lifetime[147 weeks], average[149.10]
[Tue Dec  2 11:41:09 2025] >> SAMPLE[ 3764] lifetime[128 weeks], average[149.09]
[Tue Dec  2 11:41:09 2025] >> SAMPLE[ 3765] lifetime[154 weeks], average[149.10]
[Tue Dec  2 11:41:10 2025] >> SAMPLE[ 3766] lifetime[177 weeks], average[149.10]
[Tue Dec  2 11:41:11 2025] >> SAMPLE[ 3767] lifetime[114 weeks], average[149.09]
[Tue Dec  2 11:41:11 2025] >> SAMPLE[ 3768] lifetime[142 weeks], average[149.09]
[Tue Dec  2 11:41:12 2025] >> SAMPLE[ 3769] lifetime[130 weeks], average[149.09]
[Tue Dec  2 11:41:13 2025] >> SAMPLE[ 3770] lifetime[161 weeks], average[149.09]
[Tue Dec  2 11:41:13 2025] >> SAMPLE[ 3771] lifetime[128 weeks], average[149.08]
[Tue Dec  2 11:41:14 2025] >> SAMPLE[ 3772] lifetime[146 weeks], average[149.08]
[Tue Dec  2 11:41:14 2025] >> SAMPLE[ 3773] lifetime[153 weeks], average[149.08]
[Tue Dec  2 11:41:15 2025] >> SAMPLE[ 3774] lifetime[190 weeks], average[149.09]
[Tue Dec  2 11:41:16 2025] >> SAMPLE[ 3775] lifetime[154 weeks], average[149.10]
[Tue Dec  2 11:41:17 2025] >> SAMPLE[ 3776] lifetime[183 weeks], average[149.11]
[Tue Dec  2 11:41:17 2025] >> SAMPLE[ 3777] lifetime[120 weeks], average[149.10]
[Tue Dec  2 11:41:18 2025] >> SAMPLE[ 3778] lifetime[176 weeks], average[149.10]
[Tue Dec  2 11:41:19 2025] >> SAMPLE[ 3779] lifetime[177 weeks], average[149.11]
[Tue Dec  2 11:41:20 2025] >> SAMPLE[ 3780] lifetime[160 weeks], average[149.11]
[Tue Dec  2 11:41:20 2025] >> SAMPLE[ 3781] lifetime[104 weeks], average[149.10]
[Tue Dec  2 11:41:21 2025] >> SAMPLE[ 3782] lifetime[124 weeks], average[149.10]
[Tue Dec  2 11:41:22 2025] >> SAMPLE[ 3783] lifetime[174 weeks], average[149.10]
[Tue Dec  2 11:41:22 2025] >> SAMPLE[ 3784] lifetime[167 weeks], average[149.11]
[Tue Dec  2 11:41:23 2025] >> SAMPLE[ 3785] lifetime[124 weeks], average[149.10]
[Tue Dec  2 11:41:24 2025] >> SAMPLE[ 3786] lifetime[168 weeks], average[149.11]
[Tue Dec  2 11:41:24 2025] >> SAMPLE[ 3787] lifetime[151 weeks], average[149.11]
[Tue Dec  2 11:41:25 2025] >> SAMPLE[ 3788] lifetime[125 weeks], average[149.10]
[Tue Dec  2 11:41:25 2025] >> SAMPLE[ 3789] lifetime[110 weeks], average[149.09]
[Tue Dec  2 11:41:26 2025] >> SAMPLE[ 3790] lifetime[156 weeks], average[149.09]
[Tue Dec  2 11:41:27 2025] >> SAMPLE[ 3791] lifetime[171 weeks], average[149.10]
[Tue Dec  2 11:41:28 2025] >> SAMPLE[ 3792] lifetime[159 weeks], average[149.10]
[Tue Dec  2 11:41:28 2025] >> SAMPLE[ 3793] lifetime[131 weeks], average[149.10]
[Tue Dec  2 11:41:29 2025] >> SAMPLE[ 3794] lifetime[127 weeks], average[149.09]
[Tue Dec  2 11:41:30 2025] >> SAMPLE[ 3795] lifetime[232 weeks], average[149.11]
[Tue Dec  2 11:41:31 2025] >> SAMPLE[ 3796] lifetime[133 weeks], average[149.11]
[Tue Dec  2 11:41:31 2025] >> SAMPLE[ 3797] lifetime[129 weeks], average[149.10]
[Tue Dec  2 11:41:32 2025] >> SAMPLE[ 3798] lifetime[101 weeks], average[149.09]
[Tue Dec  2 11:41:32 2025] >> SAMPLE[ 3799] lifetime[144 weeks], average[149.09]
[Tue Dec  2 11:41:35 2025] >> Generating new alpha
[Tue Dec  2 11:41:35 2025] >> SAMPLE[ 3800] lifetime[124 weeks], average[149.08]
[Tue Dec  2 11:41:36 2025] >> SAMPLE[ 3801] lifetime[149 weeks], average[149.08]
[Tue Dec  2 11:41:37 2025] >> SAMPLE[ 3802] lifetime[165 weeks], average[149.09]
[Tue Dec  2 11:41:38 2025] >> SAMPLE[ 3803] lifetime[196 weeks], average[149.10]
[Tue Dec  2 11:41:39 2025] >> SAMPLE[ 3804] lifetime[130 weeks], average[149.09]
[Tue Dec  2 11:41:39 2025] >> SAMPLE[ 3805] lifetime[124 weeks], average[149.09]
[Tue Dec  2 11:41:40 2025] >> SAMPLE[ 3806] lifetime[185 weeks], average[149.10]
[Tue Dec  2 11:41:41 2025] >> SAMPLE[ 3807] lifetime[173 weeks], average[149.10]
[Tue Dec  2 11:41:42 2025] >> SAMPLE[ 3808] lifetime[167 weeks], average[149.11]
[Tue Dec  2 11:41:42 2025] >> SAMPLE[ 3809] lifetime[146 weeks], average[149.11]
[Tue Dec  2 11:41:43 2025] >> SAMPLE[ 3810] lifetime[130 weeks], average[149.10]
[Tue Dec  2 11:41:44 2025] >> SAMPLE[ 3811] lifetime[182 weeks], average[149.11]
[Tue Dec  2 11:41:45 2025] >> SAMPLE[ 3812] lifetime[176 weeks], average[149.12]
[Tue Dec  2 11:41:45 2025] >> SAMPLE[ 3813] lifetime[140 weeks], average[149.11]
[Tue Dec  2 11:41:46 2025] >> SAMPLE[ 3814] lifetime[159 weeks], average[149.12]
[Tue Dec  2 11:41:47 2025] >> SAMPLE[ 3815] lifetime[151 weeks], average[149.12]
[Tue Dec  2 11:41:47 2025] >> SAMPLE[ 3816] lifetime[152 weeks], average[149.12]
[Tue Dec  2 11:41:48 2025] >> SAMPLE[ 3817] lifetime[145 weeks], average[149.12]
[Tue Dec  2 11:41:49 2025] >> SAMPLE[ 3818] lifetime[152 weeks], average[149.12]
[Tue Dec  2 11:41:49 2025] >> SAMPLE[ 3819] lifetime[126 weeks], average[149.11]
[Tue Dec  2 11:41:50 2025] >> SAMPLE[ 3820] lifetime[163 weeks], average[149.11]
[Tue Dec  2 11:41:51 2025] >> SAMPLE[ 3821] lifetime[159 weeks], average[149.12]
[Tue Dec  2 11:41:52 2025] >> SAMPLE[ 3822] lifetime[185 weeks], average[149.13]
[Tue Dec  2 11:41:52 2025] >> SAMPLE[ 3823] lifetime[120 weeks], average[149.12]
[Tue Dec  2 11:41:53 2025] >> SAMPLE[ 3824] lifetime[136 weeks], average[149.12]
[Tue Dec  2 11:41:53 2025] >> SAMPLE[ 3825] lifetime[126 weeks], average[149.11]
[Tue Dec  2 11:41:54 2025] >> SAMPLE[ 3826] lifetime[170 weeks], average[149.12]
[Tue Dec  2 11:41:55 2025] >> SAMPLE[ 3827] lifetime[156 weeks], average[149.12]
[Tue Dec  2 11:41:56 2025] >> SAMPLE[ 3828] lifetime[165 weeks], average[149.12]
[Tue Dec  2 11:41:57 2025] >> SAMPLE[ 3829] lifetime[181 weeks], average[149.13]
[Tue Dec  2 11:41:57 2025] >> SAMPLE[ 3830] lifetime[114 weeks], average[149.12]
[Tue Dec  2 11:41:58 2025] >> SAMPLE[ 3831] lifetime[145 weeks], average[149.12]
[Tue Dec  2 11:41:58 2025] >> SAMPLE[ 3832] lifetime[136 weeks], average[149.12]
[Tue Dec  2 11:41:59 2025] >> SAMPLE[ 3833] lifetime[156 weeks], average[149.12]
[Tue Dec  2 11:42:00 2025] >> SAMPLE[ 3834] lifetime[196 weeks], average[149.13]
[Tue Dec  2 11:42:00 2025] >> SAMPLE[ 3835] lifetime[ 96 weeks], average[149.12]
[Tue Dec  2 11:42:01 2025] >> SAMPLE[ 3836] lifetime[173 weeks], average[149.12]
[Tue Dec  2 11:42:02 2025] >> SAMPLE[ 3837] lifetime[168 weeks], average[149.13]
[Tue Dec  2 11:42:03 2025] >> SAMPLE[ 3838] lifetime[124 weeks], average[149.12]
[Tue Dec  2 11:42:04 2025] >> SAMPLE[ 3839] lifetime[184 weeks], average[149.13]
[Tue Dec  2 11:42:04 2025] >> SAMPLE[ 3840] lifetime[135 weeks], average[149.13]
[Tue Dec  2 11:42:05 2025] >> SAMPLE[ 3841] lifetime[122 weeks], average[149.12]
[Tue Dec  2 11:42:06 2025] >> SAMPLE[ 3842] lifetime[131 weeks], average[149.11]
[Tue Dec  2 11:42:06 2025] >> SAMPLE[ 3843] lifetime[119 weeks], average[149.11]
[Tue Dec  2 11:42:07 2025] >> SAMPLE[ 3844] lifetime[150 weeks], average[149.11]
[Tue Dec  2 11:42:08 2025] >> SAMPLE[ 3845] lifetime[193 weeks], average[149.12]
[Tue Dec  2 11:42:09 2025] >> SAMPLE[ 3846] lifetime[151 weeks], average[149.12]
[Tue Dec  2 11:42:09 2025] >> SAMPLE[ 3847] lifetime[143 weeks], average[149.12]
[Tue Dec  2 11:42:10 2025] >> SAMPLE[ 3848] lifetime[167 weeks], average[149.12]
[Tue Dec  2 11:42:11 2025] >> SAMPLE[ 3849] lifetime[116 weeks], average[149.11]
[Tue Dec  2 11:42:11 2025] >> SAMPLE[ 3850] lifetime[133 weeks], average[149.11]
[Tue Dec  2 11:42:12 2025] >> SAMPLE[ 3851] lifetime[110 weeks], average[149.10]
[Tue Dec  2 11:42:13 2025] >> SAMPLE[ 3852] lifetime[193 weeks], average[149.11]
[Tue Dec  2 11:42:14 2025] >> SAMPLE[ 3853] lifetime[186 weeks], average[149.12]
[Tue Dec  2 11:42:14 2025] >> SAMPLE[ 3854] lifetime[132 weeks], average[149.12]
[Tue Dec  2 11:42:15 2025] >> SAMPLE[ 3855] lifetime[166 weeks], average[149.12]
[Tue Dec  2 11:42:16 2025] >> SAMPLE[ 3856] lifetime[148 weeks], average[149.12]
[Tue Dec  2 11:42:16 2025] >> SAMPLE[ 3857] lifetime[141 weeks], average[149.12]
[Tue Dec  2 11:42:17 2025] >> SAMPLE[ 3858] lifetime[156 weeks], average[149.12]
[Tue Dec  2 11:42:18 2025] >> SAMPLE[ 3859] lifetime[168 weeks], average[149.12]
[Tue Dec  2 11:42:18 2025] >> SAMPLE[ 3860] lifetime[166 weeks], average[149.13]
[Tue Dec  2 11:42:19 2025] >> SAMPLE[ 3861] lifetime[101 weeks], average[149.12]
[Tue Dec  2 11:42:19 2025] >> SAMPLE[ 3862] lifetime[130 weeks], average[149.11]
[Tue Dec  2 11:42:20 2025] >> SAMPLE[ 3863] lifetime[147 weeks], average[149.11]
[Tue Dec  2 11:42:21 2025] >> SAMPLE[ 3864] lifetime[152 weeks], average[149.11]
[Tue Dec  2 11:42:22 2025] >> SAMPLE[ 3865] lifetime[189 weeks], average[149.12]
[Tue Dec  2 11:42:22 2025] >> SAMPLE[ 3866] lifetime[150 weeks], average[149.12]
[Tue Dec  2 11:42:23 2025] >> SAMPLE[ 3867] lifetime[120 weeks], average[149.11]
[Tue Dec  2 11:42:24 2025] >> SAMPLE[ 3868] lifetime[209 weeks], average[149.13]
[Tue Dec  2 11:42:24 2025] >> SAMPLE[ 3869] lifetime[115 weeks], average[149.12]
[Tue Dec  2 11:42:25 2025] >> SAMPLE[ 3870] lifetime[179 weeks], average[149.13]
[Tue Dec  2 11:42:26 2025] >> SAMPLE[ 3871] lifetime[166 weeks], average[149.13]
[Tue Dec  2 11:42:27 2025] >> SAMPLE[ 3872] lifetime[141 weeks], average[149.13]
[Tue Dec  2 11:42:27 2025] >> SAMPLE[ 3873] lifetime[158 weeks], average[149.13]
[Tue Dec  2 11:42:28 2025] >> SAMPLE[ 3874] lifetime[182 weeks], average[149.14]
[Tue Dec  2 11:42:29 2025] >> SAMPLE[ 3875] lifetime[143 weeks], average[149.14]
[Tue Dec  2 11:42:30 2025] >> SAMPLE[ 3876] lifetime[139 weeks], average[149.14]
[Tue Dec  2 11:42:30 2025] >> SAMPLE[ 3877] lifetime[184 weeks], average[149.15]
[Tue Dec  2 11:42:31 2025] >> SAMPLE[ 3878] lifetime[180 weeks], average[149.15]
[Tue Dec  2 11:42:32 2025] >> SAMPLE[ 3879] lifetime[189 weeks], average[149.16]
[Tue Dec  2 11:42:33 2025] >> SAMPLE[ 3880] lifetime[111 weeks], average[149.15]
[Tue Dec  2 11:42:33 2025] >> SAMPLE[ 3881] lifetime[124 weeks], average[149.15]
[Tue Dec  2 11:42:34 2025] >> SAMPLE[ 3882] lifetime[105 weeks], average[149.14]
[Tue Dec  2 11:42:34 2025] >> SAMPLE[ 3883] lifetime[156 weeks], average[149.14]
[Tue Dec  2 11:42:35 2025] >> SAMPLE[ 3884] lifetime[145 weeks], average[149.14]
[Tue Dec  2 11:42:35 2025] >> SAMPLE[ 3885] lifetime[111 weeks], average[149.13]
[Tue Dec  2 11:42:36 2025] >> SAMPLE[ 3886] lifetime[171 weeks], average[149.13]
[Tue Dec  2 11:42:37 2025] >> SAMPLE[ 3887] lifetime[152 weeks], average[149.13]
[Tue Dec  2 11:42:38 2025] >> SAMPLE[ 3888] lifetime[204 weeks], average[149.15]
[Tue Dec  2 11:42:38 2025] >> SAMPLE[ 3889] lifetime[130 weeks], average[149.14]
[Tue Dec  2 11:42:39 2025] >> SAMPLE[ 3890] lifetime[108 weeks], average[149.13]
[Tue Dec  2 11:42:40 2025] >> SAMPLE[ 3891] lifetime[156 weeks], average[149.13]
[Tue Dec  2 11:42:40 2025] >> SAMPLE[ 3892] lifetime[126 weeks], average[149.13]
[Tue Dec  2 11:42:41 2025] >> SAMPLE[ 3893] lifetime[174 weeks], average[149.13]
[Tue Dec  2 11:42:41 2025] >> SAMPLE[ 3894] lifetime[121 weeks], average[149.13]
[Tue Dec  2 11:42:42 2025] >> SAMPLE[ 3895] lifetime[134 weeks], average[149.12]
[Tue Dec  2 11:42:43 2025] >> SAMPLE[ 3896] lifetime[162 weeks], average[149.13]
[Tue Dec  2 11:42:44 2025] >> SAMPLE[ 3897] lifetime[171 weeks], average[149.13]
[Tue Dec  2 11:42:45 2025] >> SAMPLE[ 3898] lifetime[183 weeks], average[149.14]
[Tue Dec  2 11:42:45 2025] >> SAMPLE[ 3899] lifetime[ 90 weeks], average[149.13]
[Tue Dec  2 11:42:48 2025] >> Generating new alpha
[Tue Dec  2 11:42:48 2025] >> SAMPLE[ 3900] lifetime[137 weeks], average[149.12]
[Tue Dec  2 11:42:49 2025] >> SAMPLE[ 3901] lifetime[143 weeks], average[149.12]
[Tue Dec  2 11:42:50 2025] >> SAMPLE[ 3902] lifetime[144 weeks], average[149.12]
[Tue Dec  2 11:42:50 2025] >> SAMPLE[ 3903] lifetime[189 weeks], average[149.13]
[Tue Dec  2 11:42:51 2025] >> SAMPLE[ 3904] lifetime[129 weeks], average[149.13]
[Tue Dec  2 11:42:52 2025] >> SAMPLE[ 3905] lifetime[118 weeks], average[149.12]
[Tue Dec  2 11:42:52 2025] >> SAMPLE[ 3906] lifetime[129 weeks], average[149.11]
[Tue Dec  2 11:42:53 2025] >> SAMPLE[ 3907] lifetime[168 weeks], average[149.12]
[Tue Dec  2 11:42:54 2025] >> SAMPLE[ 3908] lifetime[183 weeks], average[149.13]
[Tue Dec  2 11:42:54 2025] >> SAMPLE[ 3909] lifetime[103 weeks], average[149.11]
[Tue Dec  2 11:42:55 2025] >> SAMPLE[ 3910] lifetime[196 weeks], average[149.13]
[Tue Dec  2 11:42:56 2025] >> SAMPLE[ 3911] lifetime[133 weeks], average[149.12]
[Tue Dec  2 11:42:57 2025] >> SAMPLE[ 3912] lifetime[183 weeks], average[149.13]
[Tue Dec  2 11:42:57 2025] >> SAMPLE[ 3913] lifetime[118 weeks], average[149.12]
[Tue Dec  2 11:42:58 2025] >> SAMPLE[ 3914] lifetime[203 weeks], average[149.14]
[Tue Dec  2 11:42:59 2025] >> SAMPLE[ 3915] lifetime[157 weeks], average[149.14]
[Tue Dec  2 11:43:00 2025] >> SAMPLE[ 3916] lifetime[222 weeks], average[149.16]
[Tue Dec  2 11:43:01 2025] >> SAMPLE[ 3917] lifetime[128 weeks], average[149.15]
[Tue Dec  2 11:43:01 2025] >> SAMPLE[ 3918] lifetime[167 weeks], average[149.16]
[Tue Dec  2 11:43:02 2025] >> SAMPLE[ 3919] lifetime[128 weeks], average[149.15]
[Tue Dec  2 11:43:02 2025] >> SAMPLE[ 3920] lifetime[120 weeks], average[149.14]
[Tue Dec  2 11:43:03 2025] >> SAMPLE[ 3921] lifetime[163 weeks], average[149.15]
[Tue Dec  2 11:43:04 2025] >> SAMPLE[ 3922] lifetime[153 weeks], average[149.15]
[Tue Dec  2 11:43:04 2025] >> SAMPLE[ 3923] lifetime[126 weeks], average[149.14]
[Tue Dec  2 11:43:05 2025] >> SAMPLE[ 3924] lifetime[170 weeks], average[149.15]
[Tue Dec  2 11:43:06 2025] >> SAMPLE[ 3925] lifetime[123 weeks], average[149.14]
[Tue Dec  2 11:43:07 2025] >> SAMPLE[ 3926] lifetime[182 weeks], average[149.15]
[Tue Dec  2 11:43:07 2025] >> SAMPLE[ 3927] lifetime[187 weeks], average[149.16]
[Tue Dec  2 11:43:08 2025] >> SAMPLE[ 3928] lifetime[182 weeks], average[149.17]
[Tue Dec  2 11:43:09 2025] >> SAMPLE[ 3929] lifetime[116 weeks], average[149.16]
[Tue Dec  2 11:43:09 2025] >> SAMPLE[ 3930] lifetime[ 90 weeks], average[149.14]
[Tue Dec  2 11:43:10 2025] >> SAMPLE[ 3931] lifetime[177 weeks], average[149.15]
[Tue Dec  2 11:43:11 2025] >> SAMPLE[ 3932] lifetime[176 weeks], average[149.16]
[Tue Dec  2 11:43:11 2025] >> SAMPLE[ 3933] lifetime[144 weeks], average[149.16]
[Tue Dec  2 11:43:12 2025] >> SAMPLE[ 3934] lifetime[176 weeks], average[149.16]
[Tue Dec  2 11:43:13 2025] >> SAMPLE[ 3935] lifetime[198 weeks], average[149.18]
[Tue Dec  2 11:43:14 2025] >> SAMPLE[ 3936] lifetime[176 weeks], average[149.18]
[Tue Dec  2 11:43:15 2025] >> SAMPLE[ 3937] lifetime[161 weeks], average[149.18]
[Tue Dec  2 11:43:15 2025] >> SAMPLE[ 3938] lifetime[104 weeks], average[149.17]
[Tue Dec  2 11:43:16 2025] >> SAMPLE[ 3939] lifetime[158 weeks], average[149.18]
[Tue Dec  2 11:43:17 2025] >> SAMPLE[ 3940] lifetime[180 weeks], average[149.18]
[Tue Dec  2 11:43:18 2025] >> SAMPLE[ 3941] lifetime[174 weeks], average[149.19]
[Tue Dec  2 11:43:18 2025] >> SAMPLE[ 3942] lifetime[122 weeks], average[149.18]
[Tue Dec  2 11:43:19 2025] >> SAMPLE[ 3943] lifetime[140 weeks], average[149.18]
[Tue Dec  2 11:43:19 2025] >> SAMPLE[ 3944] lifetime[154 weeks], average[149.18]
[Tue Dec  2 11:43:20 2025] >> SAMPLE[ 3945] lifetime[175 weeks], average[149.19]
[Tue Dec  2 11:43:21 2025] >> SAMPLE[ 3946] lifetime[178 weeks], average[149.20]
[Tue Dec  2 11:43:22 2025] >> SAMPLE[ 3947] lifetime[171 weeks], average[149.20]
[Tue Dec  2 11:43:22 2025] >> SAMPLE[ 3948] lifetime[111 weeks], average[149.19]
[Tue Dec  2 11:43:23 2025] >> SAMPLE[ 3949] lifetime[131 weeks], average[149.19]
[Tue Dec  2 11:43:24 2025] >> SAMPLE[ 3950] lifetime[158 weeks], average[149.19]
[Tue Dec  2 11:43:25 2025] >> SAMPLE[ 3951] lifetime[177 weeks], average[149.20]
[Tue Dec  2 11:43:25 2025] >> SAMPLE[ 3952] lifetime[130 weeks], average[149.19]
[Tue Dec  2 11:43:26 2025] >> SAMPLE[ 3953] lifetime[110 weeks], average[149.18]
[Tue Dec  2 11:43:26 2025] >> SAMPLE[ 3954] lifetime[120 weeks], average[149.17]
[Tue Dec  2 11:43:27 2025] >> SAMPLE[ 3955] lifetime[192 weeks], average[149.18]
[Tue Dec  2 11:43:28 2025] >> SAMPLE[ 3956] lifetime[163 weeks], average[149.19]
[Tue Dec  2 11:43:28 2025] >> SAMPLE[ 3957] lifetime[135 weeks], average[149.18]
[Tue Dec  2 11:43:29 2025] >> SAMPLE[ 3958] lifetime[113 weeks], average[149.18]
[Tue Dec  2 11:43:29 2025] >> SAMPLE[ 3959] lifetime[128 weeks], average[149.17]
[Tue Dec  2 11:43:30 2025] >> SAMPLE[ 3960] lifetime[103 weeks], average[149.16]
[Tue Dec  2 11:43:30 2025] >> SAMPLE[ 3961] lifetime[119 weeks], average[149.15]
[Tue Dec  2 11:43:31 2025] >> SAMPLE[ 3962] lifetime[125 weeks], average[149.14]
[Tue Dec  2 11:43:32 2025] >> SAMPLE[ 3963] lifetime[146 weeks], average[149.14]
[Tue Dec  2 11:43:32 2025] >> SAMPLE[ 3964] lifetime[166 weeks], average[149.15]
[Tue Dec  2 11:43:33 2025] >> SAMPLE[ 3965] lifetime[145 weeks], average[149.15]
[Tue Dec  2 11:43:33 2025] >> SAMPLE[ 3966] lifetime[109 weeks], average[149.14]
[Tue Dec  2 11:43:34 2025] >> SAMPLE[ 3967] lifetime[158 weeks], average[149.14]
[Tue Dec  2 11:43:35 2025] >> SAMPLE[ 3968] lifetime[163 weeks], average[149.14]
[Tue Dec  2 11:43:36 2025] >> SAMPLE[ 3969] lifetime[141 weeks], average[149.14]
[Tue Dec  2 11:43:36 2025] >> SAMPLE[ 3970] lifetime[123 weeks], average[149.13]
[Tue Dec  2 11:43:37 2025] >> SAMPLE[ 3971] lifetime[150 weeks], average[149.13]
[Tue Dec  2 11:43:37 2025] >> SAMPLE[ 3972] lifetime[153 weeks], average[149.14]
[Tue Dec  2 11:43:38 2025] >> SAMPLE[ 3973] lifetime[135 weeks], average[149.13]
[Tue Dec  2 11:43:39 2025] >> SAMPLE[ 3974] lifetime[206 weeks], average[149.15]
[Tue Dec  2 11:43:40 2025] >> SAMPLE[ 3975] lifetime[130 weeks], average[149.14]
[Tue Dec  2 11:43:40 2025] >> SAMPLE[ 3976] lifetime[181 weeks], average[149.15]
[Tue Dec  2 11:43:41 2025] >> SAMPLE[ 3977] lifetime[157 weeks], average[149.15]
[Tue Dec  2 11:43:42 2025] >> SAMPLE[ 3978] lifetime[122 weeks], average[149.14]
[Tue Dec  2 11:43:42 2025] >> SAMPLE[ 3979] lifetime[137 weeks], average[149.14]
[Tue Dec  2 11:43:43 2025] >> SAMPLE[ 3980] lifetime[149 weeks], average[149.14]
[Tue Dec  2 11:43:44 2025] >> SAMPLE[ 3981] lifetime[165 weeks], average[149.15]
[Tue Dec  2 11:43:44 2025] >> SAMPLE[ 3982] lifetime[163 weeks], average[149.15]
[Tue Dec  2 11:43:45 2025] >> SAMPLE[ 3983] lifetime[118 weeks], average[149.14]
[Tue Dec  2 11:43:46 2025] >> SAMPLE[ 3984] lifetime[130 weeks], average[149.14]
[Tue Dec  2 11:43:46 2025] >> SAMPLE[ 3985] lifetime[128 weeks], average[149.13]
[Tue Dec  2 11:43:47 2025] >> SAMPLE[ 3986] lifetime[218 weeks], average[149.15]
[Tue Dec  2 11:43:48 2025] >> SAMPLE[ 3987] lifetime[162 weeks], average[149.15]
[Tue Dec  2 11:43:49 2025] >> SAMPLE[ 3988] lifetime[213 weeks], average[149.17]
[Tue Dec  2 11:43:50 2025] >> SAMPLE[ 3989] lifetime[159 weeks], average[149.17]
[Tue Dec  2 11:43:50 2025] >> SAMPLE[ 3990] lifetime[112 weeks], average[149.16]
[Tue Dec  2 11:43:51 2025] >> SAMPLE[ 3991] lifetime[125 weeks], average[149.15]
[Tue Dec  2 11:43:52 2025] >> SAMPLE[ 3992] lifetime[190 weeks], average[149.16]
[Tue Dec  2 11:43:52 2025] >> SAMPLE[ 3993] lifetime[139 weeks], average[149.16]
[Tue Dec  2 11:43:53 2025] >> SAMPLE[ 3994] lifetime[108 weeks], average[149.15]
[Tue Dec  2 11:43:53 2025] >> SAMPLE[ 3995] lifetime[140 weeks], average[149.15]
[Tue Dec  2 11:43:54 2025] >> SAMPLE[ 3996] lifetime[105 weeks], average[149.14]
[Tue Dec  2 11:43:54 2025] >> SAMPLE[ 3997] lifetime[148 weeks], average[149.14]
[Tue Dec  2 11:43:55 2025] >> SAMPLE[ 3998] lifetime[137 weeks], average[149.14]
[Tue Dec  2 11:43:56 2025] >> SAMPLE[ 3999] lifetime[167 weeks], average[149.14]
[Tue Dec  2 11:43:58 2025] >> Generating new alpha
[Tue Dec  2 11:43:59 2025] >> SAMPLE[ 4000] lifetime[167 weeks], average[149.14]
[Tue Dec  2 11:44:00 2025] >> SAMPLE[ 4001] lifetime[139 weeks], average[149.14]
[Tue Dec  2 11:44:01 2025] >> SAMPLE[ 4002] lifetime[163 weeks], average[149.15]
[Tue Dec  2 11:44:01 2025] >> SAMPLE[ 4003] lifetime[183 weeks], average[149.15]
[Tue Dec  2 11:44:02 2025] >> SAMPLE[ 4004] lifetime[142 weeks], average[149.15]
[Tue Dec  2 11:44:03 2025] >> SAMPLE[ 4005] lifetime[132 weeks], average[149.15]
[Tue Dec  2 11:44:03 2025] >> SAMPLE[ 4006] lifetime[160 weeks], average[149.15]
[Tue Dec  2 11:44:04 2025] >> SAMPLE[ 4007] lifetime[ 92 weeks], average[149.14]
[Tue Dec  2 11:44:04 2025] >> SAMPLE[ 4008] lifetime[142 weeks], average[149.13]
[Tue Dec  2 11:44:05 2025] >> SAMPLE[ 4009] lifetime[135 weeks], average[149.13]
[Tue Dec  2 11:44:06 2025] >> SAMPLE[ 4010] lifetime[172 weeks], average[149.14]
[Tue Dec  2 11:44:07 2025] >> SAMPLE[ 4011] lifetime[164 weeks], average[149.14]
[Tue Dec  2 11:44:07 2025] >> SAMPLE[ 4012] lifetime[150 weeks], average[149.14]
[Tue Dec  2 11:44:08 2025] >> SAMPLE[ 4013] lifetime[119 weeks], average[149.13]
[Tue Dec  2 11:44:09 2025] >> SAMPLE[ 4014] lifetime[159 weeks], average[149.14]
[Tue Dec  2 11:44:09 2025] >> SAMPLE[ 4015] lifetime[114 weeks], average[149.13]
[Tue Dec  2 11:44:10 2025] >> SAMPLE[ 4016] lifetime[162 weeks], average[149.13]
[Tue Dec  2 11:44:11 2025] >> SAMPLE[ 4017] lifetime[173 weeks], average[149.14]
[Tue Dec  2 11:44:11 2025] >> SAMPLE[ 4018] lifetime[146 weeks], average[149.13]
[Tue Dec  2 11:44:12 2025] >> SAMPLE[ 4019] lifetime[154 weeks], average[149.14]
[Tue Dec  2 11:44:13 2025] >> SAMPLE[ 4020] lifetime[177 weeks], average[149.14]
[Tue Dec  2 11:44:14 2025] >> SAMPLE[ 4021] lifetime[187 weeks], average[149.15]
[Tue Dec  2 11:44:14 2025] >> SAMPLE[ 4022] lifetime[157 weeks], average[149.15]
[Tue Dec  2 11:44:15 2025] >> SAMPLE[ 4023] lifetime[156 weeks], average[149.16]
[Tue Dec  2 11:44:16 2025] >> SAMPLE[ 4024] lifetime[127 weeks], average[149.15]
[Tue Dec  2 11:44:16 2025] >> SAMPLE[ 4025] lifetime[129 weeks], average[149.15]
[Tue Dec  2 11:44:17 2025] >> SAMPLE[ 4026] lifetime[127 weeks], average[149.14]
[Tue Dec  2 11:44:17 2025] >> SAMPLE[ 4027] lifetime[134 weeks], average[149.14]
[Tue Dec  2 11:44:18 2025] >> SAMPLE[ 4028] lifetime[145 weeks], average[149.14]
[Tue Dec  2 11:44:19 2025] >> SAMPLE[ 4029] lifetime[160 weeks], average[149.14]
[Tue Dec  2 11:44:20 2025] >> SAMPLE[ 4030] lifetime[174 weeks], average[149.14]
[Tue Dec  2 11:44:20 2025] >> SAMPLE[ 4031] lifetime[132 weeks], average[149.14]
[Tue Dec  2 11:44:21 2025] >> SAMPLE[ 4032] lifetime[194 weeks], average[149.15]
[Tue Dec  2 11:44:21 2025] >> SAMPLE[ 4033] lifetime[102 weeks], average[149.14]
[Tue Dec  2 11:44:22 2025] >> SAMPLE[ 4034] lifetime[125 weeks], average[149.13]
[Tue Dec  2 11:44:23 2025] >> SAMPLE[ 4035] lifetime[166 weeks], average[149.14]
[Tue Dec  2 11:44:24 2025] >> SAMPLE[ 4036] lifetime[163 weeks], average[149.14]
[Tue Dec  2 11:44:24 2025] >> SAMPLE[ 4037] lifetime[139 weeks], average[149.14]
[Tue Dec  2 11:44:25 2025] >> SAMPLE[ 4038] lifetime[125 weeks], average[149.13]
[Tue Dec  2 11:44:25 2025] >> SAMPLE[ 4039] lifetime[155 weeks], average[149.13]
[Tue Dec  2 11:44:26 2025] >> SAMPLE[ 4040] lifetime[173 weeks], average[149.14]
[Tue Dec  2 11:44:27 2025] >> SAMPLE[ 4041] lifetime[165 weeks], average[149.14]
[Tue Dec  2 11:44:28 2025] >> SAMPLE[ 4042] lifetime[163 weeks], average[149.15]
[Tue Dec  2 11:44:28 2025] >> SAMPLE[ 4043] lifetime[ 85 weeks], average[149.13]
[Tue Dec  2 11:44:29 2025] >> SAMPLE[ 4044] lifetime[104 weeks], average[149.12]
[Tue Dec  2 11:44:29 2025] >> SAMPLE[ 4045] lifetime[120 weeks], average[149.11]
[Tue Dec  2 11:44:30 2025] >> SAMPLE[ 4046] lifetime[183 weeks], average[149.12]
[Tue Dec  2 11:44:31 2025] >> SAMPLE[ 4047] lifetime[152 weeks], average[149.12]
[Tue Dec  2 11:44:31 2025] >> SAMPLE[ 4048] lifetime[166 weeks], average[149.13]
[Tue Dec  2 11:44:32 2025] >> SAMPLE[ 4049] lifetime[151 weeks], average[149.13]
[Tue Dec  2 11:44:32 2025] >> SAMPLE[ 4050] lifetime[112 weeks], average[149.12]
[Tue Dec  2 11:44:33 2025] >> SAMPLE[ 4051] lifetime[189 weeks], average[149.13]
[Tue Dec  2 11:44:34 2025] >> SAMPLE[ 4052] lifetime[145 weeks], average[149.13]
[Tue Dec  2 11:44:35 2025] >> SAMPLE[ 4053] lifetime[124 weeks], average[149.12]
[Tue Dec  2 11:44:35 2025] >> SAMPLE[ 4054] lifetime[135 weeks], average[149.12]
[Tue Dec  2 11:44:36 2025] >> SAMPLE[ 4055] lifetime[125 weeks], average[149.11]
[Tue Dec  2 11:44:37 2025] >> SAMPLE[ 4056] lifetime[187 weeks], average[149.12]
[Tue Dec  2 11:44:37 2025] >> SAMPLE[ 4057] lifetime[162 weeks], average[149.12]
[Tue Dec  2 11:44:38 2025] >> SAMPLE[ 4058] lifetime[175 weeks], average[149.13]
[Tue Dec  2 11:44:39 2025] >> SAMPLE[ 4059] lifetime[165 weeks], average[149.13]
[Tue Dec  2 11:44:39 2025] >> SAMPLE[ 4060] lifetime[ 97 weeks], average[149.12]
[Tue Dec  2 11:44:40 2025] >> SAMPLE[ 4061] lifetime[137 weeks], average[149.12]
[Tue Dec  2 11:44:41 2025] >> SAMPLE[ 4062] lifetime[175 weeks], average[149.12]
[Tue Dec  2 11:44:42 2025] >> SAMPLE[ 4063] lifetime[158 weeks], average[149.13]
[Tue Dec  2 11:44:42 2025] >> SAMPLE[ 4064] lifetime[134 weeks], average[149.12]
[Tue Dec  2 11:44:43 2025] >> SAMPLE[ 4065] lifetime[126 weeks], average[149.12]
[Tue Dec  2 11:44:43 2025] >> SAMPLE[ 4066] lifetime[ 95 weeks], average[149.10]
[Tue Dec  2 11:44:44 2025] >> SAMPLE[ 4067] lifetime[191 weeks], average[149.11]
[Tue Dec  2 11:44:45 2025] >> SAMPLE[ 4068] lifetime[135 weeks], average[149.11]
[Tue Dec  2 11:44:45 2025] >> SAMPLE[ 4069] lifetime[130 weeks], average[149.11]
[Tue Dec  2 11:44:46 2025] >> SAMPLE[ 4070] lifetime[172 weeks], average[149.11]
[Tue Dec  2 11:44:47 2025] >> SAMPLE[ 4071] lifetime[140 weeks], average[149.11]
[Tue Dec  2 11:44:47 2025] >> SAMPLE[ 4072] lifetime[110 weeks], average[149.10]
[Tue Dec  2 11:44:48 2025] >> SAMPLE[ 4073] lifetime[135 weeks], average[149.10]
[Tue Dec  2 11:44:49 2025] >> SAMPLE[ 4074] lifetime[191 weeks], average[149.11]
[Tue Dec  2 11:44:49 2025] >> SAMPLE[ 4075] lifetime[157 weeks], average[149.11]
[Tue Dec  2 11:44:50 2025] >> SAMPLE[ 4076] lifetime[146 weeks], average[149.11]
[Tue Dec  2 11:44:50 2025] >> SAMPLE[ 4077] lifetime[111 weeks], average[149.10]
[Tue Dec  2 11:44:51 2025] >> SAMPLE[ 4078] lifetime[147 weeks], average[149.10]
[Tue Dec  2 11:44:52 2025] >> SAMPLE[ 4079] lifetime[176 weeks], average[149.10]
[Tue Dec  2 11:44:53 2025] >> SAMPLE[ 4080] lifetime[201 weeks], average[149.12]
[Tue Dec  2 11:44:53 2025] >> SAMPLE[ 4081] lifetime[137 weeks], average[149.11]
[Tue Dec  2 11:44:54 2025] >> SAMPLE[ 4082] lifetime[110 weeks], average[149.10]
[Tue Dec  2 11:44:54 2025] >> SAMPLE[ 4083] lifetime[136 weeks], average[149.10]
[Tue Dec  2 11:44:55 2025] >> SAMPLE[ 4084] lifetime[168 weeks], average[149.11]
[Tue Dec  2 11:44:56 2025] >> SAMPLE[ 4085] lifetime[177 weeks], average[149.11]
[Tue Dec  2 11:44:57 2025] >> SAMPLE[ 4086] lifetime[185 weeks], average[149.12]
[Tue Dec  2 11:44:58 2025] >> SAMPLE[ 4087] lifetime[167 weeks], average[149.13]
[Tue Dec  2 11:44:58 2025] >> SAMPLE[ 4088] lifetime[115 weeks], average[149.12]
[Tue Dec  2 11:44:59 2025] >> SAMPLE[ 4089] lifetime[142 weeks], average[149.12]
[Tue Dec  2 11:44:59 2025] >> SAMPLE[ 4090] lifetime[124 weeks], average[149.11]
[Tue Dec  2 11:45:00 2025] >> SAMPLE[ 4091] lifetime[176 weeks], average[149.12]
[Tue Dec  2 11:45:01 2025] >> SAMPLE[ 4092] lifetime[164 weeks], average[149.12]
[Tue Dec  2 11:45:02 2025] >> SAMPLE[ 4093] lifetime[141 weeks], average[149.12]
[Tue Dec  2 11:45:02 2025] >> SAMPLE[ 4094] lifetime[171 weeks], average[149.12]
[Tue Dec  2 11:45:03 2025] >> SAMPLE[ 4095] lifetime[129 weeks], average[149.12]
[Tue Dec  2 11:45:04 2025] >> SAMPLE[ 4096] lifetime[148 weeks], average[149.12]
[Tue Dec  2 11:45:05 2025] >> SAMPLE[ 4097] lifetime[176 weeks], average[149.12]
[Tue Dec  2 11:45:05 2025] >> SAMPLE[ 4098] lifetime[187 weeks], average[149.13]
[Tue Dec  2 11:45:06 2025] >> SAMPLE[ 4099] lifetime[126 weeks], average[149.13]
[Tue Dec  2 11:45:09 2025] >> Generating new alpha
[Tue Dec  2 11:45:09 2025] >> SAMPLE[ 4100] lifetime[179 weeks], average[149.14]
[Tue Dec  2 11:45:10 2025] >> SAMPLE[ 4101] lifetime[ 90 weeks], average[149.12]
[Tue Dec  2 11:45:10 2025] >> SAMPLE[ 4102] lifetime[136 weeks], average[149.12]
[Tue Dec  2 11:45:11 2025] >> SAMPLE[ 4103] lifetime[174 weeks], average[149.12]
[Tue Dec  2 11:45:12 2025] >> SAMPLE[ 4104] lifetime[167 weeks], average[149.13]
[Tue Dec  2 11:45:13 2025] >> SAMPLE[ 4105] lifetime[141 weeks], average[149.13]
[Tue Dec  2 11:45:13 2025] >> SAMPLE[ 4106] lifetime[139 weeks], average[149.12]
[Tue Dec  2 11:45:14 2025] >> SAMPLE[ 4107] lifetime[139 weeks], average[149.12]
[Tue Dec  2 11:45:15 2025] >> SAMPLE[ 4108] lifetime[155 weeks], average[149.12]
[Tue Dec  2 11:45:16 2025] >> SAMPLE[ 4109] lifetime[206 weeks], average[149.14]
[Tue Dec  2 11:45:16 2025] >> SAMPLE[ 4110] lifetime[137 weeks], average[149.13]
[Tue Dec  2 11:45:17 2025] >> SAMPLE[ 4111] lifetime[129 weeks], average[149.13]
[Tue Dec  2 11:45:17 2025] >> SAMPLE[ 4112] lifetime[104 weeks], average[149.12]
[Tue Dec  2 11:45:18 2025] >> SAMPLE[ 4113] lifetime[143 weeks], average[149.12]
[Tue Dec  2 11:45:19 2025] >> SAMPLE[ 4114] lifetime[140 weeks], average[149.11]
[Tue Dec  2 11:45:19 2025] >> SAMPLE[ 4115] lifetime[155 weeks], average[149.12]
[Tue Dec  2 11:45:20 2025] >> SAMPLE[ 4116] lifetime[109 weeks], average[149.11]
[Tue Dec  2 11:45:21 2025] >> SAMPLE[ 4117] lifetime[185 weeks], average[149.11]
[Tue Dec  2 11:45:21 2025] >> SAMPLE[ 4118] lifetime[170 weeks], average[149.12]
[Tue Dec  2 11:45:22 2025] >> SAMPLE[ 4119] lifetime[127 weeks], average[149.11]
[Tue Dec  2 11:45:23 2025] >> SAMPLE[ 4120] lifetime[150 weeks], average[149.11]
[Tue Dec  2 11:45:23 2025] >> SAMPLE[ 4121] lifetime[123 weeks], average[149.11]
[Tue Dec  2 11:45:24 2025] >> SAMPLE[ 4122] lifetime[143 weeks], average[149.11]
[Tue Dec  2 11:45:24 2025] >> SAMPLE[ 4123] lifetime[156 weeks], average[149.11]
[Tue Dec  2 11:45:25 2025] >> SAMPLE[ 4124] lifetime[209 weeks], average[149.12]
[Tue Dec  2 11:45:26 2025] >> SAMPLE[ 4125] lifetime[157 weeks], average[149.12]
[Tue Dec  2 11:45:27 2025] >> SAMPLE[ 4126] lifetime[153 weeks], average[149.13]
[Tue Dec  2 11:45:28 2025] >> SAMPLE[ 4127] lifetime[161 weeks], average[149.13]
[Tue Dec  2 11:45:28 2025] >> SAMPLE[ 4128] lifetime[158 weeks], average[149.13]
[Tue Dec  2 11:45:29 2025] >> SAMPLE[ 4129] lifetime[141 weeks], average[149.13]
[Tue Dec  2 11:45:30 2025] >> SAMPLE[ 4130] lifetime[140 weeks], average[149.13]
[Tue Dec  2 11:45:31 2025] >> SAMPLE[ 4131] lifetime[192 weeks], average[149.14]
[Tue Dec  2 11:45:31 2025] >> SAMPLE[ 4132] lifetime[132 weeks], average[149.13]
[Tue Dec  2 11:45:32 2025] >> SAMPLE[ 4133] lifetime[124 weeks], average[149.13]
[Tue Dec  2 11:45:33 2025] >> SAMPLE[ 4134] lifetime[214 weeks], average[149.14]
[Tue Dec  2 11:45:33 2025] >> SAMPLE[ 4135] lifetime[142 weeks], average[149.14]
[Tue Dec  2 11:45:34 2025] >> SAMPLE[ 4136] lifetime[145 weeks], average[149.14]
[Tue Dec  2 11:45:35 2025] >> SAMPLE[ 4137] lifetime[151 weeks], average[149.14]
[Tue Dec  2 11:45:35 2025] >> SAMPLE[ 4138] lifetime[130 weeks], average[149.14]
[Tue Dec  2 11:45:36 2025] >> SAMPLE[ 4139] lifetime[105 weeks], average[149.12]
[Tue Dec  2 11:45:37 2025] >> SAMPLE[ 4140] lifetime[199 weeks], average[149.14]
[Tue Dec  2 11:45:37 2025] >> SAMPLE[ 4141] lifetime[122 weeks], average[149.13]
[Tue Dec  2 11:45:38 2025] >> SAMPLE[ 4142] lifetime[171 weeks], average[149.14]
[Tue Dec  2 11:45:39 2025] >> SAMPLE[ 4143] lifetime[175 weeks], average[149.14]
[Tue Dec  2 11:45:39 2025] >> SAMPLE[ 4144] lifetime[100 weeks], average[149.13]
[Tue Dec  2 11:45:40 2025] >> SAMPLE[ 4145] lifetime[173 weeks], average[149.14]
[Tue Dec  2 11:45:40 2025] >> SAMPLE[ 4146] lifetime[ 82 weeks], average[149.12]
[Tue Dec  2 11:45:41 2025] >> SAMPLE[ 4147] lifetime[206 weeks], average[149.13]
[Tue Dec  2 11:45:42 2025] >> SAMPLE[ 4148] lifetime[133 weeks], average[149.13]
[Tue Dec  2 11:45:43 2025] >> SAMPLE[ 4149] lifetime[151 weeks], average[149.13]
[Tue Dec  2 11:45:43 2025] >> SAMPLE[ 4150] lifetime[164 weeks], average[149.13]
[Tue Dec  2 11:45:44 2025] >> SAMPLE[ 4151] lifetime[112 weeks], average[149.12]
[Tue Dec  2 11:45:45 2025] >> SAMPLE[ 4152] lifetime[171 weeks], average[149.13]
[Tue Dec  2 11:45:45 2025] >> SAMPLE[ 4153] lifetime[122 weeks], average[149.12]
[Tue Dec  2 11:45:46 2025] >> SAMPLE[ 4154] lifetime[165 weeks], average[149.13]
[Tue Dec  2 11:45:47 2025] >> SAMPLE[ 4155] lifetime[122 weeks], average[149.12]
[Tue Dec  2 11:45:47 2025] >> SAMPLE[ 4156] lifetime[128 weeks], average[149.12]
[Tue Dec  2 11:45:48 2025] >> SAMPLE[ 4157] lifetime[164 weeks], average[149.12]
[Tue Dec  2 11:45:48 2025] >> SAMPLE[ 4158] lifetime[137 weeks], average[149.12]
[Tue Dec  2 11:45:49 2025] >> SAMPLE[ 4159] lifetime[159 weeks], average[149.12]
[Tue Dec  2 11:45:50 2025] >> SAMPLE[ 4160] lifetime[122 weeks], average[149.11]
[Tue Dec  2 11:45:51 2025] >> SAMPLE[ 4161] lifetime[186 weeks], average[149.12]
[Tue Dec  2 11:45:51 2025] >> SAMPLE[ 4162] lifetime[150 weeks], average[149.12]
[Tue Dec  2 11:45:52 2025] >> SAMPLE[ 4163] lifetime[123 weeks], average[149.11]
[Tue Dec  2 11:45:52 2025] >> SAMPLE[ 4164] lifetime[127 weeks], average[149.11]
[Tue Dec  2 11:45:53 2025] >> SAMPLE[ 4165] lifetime[169 weeks], average[149.11]
[Tue Dec  2 11:45:54 2025] >> SAMPLE[ 4166] lifetime[135 weeks], average[149.11]
[Tue Dec  2 11:45:54 2025] >> SAMPLE[ 4167] lifetime[134 weeks], average[149.11]
[Tue Dec  2 11:45:55 2025] >> SAMPLE[ 4168] lifetime[122 weeks], average[149.10]
[Tue Dec  2 11:45:56 2025] >> SAMPLE[ 4169] lifetime[187 weeks], average[149.11]
[Tue Dec  2 11:45:56 2025] >> SAMPLE[ 4170] lifetime[137 weeks], average[149.11]
[Tue Dec  2 11:45:57 2025] >> SAMPLE[ 4171] lifetime[118 weeks], average[149.10]
[Tue Dec  2 11:45:57 2025] >> SAMPLE[ 4172] lifetime[125 weeks], average[149.09]
[Tue Dec  2 11:45:58 2025] >> SAMPLE[ 4173] lifetime[127 weeks], average[149.09]
[Tue Dec  2 11:45:59 2025] >> SAMPLE[ 4174] lifetime[180 weeks], average[149.10]
[Tue Dec  2 11:45:59 2025] >> SAMPLE[ 4175] lifetime[147 weeks], average[149.10]
[Tue Dec  2 11:46:00 2025] >> SAMPLE[ 4176] lifetime[139 weeks], average[149.09]
[Tue Dec  2 11:46:01 2025] >> SAMPLE[ 4177] lifetime[143 weeks], average[149.09]
[Tue Dec  2 11:46:01 2025] >> SAMPLE[ 4178] lifetime[100 weeks], average[149.08]
[Tue Dec  2 11:46:02 2025] >> SAMPLE[ 4179] lifetime[152 weeks], average[149.08]
[Tue Dec  2 11:46:03 2025] >> SAMPLE[ 4180] lifetime[197 weeks], average[149.09]
[Tue Dec  2 11:46:03 2025] >> SAMPLE[ 4181] lifetime[125 weeks], average[149.09]
[Tue Dec  2 11:46:04 2025] >> SAMPLE[ 4182] lifetime[106 weeks], average[149.08]
[Tue Dec  2 11:46:04 2025] >> SAMPLE[ 4183] lifetime[ 97 weeks], average[149.06]
[Tue Dec  2 11:46:05 2025] >> SAMPLE[ 4184] lifetime[183 weeks], average[149.07]
[Tue Dec  2 11:46:06 2025] >> SAMPLE[ 4185] lifetime[127 weeks], average[149.07]
[Tue Dec  2 11:46:06 2025] >> SAMPLE[ 4186] lifetime[134 weeks], average[149.06]
[Tue Dec  2 11:46:07 2025] >> SAMPLE[ 4187] lifetime[147 weeks], average[149.06]
[Tue Dec  2 11:46:08 2025] >> SAMPLE[ 4188] lifetime[177 weeks], average[149.07]
[Tue Dec  2 11:46:08 2025] >> SAMPLE[ 4189] lifetime[122 weeks], average[149.06]
[Tue Dec  2 11:46:09 2025] >> SAMPLE[ 4190] lifetime[156 weeks], average[149.06]
[Tue Dec  2 11:46:09 2025] >> SAMPLE[ 4191] lifetime[ 99 weeks], average[149.05]
[Tue Dec  2 11:46:10 2025] >> SAMPLE[ 4192] lifetime[132 weeks], average[149.05]
[Tue Dec  2 11:46:11 2025] >> SAMPLE[ 4193] lifetime[164 weeks], average[149.05]
[Tue Dec  2 11:46:11 2025] >> SAMPLE[ 4194] lifetime[145 weeks], average[149.05]
[Tue Dec  2 11:46:12 2025] >> SAMPLE[ 4195] lifetime[121 weeks], average[149.04]
[Tue Dec  2 11:46:13 2025] >> SAMPLE[ 4196] lifetime[163 weeks], average[149.05]
[Tue Dec  2 11:46:13 2025] >> SAMPLE[ 4197] lifetime[136 weeks], average[149.04]
[Tue Dec  2 11:46:14 2025] >> SAMPLE[ 4198] lifetime[144 weeks], average[149.04]
[Tue Dec  2 11:46:15 2025] >> SAMPLE[ 4199] lifetime[139 weeks], average[149.04]
[Tue Dec  2 11:46:17 2025] >> Generating new alpha
[Tue Dec  2 11:46:18 2025] >> SAMPLE[ 4200] lifetime[189 weeks], average[149.05]
[Tue Dec  2 11:46:19 2025] >> SAMPLE[ 4201] lifetime[151 weeks], average[149.05]
[Tue Dec  2 11:46:20 2025] >> SAMPLE[ 4202] lifetime[181 weeks], average[149.06]
[Tue Dec  2 11:46:20 2025] >> SAMPLE[ 4203] lifetime[171 weeks], average[149.06]
[Tue Dec  2 11:46:21 2025] >> SAMPLE[ 4204] lifetime[122 weeks], average[149.06]
[Tue Dec  2 11:46:22 2025] >> SAMPLE[ 4205] lifetime[177 weeks], average[149.06]
[Tue Dec  2 11:46:22 2025] >> SAMPLE[ 4206] lifetime[156 weeks], average[149.06]
[Tue Dec  2 11:46:23 2025] >> SAMPLE[ 4207] lifetime[ 96 weeks], average[149.05]
[Tue Dec  2 11:46:24 2025] >> SAMPLE[ 4208] lifetime[170 weeks], average[149.06]
[Tue Dec  2 11:46:24 2025] >> SAMPLE[ 4209] lifetime[111 weeks], average[149.05]
[Tue Dec  2 11:46:25 2025] >> SAMPLE[ 4210] lifetime[161 weeks], average[149.05]
[Tue Dec  2 11:46:25 2025] >> SAMPLE[ 4211] lifetime[112 weeks], average[149.04]
[Tue Dec  2 11:46:26 2025] >> SAMPLE[ 4212] lifetime[140 weeks], average[149.04]
[Tue Dec  2 11:46:27 2025] >> SAMPLE[ 4213] lifetime[146 weeks], average[149.04]
[Tue Dec  2 11:46:27 2025] >> SAMPLE[ 4214] lifetime[124 weeks], average[149.03]
[Tue Dec  2 11:46:28 2025] >> SAMPLE[ 4215] lifetime[165 weeks], average[149.04]
[Tue Dec  2 11:46:29 2025] >> SAMPLE[ 4216] lifetime[155 weeks], average[149.04]
[Tue Dec  2 11:46:29 2025] >> SAMPLE[ 4217] lifetime[147 weeks], average[149.04]
[Tue Dec  2 11:46:30 2025] >> SAMPLE[ 4218] lifetime[165 weeks], average[149.04]
[Tue Dec  2 11:46:31 2025] >> SAMPLE[ 4219] lifetime[144 weeks], average[149.04]
[Tue Dec  2 11:46:31 2025] >> SAMPLE[ 4220] lifetime[124 weeks], average[149.03]
[Tue Dec  2 11:46:32 2025] >> SAMPLE[ 4221] lifetime[147 weeks], average[149.03]
[Tue Dec  2 11:46:32 2025] >> SAMPLE[ 4222] lifetime[107 weeks], average[149.02]
[Tue Dec  2 11:46:33 2025] >> SAMPLE[ 4223] lifetime[197 weeks], average[149.04]
[Tue Dec  2 11:46:34 2025] >> SAMPLE[ 4224] lifetime[183 weeks], average[149.04]
[Tue Dec  2 11:46:35 2025] >> SAMPLE[ 4225] lifetime[162 weeks], average[149.05]
[Tue Dec  2 11:46:36 2025] >> SAMPLE[ 4226] lifetime[183 weeks], average[149.05]
[Tue Dec  2 11:46:36 2025] >> SAMPLE[ 4227] lifetime[149 weeks], average[149.05]
[Tue Dec  2 11:46:37 2025] >> SAMPLE[ 4228] lifetime[174 weeks], average[149.06]
[Tue Dec  2 11:46:38 2025] >> SAMPLE[ 4229] lifetime[133 weeks], average[149.06]
[Tue Dec  2 11:46:39 2025] >> SAMPLE[ 4230] lifetime[221 weeks], average[149.07]
[Tue Dec  2 11:46:40 2025] >> SAMPLE[ 4231] lifetime[159 weeks], average[149.08]
[Tue Dec  2 11:46:40 2025] >> SAMPLE[ 4232] lifetime[149 weeks], average[149.08]
[Tue Dec  2 11:46:41 2025] >> SAMPLE[ 4233] lifetime[128 weeks], average[149.07]
[Tue Dec  2 11:46:42 2025] >> SAMPLE[ 4234] lifetime[179 weeks], average[149.08]
[Tue Dec  2 11:46:42 2025] >> SAMPLE[ 4235] lifetime[135 weeks], average[149.08]
[Tue Dec  2 11:46:43 2025] >> SAMPLE[ 4236] lifetime[138 weeks], average[149.07]
[Tue Dec  2 11:46:44 2025] >> SAMPLE[ 4237] lifetime[142 weeks], average[149.07]
[Tue Dec  2 11:46:44 2025] >> SAMPLE[ 4238] lifetime[141 weeks], average[149.07]
[Tue Dec  2 11:46:45 2025] >> SAMPLE[ 4239] lifetime[148 weeks], average[149.07]
[Tue Dec  2 11:46:46 2025] >> SAMPLE[ 4240] lifetime[168 weeks], average[149.07]
[Tue Dec  2 11:46:46 2025] >> SAMPLE[ 4241] lifetime[177 weeks], average[149.08]
[Tue Dec  2 11:46:47 2025] >> SAMPLE[ 4242] lifetime[ 92 weeks], average[149.07]
[Tue Dec  2 11:46:48 2025] >> SAMPLE[ 4243] lifetime[197 weeks], average[149.08]
[Tue Dec  2 11:46:49 2025] >> SAMPLE[ 4244] lifetime[169 weeks], average[149.08]
[Tue Dec  2 11:46:49 2025] >> SAMPLE[ 4245] lifetime[150 weeks], average[149.08]
[Tue Dec  2 11:46:50 2025] >> SAMPLE[ 4246] lifetime[174 weeks], average[149.09]
[Tue Dec  2 11:46:51 2025] >> SAMPLE[ 4247] lifetime[162 weeks], average[149.09]
[Tue Dec  2 11:46:51 2025] >> SAMPLE[ 4248] lifetime[150 weeks], average[149.09]
[Tue Dec  2 11:46:52 2025] >> SAMPLE[ 4249] lifetime[171 weeks], average[149.10]
[Tue Dec  2 11:46:53 2025] >> SAMPLE[ 4250] lifetime[123 weeks], average[149.09]
[Tue Dec  2 11:46:53 2025] >> SAMPLE[ 4251] lifetime[125 weeks], average[149.08]
[Tue Dec  2 11:46:54 2025] >> SAMPLE[ 4252] lifetime[162 weeks], average[149.09]
[Tue Dec  2 11:46:55 2025] >> SAMPLE[ 4253] lifetime[146 weeks], average[149.09]
[Tue Dec  2 11:46:55 2025] >> SAMPLE[ 4254] lifetime[126 weeks], average[149.08]
[Tue Dec  2 11:46:56 2025] >> SAMPLE[ 4255] lifetime[132 weeks], average[149.08]
[Tue Dec  2 11:46:57 2025] >> SAMPLE[ 4256] lifetime[168 weeks], average[149.08]
[Tue Dec  2 11:46:57 2025] >> SAMPLE[ 4257] lifetime[125 weeks], average[149.08]
[Tue Dec  2 11:46:58 2025] >> SAMPLE[ 4258] lifetime[186 weeks], average[149.09]
[Tue Dec  2 11:46:59 2025] >> SAMPLE[ 4259] lifetime[161 weeks], average[149.09]
[Tue Dec  2 11:46:59 2025] >> SAMPLE[ 4260] lifetime[116 weeks], average[149.08]
[Tue Dec  2 11:47:00 2025] >> SAMPLE[ 4261] lifetime[133 weeks], average[149.08]
[Tue Dec  2 11:47:01 2025] >> SAMPLE[ 4262] lifetime[160 weeks], average[149.08]
[Tue Dec  2 11:47:01 2025] >> SAMPLE[ 4263] lifetime[137 weeks], average[149.08]
[Tue Dec  2 11:47:02 2025] >> SAMPLE[ 4264] lifetime[125 weeks], average[149.07]
[Tue Dec  2 11:47:03 2025] >> SAMPLE[ 4265] lifetime[166 weeks], average[149.07]
[Tue Dec  2 11:47:03 2025] >> SAMPLE[ 4266] lifetime[117 weeks], average[149.07]
[Tue Dec  2 11:47:04 2025] >> SAMPLE[ 4267] lifetime[175 weeks], average[149.07]
[Tue Dec  2 11:47:05 2025] >> SAMPLE[ 4268] lifetime[136 weeks], average[149.07]
[Tue Dec  2 11:47:05 2025] >> SAMPLE[ 4269] lifetime[107 weeks], average[149.06]
[Tue Dec  2 11:47:06 2025] >> SAMPLE[ 4270] lifetime[156 weeks], average[149.06]
[Tue Dec  2 11:47:06 2025] >> SAMPLE[ 4271] lifetime[142 weeks], average[149.06]
[Tue Dec  2 11:47:07 2025] >> SAMPLE[ 4272] lifetime[123 weeks], average[149.05]
[Tue Dec  2 11:47:07 2025] >> SAMPLE[ 4273] lifetime[121 weeks], average[149.05]
[Tue Dec  2 11:47:08 2025] >> SAMPLE[ 4274] lifetime[175 weeks], average[149.05]
[Tue Dec  2 11:47:09 2025] >> SAMPLE[ 4275] lifetime[192 weeks], average[149.06]
[Tue Dec  2 11:47:10 2025] >> SAMPLE[ 4276] lifetime[154 weeks], average[149.06]
[Tue Dec  2 11:47:11 2025] >> SAMPLE[ 4277] lifetime[185 weeks], average[149.07]
[Tue Dec  2 11:47:11 2025] >> SAMPLE[ 4278] lifetime[135 weeks], average[149.07]
[Tue Dec  2 11:47:12 2025] >> SAMPLE[ 4279] lifetime[148 weeks], average[149.07]
[Tue Dec  2 11:47:13 2025] >> SAMPLE[ 4280] lifetime[156 weeks], average[149.07]
[Tue Dec  2 11:47:13 2025] >> SAMPLE[ 4281] lifetime[128 weeks], average[149.07]
[Tue Dec  2 11:47:14 2025] >> SAMPLE[ 4282] lifetime[107 weeks], average[149.06]
[Tue Dec  2 11:47:14 2025] >> SAMPLE[ 4283] lifetime[163 weeks], average[149.06]
[Tue Dec  2 11:47:15 2025] >> SAMPLE[ 4284] lifetime[161 weeks], average[149.06]
[Tue Dec  2 11:47:16 2025] >> SAMPLE[ 4285] lifetime[122 weeks], average[149.06]
[Tue Dec  2 11:47:16 2025] >> SAMPLE[ 4286] lifetime[128 weeks], average[149.05]
[Tue Dec  2 11:47:17 2025] >> SAMPLE[ 4287] lifetime[128 weeks], average[149.05]
[Tue Dec  2 11:47:18 2025] >> SAMPLE[ 4288] lifetime[195 weeks], average[149.06]
[Tue Dec  2 11:47:18 2025] >> SAMPLE[ 4289] lifetime[145 weeks], average[149.06]
[Tue Dec  2 11:47:19 2025] >> SAMPLE[ 4290] lifetime[140 weeks], average[149.05]
[Tue Dec  2 11:47:20 2025] >> SAMPLE[ 4291] lifetime[176 weeks], average[149.06]
[Tue Dec  2 11:47:20 2025] >> SAMPLE[ 4292] lifetime[134 weeks], average[149.06]
[Tue Dec  2 11:47:21 2025] >> SAMPLE[ 4293] lifetime[152 weeks], average[149.06]
[Tue Dec  2 11:47:22 2025] >> SAMPLE[ 4294] lifetime[164 weeks], average[149.06]
[Tue Dec  2 11:47:22 2025] >> SAMPLE[ 4295] lifetime[108 weeks], average[149.05]
[Tue Dec  2 11:47:23 2025] >> SAMPLE[ 4296] lifetime[157 weeks], average[149.05]
[Tue Dec  2 11:47:24 2025] >> SAMPLE[ 4297] lifetime[158 weeks], average[149.06]
[Tue Dec  2 11:47:24 2025] >> SAMPLE[ 4298] lifetime[152 weeks], average[149.06]
[Tue Dec  2 11:47:25 2025] >> SAMPLE[ 4299] lifetime[154 weeks], average[149.06]
[Tue Dec  2 11:47:28 2025] >> Generating new alpha
[Tue Dec  2 11:47:28 2025] >> SAMPLE[ 4300] lifetime[146 weeks], average[149.06]
[Tue Dec  2 11:47:29 2025] >> SAMPLE[ 4301] lifetime[180 weeks], average[149.06]
[Tue Dec  2 11:47:30 2025] >> SAMPLE[ 4302] lifetime[169 weeks], average[149.07]
[Tue Dec  2 11:47:31 2025] >> SAMPLE[ 4303] lifetime[113 weeks], average[149.06]
[Tue Dec  2 11:47:31 2025] >> SAMPLE[ 4304] lifetime[155 weeks], average[149.06]
[Tue Dec  2 11:47:32 2025] >> SAMPLE[ 4305] lifetime[154 weeks], average[149.06]
[Tue Dec  2 11:47:33 2025] >> SAMPLE[ 4306] lifetime[178 weeks], average[149.07]
[Tue Dec  2 11:47:34 2025] >> SAMPLE[ 4307] lifetime[202 weeks], average[149.08]
[Tue Dec  2 11:47:34 2025] >> SAMPLE[ 4308] lifetime[142 weeks], average[149.08]
[Tue Dec  2 11:47:35 2025] >> SAMPLE[ 4309] lifetime[157 weeks], average[149.08]
[Tue Dec  2 11:47:36 2025] >> SAMPLE[ 4310] lifetime[169 weeks], average[149.09]
[Tue Dec  2 11:47:37 2025] >> SAMPLE[ 4311] lifetime[140 weeks], average[149.08]
[Tue Dec  2 11:47:37 2025] >> SAMPLE[ 4312] lifetime[157 weeks], average[149.09]
[Tue Dec  2 11:47:38 2025] >> SAMPLE[ 4313] lifetime[122 weeks], average[149.08]
[Tue Dec  2 11:47:39 2025] >> SAMPLE[ 4314] lifetime[147 weeks], average[149.08]
[Tue Dec  2 11:47:39 2025] >> SAMPLE[ 4315] lifetime[173 weeks], average[149.08]
[Tue Dec  2 11:47:40 2025] >> SAMPLE[ 4316] lifetime[ 98 weeks], average[149.07]
[Tue Dec  2 11:47:41 2025] >> SAMPLE[ 4317] lifetime[163 weeks], average[149.08]
[Tue Dec  2 11:47:41 2025] >> SAMPLE[ 4318] lifetime[147 weeks], average[149.08]
[Tue Dec  2 11:47:42 2025] >> SAMPLE[ 4319] lifetime[149 weeks], average[149.08]
[Tue Dec  2 11:47:43 2025] >> SAMPLE[ 4320] lifetime[164 weeks], average[149.08]
[Tue Dec  2 11:47:43 2025] >> SAMPLE[ 4321] lifetime[164 weeks], average[149.08]
[Tue Dec  2 11:47:44 2025] >> SAMPLE[ 4322] lifetime[120 weeks], average[149.08]
[Tue Dec  2 11:47:45 2025] >> SAMPLE[ 4323] lifetime[211 weeks], average[149.09]
[Tue Dec  2 11:47:46 2025] >> SAMPLE[ 4324] lifetime[138 weeks], average[149.09]
[Tue Dec  2 11:47:46 2025] >> SAMPLE[ 4325] lifetime[155 weeks], average[149.09]
[Tue Dec  2 11:47:47 2025] >> SAMPLE[ 4326] lifetime[124 weeks], average[149.08]
[Tue Dec  2 11:47:48 2025] >> SAMPLE[ 4327] lifetime[200 weeks], average[149.09]
[Tue Dec  2 11:47:48 2025] >> SAMPLE[ 4328] lifetime[124 weeks], average[149.09]
[Tue Dec  2 11:47:49 2025] >> SAMPLE[ 4329] lifetime[140 weeks], average[149.09]
[Tue Dec  2 11:47:50 2025] >> SAMPLE[ 4330] lifetime[213 weeks], average[149.10]
[Tue Dec  2 11:47:51 2025] >> SAMPLE[ 4331] lifetime[155 weeks], average[149.10]
[Tue Dec  2 11:47:51 2025] >> SAMPLE[ 4332] lifetime[132 weeks], average[149.10]
[Tue Dec  2 11:47:52 2025] >> SAMPLE[ 4333] lifetime[179 weeks], average[149.11]
[Tue Dec  2 11:47:53 2025] >> SAMPLE[ 4334] lifetime[147 weeks], average[149.11]
[Tue Dec  2 11:47:54 2025] >> SAMPLE[ 4335] lifetime[166 weeks], average[149.11]
[Tue Dec  2 11:47:54 2025] >> SAMPLE[ 4336] lifetime[158 weeks], average[149.11]
[Tue Dec  2 11:47:55 2025] >> SAMPLE[ 4337] lifetime[114 weeks], average[149.10]
[Tue Dec  2 11:47:56 2025] >> SAMPLE[ 4338] lifetime[188 weeks], average[149.11]
[Tue Dec  2 11:47:56 2025] >> SAMPLE[ 4339] lifetime[147 weeks], average[149.11]
[Tue Dec  2 11:47:57 2025] >> SAMPLE[ 4340] lifetime[174 weeks], average[149.12]
[Tue Dec  2 11:47:58 2025] >> SAMPLE[ 4341] lifetime[135 weeks], average[149.11]
[Tue Dec  2 11:47:58 2025] >> SAMPLE[ 4342] lifetime[129 weeks], average[149.11]
[Tue Dec  2 11:47:59 2025] >> SAMPLE[ 4343] lifetime[113 weeks], average[149.10]
[Tue Dec  2 11:47:59 2025] >> SAMPLE[ 4344] lifetime[122 weeks], average[149.10]
[Tue Dec  2 11:48:00 2025] >> SAMPLE[ 4345] lifetime[154 weeks], average[149.10]
[Tue Dec  2 11:48:01 2025] >> SAMPLE[ 4346] lifetime[148 weeks], average[149.10]
[Tue Dec  2 11:48:01 2025] >> SAMPLE[ 4347] lifetime[141 weeks], average[149.09]
[Tue Dec  2 11:48:02 2025] >> SAMPLE[ 4348] lifetime[169 weeks], average[149.10]
[Tue Dec  2 11:48:03 2025] >> SAMPLE[ 4349] lifetime[181 weeks], average[149.11]
[Tue Dec  2 11:48:04 2025] >> SAMPLE[ 4350] lifetime[165 weeks], average[149.11]
[Tue Dec  2 11:48:05 2025] >> SAMPLE[ 4351] lifetime[188 weeks], average[149.12]
[Tue Dec  2 11:48:06 2025] >> SAMPLE[ 4352] lifetime[182 weeks], average[149.13]
[Tue Dec  2 11:48:06 2025] >> SAMPLE[ 4353] lifetime[186 weeks], average[149.13]
[Tue Dec  2 11:48:07 2025] >> SAMPLE[ 4354] lifetime[ 97 weeks], average[149.12]
[Tue Dec  2 11:48:08 2025] >> SAMPLE[ 4355] lifetime[174 weeks], average[149.13]
[Tue Dec  2 11:48:08 2025] >> SAMPLE[ 4356] lifetime[135 weeks], average[149.13]
[Tue Dec  2 11:48:09 2025] >> SAMPLE[ 4357] lifetime[160 weeks], average[149.13]
[Tue Dec  2 11:48:10 2025] >> SAMPLE[ 4358] lifetime[169 weeks], average[149.13]
[Tue Dec  2 11:48:10 2025] >> SAMPLE[ 4359] lifetime[136 weeks], average[149.13]
[Tue Dec  2 11:48:11 2025] >> SAMPLE[ 4360] lifetime[157 weeks], average[149.13]
[Tue Dec  2 11:48:12 2025] >> SAMPLE[ 4361] lifetime[185 weeks], average[149.14]
[Tue Dec  2 11:48:13 2025] >> SAMPLE[ 4362] lifetime[191 weeks], average[149.15]
[Tue Dec  2 11:48:13 2025] >> SAMPLE[ 4363] lifetime[115 weeks], average[149.14]
[Tue Dec  2 11:48:14 2025] >> SAMPLE[ 4364] lifetime[139 weeks], average[149.14]
[Tue Dec  2 11:48:15 2025] >> SAMPLE[ 4365] lifetime[109 weeks], average[149.13]
[Tue Dec  2 11:48:15 2025] >> SAMPLE[ 4366] lifetime[101 weeks], average[149.12]
[Tue Dec  2 11:48:16 2025] >> SAMPLE[ 4367] lifetime[137 weeks], average[149.12]
[Tue Dec  2 11:48:16 2025] >> SAMPLE[ 4368] lifetime[ 96 weeks], average[149.10]
[Tue Dec  2 11:48:17 2025] >> SAMPLE[ 4369] lifetime[122 weeks], average[149.10]
[Tue Dec  2 11:48:17 2025] >> SAMPLE[ 4370] lifetime[111 weeks], average[149.09]
[Tue Dec  2 11:48:17 2025] >> SAMPLE[ 4371] lifetime[109 weeks], average[149.08]
[Tue Dec  2 11:48:18 2025] >> SAMPLE[ 4372] lifetime[158 weeks], average[149.08]
[Tue Dec  2 11:48:19 2025] >> SAMPLE[ 4373] lifetime[149 weeks], average[149.08]
[Tue Dec  2 11:48:20 2025] >> SAMPLE[ 4374] lifetime[134 weeks], average[149.08]
[Tue Dec  2 11:48:20 2025] >> SAMPLE[ 4375] lifetime[158 weeks], average[149.08]
[Tue Dec  2 11:48:21 2025] >> SAMPLE[ 4376] lifetime[161 weeks], average[149.08]
[Tue Dec  2 11:48:22 2025] >> SAMPLE[ 4377] lifetime[168 weeks], average[149.09]
[Tue Dec  2 11:48:22 2025] >> SAMPLE[ 4378] lifetime[118 weeks], average[149.08]
[Tue Dec  2 11:48:23 2025] >> SAMPLE[ 4379] lifetime[105 weeks], average[149.07]
[Tue Dec  2 11:48:23 2025] >> SAMPLE[ 4380] lifetime[120 weeks], average[149.06]
[Tue Dec  2 11:48:24 2025] >> SAMPLE[ 4381] lifetime[144 weeks], average[149.06]
[Tue Dec  2 11:48:25 2025] >> SAMPLE[ 4382] lifetime[173 weeks], average[149.07]
[Tue Dec  2 11:48:25 2025] >> SAMPLE[ 4383] lifetime[152 weeks], average[149.07]
[Tue Dec  2 11:48:26 2025] >> SAMPLE[ 4384] lifetime[157 weeks], average[149.07]
[Tue Dec  2 11:48:27 2025] >> SAMPLE[ 4385] lifetime[139 weeks], average[149.07]
[Tue Dec  2 11:48:28 2025] >> SAMPLE[ 4386] lifetime[188 weeks], average[149.08]
[Tue Dec  2 11:48:28 2025] >> SAMPLE[ 4387] lifetime[145 weeks], average[149.08]
[Tue Dec  2 11:48:29 2025] >> SAMPLE[ 4388] lifetime[133 weeks], average[149.07]
[Tue Dec  2 11:48:29 2025] >> SAMPLE[ 4389] lifetime[ 84 weeks], average[149.06]
[Tue Dec  2 11:48:30 2025] >> SAMPLE[ 4390] lifetime[113 weeks], average[149.05]
[Tue Dec  2 11:48:30 2025] >> SAMPLE[ 4391] lifetime[155 weeks], average[149.05]
[Tue Dec  2 11:48:31 2025] >> SAMPLE[ 4392] lifetime[142 weeks], average[149.05]
[Tue Dec  2 11:48:32 2025] >> SAMPLE[ 4393] lifetime[ 93 weeks], average[149.04]
[Tue Dec  2 11:48:32 2025] >> SAMPLE[ 4394] lifetime[105 weeks], average[149.03]
[Tue Dec  2 11:48:33 2025] >> SAMPLE[ 4395] lifetime[162 weeks], average[149.03]
[Tue Dec  2 11:48:33 2025] >> SAMPLE[ 4396] lifetime[152 weeks], average[149.03]
[Tue Dec  2 11:48:34 2025] >> SAMPLE[ 4397] lifetime[137 weeks], average[149.03]
[Tue Dec  2 11:48:35 2025] >> SAMPLE[ 4398] lifetime[143 weeks], average[149.03]
[Tue Dec  2 11:48:35 2025] >> SAMPLE[ 4399] lifetime[109 weeks], average[149.02]
[Tue Dec  2 11:48:38 2025] >> Generating new alpha
[Tue Dec  2 11:48:39 2025] >> SAMPLE[ 4400] lifetime[153 weeks], average[149.02]
[Tue Dec  2 11:48:39 2025] >> SAMPLE[ 4401] lifetime[110 weeks], average[149.01]
[Tue Dec  2 11:48:40 2025] >> SAMPLE[ 4402] lifetime[188 weeks], average[149.02]
[Tue Dec  2 11:48:41 2025] >> SAMPLE[ 4403] lifetime[127 weeks], average[149.01]
[Tue Dec  2 11:48:41 2025] >> SAMPLE[ 4404] lifetime[167 weeks], average[149.02]
[Tue Dec  2 11:48:42 2025] >> SAMPLE[ 4405] lifetime[103 weeks], average[149.01]
[Tue Dec  2 11:48:43 2025] >> SAMPLE[ 4406] lifetime[155 weeks], average[149.01]
[Tue Dec  2 11:48:43 2025] >> SAMPLE[ 4407] lifetime[170 weeks], average[149.01]
[Tue Dec  2 11:48:44 2025] >> SAMPLE[ 4408] lifetime[141 weeks], average[149.01]
[Tue Dec  2 11:48:45 2025] >> SAMPLE[ 4409] lifetime[111 weeks], average[149.00]
[Tue Dec  2 11:48:46 2025] >> SAMPLE[ 4410] lifetime[199 weeks], average[149.01]
[Tue Dec  2 11:48:46 2025] >> SAMPLE[ 4411] lifetime[175 weeks], average[149.02]
[Tue Dec  2 11:48:47 2025] >> SAMPLE[ 4412] lifetime[147 weeks], average[149.02]
[Tue Dec  2 11:48:48 2025] >> SAMPLE[ 4413] lifetime[133 weeks], average[149.01]
[Tue Dec  2 11:48:49 2025] >> SAMPLE[ 4414] lifetime[187 weeks], average[149.02]
[Tue Dec  2 11:48:49 2025] >> SAMPLE[ 4415] lifetime[147 weeks], average[149.02]
[Tue Dec  2 11:48:50 2025] >> SAMPLE[ 4416] lifetime[118 weeks], average[149.02]
[Tue Dec  2 11:48:51 2025] >> SAMPLE[ 4417] lifetime[162 weeks], average[149.02]
[Tue Dec  2 11:48:51 2025] >> SAMPLE[ 4418] lifetime[168 weeks], average[149.02]
[Tue Dec  2 11:48:52 2025] >> SAMPLE[ 4419] lifetime[159 weeks], average[149.03]
[Tue Dec  2 11:48:53 2025] >> SAMPLE[ 4420] lifetime[142 weeks], average[149.02]
[Tue Dec  2 11:48:53 2025] >> SAMPLE[ 4421] lifetime[143 weeks], average[149.02]
[Tue Dec  2 11:48:54 2025] >> SAMPLE[ 4422] lifetime[143 weeks], average[149.02]
[Tue Dec  2 11:48:55 2025] >> SAMPLE[ 4423] lifetime[146 weeks], average[149.02]
[Tue Dec  2 11:48:55 2025] >> SAMPLE[ 4424] lifetime[128 weeks], average[149.02]
[Tue Dec  2 11:48:56 2025] >> SAMPLE[ 4425] lifetime[174 weeks], average[149.02]
[Tue Dec  2 11:48:57 2025] >> SAMPLE[ 4426] lifetime[146 weeks], average[149.02]
[Tue Dec  2 11:48:58 2025] >> SAMPLE[ 4427] lifetime[154 weeks], average[149.02]
[Tue Dec  2 11:48:58 2025] >> SAMPLE[ 4428] lifetime[165 weeks], average[149.03]
[Tue Dec  2 11:48:59 2025] >> SAMPLE[ 4429] lifetime[158 weeks], average[149.03]
[Tue Dec  2 11:49:00 2025] >> SAMPLE[ 4430] lifetime[173 weeks], average[149.03]
[Tue Dec  2 11:49:01 2025] >> SAMPLE[ 4431] lifetime[131 weeks], average[149.03]
[Tue Dec  2 11:49:01 2025] >> SAMPLE[ 4432] lifetime[133 weeks], average[149.03]
[Tue Dec  2 11:49:02 2025] >> SAMPLE[ 4433] lifetime[188 weeks], average[149.03]
[Tue Dec  2 11:49:03 2025] >> SAMPLE[ 4434] lifetime[122 weeks], average[149.03]
[Tue Dec  2 11:49:03 2025] >> SAMPLE[ 4435] lifetime[132 weeks], average[149.02]
[Tue Dec  2 11:49:04 2025] >> SAMPLE[ 4436] lifetime[140 weeks], average[149.02]
[Tue Dec  2 11:49:05 2025] >> SAMPLE[ 4437] lifetime[127 weeks], average[149.02]
[Tue Dec  2 11:49:06 2025] >> SAMPLE[ 4438] lifetime[214 weeks], average[149.03]
[Tue Dec  2 11:49:06 2025] >> SAMPLE[ 4439] lifetime[120 weeks], average[149.03]
[Tue Dec  2 11:49:07 2025] >> SAMPLE[ 4440] lifetime[168 weeks], average[149.03]
[Tue Dec  2 11:49:08 2025] >> SAMPLE[ 4441] lifetime[157 weeks], average[149.03]
[Tue Dec  2 11:49:09 2025] >> SAMPLE[ 4442] lifetime[172 weeks], average[149.04]
[Tue Dec  2 11:49:09 2025] >> SAMPLE[ 4443] lifetime[161 weeks], average[149.04]
[Tue Dec  2 11:49:10 2025] >> SAMPLE[ 4444] lifetime[129 weeks], average[149.03]
[Tue Dec  2 11:49:11 2025] >> SAMPLE[ 4445] lifetime[134 weeks], average[149.03]
[Tue Dec  2 11:49:11 2025] >> SAMPLE[ 4446] lifetime[179 weeks], average[149.04]
[Tue Dec  2 11:49:12 2025] >> SAMPLE[ 4447] lifetime[136 weeks], average[149.04]
[Tue Dec  2 11:49:13 2025] >> SAMPLE[ 4448] lifetime[150 weeks], average[149.04]
[Tue Dec  2 11:49:13 2025] >> SAMPLE[ 4449] lifetime[103 weeks], average[149.02]
[Tue Dec  2 11:49:14 2025] >> SAMPLE[ 4450] lifetime[156 weeks], average[149.03]
[Tue Dec  2 11:49:15 2025] >> SAMPLE[ 4451] lifetime[194 weeks], average[149.04]
[Tue Dec  2 11:49:15 2025] >> SAMPLE[ 4452] lifetime[118 weeks], average[149.03]
[Tue Dec  2 11:49:16 2025] >> SAMPLE[ 4453] lifetime[139 weeks], average[149.03]
[Tue Dec  2 11:49:17 2025] >> SAMPLE[ 4454] lifetime[164 weeks], average[149.03]
[Tue Dec  2 11:49:18 2025] >> SAMPLE[ 4455] lifetime[161 weeks], average[149.03]
[Tue Dec  2 11:49:18 2025] >> SAMPLE[ 4456] lifetime[109 weeks], average[149.02]
[Tue Dec  2 11:49:19 2025] >> SAMPLE[ 4457] lifetime[196 weeks], average[149.03]
[Tue Dec  2 11:49:20 2025] >> SAMPLE[ 4458] lifetime[160 weeks], average[149.04]
[Tue Dec  2 11:49:21 2025] >> SAMPLE[ 4459] lifetime[180 weeks], average[149.04]
[Tue Dec  2 11:49:21 2025] >> SAMPLE[ 4460] lifetime[158 weeks], average[149.05]
[Tue Dec  2 11:49:22 2025] >> SAMPLE[ 4461] lifetime[123 weeks], average[149.04]
[Tue Dec  2 11:49:23 2025] >> SAMPLE[ 4462] lifetime[129 weeks], average[149.04]
[Tue Dec  2 11:49:23 2025] >> SAMPLE[ 4463] lifetime[129 weeks], average[149.03]
[Tue Dec  2 11:49:24 2025] >> SAMPLE[ 4464] lifetime[154 weeks], average[149.03]
[Tue Dec  2 11:49:24 2025] >> SAMPLE[ 4465] lifetime[111 weeks], average[149.02]
[Tue Dec  2 11:49:25 2025] >> SAMPLE[ 4466] lifetime[171 weeks], average[149.03]
[Tue Dec  2 11:49:26 2025] >> SAMPLE[ 4467] lifetime[141 weeks], average[149.03]
[Tue Dec  2 11:49:26 2025] >> SAMPLE[ 4468] lifetime[117 weeks], average[149.02]
[Tue Dec  2 11:49:27 2025] >> SAMPLE[ 4469] lifetime[120 weeks], average[149.01]
[Tue Dec  2 11:49:27 2025] >> SAMPLE[ 4470] lifetime[106 weeks], average[149.00]
[Tue Dec  2 11:49:28 2025] >> SAMPLE[ 4471] lifetime[156 weeks], average[149.01]
[Tue Dec  2 11:49:29 2025] >> SAMPLE[ 4472] lifetime[145 weeks], average[149.00]
[Tue Dec  2 11:49:29 2025] >> SAMPLE[ 4473] lifetime[145 weeks], average[149.00]
[Tue Dec  2 11:49:30 2025] >> SAMPLE[ 4474] lifetime[168 weeks], average[149.01]
[Tue Dec  2 11:49:31 2025] >> SAMPLE[ 4475] lifetime[142 weeks], average[149.01]
[Tue Dec  2 11:49:32 2025] >> SAMPLE[ 4476] lifetime[194 weeks], average[149.02]
[Tue Dec  2 11:49:32 2025] >> SAMPLE[ 4477] lifetime[117 weeks], average[149.01]
[Tue Dec  2 11:49:33 2025] >> SAMPLE[ 4478] lifetime[143 weeks], average[149.01]
[Tue Dec  2 11:49:34 2025] >> SAMPLE[ 4479] lifetime[141 weeks], average[149.01]
[Tue Dec  2 11:49:34 2025] >> SAMPLE[ 4480] lifetime[110 weeks], average[149.00]
[Tue Dec  2 11:49:35 2025] >> SAMPLE[ 4481] lifetime[120 weeks], average[148.99]
[Tue Dec  2 11:49:35 2025] >> SAMPLE[ 4482] lifetime[171 weeks], average[149.00]
[Tue Dec  2 11:49:36 2025] >> SAMPLE[ 4483] lifetime[148 weeks], average[149.00]
[Tue Dec  2 11:49:37 2025] >> SAMPLE[ 4484] lifetime[157 weeks], average[149.00]
[Tue Dec  2 11:49:37 2025] >> SAMPLE[ 4485] lifetime[128 weeks], average[148.99]
[Tue Dec  2 11:49:38 2025] >> SAMPLE[ 4486] lifetime[132 weeks], average[148.99]
[Tue Dec  2 11:49:39 2025] >> SAMPLE[ 4487] lifetime[115 weeks], average[148.98]
[Tue Dec  2 11:49:39 2025] >> SAMPLE[ 4488] lifetime[168 weeks], average[148.99]
[Tue Dec  2 11:49:40 2025] >> SAMPLE[ 4489] lifetime[171 weeks], average[148.99]
[Tue Dec  2 11:49:41 2025] >> SAMPLE[ 4490] lifetime[143 weeks], average[148.99]
[Tue Dec  2 11:49:42 2025] >> SAMPLE[ 4491] lifetime[211 weeks], average[149.00]
[Tue Dec  2 11:49:43 2025] >> SAMPLE[ 4492] lifetime[171 weeks], average[149.01]
[Tue Dec  2 11:49:43 2025] >> SAMPLE[ 4493] lifetime[114 weeks], average[149.00]
[Tue Dec  2 11:49:44 2025] >> SAMPLE[ 4494] lifetime[115 weeks], average[148.99]
[Tue Dec  2 11:49:45 2025] >> SAMPLE[ 4495] lifetime[157 weeks], average[148.99]
[Tue Dec  2 11:49:45 2025] >> SAMPLE[ 4496] lifetime[155 weeks], average[149.00]
[Tue Dec  2 11:49:46 2025] >> SAMPLE[ 4497] lifetime[163 weeks], average[149.00]
[Tue Dec  2 11:49:47 2025] >> SAMPLE[ 4498] lifetime[152 weeks], average[149.00]
[Tue Dec  2 11:49:47 2025] >> SAMPLE[ 4499] lifetime[123 weeks], average[148.99]
[Tue Dec  2 11:49:50 2025] >> Generating new alpha
[Tue Dec  2 11:49:51 2025] >> SAMPLE[ 4500] lifetime[136 weeks], average[148.99]
[Tue Dec  2 11:49:51 2025] >> SAMPLE[ 4501] lifetime[158 weeks], average[148.99]
[Tue Dec  2 11:49:52 2025] >> SAMPLE[ 4502] lifetime[158 weeks], average[148.99]
[Tue Dec  2 11:49:53 2025] >> SAMPLE[ 4503] lifetime[125 weeks], average[148.99]
[Tue Dec  2 11:49:53 2025] >> SAMPLE[ 4504] lifetime[170 weeks], average[148.99]
[Tue Dec  2 11:49:54 2025] >> SAMPLE[ 4505] lifetime[128 weeks], average[148.99]
[Tue Dec  2 11:49:55 2025] >> SAMPLE[ 4506] lifetime[131 weeks], average[148.99]
[Tue Dec  2 11:49:55 2025] >> SAMPLE[ 4507] lifetime[136 weeks], average[148.98]
[Tue Dec  2 11:49:56 2025] >> SAMPLE[ 4508] lifetime[124 weeks], average[148.98]
[Tue Dec  2 11:49:57 2025] >> SAMPLE[ 4509] lifetime[175 weeks], average[148.98]
[Tue Dec  2 11:49:57 2025] >> SAMPLE[ 4510] lifetime[148 weeks], average[148.98]
[Tue Dec  2 11:49:58 2025] >> SAMPLE[ 4511] lifetime[127 weeks], average[148.98]
[Tue Dec  2 11:49:59 2025] >> SAMPLE[ 4512] lifetime[156 weeks], average[148.98]
[Tue Dec  2 11:49:59 2025] >> SAMPLE[ 4513] lifetime[147 weeks], average[148.98]
[Tue Dec  2 11:50:00 2025] >> SAMPLE[ 4514] lifetime[138 weeks], average[148.98]
[Tue Dec  2 11:50:01 2025] >> SAMPLE[ 4515] lifetime[130 weeks], average[148.97]
[Tue Dec  2 11:50:01 2025] >> SAMPLE[ 4516] lifetime[150 weeks], average[148.97]
[Tue Dec  2 11:50:02 2025] >> SAMPLE[ 4517] lifetime[117 weeks], average[148.97]
[Tue Dec  2 11:50:02 2025] >> SAMPLE[ 4518] lifetime[133 weeks], average[148.96]
[Tue Dec  2 11:50:03 2025] >> SAMPLE[ 4519] lifetime[137 weeks], average[148.96]
[Tue Dec  2 11:50:04 2025] >> SAMPLE[ 4520] lifetime[163 weeks], average[148.96]
[Tue Dec  2 11:50:04 2025] >> SAMPLE[ 4521] lifetime[136 weeks], average[148.96]
[Tue Dec  2 11:50:05 2025] >> SAMPLE[ 4522] lifetime[166 weeks], average[148.96]
[Tue Dec  2 11:50:06 2025] >> SAMPLE[ 4523] lifetime[193 weeks], average[148.97]
[Tue Dec  2 11:50:07 2025] >> SAMPLE[ 4524] lifetime[160 weeks], average[148.98]
[Tue Dec  2 11:50:08 2025] >> SAMPLE[ 4525] lifetime[162 weeks], average[148.98]
[Tue Dec  2 11:50:08 2025] >> SAMPLE[ 4526] lifetime[144 weeks], average[148.98]
[Tue Dec  2 11:50:09 2025] >> SAMPLE[ 4527] lifetime[129 weeks], average[148.97]
[Tue Dec  2 11:50:09 2025] >> SAMPLE[ 4528] lifetime[129 weeks], average[148.97]
[Tue Dec  2 11:50:10 2025] >> SAMPLE[ 4529] lifetime[161 weeks], average[148.97]
[Tue Dec  2 11:50:11 2025] >> SAMPLE[ 4530] lifetime[137 weeks], average[148.97]
[Tue Dec  2 11:50:11 2025] >> SAMPLE[ 4531] lifetime[114 weeks], average[148.96]
[Tue Dec  2 11:50:12 2025] >> SAMPLE[ 4532] lifetime[125 weeks], average[148.96]
[Tue Dec  2 11:50:13 2025] >> SAMPLE[ 4533] lifetime[167 weeks], average[148.96]
[Tue Dec  2 11:50:13 2025] >> SAMPLE[ 4534] lifetime[107 weeks], average[148.95]
[Tue Dec  2 11:50:14 2025] >> SAMPLE[ 4535] lifetime[117 weeks], average[148.94]
[Tue Dec  2 11:50:14 2025] >> SAMPLE[ 4536] lifetime[ 87 weeks], average[148.93]
[Tue Dec  2 11:50:15 2025] >> SAMPLE[ 4537] lifetime[160 weeks], average[148.93]
[Tue Dec  2 11:50:15 2025] >> SAMPLE[ 4538] lifetime[118 weeks], average[148.93]
[Tue Dec  2 11:50:16 2025] >> SAMPLE[ 4539] lifetime[113 weeks], average[148.92]
[Tue Dec  2 11:50:16 2025] >> SAMPLE[ 4540] lifetime[132 weeks], average[148.91]
[Tue Dec  2 11:50:17 2025] >> SAMPLE[ 4541] lifetime[163 weeks], average[148.92]
[Tue Dec  2 11:50:18 2025] >> SAMPLE[ 4542] lifetime[132 weeks], average[148.91]
[Tue Dec  2 11:50:19 2025] >> SAMPLE[ 4543] lifetime[159 weeks], average[148.92]
[Tue Dec  2 11:50:19 2025] >> SAMPLE[ 4544] lifetime[112 weeks], average[148.91]
[Tue Dec  2 11:50:20 2025] >> SAMPLE[ 4545] lifetime[135 weeks], average[148.90]
[Tue Dec  2 11:50:21 2025] >> SAMPLE[ 4546] lifetime[170 weeks], average[148.91]
[Tue Dec  2 11:50:21 2025] >> SAMPLE[ 4547] lifetime[118 weeks], average[148.90]
[Tue Dec  2 11:50:22 2025] >> SAMPLE[ 4548] lifetime[159 weeks], average[148.90]
[Tue Dec  2 11:50:23 2025] >> SAMPLE[ 4549] lifetime[164 weeks], average[148.91]
[Tue Dec  2 11:50:23 2025] >> SAMPLE[ 4550] lifetime[120 weeks], average[148.90]
[Tue Dec  2 11:50:24 2025] >> SAMPLE[ 4551] lifetime[162 weeks], average[148.90]
[Tue Dec  2 11:50:25 2025] >> SAMPLE[ 4552] lifetime[137 weeks], average[148.90]
[Tue Dec  2 11:50:25 2025] >> SAMPLE[ 4553] lifetime[145 weeks], average[148.90]
[Tue Dec  2 11:50:26 2025] >> SAMPLE[ 4554] lifetime[174 weeks], average[148.91]
[Tue Dec  2 11:50:27 2025] >> SAMPLE[ 4555] lifetime[177 weeks], average[148.91]
[Tue Dec  2 11:50:28 2025] >> SAMPLE[ 4556] lifetime[186 weeks], average[148.92]
[Tue Dec  2 11:50:29 2025] >> SAMPLE[ 4557] lifetime[168 weeks], average[148.92]
[Tue Dec  2 11:50:29 2025] >> SAMPLE[ 4558] lifetime[131 weeks], average[148.92]
[Tue Dec  2 11:50:30 2025] >> SAMPLE[ 4559] lifetime[159 weeks], average[148.92]
[Tue Dec  2 11:50:30 2025] >> SAMPLE[ 4560] lifetime[ 76 weeks], average[148.91]
[Tue Dec  2 11:50:31 2025] >> SAMPLE[ 4561] lifetime[142 weeks], average[148.91]
[Tue Dec  2 11:50:32 2025] >> SAMPLE[ 4562] lifetime[156 weeks], average[148.91]
[Tue Dec  2 11:50:32 2025] >> SAMPLE[ 4563] lifetime[137 weeks], average[148.90]
[Tue Dec  2 11:50:33 2025] >> SAMPLE[ 4564] lifetime[118 weeks], average[148.90]
[Tue Dec  2 11:50:33 2025] >> SAMPLE[ 4565] lifetime[130 weeks], average[148.89]
[Tue Dec  2 11:50:34 2025] >> SAMPLE[ 4566] lifetime[214 weeks], average[148.91]
[Tue Dec  2 11:50:35 2025] >> SAMPLE[ 4567] lifetime[151 weeks], average[148.91]
[Tue Dec  2 11:50:36 2025] >> SAMPLE[ 4568] lifetime[104 weeks], average[148.90]
[Tue Dec  2 11:50:37 2025] >> SAMPLE[ 4569] lifetime[188 weeks], average[148.91]
[Tue Dec  2 11:50:37 2025] >> SAMPLE[ 4570] lifetime[149 weeks], average[148.91]
[Tue Dec  2 11:50:38 2025] >> SAMPLE[ 4571] lifetime[126 weeks], average[148.90]
[Tue Dec  2 11:50:38 2025] >> SAMPLE[ 4572] lifetime[130 weeks], average[148.90]
[Tue Dec  2 11:50:39 2025] >> SAMPLE[ 4573] lifetime[191 weeks], average[148.91]
[Tue Dec  2 11:50:40 2025] >> SAMPLE[ 4574] lifetime[139 weeks], average[148.90]
[Tue Dec  2 11:50:41 2025] >> SAMPLE[ 4575] lifetime[157 weeks], average[148.91]
[Tue Dec  2 11:50:41 2025] >> SAMPLE[ 4576] lifetime[138 weeks], average[148.90]
[Tue Dec  2 11:50:42 2025] >> SAMPLE[ 4577] lifetime[171 weeks], average[148.91]
[Tue Dec  2 11:50:43 2025] >> SAMPLE[ 4578] lifetime[145 weeks], average[148.91]
[Tue Dec  2 11:50:44 2025] >> SAMPLE[ 4579] lifetime[150 weeks], average[148.91]
[Tue Dec  2 11:50:44 2025] >> SAMPLE[ 4580] lifetime[130 weeks], average[148.90]
[Tue Dec  2 11:50:45 2025] >> SAMPLE[ 4581] lifetime[140 weeks], average[148.90]
[Tue Dec  2 11:50:46 2025] >> SAMPLE[ 4582] lifetime[164 weeks], average[148.91]
[Tue Dec  2 11:50:46 2025] >> SAMPLE[ 4583] lifetime[132 weeks], average[148.90]
[Tue Dec  2 11:50:47 2025] >> SAMPLE[ 4584] lifetime[171 weeks], average[148.91]
[Tue Dec  2 11:50:48 2025] >> SAMPLE[ 4585] lifetime[160 weeks], average[148.91]
[Tue Dec  2 11:50:48 2025] >> SAMPLE[ 4586] lifetime[107 weeks], average[148.90]
[Tue Dec  2 11:50:49 2025] >> SAMPLE[ 4587] lifetime[137 weeks], average[148.90]
[Tue Dec  2 11:50:49 2025] >> SAMPLE[ 4588] lifetime[147 weeks], average[148.90]
[Tue Dec  2 11:50:50 2025] >> SAMPLE[ 4589] lifetime[153 weeks], average[148.90]
[Tue Dec  2 11:50:51 2025] >> SAMPLE[ 4590] lifetime[135 weeks], average[148.89]
[Tue Dec  2 11:50:51 2025] >> SAMPLE[ 4591] lifetime[135 weeks], average[148.89]
[Tue Dec  2 11:50:52 2025] >> SAMPLE[ 4592] lifetime[203 weeks], average[148.90]
[Tue Dec  2 11:50:53 2025] >> SAMPLE[ 4593] lifetime[155 weeks], average[148.90]
[Tue Dec  2 11:50:54 2025] >> SAMPLE[ 4594] lifetime[125 weeks], average[148.90]
[Tue Dec  2 11:50:54 2025] >> SAMPLE[ 4595] lifetime[162 weeks], average[148.90]
[Tue Dec  2 11:50:55 2025] >> SAMPLE[ 4596] lifetime[120 weeks], average[148.90]
[Tue Dec  2 11:50:56 2025] >> SAMPLE[ 4597] lifetime[137 weeks], average[148.89]
[Tue Dec  2 11:50:56 2025] >> SAMPLE[ 4598] lifetime[146 weeks], average[148.89]
[Tue Dec  2 11:50:57 2025] >> SAMPLE[ 4599] lifetime[131 weeks], average[148.89]
[Tue Dec  2 11:50:59 2025] >> Generating new alpha
[Tue Dec  2 11:51:00 2025] >> SAMPLE[ 4600] lifetime[148 weeks], average[148.89]
[Tue Dec  2 11:51:01 2025] >> SAMPLE[ 4601] lifetime[149 weeks], average[148.89]
[Tue Dec  2 11:51:02 2025] >> SAMPLE[ 4602] lifetime[160 weeks], average[148.89]
[Tue Dec  2 11:51:02 2025] >> SAMPLE[ 4603] lifetime[156 weeks], average[148.89]
[Tue Dec  2 11:51:03 2025] >> SAMPLE[ 4604] lifetime[136 weeks], average[148.89]
[Tue Dec  2 11:51:04 2025] >> SAMPLE[ 4605] lifetime[155 weeks], average[148.89]
[Tue Dec  2 11:51:04 2025] >> SAMPLE[ 4606] lifetime[147 weeks], average[148.89]
[Tue Dec  2 11:51:05 2025] >> SAMPLE[ 4607] lifetime[117 weeks], average[148.88]
[Tue Dec  2 11:51:05 2025] >> SAMPLE[ 4608] lifetime[130 weeks], average[148.88]
[Tue Dec  2 11:51:06 2025] >> SAMPLE[ 4609] lifetime[112 weeks], average[148.87]
[Tue Dec  2 11:51:06 2025] >> SAMPLE[ 4610] lifetime[127 weeks], average[148.87]
[Tue Dec  2 11:51:07 2025] >> SAMPLE[ 4611] lifetime[147 weeks], average[148.87]
[Tue Dec  2 11:51:08 2025] >> SAMPLE[ 4612] lifetime[110 weeks], average[148.86]
[Tue Dec  2 11:51:08 2025] >> SAMPLE[ 4613] lifetime[136 weeks], average[148.86]
[Tue Dec  2 11:51:09 2025] >> SAMPLE[ 4614] lifetime[184 weeks], average[148.86]
[Tue Dec  2 11:51:10 2025] >> SAMPLE[ 4615] lifetime[162 weeks], average[148.87]
[Tue Dec  2 11:51:11 2025] >> SAMPLE[ 4616] lifetime[161 weeks], average[148.87]
[Tue Dec  2 11:51:11 2025] >> SAMPLE[ 4617] lifetime[166 weeks], average[148.87]
[Tue Dec  2 11:51:12 2025] >> SAMPLE[ 4618] lifetime[174 weeks], average[148.88]
[Tue Dec  2 11:51:13 2025] >> SAMPLE[ 4619] lifetime[121 weeks], average[148.87]
[Tue Dec  2 11:51:13 2025] >> SAMPLE[ 4620] lifetime[128 weeks], average[148.87]
[Tue Dec  2 11:51:14 2025] >> SAMPLE[ 4621] lifetime[166 weeks], average[148.87]
[Tue Dec  2 11:51:15 2025] >> SAMPLE[ 4622] lifetime[ 97 weeks], average[148.86]
[Tue Dec  2 11:51:15 2025] >> SAMPLE[ 4623] lifetime[139 weeks], average[148.86]
[Tue Dec  2 11:51:16 2025] >> SAMPLE[ 4624] lifetime[166 weeks], average[148.86]
[Tue Dec  2 11:51:17 2025] >> SAMPLE[ 4625] lifetime[162 weeks], average[148.86]
[Tue Dec  2 11:51:18 2025] >> SAMPLE[ 4626] lifetime[190 weeks], average[148.87]
[Tue Dec  2 11:51:18 2025] >> SAMPLE[ 4627] lifetime[127 weeks], average[148.87]
[Tue Dec  2 11:51:19 2025] >> SAMPLE[ 4628] lifetime[147 weeks], average[148.87]
[Tue Dec  2 11:51:20 2025] >> SAMPLE[ 4629] lifetime[119 weeks], average[148.86]
[Tue Dec  2 11:51:20 2025] >> SAMPLE[ 4630] lifetime[162 weeks], average[148.86]
[Tue Dec  2 11:51:21 2025] >> SAMPLE[ 4631] lifetime[168 weeks], average[148.87]
[Tue Dec  2 11:51:22 2025] >> SAMPLE[ 4632] lifetime[168 weeks], average[148.87]
[Tue Dec  2 11:51:23 2025] >> SAMPLE[ 4633] lifetime[145 weeks], average[148.87]
[Tue Dec  2 11:51:24 2025] >> SAMPLE[ 4634] lifetime[187 weeks], average[148.88]
[Tue Dec  2 11:51:24 2025] >> SAMPLE[ 4635] lifetime[145 weeks], average[148.88]
[Tue Dec  2 11:51:25 2025] >> SAMPLE[ 4636] lifetime[166 weeks], average[148.88]
[Tue Dec  2 11:51:25 2025] >> SAMPLE[ 4637] lifetime[113 weeks], average[148.87]
[Tue Dec  2 11:51:26 2025] >> SAMPLE[ 4638] lifetime[168 weeks], average[148.88]
[Tue Dec  2 11:51:27 2025] >> SAMPLE[ 4639] lifetime[159 weeks], average[148.88]
[Tue Dec  2 11:51:28 2025] >> SAMPLE[ 4640] lifetime[136 weeks], average[148.88]
[Tue Dec  2 11:51:28 2025] >> SAMPLE[ 4641] lifetime[173 weeks], average[148.88]
[Tue Dec  2 11:51:29 2025] >> SAMPLE[ 4642] lifetime[131 weeks], average[148.88]
[Tue Dec  2 11:51:30 2025] >> SAMPLE[ 4643] lifetime[164 weeks], average[148.88]
[Tue Dec  2 11:51:30 2025] >> SAMPLE[ 4644] lifetime[151 weeks], average[148.88]
[Tue Dec  2 11:51:31 2025] >> SAMPLE[ 4645] lifetime[112 weeks], average[148.88]
[Tue Dec  2 11:51:32 2025] >> SAMPLE[ 4646] lifetime[156 weeks], average[148.88]
[Tue Dec  2 11:51:32 2025] >> SAMPLE[ 4647] lifetime[102 weeks], average[148.87]
[Tue Dec  2 11:51:33 2025] >> SAMPLE[ 4648] lifetime[152 weeks], average[148.87]
[Tue Dec  2 11:51:33 2025] >> SAMPLE[ 4649] lifetime[116 weeks], average[148.86]
[Tue Dec  2 11:51:34 2025] >> SAMPLE[ 4650] lifetime[135 weeks], average[148.86]
[Tue Dec  2 11:51:35 2025] >> SAMPLE[ 4651] lifetime[176 weeks], average[148.86]
[Tue Dec  2 11:51:35 2025] >> SAMPLE[ 4652] lifetime[138 weeks], average[148.86]
[Tue Dec  2 11:51:36 2025] >> SAMPLE[ 4653] lifetime[172 weeks], average[148.87]
[Tue Dec  2 11:51:37 2025] >> SAMPLE[ 4654] lifetime[136 weeks], average[148.86]
[Tue Dec  2 11:51:37 2025] >> SAMPLE[ 4655] lifetime[120 weeks], average[148.86]
[Tue Dec  2 11:51:38 2025] >> SAMPLE[ 4656] lifetime[139 weeks], average[148.86]
[Tue Dec  2 11:51:39 2025] >> SAMPLE[ 4657] lifetime[177 weeks], average[148.86]
[Tue Dec  2 11:51:39 2025] >> SAMPLE[ 4658] lifetime[141 weeks], average[148.86]
[Tue Dec  2 11:51:40 2025] >> SAMPLE[ 4659] lifetime[124 weeks], average[148.85]
[Tue Dec  2 11:51:41 2025] >> SAMPLE[ 4660] lifetime[175 weeks], average[148.86]
[Tue Dec  2 11:51:41 2025] >> SAMPLE[ 4661] lifetime[126 weeks], average[148.85]
[Tue Dec  2 11:51:42 2025] >> SAMPLE[ 4662] lifetime[139 weeks], average[148.85]
[Tue Dec  2 11:51:43 2025] >> SAMPLE[ 4663] lifetime[177 weeks], average[148.86]
[Tue Dec  2 11:51:43 2025] >> SAMPLE[ 4664] lifetime[113 weeks], average[148.85]
[Tue Dec  2 11:51:44 2025] >> SAMPLE[ 4665] lifetime[130 weeks], average[148.85]
[Tue Dec  2 11:51:44 2025] >> SAMPLE[ 4666] lifetime[146 weeks], average[148.85]
[Tue Dec  2 11:51:45 2025] >> SAMPLE[ 4667] lifetime[166 weeks], average[148.85]
[Tue Dec  2 11:51:46 2025] >> SAMPLE[ 4668] lifetime[127 weeks], average[148.85]
[Tue Dec  2 11:51:46 2025] >> SAMPLE[ 4669] lifetime[ 86 weeks], average[148.83]
[Tue Dec  2 11:51:47 2025] >> SAMPLE[ 4670] lifetime[162 weeks], average[148.83]
[Tue Dec  2 11:51:48 2025] >> SAMPLE[ 4671] lifetime[128 weeks], average[148.83]
[Tue Dec  2 11:51:48 2025] >> SAMPLE[ 4672] lifetime[ 99 weeks], average[148.82]
[Tue Dec  2 11:51:49 2025] >> SAMPLE[ 4673] lifetime[205 weeks], average[148.83]
[Tue Dec  2 11:51:50 2025] >> SAMPLE[ 4674] lifetime[158 weeks], average[148.83]
[Tue Dec  2 11:51:50 2025] >> SAMPLE[ 4675] lifetime[115 weeks], average[148.83]
[Tue Dec  2 11:51:51 2025] >> SAMPLE[ 4676] lifetime[128 weeks], average[148.82]
[Tue Dec  2 11:51:52 2025] >> SAMPLE[ 4677] lifetime[180 weeks], average[148.83]
[Tue Dec  2 11:51:53 2025] >> SAMPLE[ 4678] lifetime[226 weeks], average[148.85]
[Tue Dec  2 11:51:54 2025] >> SAMPLE[ 4679] lifetime[171 weeks], average[148.85]
[Tue Dec  2 11:51:54 2025] >> SAMPLE[ 4680] lifetime[176 weeks], average[148.86]
[Tue Dec  2 11:51:55 2025] >> SAMPLE[ 4681] lifetime[161 weeks], average[148.86]
[Tue Dec  2 11:51:56 2025] >> SAMPLE[ 4682] lifetime[152 weeks], average[148.86]
[Tue Dec  2 11:51:56 2025] >> SAMPLE[ 4683] lifetime[144 weeks], average[148.86]
[Tue Dec  2 11:51:57 2025] >> SAMPLE[ 4684] lifetime[151 weeks], average[148.86]
[Tue Dec  2 11:51:58 2025] >> SAMPLE[ 4685] lifetime[122 weeks], average[148.85]
[Tue Dec  2 11:51:59 2025] >> SAMPLE[ 4686] lifetime[191 weeks], average[148.86]
[Tue Dec  2 11:51:59 2025] >> SAMPLE[ 4687] lifetime[150 weeks], average[148.86]
[Tue Dec  2 11:52:00 2025] >> SAMPLE[ 4688] lifetime[205 weeks], average[148.87]
[Tue Dec  2 11:52:01 2025] >> SAMPLE[ 4689] lifetime[159 weeks], average[148.88]
[Tue Dec  2 11:52:02 2025] >> SAMPLE[ 4690] lifetime[122 weeks], average[148.87]
[Tue Dec  2 11:52:03 2025] >> SAMPLE[ 4691] lifetime[203 weeks], average[148.88]
[Tue Dec  2 11:52:03 2025] >> SAMPLE[ 4692] lifetime[102 weeks], average[148.87]
[Tue Dec  2 11:52:03 2025] >> SAMPLE[ 4693] lifetime[ 95 weeks], average[148.86]
[Tue Dec  2 11:52:04 2025] >> SAMPLE[ 4694] lifetime[141 weeks], average[148.86]
[Tue Dec  2 11:52:05 2025] >> SAMPLE[ 4695] lifetime[118 weeks], average[148.85]
[Tue Dec  2 11:52:05 2025] >> SAMPLE[ 4696] lifetime[110 weeks], average[148.84]
[Tue Dec  2 11:52:06 2025] >> SAMPLE[ 4697] lifetime[142 weeks], average[148.84]
[Tue Dec  2 11:52:07 2025] >> SAMPLE[ 4698] lifetime[193 weeks], average[148.85]
[Tue Dec  2 11:52:07 2025] >> SAMPLE[ 4699] lifetime[151 weeks], average[148.85]
[Tue Dec  2 11:52:10 2025] >> Generating new alpha
[Tue Dec  2 11:52:11 2025] >> SAMPLE[ 4700] lifetime[150 weeks], average[148.85]
[Tue Dec  2 11:52:12 2025] >> SAMPLE[ 4701] lifetime[152 weeks], average[148.85]
[Tue Dec  2 11:52:12 2025] >> SAMPLE[ 4702] lifetime[136 weeks], average[148.85]
[Tue Dec  2 11:52:13 2025] >> SAMPLE[ 4703] lifetime[121 weeks], average[148.84]
[Tue Dec  2 11:52:13 2025] >> SAMPLE[ 4704] lifetime[132 weeks], average[148.84]
[Tue Dec  2 11:52:14 2025] >> SAMPLE[ 4705] lifetime[131 weeks], average[148.84]
[Tue Dec  2 11:52:15 2025] >> SAMPLE[ 4706] lifetime[143 weeks], average[148.84]
[Tue Dec  2 11:52:15 2025] >> SAMPLE[ 4707] lifetime[133 weeks], average[148.83]
[Tue Dec  2 11:52:16 2025] >> SAMPLE[ 4708] lifetime[151 weeks], average[148.83]
[Tue Dec  2 11:52:17 2025] >> SAMPLE[ 4709] lifetime[146 weeks], average[148.83]
[Tue Dec  2 11:52:17 2025] >> SAMPLE[ 4710] lifetime[145 weeks], average[148.83]
[Tue Dec  2 11:52:18 2025] >> SAMPLE[ 4711] lifetime[133 weeks], average[148.83]
[Tue Dec  2 11:52:18 2025] >> SAMPLE[ 4712] lifetime[132 weeks], average[148.82]
[Tue Dec  2 11:52:19 2025] >> SAMPLE[ 4713] lifetime[127 weeks], average[148.82]
[Tue Dec  2 11:52:20 2025] >> SAMPLE[ 4714] lifetime[149 weeks], average[148.82]
[Tue Dec  2 11:52:20 2025] >> SAMPLE[ 4715] lifetime[153 weeks], average[148.82]
[Tue Dec  2 11:52:21 2025] >> SAMPLE[ 4716] lifetime[106 weeks], average[148.81]
[Tue Dec  2 11:52:22 2025] >> SAMPLE[ 4717] lifetime[186 weeks], average[148.82]
[Tue Dec  2 11:52:22 2025] >> SAMPLE[ 4718] lifetime[117 weeks], average[148.81]
[Tue Dec  2 11:52:23 2025] >> SAMPLE[ 4719] lifetime[115 weeks], average[148.81]
[Tue Dec  2 11:52:24 2025] >> SAMPLE[ 4720] lifetime[159 weeks], average[148.81]
[Tue Dec  2 11:52:24 2025] >> SAMPLE[ 4721] lifetime[174 weeks], average[148.81]
[Tue Dec  2 11:52:25 2025] >> SAMPLE[ 4722] lifetime[115 weeks], average[148.81]
[Tue Dec  2 11:52:26 2025] >> SAMPLE[ 4723] lifetime[147 weeks], average[148.81]
[Tue Dec  2 11:52:26 2025] >> SAMPLE[ 4724] lifetime[112 weeks], average[148.80]
[Tue Dec  2 11:52:27 2025] >> SAMPLE[ 4725] lifetime[128 weeks], average[148.79]
[Tue Dec  2 11:52:27 2025] >> SAMPLE[ 4726] lifetime[165 weeks], average[148.80]
[Tue Dec  2 11:52:28 2025] >> SAMPLE[ 4727] lifetime[135 weeks], average[148.79]
[Tue Dec  2 11:52:29 2025] >> SAMPLE[ 4728] lifetime[169 weeks], average[148.80]
[Tue Dec  2 11:52:30 2025] >> SAMPLE[ 4729] lifetime[184 weeks], average[148.81]
[Tue Dec  2 11:52:30 2025] >> SAMPLE[ 4730] lifetime[160 weeks], average[148.81]
[Tue Dec  2 11:52:31 2025] >> SAMPLE[ 4731] lifetime[162 weeks], average[148.81]
[Tue Dec  2 11:52:32 2025] >> SAMPLE[ 4732] lifetime[147 weeks], average[148.81]
[Tue Dec  2 11:52:33 2025] >> SAMPLE[ 4733] lifetime[163 weeks], average[148.81]
[Tue Dec  2 11:52:33 2025] >> SAMPLE[ 4734] lifetime[169 weeks], average[148.82]
[Tue Dec  2 11:52:34 2025] >> SAMPLE[ 4735] lifetime[156 weeks], average[148.82]
[Tue Dec  2 11:52:35 2025] >> SAMPLE[ 4736] lifetime[193 weeks], average[148.83]
[Tue Dec  2 11:52:36 2025] >> SAMPLE[ 4737] lifetime[123 weeks], average[148.82]
[Tue Dec  2 11:52:36 2025] >> SAMPLE[ 4738] lifetime[142 weeks], average[148.82]
[Tue Dec  2 11:52:37 2025] >> SAMPLE[ 4739] lifetime[135 weeks], average[148.82]
[Tue Dec  2 11:52:38 2025] >> SAMPLE[ 4740] lifetime[149 weeks], average[148.82]
[Tue Dec  2 11:52:38 2025] >> SAMPLE[ 4741] lifetime[130 weeks], average[148.81]
[Tue Dec  2 11:52:39 2025] >> SAMPLE[ 4742] lifetime[139 weeks], average[148.81]
[Tue Dec  2 11:52:39 2025] >> SAMPLE[ 4743] lifetime[114 weeks], average[148.81]
[Tue Dec  2 11:52:40 2025] >> SAMPLE[ 4744] lifetime[128 weeks], average[148.80]
[Tue Dec  2 11:52:41 2025] >> SAMPLE[ 4745] lifetime[165 weeks], average[148.80]
[Tue Dec  2 11:52:41 2025] >> SAMPLE[ 4746] lifetime[129 weeks], average[148.80]
[Tue Dec  2 11:52:42 2025] >> SAMPLE[ 4747] lifetime[128 weeks], average[148.80]
[Tue Dec  2 11:52:42 2025] >> SAMPLE[ 4748] lifetime[148 weeks], average[148.80]
[Tue Dec  2 11:52:43 2025] >> SAMPLE[ 4749] lifetime[186 weeks], average[148.80]
[Tue Dec  2 11:52:44 2025] >> SAMPLE[ 4750] lifetime[201 weeks], average[148.81]
[Tue Dec  2 11:52:45 2025] >> SAMPLE[ 4751] lifetime[144 weeks], average[148.81]
[Tue Dec  2 11:52:46 2025] >> SAMPLE[ 4752] lifetime[153 weeks], average[148.81]
[Tue Dec  2 11:52:46 2025] >> SAMPLE[ 4753] lifetime[153 weeks], average[148.82]
[Tue Dec  2 11:52:47 2025] >> SAMPLE[ 4754] lifetime[138 weeks], average[148.81]
[Tue Dec  2 11:52:48 2025] >> SAMPLE[ 4755] lifetime[141 weeks], average[148.81]
[Tue Dec  2 11:52:48 2025] >> SAMPLE[ 4756] lifetime[161 weeks], average[148.81]
[Tue Dec  2 11:52:49 2025] >> SAMPLE[ 4757] lifetime[116 weeks], average[148.81]
[Tue Dec  2 11:52:50 2025] >> SAMPLE[ 4758] lifetime[152 weeks], average[148.81]
[Tue Dec  2 11:52:50 2025] >> SAMPLE[ 4759] lifetime[139 weeks], average[148.81]
[Tue Dec  2 11:52:51 2025] >> SAMPLE[ 4760] lifetime[189 weeks], average[148.81]
[Tue Dec  2 11:52:52 2025] >> SAMPLE[ 4761] lifetime[189 weeks], average[148.82]
[Tue Dec  2 11:52:53 2025] >> SAMPLE[ 4762] lifetime[176 weeks], average[148.83]
[Tue Dec  2 11:52:53 2025] >> SAMPLE[ 4763] lifetime[125 weeks], average[148.82]
[Tue Dec  2 11:52:54 2025] >> SAMPLE[ 4764] lifetime[181 weeks], average[148.83]
[Tue Dec  2 11:52:55 2025] >> SAMPLE[ 4765] lifetime[144 weeks], average[148.83]
[Tue Dec  2 11:52:56 2025] >> SAMPLE[ 4766] lifetime[176 weeks], average[148.83]
[Tue Dec  2 11:52:56 2025] >> SAMPLE[ 4767] lifetime[145 weeks], average[148.83]
[Tue Dec  2 11:52:57 2025] >> SAMPLE[ 4768] lifetime[142 weeks], average[148.83]
[Tue Dec  2 11:52:58 2025] >> SAMPLE[ 4769] lifetime[167 weeks], average[148.84]
[Tue Dec  2 11:52:59 2025] >> SAMPLE[ 4770] lifetime[196 weeks], average[148.85]
[Tue Dec  2 11:52:59 2025] >> SAMPLE[ 4771] lifetime[135 weeks], average[148.84]
[Tue Dec  2 11:53:00 2025] >> SAMPLE[ 4772] lifetime[171 weeks], average[148.85]
[Tue Dec  2 11:53:01 2025] >> SAMPLE[ 4773] lifetime[119 weeks], average[148.84]
[Tue Dec  2 11:53:01 2025] >> SAMPLE[ 4774] lifetime[133 weeks], average[148.84]
[Tue Dec  2 11:53:02 2025] >> SAMPLE[ 4775] lifetime[171 weeks], average[148.84]
[Tue Dec  2 11:53:03 2025] >> SAMPLE[ 4776] lifetime[161 weeks], average[148.85]
[Tue Dec  2 11:53:04 2025] >> SAMPLE[ 4777] lifetime[155 weeks], average[148.85]
[Tue Dec  2 11:53:04 2025] >> SAMPLE[ 4778] lifetime[180 weeks], average[148.85]
[Tue Dec  2 11:53:05 2025] >> SAMPLE[ 4779] lifetime[196 weeks], average[148.86]
[Tue Dec  2 11:53:06 2025] >> SAMPLE[ 4780] lifetime[148 weeks], average[148.86]
[Tue Dec  2 11:53:07 2025] >> SAMPLE[ 4781] lifetime[160 weeks], average[148.87]
[Tue Dec  2 11:53:07 2025] >> SAMPLE[ 4782] lifetime[136 weeks], average[148.86]
[Tue Dec  2 11:53:08 2025] >> SAMPLE[ 4783] lifetime[170 weeks], average[148.87]
[Tue Dec  2 11:53:09 2025] >> SAMPLE[ 4784] lifetime[132 weeks], average[148.86]
[Tue Dec  2 11:53:10 2025] >> SAMPLE[ 4785] lifetime[154 weeks], average[148.86]
[Tue Dec  2 11:53:10 2025] >> SAMPLE[ 4786] lifetime[118 weeks], average[148.86]
[Tue Dec  2 11:53:11 2025] >> SAMPLE[ 4787] lifetime[135 weeks], average[148.86]
[Tue Dec  2 11:53:12 2025] >> SAMPLE[ 4788] lifetime[177 weeks], average[148.86]
[Tue Dec  2 11:53:12 2025] >> SAMPLE[ 4789] lifetime[132 weeks], average[148.86]
[Tue Dec  2 11:53:13 2025] >> SAMPLE[ 4790] lifetime[159 weeks], average[148.86]
[Tue Dec  2 11:53:14 2025] >> SAMPLE[ 4791] lifetime[176 weeks], average[148.87]
[Tue Dec  2 11:53:15 2025] >> SAMPLE[ 4792] lifetime[175 weeks], average[148.87]
[Tue Dec  2 11:53:15 2025] >> SAMPLE[ 4793] lifetime[ 96 weeks], average[148.86]
[Tue Dec  2 11:53:16 2025] >> SAMPLE[ 4794] lifetime[157 weeks], average[148.86]
[Tue Dec  2 11:53:16 2025] >> SAMPLE[ 4795] lifetime[158 weeks], average[148.86]
[Tue Dec  2 11:53:17 2025] >> SAMPLE[ 4796] lifetime[162 weeks], average[148.87]
[Tue Dec  2 11:53:18 2025] >> SAMPLE[ 4797] lifetime[170 weeks], average[148.87]
[Tue Dec  2 11:53:19 2025] >> SAMPLE[ 4798] lifetime[159 weeks], average[148.87]
[Tue Dec  2 11:53:20 2025] >> SAMPLE[ 4799] lifetime[159 weeks], average[148.87]
[Tue Dec  2 11:53:22 2025] >> Generating new alpha
[Tue Dec  2 11:53:23 2025] >> SAMPLE[ 4800] lifetime[100 weeks], average[148.86]
[Tue Dec  2 11:53:24 2025] >> SAMPLE[ 4801] lifetime[172 weeks], average[148.87]
[Tue Dec  2 11:53:24 2025] >> SAMPLE[ 4802] lifetime[133 weeks], average[148.87]
[Tue Dec  2 11:53:25 2025] >> SAMPLE[ 4803] lifetime[157 weeks], average[148.87]
[Tue Dec  2 11:53:25 2025] >> SAMPLE[ 4804] lifetime[118 weeks], average[148.86]
[Tue Dec  2 11:53:26 2025] >> SAMPLE[ 4805] lifetime[100 weeks], average[148.85]
[Tue Dec  2 11:53:27 2025] >> SAMPLE[ 4806] lifetime[162 weeks], average[148.85]
[Tue Dec  2 11:53:27 2025] >> SAMPLE[ 4807] lifetime[122 weeks], average[148.85]
[Tue Dec  2 11:53:28 2025] >> SAMPLE[ 4808] lifetime[127 weeks], average[148.84]
[Tue Dec  2 11:53:28 2025] >> SAMPLE[ 4809] lifetime[119 weeks], average[148.84]
[Tue Dec  2 11:53:29 2025] >> SAMPLE[ 4810] lifetime[202 weeks], average[148.85]
[Tue Dec  2 11:53:30 2025] >> SAMPLE[ 4811] lifetime[125 weeks], average[148.84]
[Tue Dec  2 11:53:31 2025] >> SAMPLE[ 4812] lifetime[160 weeks], average[148.85]
[Tue Dec  2 11:53:31 2025] >> SAMPLE[ 4813] lifetime[125 weeks], average[148.84]
[Tue Dec  2 11:53:32 2025] >> SAMPLE[ 4814] lifetime[165 weeks], average[148.84]
[Tue Dec  2 11:53:33 2025] >> SAMPLE[ 4815] lifetime[198 weeks], average[148.85]
[Tue Dec  2 11:53:34 2025] >> SAMPLE[ 4816] lifetime[132 weeks], average[148.85]
[Tue Dec  2 11:53:34 2025] >> SAMPLE[ 4817] lifetime[142 weeks], average[148.85]
[Tue Dec  2 11:53:35 2025] >> SAMPLE[ 4818] lifetime[166 weeks], average[148.85]
[Tue Dec  2 11:53:36 2025] >> SAMPLE[ 4819] lifetime[122 weeks], average[148.85]
[Tue Dec  2 11:53:36 2025] >> SAMPLE[ 4820] lifetime[162 weeks], average[148.85]
[Tue Dec  2 11:53:37 2025] >> SAMPLE[ 4821] lifetime[155 weeks], average[148.85]
[Tue Dec  2 11:53:38 2025] >> SAMPLE[ 4822] lifetime[145 weeks], average[148.85]
[Tue Dec  2 11:53:39 2025] >> SAMPLE[ 4823] lifetime[192 weeks], average[148.86]
[Tue Dec  2 11:53:40 2025] >> SAMPLE[ 4824] lifetime[194 weeks], average[148.87]
[Tue Dec  2 11:53:40 2025] >> SAMPLE[ 4825] lifetime[155 weeks], average[148.87]
[Tue Dec  2 11:53:41 2025] >> SAMPLE[ 4826] lifetime[113 weeks], average[148.86]
[Tue Dec  2 11:53:41 2025] >> SAMPLE[ 4827] lifetime[114 weeks], average[148.86]
[Tue Dec  2 11:53:42 2025] >> SAMPLE[ 4828] lifetime[124 weeks], average[148.85]
[Tue Dec  2 11:53:43 2025] >> SAMPLE[ 4829] lifetime[163 weeks], average[148.85]
[Tue Dec  2 11:53:44 2025] >> SAMPLE[ 4830] lifetime[184 weeks], average[148.86]
[Tue Dec  2 11:53:44 2025] >> SAMPLE[ 4831] lifetime[128 weeks], average[148.86]
[Tue Dec  2 11:53:45 2025] >> SAMPLE[ 4832] lifetime[191 weeks], average[148.87]
[Tue Dec  2 11:53:46 2025] >> SAMPLE[ 4833] lifetime[129 weeks], average[148.86]
[Tue Dec  2 11:53:46 2025] >> SAMPLE[ 4834] lifetime[146 weeks], average[148.86]
[Tue Dec  2 11:53:47 2025] >> SAMPLE[ 4835] lifetime[138 weeks], average[148.86]
[Tue Dec  2 11:53:48 2025] >> SAMPLE[ 4836] lifetime[134 weeks], average[148.86]
[Tue Dec  2 11:53:48 2025] >> SAMPLE[ 4837] lifetime[159 weeks], average[148.86]
[Tue Dec  2 11:53:49 2025] >> SAMPLE[ 4838] lifetime[160 weeks], average[148.86]
[Tue Dec  2 11:53:50 2025] >> SAMPLE[ 4839] lifetime[134 weeks], average[148.86]
[Tue Dec  2 11:53:50 2025] >> SAMPLE[ 4840] lifetime[140 weeks], average[148.85]
[Tue Dec  2 11:53:51 2025] >> SAMPLE[ 4841] lifetime[159 weeks], average[148.86]
[Tue Dec  2 11:53:52 2025] >> SAMPLE[ 4842] lifetime[147 weeks], average[148.86]
[Tue Dec  2 11:53:52 2025] >> SAMPLE[ 4843] lifetime[136 weeks], average[148.85]
[Tue Dec  2 11:53:53 2025] >> SAMPLE[ 4844] lifetime[119 weeks], average[148.85]
[Tue Dec  2 11:53:53 2025] >> SAMPLE[ 4845] lifetime[119 weeks], average[148.84]
[Tue Dec  2 11:53:54 2025] >> SAMPLE[ 4846] lifetime[119 weeks], average[148.84]
[Tue Dec  2 11:53:54 2025] >> SAMPLE[ 4847] lifetime[129 weeks], average[148.83]
[Tue Dec  2 11:53:55 2025] >> SAMPLE[ 4848] lifetime[172 weeks], average[148.84]
[Tue Dec  2 11:53:56 2025] >> SAMPLE[ 4849] lifetime[175 weeks], average[148.84]
[Tue Dec  2 11:53:57 2025] >> SAMPLE[ 4850] lifetime[116 weeks], average[148.83]
[Tue Dec  2 11:53:57 2025] >> SAMPLE[ 4851] lifetime[134 weeks], average[148.83]
[Tue Dec  2 11:53:58 2025] >> SAMPLE[ 4852] lifetime[159 weeks], average[148.83]
[Tue Dec  2 11:53:59 2025] >> SAMPLE[ 4853] lifetime[194 weeks], average[148.84]
[Tue Dec  2 11:54:00 2025] >> SAMPLE[ 4854] lifetime[148 weeks], average[148.84]
[Tue Dec  2 11:54:00 2025] >> SAMPLE[ 4855] lifetime[143 weeks], average[148.84]
[Tue Dec  2 11:54:01 2025] >> SAMPLE[ 4856] lifetime[207 weeks], average[148.85]
[Tue Dec  2 11:54:02 2025] >> SAMPLE[ 4857] lifetime[170 weeks], average[148.86]
[Tue Dec  2 11:54:03 2025] >> SAMPLE[ 4858] lifetime[132 weeks], average[148.85]
[Tue Dec  2 11:54:04 2025] >> SAMPLE[ 4859] lifetime[184 weeks], average[148.86]
[Tue Dec  2 11:54:04 2025] >> SAMPLE[ 4860] lifetime[122 weeks], average[148.86]
[Tue Dec  2 11:54:05 2025] >> SAMPLE[ 4861] lifetime[195 weeks], average[148.87]
[Tue Dec  2 11:54:06 2025] >> SAMPLE[ 4862] lifetime[172 weeks], average[148.87]
[Tue Dec  2 11:54:06 2025] >> SAMPLE[ 4863] lifetime[104 weeks], average[148.86]
[Tue Dec  2 11:54:07 2025] >> SAMPLE[ 4864] lifetime[165 weeks], average[148.86]
[Tue Dec  2 11:54:08 2025] >> SAMPLE[ 4865] lifetime[129 weeks], average[148.86]
[Tue Dec  2 11:54:08 2025] >> SAMPLE[ 4866] lifetime[143 weeks], average[148.86]
[Tue Dec  2 11:54:09 2025] >> SAMPLE[ 4867] lifetime[153 weeks], average[148.86]
[Tue Dec  2 11:54:10 2025] >> SAMPLE[ 4868] lifetime[190 weeks], average[148.87]
[Tue Dec  2 11:54:11 2025] >> SAMPLE[ 4869] lifetime[146 weeks], average[148.87]
[Tue Dec  2 11:54:11 2025] >> SAMPLE[ 4870] lifetime[160 weeks], average[148.87]
[Tue Dec  2 11:54:12 2025] >> SAMPLE[ 4871] lifetime[104 weeks], average[148.86]
[Tue Dec  2 11:54:12 2025] >> SAMPLE[ 4872] lifetime[124 weeks], average[148.86]
[Tue Dec  2 11:54:13 2025] >> SAMPLE[ 4873] lifetime[136 weeks], average[148.85]
[Tue Dec  2 11:54:14 2025] >> SAMPLE[ 4874] lifetime[155 weeks], average[148.85]
[Tue Dec  2 11:54:14 2025] >> SAMPLE[ 4875] lifetime[143 weeks], average[148.85]
[Tue Dec  2 11:54:15 2025] >> SAMPLE[ 4876] lifetime[148 weeks], average[148.85]
[Tue Dec  2 11:54:16 2025] >> SAMPLE[ 4877] lifetime[140 weeks], average[148.85]
[Tue Dec  2 11:54:16 2025] >> SAMPLE[ 4878] lifetime[130 weeks], average[148.85]
[Tue Dec  2 11:54:17 2025] >> SAMPLE[ 4879] lifetime[142 weeks], average[148.85]
[Tue Dec  2 11:54:17 2025] >> SAMPLE[ 4880] lifetime[147 weeks], average[148.85]
[Tue Dec  2 11:54:18 2025] >> SAMPLE[ 4881] lifetime[151 weeks], average[148.85]
[Tue Dec  2 11:54:19 2025] >> SAMPLE[ 4882] lifetime[132 weeks], average[148.84]
[Tue Dec  2 11:54:19 2025] >> SAMPLE[ 4883] lifetime[123 weeks], average[148.84]
[Tue Dec  2 11:54:20 2025] >> SAMPLE[ 4884] lifetime[145 weeks], average[148.84]
[Tue Dec  2 11:54:21 2025] >> SAMPLE[ 4885] lifetime[121 weeks], average[148.83]
[Tue Dec  2 11:54:21 2025] >> SAMPLE[ 4886] lifetime[175 weeks], average[148.84]
[Tue Dec  2 11:54:22 2025] >> SAMPLE[ 4887] lifetime[167 weeks], average[148.84]
[Tue Dec  2 11:54:23 2025] >> SAMPLE[ 4888] lifetime[145 weeks], average[148.84]
[Tue Dec  2 11:54:24 2025] >> SAMPLE[ 4889] lifetime[172 weeks], average[148.84]
[Tue Dec  2 11:54:24 2025] >> SAMPLE[ 4890] lifetime[158 weeks], average[148.85]
[Tue Dec  2 11:54:25 2025] >> SAMPLE[ 4891] lifetime[141 weeks], average[148.84]
[Tue Dec  2 11:54:26 2025] >> SAMPLE[ 4892] lifetime[118 weeks], average[148.84]
[Tue Dec  2 11:54:26 2025] >> SAMPLE[ 4893] lifetime[140 weeks], average[148.84]
[Tue Dec  2 11:54:27 2025] >> SAMPLE[ 4894] lifetime[148 weeks], average[148.84]
[Tue Dec  2 11:54:28 2025] >> SAMPLE[ 4895] lifetime[137 weeks], average[148.83]
[Tue Dec  2 11:54:28 2025] >> SAMPLE[ 4896] lifetime[175 weeks], average[148.84]
[Tue Dec  2 11:54:29 2025] >> SAMPLE[ 4897] lifetime[118 weeks], average[148.83]
[Tue Dec  2 11:54:29 2025] >> SAMPLE[ 4898] lifetime[120 weeks], average[148.83]
[Tue Dec  2 11:54:30 2025] >> SAMPLE[ 4899] lifetime[182 weeks], average[148.83]
[Tue Dec  2 11:54:33 2025] >> Generating new alpha
[Tue Dec  2 11:54:34 2025] >> SAMPLE[ 4900] lifetime[183 weeks], average[148.84]
[Tue Dec  2 11:54:35 2025] >> SAMPLE[ 4901] lifetime[167 weeks], average[148.84]
[Tue Dec  2 11:54:35 2025] >> SAMPLE[ 4902] lifetime[113 weeks], average[148.84]
[Tue Dec  2 11:54:36 2025] >> SAMPLE[ 4903] lifetime[160 weeks], average[148.84]
[Tue Dec  2 11:54:36 2025] >> SAMPLE[ 4904] lifetime[110 weeks], average[148.83]
[Tue Dec  2 11:54:37 2025] >> SAMPLE[ 4905] lifetime[147 weeks], average[148.83]
[Tue Dec  2 11:54:38 2025] >> SAMPLE[ 4906] lifetime[162 weeks], average[148.83]
[Tue Dec  2 11:54:39 2025] >> SAMPLE[ 4907] lifetime[168 weeks], average[148.84]
[Tue Dec  2 11:54:39 2025] >> SAMPLE[ 4908] lifetime[181 weeks], average[148.84]
[Tue Dec  2 11:54:40 2025] >> SAMPLE[ 4909] lifetime[148 weeks], average[148.84]
[Tue Dec  2 11:54:41 2025] >> SAMPLE[ 4910] lifetime[133 weeks], average[148.84]
[Tue Dec  2 11:54:41 2025] >> SAMPLE[ 4911] lifetime[167 weeks], average[148.84]
[Tue Dec  2 11:54:42 2025] >> SAMPLE[ 4912] lifetime[101 weeks], average[148.83]
[Tue Dec  2 11:54:43 2025] >> SAMPLE[ 4913] lifetime[149 weeks], average[148.83]
[Tue Dec  2 11:54:43 2025] >> SAMPLE[ 4914] lifetime[181 weeks], average[148.84]
[Tue Dec  2 11:54:44 2025] >> SAMPLE[ 4915] lifetime[155 weeks], average[148.84]
[Tue Dec  2 11:54:45 2025] >> SAMPLE[ 4916] lifetime[173 weeks], average[148.85]
[Tue Dec  2 11:54:46 2025] >> SAMPLE[ 4917] lifetime[159 weeks], average[148.85]
[Tue Dec  2 11:54:47 2025] >> SAMPLE[ 4918] lifetime[168 weeks], average[148.85]
[Tue Dec  2 11:54:47 2025] >> SAMPLE[ 4919] lifetime[163 weeks], average[148.86]
[Tue Dec  2 11:54:48 2025] >> SAMPLE[ 4920] lifetime[153 weeks], average[148.86]
[Tue Dec  2 11:54:49 2025] >> SAMPLE[ 4921] lifetime[200 weeks], average[148.87]
[Tue Dec  2 11:54:50 2025] >> SAMPLE[ 4922] lifetime[126 weeks], average[148.86]
[Tue Dec  2 11:54:50 2025] >> SAMPLE[ 4923] lifetime[182 weeks], average[148.87]
[Tue Dec  2 11:54:51 2025] >> SAMPLE[ 4924] lifetime[130 weeks], average[148.87]
[Tue Dec  2 11:54:51 2025] >> SAMPLE[ 4925] lifetime[106 weeks], average[148.86]
[Tue Dec  2 11:54:52 2025] >> SAMPLE[ 4926] lifetime[157 weeks], average[148.86]
[Tue Dec  2 11:54:53 2025] >> SAMPLE[ 4927] lifetime[123 weeks], average[148.85]
[Tue Dec  2 11:54:53 2025] >> SAMPLE[ 4928] lifetime[171 weeks], average[148.86]
[Tue Dec  2 11:54:54 2025] >> SAMPLE[ 4929] lifetime[148 weeks], average[148.86]
[Tue Dec  2 11:54:55 2025] >> SAMPLE[ 4930] lifetime[125 weeks], average[148.85]
[Tue Dec  2 11:54:56 2025] >> SAMPLE[ 4931] lifetime[198 weeks], average[148.86]
[Tue Dec  2 11:54:57 2025] >> SAMPLE[ 4932] lifetime[200 weeks], average[148.87]
[Tue Dec  2 11:54:57 2025] >> SAMPLE[ 4933] lifetime[170 weeks], average[148.88]
[Tue Dec  2 11:54:58 2025] >> SAMPLE[ 4934] lifetime[187 weeks], average[148.89]
[Tue Dec  2 11:54:59 2025] >> SAMPLE[ 4935] lifetime[166 weeks], average[148.89]
[Tue Dec  2 11:55:00 2025] >> SAMPLE[ 4936] lifetime[177 weeks], average[148.89]
[Tue Dec  2 11:55:01 2025] >> SAMPLE[ 4937] lifetime[135 weeks], average[148.89]
[Tue Dec  2 11:55:01 2025] >> SAMPLE[ 4938] lifetime[177 weeks], average[148.90]
[Tue Dec  2 11:55:02 2025] >> SAMPLE[ 4939] lifetime[116 weeks], average[148.89]
[Tue Dec  2 11:55:03 2025] >> SAMPLE[ 4940] lifetime[152 weeks], average[148.89]
[Tue Dec  2 11:55:04 2025] >> SAMPLE[ 4941] lifetime[213 weeks], average[148.90]
[Tue Dec  2 11:55:04 2025] >> SAMPLE[ 4942] lifetime[139 weeks], average[148.90]
[Tue Dec  2 11:55:05 2025] >> SAMPLE[ 4943] lifetime[163 weeks], average[148.90]
[Tue Dec  2 11:55:06 2025] >> SAMPLE[ 4944] lifetime[149 weeks], average[148.90]
[Tue Dec  2 11:55:06 2025] >> SAMPLE[ 4945] lifetime[141 weeks], average[148.90]
[Tue Dec  2 11:55:07 2025] >> SAMPLE[ 4946] lifetime[139 weeks], average[148.90]
[Tue Dec  2 11:55:08 2025] >> SAMPLE[ 4947] lifetime[137 weeks], average[148.90]
[Tue Dec  2 11:55:08 2025] >> SAMPLE[ 4948] lifetime[136 weeks], average[148.90]
[Tue Dec  2 11:55:09 2025] >> SAMPLE[ 4949] lifetime[172 weeks], average[148.90]
[Tue Dec  2 11:55:10 2025] >> SAMPLE[ 4950] lifetime[154 weeks], average[148.90]
[Tue Dec  2 11:55:10 2025] >> SAMPLE[ 4951] lifetime[133 weeks], average[148.90]
[Tue Dec  2 11:55:11 2025] >> SAMPLE[ 4952] lifetime[104 weeks], average[148.89]
[Tue Dec  2 11:55:12 2025] >> SAMPLE[ 4953] lifetime[154 weeks], average[148.89]
[Tue Dec  2 11:55:12 2025] >> SAMPLE[ 4954] lifetime[160 weeks], average[148.89]
[Tue Dec  2 11:55:13 2025] >> SAMPLE[ 4955] lifetime[159 weeks], average[148.90]
[Tue Dec  2 11:55:14 2025] >> SAMPLE[ 4956] lifetime[163 weeks], average[148.90]
[Tue Dec  2 11:55:15 2025] >> SAMPLE[ 4957] lifetime[154 weeks], average[148.90]
[Tue Dec  2 11:55:15 2025] >> SAMPLE[ 4958] lifetime[140 weeks], average[148.90]
[Tue Dec  2 11:55:16 2025] >> SAMPLE[ 4959] lifetime[140 weeks], average[148.90]
[Tue Dec  2 11:55:17 2025] >> SAMPLE[ 4960] lifetime[150 weeks], average[148.90]
[Tue Dec  2 11:55:17 2025] >> SAMPLE[ 4961] lifetime[145 weeks], average[148.89]
[Tue Dec  2 11:55:18 2025] >> SAMPLE[ 4962] lifetime[130 weeks], average[148.89]
[Tue Dec  2 11:55:19 2025] >> SAMPLE[ 4963] lifetime[160 weeks], average[148.89]
[Tue Dec  2 11:55:19 2025] >> SAMPLE[ 4964] lifetime[111 weeks], average[148.89]
[Tue Dec  2 11:55:20 2025] >> SAMPLE[ 4965] lifetime[126 weeks], average[148.88]
[Tue Dec  2 11:55:20 2025] >> SAMPLE[ 4966] lifetime[147 weeks], average[148.88]
[Tue Dec  2 11:55:21 2025] >> SAMPLE[ 4967] lifetime[128 weeks], average[148.88]
[Tue Dec  2 11:55:21 2025] >> SAMPLE[ 4968] lifetime[131 weeks], average[148.87]
[Tue Dec  2 11:55:22 2025] >> SAMPLE[ 4969] lifetime[135 weeks], average[148.87]
[Tue Dec  2 11:55:23 2025] >> SAMPLE[ 4970] lifetime[129 weeks], average[148.87]
[Tue Dec  2 11:55:23 2025] >> SAMPLE[ 4971] lifetime[181 weeks], average[148.87]
[Tue Dec  2 11:55:24 2025] >> SAMPLE[ 4972] lifetime[172 weeks], average[148.88]
[Tue Dec  2 11:55:25 2025] >> SAMPLE[ 4973] lifetime[138 weeks], average[148.87]
[Tue Dec  2 11:55:26 2025] >> SAMPLE[ 4974] lifetime[139 weeks], average[148.87]
[Tue Dec  2 11:55:26 2025] >> SAMPLE[ 4975] lifetime[135 weeks], average[148.87]
[Tue Dec  2 11:55:27 2025] >> SAMPLE[ 4976] lifetime[177 weeks], average[148.88]
[Tue Dec  2 11:55:28 2025] >> SAMPLE[ 4977] lifetime[122 weeks], average[148.87]
[Tue Dec  2 11:55:28 2025] >> SAMPLE[ 4978] lifetime[163 weeks], average[148.87]
[Tue Dec  2 11:55:29 2025] >> SAMPLE[ 4979] lifetime[139 weeks], average[148.87]
[Tue Dec  2 11:55:30 2025] >> SAMPLE[ 4980] lifetime[142 weeks], average[148.87]
[Tue Dec  2 11:55:30 2025] >> SAMPLE[ 4981] lifetime[121 weeks], average[148.86]
[Tue Dec  2 11:55:31 2025] >> SAMPLE[ 4982] lifetime[179 weeks], average[148.87]
[Tue Dec  2 11:55:32 2025] >> SAMPLE[ 4983] lifetime[104 weeks], average[148.86]
[Tue Dec  2 11:55:32 2025] >> SAMPLE[ 4984] lifetime[128 weeks], average[148.86]
[Tue Dec  2 11:55:33 2025] >> SAMPLE[ 4985] lifetime[169 weeks], average[148.86]
[Tue Dec  2 11:55:34 2025] >> SAMPLE[ 4986] lifetime[175 weeks], average[148.87]
[Tue Dec  2 11:55:35 2025] >> SAMPLE[ 4987] lifetime[169 weeks], average[148.87]
[Tue Dec  2 11:55:35 2025] >> SAMPLE[ 4988] lifetime[192 weeks], average[148.88]
[Tue Dec  2 11:55:36 2025] >> SAMPLE[ 4989] lifetime[135 weeks], average[148.88]
[Tue Dec  2 11:55:37 2025] >> SAMPLE[ 4990] lifetime[196 weeks], average[148.89]
[Tue Dec  2 11:55:38 2025] >> SAMPLE[ 4991] lifetime[181 weeks], average[148.89]
[Tue Dec  2 11:55:38 2025] >> SAMPLE[ 4992] lifetime[141 weeks], average[148.89]
[Tue Dec  2 11:55:39 2025] >> SAMPLE[ 4993] lifetime[151 weeks], average[148.89]
[Tue Dec  2 11:55:40 2025] >> SAMPLE[ 4994] lifetime[146 weeks], average[148.89]
[Tue Dec  2 11:55:41 2025] >> SAMPLE[ 4995] lifetime[156 weeks], average[148.89]
[Tue Dec  2 11:55:41 2025] >> SAMPLE[ 4996] lifetime[125 weeks], average[148.89]
[Tue Dec  2 11:55:42 2025] >> SAMPLE[ 4997] lifetime[166 weeks], average[148.89]
[Tue Dec  2 11:55:43 2025] >> SAMPLE[ 4998] lifetime[155 weeks], average[148.89]
[Tue Dec  2 11:55:43 2025] >> SAMPLE[ 4999] lifetime[105 weeks], average[148.88]
[Tue Dec  2 11:55:46 2025] >> Generating new alpha
[Tue Dec  2 11:55:46 2025] >> SAMPLE[ 5000] lifetime[139 weeks], average[148.88]
[Tue Dec  2 11:55:47 2025] >> SAMPLE[ 5001] lifetime[182 weeks], average[148.89]
[Tue Dec  2 11:55:48 2025] >> SAMPLE[ 5002] lifetime[139 weeks], average[148.89]
[Tue Dec  2 11:55:48 2025] >> SAMPLE[ 5003] lifetime[124 weeks], average[148.88]
[Tue Dec  2 11:55:49 2025] >> SAMPLE[ 5004] lifetime[183 weeks], average[148.89]
[Tue Dec  2 11:55:50 2025] >> SAMPLE[ 5005] lifetime[147 weeks], average[148.89]
[Tue Dec  2 11:55:51 2025] >> SAMPLE[ 5006] lifetime[162 weeks], average[148.89]
[Tue Dec  2 11:55:52 2025] >> SAMPLE[ 5007] lifetime[164 weeks], average[148.89]
[Tue Dec  2 11:55:52 2025] >> SAMPLE[ 5008] lifetime[ 87 weeks], average[148.88]
[Tue Dec  2 11:55:53 2025] >> SAMPLE[ 5009] lifetime[166 weeks], average[148.88]
[Tue Dec  2 11:55:54 2025] >> SAMPLE[ 5010] lifetime[206 weeks], average[148.90]
[Tue Dec  2 11:55:54 2025] >> SAMPLE[ 5011] lifetime[122 weeks], average[148.89]
[Tue Dec  2 11:55:55 2025] >> SAMPLE[ 5012] lifetime[177 weeks], average[148.90]
[Tue Dec  2 11:55:56 2025] >> SAMPLE[ 5013] lifetime[154 weeks], average[148.90]
[Tue Dec  2 11:55:56 2025] >> SAMPLE[ 5014] lifetime[155 weeks], average[148.90]
[Tue Dec  2 11:55:57 2025] >> SAMPLE[ 5015] lifetime[151 weeks], average[148.90]
[Tue Dec  2 11:55:58 2025] >> SAMPLE[ 5016] lifetime[162 weeks], average[148.90]
[Tue Dec  2 11:55:59 2025] >> SAMPLE[ 5017] lifetime[139 weeks], average[148.90]
[Tue Dec  2 11:55:59 2025] >> SAMPLE[ 5018] lifetime[146 weeks], average[148.90]
[Tue Dec  2 11:56:00 2025] >> SAMPLE[ 5019] lifetime[190 weeks], average[148.91]
[Tue Dec  2 11:56:01 2025] >> SAMPLE[ 5020] lifetime[150 weeks], average[148.91]
[Tue Dec  2 11:56:02 2025] >> SAMPLE[ 5021] lifetime[180 weeks], average[148.91]
[Tue Dec  2 11:56:02 2025] >> SAMPLE[ 5022] lifetime[155 weeks], average[148.91]
[Tue Dec  2 11:56:03 2025] >> SAMPLE[ 5023] lifetime[129 weeks], average[148.91]
[Tue Dec  2 11:56:04 2025] >> SAMPLE[ 5024] lifetime[160 weeks], average[148.91]
[Tue Dec  2 11:56:04 2025] >> SAMPLE[ 5025] lifetime[131 weeks], average[148.91]
[Tue Dec  2 11:56:05 2025] >> SAMPLE[ 5026] lifetime[134 weeks], average[148.91]
[Tue Dec  2 11:56:05 2025] >> SAMPLE[ 5027] lifetime[ 99 weeks], average[148.90]
[Tue Dec  2 11:56:06 2025] >> SAMPLE[ 5028] lifetime[161 weeks], average[148.90]
[Tue Dec  2 11:56:07 2025] >> SAMPLE[ 5029] lifetime[151 weeks], average[148.90]
[Tue Dec  2 11:56:07 2025] >> SAMPLE[ 5030] lifetime[143 weeks], average[148.90]
[Tue Dec  2 11:56:08 2025] >> SAMPLE[ 5031] lifetime[160 weeks], average[148.90]
[Tue Dec  2 11:56:09 2025] >> SAMPLE[ 5032] lifetime[176 weeks], average[148.91]
[Tue Dec  2 11:56:10 2025] >> SAMPLE[ 5033] lifetime[145 weeks], average[148.90]
[Tue Dec  2 11:56:10 2025] >> SAMPLE[ 5034] lifetime[146 weeks], average[148.90]
[Tue Dec  2 11:56:11 2025] >> SAMPLE[ 5035] lifetime[108 weeks], average[148.90]
[Tue Dec  2 11:56:12 2025] >> SAMPLE[ 5036] lifetime[187 weeks], average[148.90]
[Tue Dec  2 11:56:12 2025] >> SAMPLE[ 5037] lifetime[126 weeks], average[148.90]
[Tue Dec  2 11:56:13 2025] >> SAMPLE[ 5038] lifetime[145 weeks], average[148.90]
[Tue Dec  2 11:56:13 2025] >> SAMPLE[ 5039] lifetime[142 weeks], average[148.90]
[Tue Dec  2 11:56:14 2025] >> SAMPLE[ 5040] lifetime[134 weeks], average[148.89]
[Tue Dec  2 11:56:15 2025] >> SAMPLE[ 5041] lifetime[147 weeks], average[148.89]
[Tue Dec  2 11:56:15 2025] >> SAMPLE[ 5042] lifetime[162 weeks], average[148.90]
[Tue Dec  2 11:56:16 2025] >> SAMPLE[ 5043] lifetime[131 weeks], average[148.89]
[Tue Dec  2 11:56:17 2025] >> SAMPLE[ 5044] lifetime[152 weeks], average[148.89]
[Tue Dec  2 11:56:17 2025] >> SAMPLE[ 5045] lifetime[123 weeks], average[148.89]
[Tue Dec  2 11:56:18 2025] >> SAMPLE[ 5046] lifetime[162 weeks], average[148.89]
[Tue Dec  2 11:56:19 2025] >> SAMPLE[ 5047] lifetime[148 weeks], average[148.89]
[Tue Dec  2 11:56:20 2025] >> SAMPLE[ 5048] lifetime[163 weeks], average[148.89]
[Tue Dec  2 11:56:20 2025] >> SAMPLE[ 5049] lifetime[160 weeks], average[148.90]
[Tue Dec  2 11:56:21 2025] >> SAMPLE[ 5050] lifetime[108 weeks], average[148.89]
[Tue Dec  2 11:56:21 2025] >> SAMPLE[ 5051] lifetime[124 weeks], average[148.88]
[Tue Dec  2 11:56:22 2025] >> SAMPLE[ 5052] lifetime[130 weeks], average[148.88]
[Tue Dec  2 11:56:22 2025] >> SAMPLE[ 5053] lifetime[120 weeks], average[148.87]
[Tue Dec  2 11:56:23 2025] >> SAMPLE[ 5054] lifetime[145 weeks], average[148.87]
[Tue Dec  2 11:56:24 2025] >> SAMPLE[ 5055] lifetime[151 weeks], average[148.87]
[Tue Dec  2 11:56:24 2025] >> SAMPLE[ 5056] lifetime[124 weeks], average[148.87]
[Tue Dec  2 11:56:25 2025] >> SAMPLE[ 5057] lifetime[201 weeks], average[148.88]
[Tue Dec  2 11:56:26 2025] >> SAMPLE[ 5058] lifetime[121 weeks], average[148.87]
[Tue Dec  2 11:56:27 2025] >> SAMPLE[ 5059] lifetime[151 weeks], average[148.87]
[Tue Dec  2 11:56:27 2025] >> SAMPLE[ 5060] lifetime[144 weeks], average[148.87]
[Tue Dec  2 11:56:28 2025] >> SAMPLE[ 5061] lifetime[163 weeks], average[148.87]
[Tue Dec  2 11:56:29 2025] >> SAMPLE[ 5062] lifetime[114 weeks], average[148.87]
[Tue Dec  2 11:56:29 2025] >> SAMPLE[ 5063] lifetime[179 weeks], average[148.87]
[Tue Dec  2 11:56:30 2025] >> SAMPLE[ 5064] lifetime[177 weeks], average[148.88]
[Tue Dec  2 11:56:31 2025] >> SAMPLE[ 5065] lifetime[209 weeks], average[148.89]
[Tue Dec  2 11:56:32 2025] >> SAMPLE[ 5066] lifetime[216 weeks], average[148.90]
[Tue Dec  2 11:56:33 2025] >> SAMPLE[ 5067] lifetime[125 weeks], average[148.90]
[Tue Dec  2 11:56:34 2025] >> SAMPLE[ 5068] lifetime[179 weeks], average[148.91]
[Tue Dec  2 11:56:35 2025] >> SAMPLE[ 5069] lifetime[150 weeks], average[148.91]
[Tue Dec  2 11:56:35 2025] >> SAMPLE[ 5070] lifetime[149 weeks], average[148.91]
[Tue Dec  2 11:56:36 2025] >> SAMPLE[ 5071] lifetime[145 weeks], average[148.90]
[Tue Dec  2 11:56:37 2025] >> SAMPLE[ 5072] lifetime[140 weeks], average[148.90]
[Tue Dec  2 11:56:37 2025] >> SAMPLE[ 5073] lifetime[147 weeks], average[148.90]
[Tue Dec  2 11:56:38 2025] >> SAMPLE[ 5074] lifetime[156 weeks], average[148.90]
[Tue Dec  2 11:56:39 2025] >> SAMPLE[ 5075] lifetime[157 weeks], average[148.91]
[Tue Dec  2 11:56:39 2025] >> SAMPLE[ 5076] lifetime[152 weeks], average[148.91]
[Tue Dec  2 11:56:40 2025] >> SAMPLE[ 5077] lifetime[149 weeks], average[148.91]
[Tue Dec  2 11:56:41 2025] >> SAMPLE[ 5078] lifetime[143 weeks], average[148.91]
[Tue Dec  2 11:56:41 2025] >> SAMPLE[ 5079] lifetime[144 weeks], average[148.90]
[Tue Dec  2 11:56:42 2025] >> SAMPLE[ 5080] lifetime[197 weeks], average[148.91]
[Tue Dec  2 11:56:43 2025] >> SAMPLE[ 5081] lifetime[146 weeks], average[148.91]
[Tue Dec  2 11:56:44 2025] >> SAMPLE[ 5082] lifetime[136 weeks], average[148.91]
[Tue Dec  2 11:56:45 2025] >> SAMPLE[ 5083] lifetime[223 weeks], average[148.93]
[Tue Dec  2 11:56:45 2025] >> SAMPLE[ 5084] lifetime[154 weeks], average[148.93]
[Tue Dec  2 11:56:46 2025] >> SAMPLE[ 5085] lifetime[126 weeks], average[148.92]
[Tue Dec  2 11:56:47 2025] >> SAMPLE[ 5086] lifetime[128 weeks], average[148.92]
[Tue Dec  2 11:56:47 2025] >> SAMPLE[ 5087] lifetime[157 weeks], average[148.92]
[Tue Dec  2 11:56:48 2025] >> SAMPLE[ 5088] lifetime[122 weeks], average[148.91]
[Tue Dec  2 11:56:49 2025] >> SAMPLE[ 5089] lifetime[163 weeks], average[148.92]
[Tue Dec  2 11:56:50 2025] >> SAMPLE[ 5090] lifetime[202 weeks], average[148.93]
[Tue Dec  2 11:56:50 2025] >> SAMPLE[ 5091] lifetime[147 weeks], average[148.93]
[Tue Dec  2 11:56:51 2025] >> SAMPLE[ 5092] lifetime[131 weeks], average[148.92]
[Tue Dec  2 11:56:51 2025] >> SAMPLE[ 5093] lifetime[121 weeks], average[148.92]
[Tue Dec  2 11:56:52 2025] >> SAMPLE[ 5094] lifetime[147 weeks], average[148.92]
[Tue Dec  2 11:56:53 2025] >> SAMPLE[ 5095] lifetime[154 weeks], average[148.92]
[Tue Dec  2 11:56:53 2025] >> SAMPLE[ 5096] lifetime[169 weeks], average[148.92]
[Tue Dec  2 11:56:54 2025] >> SAMPLE[ 5097] lifetime[191 weeks], average[148.93]
[Tue Dec  2 11:56:55 2025] >> SAMPLE[ 5098] lifetime[129 weeks], average[148.93]
[Tue Dec  2 11:56:56 2025] >> SAMPLE[ 5099] lifetime[136 weeks], average[148.92]
[Tue Dec  2 11:56:58 2025] >> Generating new alpha
[Tue Dec  2 11:56:59 2025] >> SAMPLE[ 5100] lifetime[156 weeks], average[148.93]
[Tue Dec  2 11:57:00 2025] >> SAMPLE[ 5101] lifetime[193 weeks], average[148.93]
[Tue Dec  2 11:57:01 2025] >> SAMPLE[ 5102] lifetime[164 weeks], average[148.94]
[Tue Dec  2 11:57:01 2025] >> SAMPLE[ 5103] lifetime[122 weeks], average[148.93]
[Tue Dec  2 11:57:02 2025] >> SAMPLE[ 5104] lifetime[172 weeks], average[148.94]
[Tue Dec  2 11:57:03 2025] >> SAMPLE[ 5105] lifetime[142 weeks], average[148.93]
[Tue Dec  2 11:57:03 2025] >> SAMPLE[ 5106] lifetime[113 weeks], average[148.93]
[Tue Dec  2 11:57:04 2025] >> SAMPLE[ 5107] lifetime[142 weeks], average[148.93]
[Tue Dec  2 11:57:05 2025] >> SAMPLE[ 5108] lifetime[154 weeks], average[148.93]
[Tue Dec  2 11:57:05 2025] >> SAMPLE[ 5109] lifetime[131 weeks], average[148.92]
[Tue Dec  2 11:57:06 2025] >> SAMPLE[ 5110] lifetime[146 weeks], average[148.92]
[Tue Dec  2 11:57:07 2025] >> SAMPLE[ 5111] lifetime[151 weeks], average[148.92]
[Tue Dec  2 11:57:07 2025] >> SAMPLE[ 5112] lifetime[192 weeks], average[148.93]
[Tue Dec  2 11:57:08 2025] >> SAMPLE[ 5113] lifetime[184 weeks], average[148.94]
[Tue Dec  2 11:57:09 2025] >> SAMPLE[ 5114] lifetime[148 weeks], average[148.94]
[Tue Dec  2 11:57:10 2025] >> SAMPLE[ 5115] lifetime[143 weeks], average[148.94]
[Tue Dec  2 11:57:10 2025] >> SAMPLE[ 5116] lifetime[114 weeks], average[148.93]
[Tue Dec  2 11:57:11 2025] >> SAMPLE[ 5117] lifetime[156 weeks], average[148.93]
[Tue Dec  2 11:57:11 2025] >> SAMPLE[ 5118] lifetime[120 weeks], average[148.93]
[Tue Dec  2 11:57:12 2025] >> SAMPLE[ 5119] lifetime[197 weeks], average[148.94]
[Tue Dec  2 11:57:13 2025] >> SAMPLE[ 5120] lifetime[140 weeks], average[148.93]
[Tue Dec  2 11:57:14 2025] >> SAMPLE[ 5121] lifetime[124 weeks], average[148.93]
[Tue Dec  2 11:57:14 2025] >> SAMPLE[ 5122] lifetime[154 weeks], average[148.93]
[Tue Dec  2 11:57:15 2025] >> SAMPLE[ 5123] lifetime[148 weeks], average[148.93]
[Tue Dec  2 11:57:16 2025] >> SAMPLE[ 5124] lifetime[165 weeks], average[148.93]
[Tue Dec  2 11:57:16 2025] >> SAMPLE[ 5125] lifetime[132 weeks], average[148.93]
[Tue Dec  2 11:57:17 2025] >> SAMPLE[ 5126] lifetime[193 weeks], average[148.94]
[Tue Dec  2 11:57:18 2025] >> SAMPLE[ 5127] lifetime[175 weeks], average[148.94]
[Tue Dec  2 11:57:19 2025] >> SAMPLE[ 5128] lifetime[138 weeks], average[148.94]
[Tue Dec  2 11:57:20 2025] >> SAMPLE[ 5129] lifetime[162 weeks], average[148.94]
[Tue Dec  2 11:57:20 2025] >> SAMPLE[ 5130] lifetime[160 weeks], average[148.95]
[Tue Dec  2 11:57:21 2025] >> SAMPLE[ 5131] lifetime[169 weeks], average[148.95]
[Tue Dec  2 11:57:22 2025] >> SAMPLE[ 5132] lifetime[126 weeks], average[148.95]
[Tue Dec  2 11:57:22 2025] >> SAMPLE[ 5133] lifetime[ 98 weeks], average[148.94]
[Tue Dec  2 11:57:23 2025] >> SAMPLE[ 5134] lifetime[131 weeks], average[148.93]
[Tue Dec  2 11:57:23 2025] >> SAMPLE[ 5135] lifetime[138 weeks], average[148.93]
[Tue Dec  2 11:57:24 2025] >> SAMPLE[ 5136] lifetime[190 weeks], average[148.94]
[Tue Dec  2 11:57:25 2025] >> SAMPLE[ 5137] lifetime[127 weeks], average[148.93]
[Tue Dec  2 11:57:25 2025] >> SAMPLE[ 5138] lifetime[115 weeks], average[148.93]
[Tue Dec  2 11:57:26 2025] >> SAMPLE[ 5139] lifetime[133 weeks], average[148.92]
[Tue Dec  2 11:57:27 2025] >> SAMPLE[ 5140] lifetime[167 weeks], average[148.93]
[Tue Dec  2 11:57:27 2025] >> SAMPLE[ 5141] lifetime[164 weeks], average[148.93]
[Tue Dec  2 11:57:28 2025] >> SAMPLE[ 5142] lifetime[157 weeks], average[148.93]
[Tue Dec  2 11:57:29 2025] >> SAMPLE[ 5143] lifetime[137 weeks], average[148.93]
[Tue Dec  2 11:57:30 2025] >> SAMPLE[ 5144] lifetime[185 weeks], average[148.94]
[Tue Dec  2 11:57:30 2025] >> SAMPLE[ 5145] lifetime[100 weeks], average[148.93]
[Tue Dec  2 11:57:31 2025] >> SAMPLE[ 5146] lifetime[129 weeks], average[148.92]
[Tue Dec  2 11:57:31 2025] >> SAMPLE[ 5147] lifetime[153 weeks], average[148.92]
[Tue Dec  2 11:57:32 2025] >> SAMPLE[ 5148] lifetime[127 weeks], average[148.92]
[Tue Dec  2 11:57:33 2025] >> SAMPLE[ 5149] lifetime[164 weeks], average[148.92]
[Tue Dec  2 11:57:34 2025] >> SAMPLE[ 5150] lifetime[194 weeks], average[148.93]
[Tue Dec  2 11:57:34 2025] >> SAMPLE[ 5151] lifetime[166 weeks], average[148.93]
[Tue Dec  2 11:57:35 2025] >> SAMPLE[ 5152] lifetime[103 weeks], average[148.93]
[Tue Dec  2 11:57:35 2025] >> SAMPLE[ 5153] lifetime[122 weeks], average[148.92]
[Tue Dec  2 11:57:36 2025] >> SAMPLE[ 5154] lifetime[140 weeks], average[148.92]
[Tue Dec  2 11:57:37 2025] >> SAMPLE[ 5155] lifetime[144 weeks], average[148.92]
[Tue Dec  2 11:57:37 2025] >> SAMPLE[ 5156] lifetime[153 weeks], average[148.92]
[Tue Dec  2 11:57:38 2025] >> SAMPLE[ 5157] lifetime[145 weeks], average[148.92]
[Tue Dec  2 11:57:39 2025] >> SAMPLE[ 5158] lifetime[142 weeks], average[148.92]
[Tue Dec  2 11:57:40 2025] >> SAMPLE[ 5159] lifetime[168 weeks], average[148.92]
[Tue Dec  2 11:57:40 2025] >> SAMPLE[ 5160] lifetime[135 weeks], average[148.92]
[Tue Dec  2 11:57:41 2025] >> SAMPLE[ 5161] lifetime[164 weeks], average[148.92]
[Tue Dec  2 11:57:42 2025] >> SAMPLE[ 5162] lifetime[176 weeks], average[148.93]
[Tue Dec  2 11:57:42 2025] >> SAMPLE[ 5163] lifetime[117 weeks], average[148.92]
[Tue Dec  2 11:57:43 2025] >> SAMPLE[ 5164] lifetime[103 weeks], average[148.91]
[Tue Dec  2 11:57:43 2025] >> SAMPLE[ 5165] lifetime[127 weeks], average[148.91]
[Tue Dec  2 11:57:44 2025] >> SAMPLE[ 5166] lifetime[175 weeks], average[148.91]
[Tue Dec  2 11:57:45 2025] >> SAMPLE[ 5167] lifetime[144 weeks], average[148.91]
[Tue Dec  2 11:57:46 2025] >> SAMPLE[ 5168] lifetime[163 weeks], average[148.91]
[Tue Dec  2 11:57:46 2025] >> SAMPLE[ 5169] lifetime[145 weeks], average[148.91]
[Tue Dec  2 11:57:47 2025] >> SAMPLE[ 5170] lifetime[148 weeks], average[148.91]
[Tue Dec  2 11:57:48 2025] >> SAMPLE[ 5171] lifetime[168 weeks], average[148.92]
[Tue Dec  2 11:57:48 2025] >> SAMPLE[ 5172] lifetime[121 weeks], average[148.91]
[Tue Dec  2 11:57:49 2025] >> SAMPLE[ 5173] lifetime[158 weeks], average[148.91]
[Tue Dec  2 11:57:50 2025] >> SAMPLE[ 5174] lifetime[158 weeks], average[148.91]
[Tue Dec  2 11:57:51 2025] >> SAMPLE[ 5175] lifetime[198 weeks], average[148.92]
[Tue Dec  2 11:57:51 2025] >> SAMPLE[ 5176] lifetime[158 weeks], average[148.93]
[Tue Dec  2 11:57:52 2025] >> SAMPLE[ 5177] lifetime[191 weeks], average[148.93]
[Tue Dec  2 11:57:53 2025] >> SAMPLE[ 5178] lifetime[174 weeks], average[148.94]
[Tue Dec  2 11:57:54 2025] >> SAMPLE[ 5179] lifetime[109 weeks], average[148.93]
[Tue Dec  2 11:57:54 2025] >> SAMPLE[ 5180] lifetime[190 weeks], average[148.94]
[Tue Dec  2 11:57:55 2025] >> SAMPLE[ 5181] lifetime[164 weeks], average[148.94]
[Tue Dec  2 11:57:56 2025] >> SAMPLE[ 5182] lifetime[131 weeks], average[148.94]
[Tue Dec  2 11:57:56 2025] >> SAMPLE[ 5183] lifetime[122 weeks], average[148.93]
[Tue Dec  2 11:57:57 2025] >> SAMPLE[ 5184] lifetime[161 weeks], average[148.94]
[Tue Dec  2 11:57:57 2025] >> SAMPLE[ 5185] lifetime[ 98 weeks], average[148.93]
[Tue Dec  2 11:57:58 2025] >> SAMPLE[ 5186] lifetime[145 weeks], average[148.92]
[Tue Dec  2 11:57:59 2025] >> SAMPLE[ 5187] lifetime[166 weeks], average[148.93]
[Tue Dec  2 11:58:00 2025] >> SAMPLE[ 5188] lifetime[125 weeks], average[148.92]
[Tue Dec  2 11:58:00 2025] >> SAMPLE[ 5189] lifetime[160 weeks], average[148.93]
[Tue Dec  2 11:58:01 2025] >> SAMPLE[ 5190] lifetime[129 weeks], average[148.92]
[Tue Dec  2 11:58:01 2025] >> SAMPLE[ 5191] lifetime[126 weeks], average[148.92]
[Tue Dec  2 11:58:02 2025] >> SAMPLE[ 5192] lifetime[157 weeks], average[148.92]
[Tue Dec  2 11:58:03 2025] >> SAMPLE[ 5193] lifetime[109 weeks], average[148.91]
[Tue Dec  2 11:58:03 2025] >> SAMPLE[ 5194] lifetime[124 weeks], average[148.91]
[Tue Dec  2 11:58:04 2025] >> SAMPLE[ 5195] lifetime[137 weeks], average[148.90]
[Tue Dec  2 11:58:05 2025] >> SAMPLE[ 5196] lifetime[188 weeks], average[148.91]
[Tue Dec  2 11:58:05 2025] >> SAMPLE[ 5197] lifetime[ 94 weeks], average[148.90]
[Tue Dec  2 11:58:06 2025] >> SAMPLE[ 5198] lifetime[152 weeks], average[148.90]
[Tue Dec  2 11:58:07 2025] >> SAMPLE[ 5199] lifetime[180 weeks], average[148.91]
[Tue Dec  2 11:58:09 2025] >> Generating new alpha
[Tue Dec  2 11:58:10 2025] >> SAMPLE[ 5200] lifetime[138 weeks], average[148.91]
[Tue Dec  2 11:58:11 2025] >> SAMPLE[ 5201] lifetime[158 weeks], average[148.91]
[Tue Dec  2 11:58:11 2025] >> SAMPLE[ 5202] lifetime[155 weeks], average[148.91]
[Tue Dec  2 11:58:12 2025] >> SAMPLE[ 5203] lifetime[123 weeks], average[148.90]
[Tue Dec  2 11:58:13 2025] >> SAMPLE[ 5204] lifetime[126 weeks], average[148.90]
[Tue Dec  2 11:58:13 2025] >> SAMPLE[ 5205] lifetime[154 weeks], average[148.90]
[Tue Dec  2 11:58:14 2025] >> SAMPLE[ 5206] lifetime[114 weeks], average[148.89]
[Tue Dec  2 11:58:14 2025] >> SAMPLE[ 5207] lifetime[115 weeks], average[148.89]
[Tue Dec  2 11:58:15 2025] >> SAMPLE[ 5208] lifetime[142 weeks], average[148.89]
[Tue Dec  2 11:58:16 2025] >> SAMPLE[ 5209] lifetime[177 weeks], average[148.89]
[Tue Dec  2 11:58:17 2025] >> SAMPLE[ 5210] lifetime[163 weeks], average[148.89]
[Tue Dec  2 11:58:17 2025] >> SAMPLE[ 5211] lifetime[129 weeks], average[148.89]
[Tue Dec  2 11:58:18 2025] >> SAMPLE[ 5212] lifetime[133 weeks], average[148.89]
[Tue Dec  2 11:58:18 2025] >> SAMPLE[ 5213] lifetime[ 86 weeks], average[148.87]
[Tue Dec  2 11:58:19 2025] >> SAMPLE[ 5214] lifetime[159 weeks], average[148.88]
[Tue Dec  2 11:58:20 2025] >> SAMPLE[ 5215] lifetime[183 weeks], average[148.88]
[Tue Dec  2 11:58:20 2025] >> SAMPLE[ 5216] lifetime[126 weeks], average[148.88]
[Tue Dec  2 11:58:21 2025] >> SAMPLE[ 5217] lifetime[126 weeks], average[148.87]
[Tue Dec  2 11:58:22 2025] >> SAMPLE[ 5218] lifetime[154 weeks], average[148.88]
[Tue Dec  2 11:58:23 2025] >> SAMPLE[ 5219] lifetime[173 weeks], average[148.88]
[Tue Dec  2 11:58:23 2025] >> SAMPLE[ 5220] lifetime[177 weeks], average[148.89]
[Tue Dec  2 11:58:24 2025] >> SAMPLE[ 5221] lifetime[156 weeks], average[148.89]
[Tue Dec  2 11:58:25 2025] >> SAMPLE[ 5222] lifetime[180 weeks], average[148.89]
[Tue Dec  2 11:58:26 2025] >> SAMPLE[ 5223] lifetime[123 weeks], average[148.89]
[Tue Dec  2 11:58:27 2025] >> SAMPLE[ 5224] lifetime[200 weeks], average[148.90]
[Tue Dec  2 11:58:28 2025] >> SAMPLE[ 5225] lifetime[213 weeks], average[148.91]
[Tue Dec  2 11:58:28 2025] >> SAMPLE[ 5226] lifetime[176 weeks], average[148.92]
[Tue Dec  2 11:58:29 2025] >> SAMPLE[ 5227] lifetime[212 weeks], average[148.93]
[Tue Dec  2 11:58:30 2025] >> SAMPLE[ 5228] lifetime[173 weeks], average[148.93]
[Tue Dec  2 11:58:31 2025] >> SAMPLE[ 5229] lifetime[117 weeks], average[148.93]
[Tue Dec  2 11:58:31 2025] >> SAMPLE[ 5230] lifetime[126 weeks], average[148.92]
[Tue Dec  2 11:58:32 2025] >> SAMPLE[ 5231] lifetime[180 weeks], average[148.93]
[Tue Dec  2 11:58:33 2025] >> SAMPLE[ 5232] lifetime[170 weeks], average[148.93]
[Tue Dec  2 11:58:33 2025] >> SAMPLE[ 5233] lifetime[104 weeks], average[148.92]
[Tue Dec  2 11:58:34 2025] >> SAMPLE[ 5234] lifetime[151 weeks], average[148.92]
[Tue Dec  2 11:58:35 2025] >> SAMPLE[ 5235] lifetime[154 weeks], average[148.92]
[Tue Dec  2 11:58:36 2025] >> SAMPLE[ 5236] lifetime[136 weeks], average[148.92]
[Tue Dec  2 11:58:36 2025] >> SAMPLE[ 5237] lifetime[170 weeks], average[148.93]
[Tue Dec  2 11:58:37 2025] >> SAMPLE[ 5238] lifetime[146 weeks], average[148.92]
[Tue Dec  2 11:58:38 2025] >> SAMPLE[ 5239] lifetime[164 weeks], average[148.93]
[Tue Dec  2 11:58:39 2025] >> SAMPLE[ 5240] lifetime[161 weeks], average[148.93]
[Tue Dec  2 11:58:39 2025] >> SAMPLE[ 5241] lifetime[155 weeks], average[148.93]
[Tue Dec  2 11:58:40 2025] >> SAMPLE[ 5242] lifetime[112 weeks], average[148.92]
[Tue Dec  2 11:58:40 2025] >> SAMPLE[ 5243] lifetime[102 weeks], average[148.92]
[Tue Dec  2 11:58:41 2025] >> SAMPLE[ 5244] lifetime[170 weeks], average[148.92]
[Tue Dec  2 11:58:41 2025] >> SAMPLE[ 5245] lifetime[100 weeks], average[148.91]
[Tue Dec  2 11:58:42 2025] >> SAMPLE[ 5246] lifetime[201 weeks], average[148.92]
[Tue Dec  2 11:58:43 2025] >> SAMPLE[ 5247] lifetime[184 weeks], average[148.93]
[Tue Dec  2 11:58:44 2025] >> SAMPLE[ 5248] lifetime[136 weeks], average[148.92]
[Tue Dec  2 11:58:44 2025] >> SAMPLE[ 5249] lifetime[116 weeks], average[148.92]
[Tue Dec  2 11:58:45 2025] >> SAMPLE[ 5250] lifetime[190 weeks], average[148.93]
[Tue Dec  2 11:58:46 2025] >> SAMPLE[ 5251] lifetime[168 weeks], average[148.93]
[Tue Dec  2 11:58:47 2025] >> SAMPLE[ 5252] lifetime[128 weeks], average[148.93]
[Tue Dec  2 11:58:47 2025] >> SAMPLE[ 5253] lifetime[160 weeks], average[148.93]
[Tue Dec  2 11:58:48 2025] >> SAMPLE[ 5254] lifetime[130 weeks], average[148.92]
[Tue Dec  2 11:58:48 2025] >> SAMPLE[ 5255] lifetime[119 weeks], average[148.92]
[Tue Dec  2 11:58:49 2025] >> SAMPLE[ 5256] lifetime[178 weeks], average[148.92]
[Tue Dec  2 11:58:50 2025] >> SAMPLE[ 5257] lifetime[122 weeks], average[148.92]
[Tue Dec  2 11:58:51 2025] >> SAMPLE[ 5258] lifetime[155 weeks], average[148.92]
[Tue Dec  2 11:58:51 2025] >> SAMPLE[ 5259] lifetime[145 weeks], average[148.92]
[Tue Dec  2 11:58:52 2025] >> SAMPLE[ 5260] lifetime[187 weeks], average[148.93]
[Tue Dec  2 11:58:53 2025] >> SAMPLE[ 5261] lifetime[145 weeks], average[148.93]
[Tue Dec  2 11:58:53 2025] >> SAMPLE[ 5262] lifetime[142 weeks], average[148.92]
[Tue Dec  2 11:58:54 2025] >> SAMPLE[ 5263] lifetime[151 weeks], average[148.92]
[Tue Dec  2 11:58:55 2025] >> SAMPLE[ 5264] lifetime[186 weeks], average[148.93]
[Tue Dec  2 11:58:56 2025] >> SAMPLE[ 5265] lifetime[150 weeks], average[148.93]
[Tue Dec  2 11:58:56 2025] >> SAMPLE[ 5266] lifetime[170 weeks], average[148.94]
[Tue Dec  2 11:58:57 2025] >> SAMPLE[ 5267] lifetime[165 weeks], average[148.94]
[Tue Dec  2 11:58:58 2025] >> SAMPLE[ 5268] lifetime[121 weeks], average[148.93]
[Tue Dec  2 11:58:59 2025] >> SAMPLE[ 5269] lifetime[156 weeks], average[148.93]
[Tue Dec  2 11:58:59 2025] >> SAMPLE[ 5270] lifetime[109 weeks], average[148.93]
[Tue Dec  2 11:59:00 2025] >> SAMPLE[ 5271] lifetime[150 weeks], average[148.93]
[Tue Dec  2 11:59:00 2025] >> SAMPLE[ 5272] lifetime[168 weeks], average[148.93]
[Tue Dec  2 11:59:01 2025] >> SAMPLE[ 5273] lifetime[147 weeks], average[148.93]
[Tue Dec  2 11:59:02 2025] >> SAMPLE[ 5274] lifetime[202 weeks], average[148.94]
[Tue Dec  2 11:59:03 2025] >> SAMPLE[ 5275] lifetime[165 weeks], average[148.94]
[Tue Dec  2 11:59:03 2025] >> SAMPLE[ 5276] lifetime[103 weeks], average[148.94]
[Tue Dec  2 11:59:04 2025] >> SAMPLE[ 5277] lifetime[160 weeks], average[148.94]
[Tue Dec  2 11:59:05 2025] >> SAMPLE[ 5278] lifetime[186 weeks], average[148.94]
[Tue Dec  2 11:59:06 2025] >> SAMPLE[ 5279] lifetime[164 weeks], average[148.95]
[Tue Dec  2 11:59:06 2025] >> SAMPLE[ 5280] lifetime[112 weeks], average[148.94]
[Tue Dec  2 11:59:07 2025] >> SAMPLE[ 5281] lifetime[119 weeks], average[148.93]
[Tue Dec  2 11:59:07 2025] >> SAMPLE[ 5282] lifetime[155 weeks], average[148.94]
[Tue Dec  2 11:59:08 2025] >> SAMPLE[ 5283] lifetime[124 weeks], average[148.93]
[Tue Dec  2 11:59:09 2025] >> SAMPLE[ 5284] lifetime[158 weeks], average[148.93]
[Tue Dec  2 11:59:09 2025] >> SAMPLE[ 5285] lifetime[123 weeks], average[148.93]
[Tue Dec  2 11:59:10 2025] >> SAMPLE[ 5286] lifetime[145 weeks], average[148.93]
[Tue Dec  2 11:59:10 2025] >> SAMPLE[ 5287] lifetime[112 weeks], average[148.92]
[Tue Dec  2 11:59:11 2025] >> SAMPLE[ 5288] lifetime[128 weeks], average[148.92]
[Tue Dec  2 11:59:12 2025] >> SAMPLE[ 5289] lifetime[141 weeks], average[148.91]
[Tue Dec  2 11:59:12 2025] >> SAMPLE[ 5290] lifetime[102 weeks], average[148.91]
[Tue Dec  2 11:59:13 2025] >> SAMPLE[ 5291] lifetime[163 weeks], average[148.91]
[Tue Dec  2 11:59:13 2025] >> SAMPLE[ 5292] lifetime[131 weeks], average[148.90]
[Tue Dec  2 11:59:14 2025] >> SAMPLE[ 5293] lifetime[181 weeks], average[148.91]
[Tue Dec  2 11:59:15 2025] >> SAMPLE[ 5294] lifetime[172 weeks], average[148.92]
[Tue Dec  2 11:59:16 2025] >> SAMPLE[ 5295] lifetime[155 weeks], average[148.92]
[Tue Dec  2 11:59:16 2025] >> SAMPLE[ 5296] lifetime[153 weeks], average[148.92]
[Tue Dec  2 11:59:17 2025] >> SAMPLE[ 5297] lifetime[ 95 weeks], average[148.91]
[Tue Dec  2 11:59:18 2025] >> SAMPLE[ 5298] lifetime[166 weeks], average[148.91]
[Tue Dec  2 11:59:18 2025] >> SAMPLE[ 5299] lifetime[114 weeks], average[148.90]
[Tue Dec  2 11:59:21 2025] >> Generating new alpha
[Tue Dec  2 11:59:22 2025] >> SAMPLE[ 5300] lifetime[166 weeks], average[148.91]
[Tue Dec  2 11:59:22 2025] >> SAMPLE[ 5301] lifetime[152 weeks], average[148.91]
[Tue Dec  2 11:59:23 2025] >> SAMPLE[ 5302] lifetime[141 weeks], average[148.91]
[Tue Dec  2 11:59:24 2025] >> SAMPLE[ 5303] lifetime[153 weeks], average[148.91]
[Tue Dec  2 11:59:24 2025] >> SAMPLE[ 5304] lifetime[171 weeks], average[148.91]
[Tue Dec  2 11:59:25 2025] >> SAMPLE[ 5305] lifetime[172 weeks], average[148.92]
[Tue Dec  2 11:59:26 2025] >> SAMPLE[ 5306] lifetime[161 weeks], average[148.92]
[Tue Dec  2 11:59:27 2025] >> SAMPLE[ 5307] lifetime[141 weeks], average[148.92]
[Tue Dec  2 11:59:27 2025] >> SAMPLE[ 5308] lifetime[141 weeks], average[148.91]
[Tue Dec  2 11:59:28 2025] >> SAMPLE[ 5309] lifetime[199 weeks], average[148.92]
[Tue Dec  2 11:59:29 2025] >> SAMPLE[ 5310] lifetime[184 weeks], average[148.93]
[Tue Dec  2 11:59:30 2025] >> SAMPLE[ 5311] lifetime[188 weeks], average[148.94]
[Tue Dec  2 11:59:31 2025] >> SAMPLE[ 5312] lifetime[147 weeks], average[148.94]
[Tue Dec  2 11:59:31 2025] >> SAMPLE[ 5313] lifetime[161 weeks], average[148.94]
[Tue Dec  2 11:59:32 2025] >> SAMPLE[ 5314] lifetime[155 weeks], average[148.94]
[Tue Dec  2 11:59:33 2025] >> SAMPLE[ 5315] lifetime[139 weeks], average[148.94]
[Tue Dec  2 11:59:33 2025] >> SAMPLE[ 5316] lifetime[152 weeks], average[148.94]
[Tue Dec  2 11:59:34 2025] >> SAMPLE[ 5317] lifetime[117 weeks], average[148.93]
[Tue Dec  2 11:59:35 2025] >> SAMPLE[ 5318] lifetime[146 weeks], average[148.93]
[Tue Dec  2 11:59:35 2025] >> SAMPLE[ 5319] lifetime[156 weeks], average[148.93]
[Tue Dec  2 11:59:36 2025] >> SAMPLE[ 5320] lifetime[103 weeks], average[148.93]
[Tue Dec  2 11:59:36 2025] >> SAMPLE[ 5321] lifetime[120 weeks], average[148.92]
[Tue Dec  2 11:59:37 2025] >> SAMPLE[ 5322] lifetime[131 weeks], average[148.92]
[Tue Dec  2 11:59:38 2025] >> SAMPLE[ 5323] lifetime[143 weeks], average[148.92]
[Tue Dec  2 11:59:38 2025] >> SAMPLE[ 5324] lifetime[128 weeks], average[148.91]
[Tue Dec  2 11:59:39 2025] >> SAMPLE[ 5325] lifetime[149 weeks], average[148.91]
[Tue Dec  2 11:59:39 2025] >> SAMPLE[ 5326] lifetime[130 weeks], average[148.91]
[Tue Dec  2 11:59:40 2025] >> SAMPLE[ 5327] lifetime[146 weeks], average[148.91]
[Tue Dec  2 11:59:41 2025] >> SAMPLE[ 5328] lifetime[164 weeks], average[148.91]
[Tue Dec  2 11:59:41 2025] >> SAMPLE[ 5329] lifetime[131 weeks], average[148.91]
[Tue Dec  2 11:59:42 2025] >> SAMPLE[ 5330] lifetime[163 weeks], average[148.91]
[Tue Dec  2 11:59:43 2025] >> SAMPLE[ 5331] lifetime[130 weeks], average[148.91]
[Tue Dec  2 11:59:44 2025] >> SAMPLE[ 5332] lifetime[178 weeks], average[148.91]
[Tue Dec  2 11:59:44 2025] >> SAMPLE[ 5333] lifetime[150 weeks], average[148.91]
[Tue Dec  2 11:59:45 2025] >> SAMPLE[ 5334] lifetime[ 98 weeks], average[148.90]
[Tue Dec  2 11:59:45 2025] >> SAMPLE[ 5335] lifetime[140 weeks], average[148.90]
[Tue Dec  2 11:59:46 2025] >> SAMPLE[ 5336] lifetime[105 weeks], average[148.89]
[Tue Dec  2 11:59:46 2025] >> SAMPLE[ 5337] lifetime[141 weeks], average[148.89]
[Tue Dec  2 11:59:47 2025] >> SAMPLE[ 5338] lifetime[195 weeks], average[148.90]
[Tue Dec  2 11:59:48 2025] >> SAMPLE[ 5339] lifetime[191 weeks], average[148.91]
[Tue Dec  2 11:59:49 2025] >> SAMPLE[ 5340] lifetime[149 weeks], average[148.91]
[Tue Dec  2 11:59:50 2025] >> SAMPLE[ 5341] lifetime[131 weeks], average[148.90]
[Tue Dec  2 11:59:50 2025] >> SAMPLE[ 5342] lifetime[153 weeks], average[148.91]
[Tue Dec  2 11:59:51 2025] >> SAMPLE[ 5343] lifetime[130 weeks], average[148.90]
[Tue Dec  2 11:59:52 2025] >> SAMPLE[ 5344] lifetime[165 weeks], average[148.90]
[Tue Dec  2 11:59:52 2025] >> SAMPLE[ 5345] lifetime[121 weeks], average[148.90]
[Tue Dec  2 11:59:53 2025] >> SAMPLE[ 5346] lifetime[139 weeks], average[148.90]
[Tue Dec  2 11:59:53 2025] >> SAMPLE[ 5347] lifetime[121 weeks], average[148.89]
[Tue Dec  2 11:59:54 2025] >> SAMPLE[ 5348] lifetime[132 weeks], average[148.89]
[Tue Dec  2 11:59:54 2025] >> SAMPLE[ 5349] lifetime[154 weeks], average[148.89]
[Tue Dec  2 11:59:55 2025] >> SAMPLE[ 5350] lifetime[196 weeks], average[148.90]
[Tue Dec  2 11:59:56 2025] >> SAMPLE[ 5351] lifetime[150 weeks], average[148.90]
[Tue Dec  2 11:59:57 2025] >> SAMPLE[ 5352] lifetime[109 weeks], average[148.89]
[Tue Dec  2 11:59:57 2025] >> SAMPLE[ 5353] lifetime[173 weeks], average[148.90]
[Tue Dec  2 11:59:58 2025] >> SAMPLE[ 5354] lifetime[120 weeks], average[148.89]
[Tue Dec  2 11:59:59 2025] >> SAMPLE[ 5355] lifetime[187 weeks], average[148.90]
[Tue Dec  2 11:59:59 2025] >> SAMPLE[ 5356] lifetime[149 weeks], average[148.90]
[Tue Dec  2 12:00:00 2025] >> SAMPLE[ 5357] lifetime[124 weeks], average[148.89]
[Tue Dec  2 12:00:01 2025] >> SAMPLE[ 5358] lifetime[133 weeks], average[148.89]
[Tue Dec  2 12:00:01 2025] >> SAMPLE[ 5359] lifetime[170 weeks], average[148.89]
[Tue Dec  2 12:00:02 2025] >> SAMPLE[ 5360] lifetime[128 weeks], average[148.89]
[Tue Dec  2 12:00:03 2025] >> SAMPLE[ 5361] lifetime[123 weeks], average[148.89]
[Tue Dec  2 12:00:03 2025] >> SAMPLE[ 5362] lifetime[153 weeks], average[148.89]
[Tue Dec  2 12:00:04 2025] >> SAMPLE[ 5363] lifetime[108 weeks], average[148.88]
[Tue Dec  2 12:00:05 2025] >> SAMPLE[ 5364] lifetime[171 weeks], average[148.88]
[Tue Dec  2 12:00:05 2025] >> SAMPLE[ 5365] lifetime[125 weeks], average[148.88]
[Tue Dec  2 12:00:06 2025] >> SAMPLE[ 5366] lifetime[134 weeks], average[148.88]
[Tue Dec  2 12:00:06 2025] >> SAMPLE[ 5367] lifetime[160 weeks], average[148.88]
[Tue Dec  2 12:00:07 2025] >> SAMPLE[ 5368] lifetime[153 weeks], average[148.88]
[Tue Dec  2 12:00:08 2025] >> SAMPLE[ 5369] lifetime[170 weeks], average[148.88]
[Tue Dec  2 12:00:08 2025] >> SAMPLE[ 5370] lifetime[116 weeks], average[148.88]
[Tue Dec  2 12:00:09 2025] >> SAMPLE[ 5371] lifetime[152 weeks], average[148.88]
[Tue Dec  2 12:00:10 2025] >> SAMPLE[ 5372] lifetime[120 weeks], average[148.87]
[Tue Dec  2 12:00:10 2025] >> SAMPLE[ 5373] lifetime[151 weeks], average[148.87]
[Tue Dec  2 12:00:11 2025] >> SAMPLE[ 5374] lifetime[173 weeks], average[148.88]
[Tue Dec  2 12:00:12 2025] >> SAMPLE[ 5375] lifetime[169 weeks], average[148.88]
[Tue Dec  2 12:00:12 2025] >> SAMPLE[ 5376] lifetime[134 weeks], average[148.88]
[Tue Dec  2 12:00:13 2025] >> SAMPLE[ 5377] lifetime[176 weeks], average[148.88]
[Tue Dec  2 12:00:14 2025] >> SAMPLE[ 5378] lifetime[161 weeks], average[148.88]
[Tue Dec  2 12:00:15 2025] >> SAMPLE[ 5379] lifetime[177 weeks], average[148.89]
[Tue Dec  2 12:00:16 2025] >> SAMPLE[ 5380] lifetime[144 weeks], average[148.89]
[Tue Dec  2 12:00:16 2025] >> SAMPLE[ 5381] lifetime[150 weeks], average[148.89]
[Tue Dec  2 12:00:17 2025] >> SAMPLE[ 5382] lifetime[149 weeks], average[148.89]
[Tue Dec  2 12:00:18 2025] >> SAMPLE[ 5383] lifetime[135 weeks], average[148.89]
[Tue Dec  2 12:00:18 2025] >> SAMPLE[ 5384] lifetime[149 weeks], average[148.89]
[Tue Dec  2 12:00:19 2025] >> SAMPLE[ 5385] lifetime[113 weeks], average[148.88]
[Tue Dec  2 12:00:19 2025] >> SAMPLE[ 5386] lifetime[160 weeks], average[148.88]
[Tue Dec  2 12:00:20 2025] >> SAMPLE[ 5387] lifetime[155 weeks], average[148.88]
[Tue Dec  2 12:00:21 2025] >> SAMPLE[ 5388] lifetime[157 weeks], average[148.88]
[Tue Dec  2 12:00:22 2025] >> SAMPLE[ 5389] lifetime[188 weeks], average[148.89]
[Tue Dec  2 12:00:23 2025] >> SAMPLE[ 5390] lifetime[152 weeks], average[148.89]
[Tue Dec  2 12:00:23 2025] >> SAMPLE[ 5391] lifetime[154 weeks], average[148.89]
[Tue Dec  2 12:00:24 2025] >> SAMPLE[ 5392] lifetime[149 weeks], average[148.89]
[Tue Dec  2 12:00:25 2025] >> SAMPLE[ 5393] lifetime[146 weeks], average[148.89]
[Tue Dec  2 12:00:25 2025] >> SAMPLE[ 5394] lifetime[156 weeks], average[148.89]
[Tue Dec  2 12:00:26 2025] >> SAMPLE[ 5395] lifetime[144 weeks], average[148.89]
[Tue Dec  2 12:00:26 2025] >> SAMPLE[ 5396] lifetime[123 weeks], average[148.89]
[Tue Dec  2 12:00:27 2025] >> SAMPLE[ 5397] lifetime[100 weeks], average[148.88]
[Tue Dec  2 12:00:27 2025] >> SAMPLE[ 5398] lifetime[117 weeks], average[148.87]
[Tue Dec  2 12:00:28 2025] >> SAMPLE[ 5399] lifetime[130 weeks], average[148.87]
[Tue Dec  2 12:00:31 2025] >> Generating new alpha
[Tue Dec  2 12:00:31 2025] >> SAMPLE[ 5400] lifetime[129 weeks], average[148.87]
[Tue Dec  2 12:00:32 2025] >> SAMPLE[ 5401] lifetime[173 weeks], average[148.87]
[Tue Dec  2 12:00:33 2025] >> SAMPLE[ 5402] lifetime[146 weeks], average[148.87]
[Tue Dec  2 12:00:33 2025] >> SAMPLE[ 5403] lifetime[152 weeks], average[148.87]
[Tue Dec  2 12:00:34 2025] >> SAMPLE[ 5404] lifetime[143 weeks], average[148.87]
[Tue Dec  2 12:00:35 2025] >> SAMPLE[ 5405] lifetime[184 weeks], average[148.88]
[Tue Dec  2 12:00:36 2025] >> SAMPLE[ 5406] lifetime[180 weeks], average[148.88]
[Tue Dec  2 12:00:37 2025] >> SAMPLE[ 5407] lifetime[167 weeks], average[148.89]
[Tue Dec  2 12:00:37 2025] >> SAMPLE[ 5408] lifetime[141 weeks], average[148.88]
[Tue Dec  2 12:00:38 2025] >> SAMPLE[ 5409] lifetime[133 weeks], average[148.88]
[Tue Dec  2 12:00:39 2025] >> SAMPLE[ 5410] lifetime[186 weeks], average[148.89]
[Tue Dec  2 12:00:39 2025] >> SAMPLE[ 5411] lifetime[122 weeks], average[148.88]
[Tue Dec  2 12:00:40 2025] >> SAMPLE[ 5412] lifetime[130 weeks], average[148.88]
[Tue Dec  2 12:00:40 2025] >> SAMPLE[ 5413] lifetime[121 weeks], average[148.87]
[Tue Dec  2 12:00:41 2025] >> SAMPLE[ 5414] lifetime[180 weeks], average[148.88]
[Tue Dec  2 12:00:42 2025] >> SAMPLE[ 5415] lifetime[153 weeks], average[148.88]
[Tue Dec  2 12:00:43 2025] >> SAMPLE[ 5416] lifetime[180 weeks], average[148.89]
[Tue Dec  2 12:00:43 2025] >> SAMPLE[ 5417] lifetime[147 weeks], average[148.89]
[Tue Dec  2 12:00:44 2025] >> SAMPLE[ 5418] lifetime[168 weeks], average[148.89]
[Tue Dec  2 12:00:45 2025] >> SAMPLE[ 5419] lifetime[148 weeks], average[148.89]
[Tue Dec  2 12:00:45 2025] >> SAMPLE[ 5420] lifetime[130 weeks], average[148.89]
[Tue Dec  2 12:00:46 2025] >> SAMPLE[ 5421] lifetime[141 weeks], average[148.88]
[Tue Dec  2 12:00:47 2025] >> SAMPLE[ 5422] lifetime[150 weeks], average[148.88]
[Tue Dec  2 12:00:47 2025] >> SAMPLE[ 5423] lifetime[113 weeks], average[148.88]
[Tue Dec  2 12:00:48 2025] >> SAMPLE[ 5424] lifetime[155 weeks], average[148.88]
[Tue Dec  2 12:00:49 2025] >> SAMPLE[ 5425] lifetime[119 weeks], average[148.87]
[Tue Dec  2 12:00:49 2025] >> SAMPLE[ 5426] lifetime[100 weeks], average[148.86]
[Tue Dec  2 12:00:50 2025] >> SAMPLE[ 5427] lifetime[165 weeks], average[148.87]
[Tue Dec  2 12:00:50 2025] >> SAMPLE[ 5428] lifetime[130 weeks], average[148.86]
[Tue Dec  2 12:00:51 2025] >> SAMPLE[ 5429] lifetime[149 weeks], average[148.86]
[Tue Dec  2 12:00:52 2025] >> SAMPLE[ 5430] lifetime[160 weeks], average[148.87]
[Tue Dec  2 12:00:52 2025] >> SAMPLE[ 5431] lifetime[126 weeks], average[148.86]
[Tue Dec  2 12:00:53 2025] >> SAMPLE[ 5432] lifetime[125 weeks], average[148.86]
[Tue Dec  2 12:00:53 2025] >> SAMPLE[ 5433] lifetime[139 weeks], average[148.86]
[Tue Dec  2 12:00:54 2025] >> SAMPLE[ 5434] lifetime[147 weeks], average[148.86]
[Tue Dec  2 12:00:55 2025] >> SAMPLE[ 5435] lifetime[155 weeks], average[148.86]
[Tue Dec  2 12:00:55 2025] >> SAMPLE[ 5436] lifetime[138 weeks], average[148.85]
[Tue Dec  2 12:00:56 2025] >> SAMPLE[ 5437] lifetime[127 weeks], average[148.85]
[Tue Dec  2 12:00:57 2025] >> SAMPLE[ 5438] lifetime[143 weeks], average[148.85]
[Tue Dec  2 12:00:57 2025] >> SAMPLE[ 5439] lifetime[185 weeks], average[148.86]
[Tue Dec  2 12:00:58 2025] >> SAMPLE[ 5440] lifetime[170 weeks], average[148.86]
[Tue Dec  2 12:00:59 2025] >> SAMPLE[ 5441] lifetime[135 weeks], average[148.86]
[Tue Dec  2 12:00:59 2025] >> SAMPLE[ 5442] lifetime[136 weeks], average[148.86]
[Tue Dec  2 12:01:00 2025] >> SAMPLE[ 5443] lifetime[169 weeks], average[148.86]
[Tue Dec  2 12:01:01 2025] >> SAMPLE[ 5444] lifetime[136 weeks], average[148.86]
[Tue Dec  2 12:01:02 2025] >> SAMPLE[ 5445] lifetime[163 weeks], average[148.86]
[Tue Dec  2 12:01:02 2025] >> SAMPLE[ 5446] lifetime[136 weeks], average[148.86]
[Tue Dec  2 12:01:03 2025] >> SAMPLE[ 5447] lifetime[124 weeks], average[148.85]
[Tue Dec  2 12:01:04 2025] >> SAMPLE[ 5448] lifetime[180 weeks], average[148.86]
[Tue Dec  2 12:01:04 2025] >> SAMPLE[ 5449] lifetime[174 weeks], average[148.86]
[Tue Dec  2 12:01:05 2025] >> SAMPLE[ 5450] lifetime[121 weeks], average[148.86]
[Tue Dec  2 12:01:06 2025] >> SAMPLE[ 5451] lifetime[156 weeks], average[148.86]
[Tue Dec  2 12:01:06 2025] >> SAMPLE[ 5452] lifetime[148 weeks], average[148.86]
[Tue Dec  2 12:01:07 2025] >> SAMPLE[ 5453] lifetime[152 weeks], average[148.86]
[Tue Dec  2 12:01:08 2025] >> SAMPLE[ 5454] lifetime[181 weeks], average[148.87]
[Tue Dec  2 12:01:09 2025] >> SAMPLE[ 5455] lifetime[165 weeks], average[148.87]
[Tue Dec  2 12:01:09 2025] >> SAMPLE[ 5456] lifetime[149 weeks], average[148.87]
[Tue Dec  2 12:01:10 2025] >> SAMPLE[ 5457] lifetime[179 weeks], average[148.87]
[Tue Dec  2 12:01:11 2025] >> SAMPLE[ 5458] lifetime[160 weeks], average[148.88]
[Tue Dec  2 12:01:12 2025] >> SAMPLE[ 5459] lifetime[125 weeks], average[148.87]
[Tue Dec  2 12:01:12 2025] >> SAMPLE[ 5460] lifetime[142 weeks], average[148.87]
[Tue Dec  2 12:01:13 2025] >> SAMPLE[ 5461] lifetime[131 weeks], average[148.87]
[Tue Dec  2 12:01:14 2025] >> SAMPLE[ 5462] lifetime[149 weeks], average[148.87]
[Tue Dec  2 12:01:14 2025] >> SAMPLE[ 5463] lifetime[111 weeks], average[148.86]
[Tue Dec  2 12:01:15 2025] >> SAMPLE[ 5464] lifetime[133 weeks], average[148.86]
[Tue Dec  2 12:01:15 2025] >> SAMPLE[ 5465] lifetime[162 weeks], average[148.86]
[Tue Dec  2 12:01:16 2025] >> SAMPLE[ 5466] lifetime[164 weeks], average[148.86]
[Tue Dec  2 12:01:17 2025] >> SAMPLE[ 5467] lifetime[159 weeks], average[148.86]
[Tue Dec  2 12:01:18 2025] >> SAMPLE[ 5468] lifetime[151 weeks], average[148.86]
[Tue Dec  2 12:01:18 2025] >> SAMPLE[ 5469] lifetime[149 weeks], average[148.86]
[Tue Dec  2 12:01:19 2025] >> SAMPLE[ 5470] lifetime[116 weeks], average[148.86]
[Tue Dec  2 12:01:20 2025] >> SAMPLE[ 5471] lifetime[120 weeks], average[148.85]
[Tue Dec  2 12:01:20 2025] >> SAMPLE[ 5472] lifetime[125 weeks], average[148.85]
[Tue Dec  2 12:01:21 2025] >> SAMPLE[ 5473] lifetime[142 weeks], average[148.85]
[Tue Dec  2 12:01:22 2025] >> SAMPLE[ 5474] lifetime[158 weeks], average[148.85]
[Tue Dec  2 12:01:22 2025] >> SAMPLE[ 5475] lifetime[182 weeks], average[148.86]
[Tue Dec  2 12:01:23 2025] >> SAMPLE[ 5476] lifetime[190 weeks], average[148.86]
[Tue Dec  2 12:01:24 2025] >> SAMPLE[ 5477] lifetime[156 weeks], average[148.86]
[Tue Dec  2 12:01:25 2025] >> SAMPLE[ 5478] lifetime[159 weeks], average[148.87]
[Tue Dec  2 12:01:26 2025] >> SAMPLE[ 5479] lifetime[143 weeks], average[148.86]
[Tue Dec  2 12:01:26 2025] >> SAMPLE[ 5480] lifetime[164 weeks], average[148.87]
[Tue Dec  2 12:01:27 2025] >> SAMPLE[ 5481] lifetime[157 weeks], average[148.87]
[Tue Dec  2 12:01:28 2025] >> SAMPLE[ 5482] lifetime[154 weeks], average[148.87]
[Tue Dec  2 12:01:28 2025] >> SAMPLE[ 5483] lifetime[117 weeks], average[148.86]
[Tue Dec  2 12:01:29 2025] >> SAMPLE[ 5484] lifetime[181 weeks], average[148.87]
[Tue Dec  2 12:01:30 2025] >> SAMPLE[ 5485] lifetime[138 weeks], average[148.87]
[Tue Dec  2 12:01:31 2025] >> SAMPLE[ 5486] lifetime[121 weeks], average[148.86]
[Tue Dec  2 12:01:31 2025] >> SAMPLE[ 5487] lifetime[146 weeks], average[148.86]
[Tue Dec  2 12:01:32 2025] >> SAMPLE[ 5488] lifetime[148 weeks], average[148.86]
[Tue Dec  2 12:01:33 2025] >> SAMPLE[ 5489] lifetime[155 weeks], average[148.86]
[Tue Dec  2 12:01:33 2025] >> SAMPLE[ 5490] lifetime[179 weeks], average[148.87]
[Tue Dec  2 12:01:34 2025] >> SAMPLE[ 5491] lifetime[ 69 weeks], average[148.85]
[Tue Dec  2 12:01:35 2025] >> SAMPLE[ 5492] lifetime[177 weeks], average[148.86]
[Tue Dec  2 12:01:35 2025] >> SAMPLE[ 5493] lifetime[144 weeks], average[148.86]
[Tue Dec  2 12:01:36 2025] >> SAMPLE[ 5494] lifetime[152 weeks], average[148.86]
[Tue Dec  2 12:01:36 2025] >> SAMPLE[ 5495] lifetime[ 87 weeks], average[148.85]
[Tue Dec  2 12:01:37 2025] >> SAMPLE[ 5496] lifetime[137 weeks], average[148.85]
[Tue Dec  2 12:01:37 2025] >> SAMPLE[ 5497] lifetime[114 weeks], average[148.84]
[Tue Dec  2 12:01:38 2025] >> SAMPLE[ 5498] lifetime[136 weeks], average[148.84]
[Tue Dec  2 12:01:39 2025] >> SAMPLE[ 5499] lifetime[148 weeks], average[148.84]
[Tue Dec  2 12:01:41 2025] >> Generating new alpha
[Tue Dec  2 12:01:42 2025] >> SAMPLE[ 5500] lifetime[160 weeks], average[148.84]
[Tue Dec  2 12:01:43 2025] >> SAMPLE[ 5501] lifetime[124 weeks], average[148.83]
[Tue Dec  2 12:01:43 2025] >> SAMPLE[ 5502] lifetime[142 weeks], average[148.83]
[Tue Dec  2 12:01:44 2025] >> SAMPLE[ 5503] lifetime[162 weeks], average[148.84]
[Tue Dec  2 12:01:45 2025] >> SAMPLE[ 5504] lifetime[166 weeks], average[148.84]
[Tue Dec  2 12:01:45 2025] >> SAMPLE[ 5505] lifetime[122 weeks], average[148.83]
[Tue Dec  2 12:01:46 2025] >> SAMPLE[ 5506] lifetime[170 weeks], average[148.84]
[Tue Dec  2 12:01:47 2025] >> SAMPLE[ 5507] lifetime[172 weeks], average[148.84]
[Tue Dec  2 12:01:48 2025] >> SAMPLE[ 5508] lifetime[115 weeks], average[148.84]
[Tue Dec  2 12:01:48 2025] >> SAMPLE[ 5509] lifetime[129 weeks], average[148.83]
[Tue Dec  2 12:01:49 2025] >> SAMPLE[ 5510] lifetime[122 weeks], average[148.83]
[Tue Dec  2 12:01:50 2025] >> SAMPLE[ 5511] lifetime[173 weeks], average[148.83]
[Tue Dec  2 12:01:50 2025] >> SAMPLE[ 5512] lifetime[164 weeks], average[148.83]
[Tue Dec  2 12:01:51 2025] >> SAMPLE[ 5513] lifetime[135 weeks], average[148.83]
[Tue Dec  2 12:01:52 2025] >> SAMPLE[ 5514] lifetime[164 weeks], average[148.83]
[Tue Dec  2 12:01:53 2025] >> SAMPLE[ 5515] lifetime[157 weeks], average[148.84]
[Tue Dec  2 12:01:53 2025] >> SAMPLE[ 5516] lifetime[118 weeks], average[148.83]
[Tue Dec  2 12:01:54 2025] >> SAMPLE[ 5517] lifetime[179 weeks], average[148.84]
[Tue Dec  2 12:01:55 2025] >> SAMPLE[ 5518] lifetime[126 weeks], average[148.83]
[Tue Dec  2 12:01:56 2025] >> SAMPLE[ 5519] lifetime[175 weeks], average[148.84]
[Tue Dec  2 12:01:56 2025] >> SAMPLE[ 5520] lifetime[159 weeks], average[148.84]
[Tue Dec  2 12:01:57 2025] >> SAMPLE[ 5521] lifetime[197 weeks], average[148.85]
[Tue Dec  2 12:01:58 2025] >> SAMPLE[ 5522] lifetime[163 weeks], average[148.85]
[Tue Dec  2 12:01:59 2025] >> SAMPLE[ 5523] lifetime[142 weeks], average[148.85]
[Tue Dec  2 12:01:59 2025] >> SAMPLE[ 5524] lifetime[119 weeks], average[148.84]
[Tue Dec  2 12:02:00 2025] >> SAMPLE[ 5525] lifetime[148 weeks], average[148.84]
[Tue Dec  2 12:02:01 2025] >> SAMPLE[ 5526] lifetime[141 weeks], average[148.84]
[Tue Dec  2 12:02:01 2025] >> SAMPLE[ 5527] lifetime[154 weeks], average[148.84]
[Tue Dec  2 12:02:02 2025] >> SAMPLE[ 5528] lifetime[150 weeks], average[148.84]
[Tue Dec  2 12:02:03 2025] >> SAMPLE[ 5529] lifetime[154 weeks], average[148.84]
[Tue Dec  2 12:02:03 2025] >> SAMPLE[ 5530] lifetime[127 weeks], average[148.84]
[Tue Dec  2 12:02:04 2025] >> SAMPLE[ 5531] lifetime[126 weeks], average[148.84]
[Tue Dec  2 12:02:05 2025] >> SAMPLE[ 5532] lifetime[142 weeks], average[148.83]
[Tue Dec  2 12:02:05 2025] >> SAMPLE[ 5533] lifetime[166 weeks], average[148.84]
[Tue Dec  2 12:02:06 2025] >> SAMPLE[ 5534] lifetime[163 weeks], average[148.84]
[Tue Dec  2 12:02:07 2025] >> SAMPLE[ 5535] lifetime[191 weeks], average[148.85]
[Tue Dec  2 12:02:08 2025] >> SAMPLE[ 5536] lifetime[167 weeks], average[148.85]
[Tue Dec  2 12:02:09 2025] >> SAMPLE[ 5537] lifetime[157 weeks], average[148.85]
[Tue Dec  2 12:02:09 2025] >> SAMPLE[ 5538] lifetime[171 weeks], average[148.86]
[Tue Dec  2 12:02:10 2025] >> SAMPLE[ 5539] lifetime[181 weeks], average[148.86]
[Tue Dec  2 12:02:11 2025] >> SAMPLE[ 5540] lifetime[125 weeks], average[148.86]
[Tue Dec  2 12:02:11 2025] >> SAMPLE[ 5541] lifetime[112 weeks], average[148.85]
[Tue Dec  2 12:02:12 2025] >> SAMPLE[ 5542] lifetime[148 weeks], average[148.85]
[Tue Dec  2 12:02:13 2025] >> SAMPLE[ 5543] lifetime[131 weeks], average[148.85]
[Tue Dec  2 12:02:13 2025] >> SAMPLE[ 5544] lifetime[117 weeks], average[148.84]
[Tue Dec  2 12:02:14 2025] >> SAMPLE[ 5545] lifetime[101 weeks], average[148.83]
[Tue Dec  2 12:02:14 2025] >> SAMPLE[ 5546] lifetime[179 weeks], average[148.84]
[Tue Dec  2 12:02:15 2025] >> SAMPLE[ 5547] lifetime[168 weeks], average[148.84]
[Tue Dec  2 12:02:16 2025] >> SAMPLE[ 5548] lifetime[157 weeks], average[148.84]
[Tue Dec  2 12:02:17 2025] >> SAMPLE[ 5549] lifetime[173 weeks], average[148.85]
[Tue Dec  2 12:02:17 2025] >> SAMPLE[ 5550] lifetime[140 weeks], average[148.85]
[Tue Dec  2 12:02:18 2025] >> SAMPLE[ 5551] lifetime[144 weeks], average[148.85]
[Tue Dec  2 12:02:19 2025] >> SAMPLE[ 5552] lifetime[192 weeks], average[148.85]
[Tue Dec  2 12:02:20 2025] >> SAMPLE[ 5553] lifetime[185 weeks], average[148.86]
[Tue Dec  2 12:02:20 2025] >> SAMPLE[ 5554] lifetime[125 weeks], average[148.86]
[Tue Dec  2 12:02:21 2025] >> SAMPLE[ 5555] lifetime[116 weeks], average[148.85]
[Tue Dec  2 12:02:22 2025] >> SAMPLE[ 5556] lifetime[153 weeks], average[148.85]
[Tue Dec  2 12:02:23 2025] >> SAMPLE[ 5557] lifetime[186 weeks], average[148.86]
[Tue Dec  2 12:02:23 2025] >> SAMPLE[ 5558] lifetime[130 weeks], average[148.85]
[Tue Dec  2 12:02:24 2025] >> SAMPLE[ 5559] lifetime[ 99 weeks], average[148.84]
[Tue Dec  2 12:02:24 2025] >> SAMPLE[ 5560] lifetime[161 weeks], average[148.85]
[Tue Dec  2 12:02:25 2025] >> SAMPLE[ 5561] lifetime[136 weeks], average[148.84]
[Tue Dec  2 12:02:26 2025] >> SAMPLE[ 5562] lifetime[141 weeks], average[148.84]
[Tue Dec  2 12:02:26 2025] >> SAMPLE[ 5563] lifetime[127 weeks], average[148.84]
[Tue Dec  2 12:02:27 2025] >> SAMPLE[ 5564] lifetime[171 weeks], average[148.84]
[Tue Dec  2 12:02:28 2025] >> SAMPLE[ 5565] lifetime[142 weeks], average[148.84]
[Tue Dec  2 12:02:28 2025] >> SAMPLE[ 5566] lifetime[138 weeks], average[148.84]
[Tue Dec  2 12:02:29 2025] >> SAMPLE[ 5567] lifetime[153 weeks], average[148.84]
[Tue Dec  2 12:02:30 2025] >> SAMPLE[ 5568] lifetime[134 weeks], average[148.84]
[Tue Dec  2 12:02:30 2025] >> SAMPLE[ 5569] lifetime[160 weeks], average[148.84]
[Tue Dec  2 12:02:32 2025] >> SAMPLE[ 5570] lifetime[217 weeks], average[148.85]
[Tue Dec  2 12:02:32 2025] >> SAMPLE[ 5571] lifetime[164 weeks], average[148.86]
[Tue Dec  2 12:02:33 2025] >> SAMPLE[ 5572] lifetime[161 weeks], average[148.86]
[Tue Dec  2 12:02:34 2025] >> SAMPLE[ 5573] lifetime[156 weeks], average[148.86]
[Tue Dec  2 12:02:34 2025] >> SAMPLE[ 5574] lifetime[135 weeks], average[148.86]
[Tue Dec  2 12:02:35 2025] >> SAMPLE[ 5575] lifetime[148 weeks], average[148.86]
[Tue Dec  2 12:02:36 2025] >> SAMPLE[ 5576] lifetime[186 weeks], average[148.86]
[Tue Dec  2 12:02:37 2025] >> SAMPLE[ 5577] lifetime[118 weeks], average[148.86]
[Tue Dec  2 12:02:37 2025] >> SAMPLE[ 5578] lifetime[119 weeks], average[148.85]
[Tue Dec  2 12:02:38 2025] >> SAMPLE[ 5579] lifetime[148 weeks], average[148.85]
[Tue Dec  2 12:02:39 2025] >> SAMPLE[ 5580] lifetime[194 weeks], average[148.86]
[Tue Dec  2 12:02:40 2025] >> SAMPLE[ 5581] lifetime[173 weeks], average[148.86]
[Tue Dec  2 12:02:40 2025] >> SAMPLE[ 5582] lifetime[163 weeks], average[148.87]
[Tue Dec  2 12:02:41 2025] >> SAMPLE[ 5583] lifetime[158 weeks], average[148.87]
[Tue Dec  2 12:02:42 2025] >> SAMPLE[ 5584] lifetime[166 weeks], average[148.87]
[Tue Dec  2 12:02:42 2025] >> SAMPLE[ 5585] lifetime[ 97 weeks], average[148.86]
[Tue Dec  2 12:02:43 2025] >> SAMPLE[ 5586] lifetime[128 weeks], average[148.86]
[Tue Dec  2 12:02:44 2025] >> SAMPLE[ 5587] lifetime[198 weeks], average[148.87]
[Tue Dec  2 12:02:45 2025] >> SAMPLE[ 5588] lifetime[183 weeks], average[148.87]
[Tue Dec  2 12:02:45 2025] >> SAMPLE[ 5589] lifetime[143 weeks], average[148.87]
[Tue Dec  2 12:02:46 2025] >> SAMPLE[ 5590] lifetime[190 weeks], average[148.88]
[Tue Dec  2 12:02:47 2025] >> SAMPLE[ 5591] lifetime[143 weeks], average[148.88]
[Tue Dec  2 12:02:48 2025] >> SAMPLE[ 5592] lifetime[164 weeks], average[148.88]
[Tue Dec  2 12:02:48 2025] >> SAMPLE[ 5593] lifetime[126 weeks], average[148.88]
[Tue Dec  2 12:02:49 2025] >> SAMPLE[ 5594] lifetime[121 weeks], average[148.87]
[Tue Dec  2 12:02:50 2025] >> SAMPLE[ 5595] lifetime[155 weeks], average[148.87]
[Tue Dec  2 12:02:50 2025] >> SAMPLE[ 5596] lifetime[135 weeks], average[148.87]
[Tue Dec  2 12:02:51 2025] >> SAMPLE[ 5597] lifetime[218 weeks], average[148.88]
[Tue Dec  2 12:02:52 2025] >> SAMPLE[ 5598] lifetime[121 weeks], average[148.88]
[Tue Dec  2 12:02:53 2025] >> SAMPLE[ 5599] lifetime[176 weeks], average[148.88]
[Tue Dec  2 12:02:55 2025] >> Generating new alpha
[Tue Dec  2 12:02:56 2025] >> SAMPLE[ 5600] lifetime[165 weeks], average[148.89]
[Tue Dec  2 12:02:57 2025] >> SAMPLE[ 5601] lifetime[116 weeks], average[148.88]
[Tue Dec  2 12:02:57 2025] >> SAMPLE[ 5602] lifetime[117 weeks], average[148.87]
[Tue Dec  2 12:02:58 2025] >> SAMPLE[ 5603] lifetime[132 weeks], average[148.87]
[Tue Dec  2 12:02:59 2025] >> SAMPLE[ 5604] lifetime[184 weeks], average[148.88]
[Tue Dec  2 12:02:59 2025] >> SAMPLE[ 5605] lifetime[126 weeks], average[148.87]
[Tue Dec  2 12:03:00 2025] >> SAMPLE[ 5606] lifetime[169 weeks], average[148.88]
[Tue Dec  2 12:03:01 2025] >> SAMPLE[ 5607] lifetime[147 weeks], average[148.88]
[Tue Dec  2 12:03:01 2025] >> SAMPLE[ 5608] lifetime[138 weeks], average[148.87]
[Tue Dec  2 12:03:02 2025] >> SAMPLE[ 5609] lifetime[174 weeks], average[148.88]
[Tue Dec  2 12:03:03 2025] >> SAMPLE[ 5610] lifetime[106 weeks], average[148.87]
[Tue Dec  2 12:03:03 2025] >> SAMPLE[ 5611] lifetime[129 weeks], average[148.87]
[Tue Dec  2 12:03:04 2025] >> SAMPLE[ 5612] lifetime[155 weeks], average[148.87]
[Tue Dec  2 12:03:05 2025] >> SAMPLE[ 5613] lifetime[143 weeks], average[148.87]
[Tue Dec  2 12:03:05 2025] >> SAMPLE[ 5614] lifetime[188 weeks], average[148.88]
[Tue Dec  2 12:03:06 2025] >> SAMPLE[ 5615] lifetime[127 weeks], average[148.87]
[Tue Dec  2 12:03:07 2025] >> SAMPLE[ 5616] lifetime[208 weeks], average[148.88]
[Tue Dec  2 12:03:08 2025] >> SAMPLE[ 5617] lifetime[136 weeks], average[148.88]
[Tue Dec  2 12:03:08 2025] >> SAMPLE[ 5618] lifetime[182 weeks], average[148.89]
[Tue Dec  2 12:03:09 2025] >> SAMPLE[ 5619] lifetime[138 weeks], average[148.88]
[Tue Dec  2 12:03:10 2025] >> SAMPLE[ 5620] lifetime[151 weeks], average[148.88]
[Tue Dec  2 12:03:10 2025] >> SAMPLE[ 5621] lifetime[131 weeks], average[148.88]
[Tue Dec  2 12:03:11 2025] >> SAMPLE[ 5622] lifetime[136 weeks], average[148.88]
[Tue Dec  2 12:03:12 2025] >> SAMPLE[ 5623] lifetime[171 weeks], average[148.88]
[Tue Dec  2 12:03:12 2025] >> SAMPLE[ 5624] lifetime[166 weeks], average[148.89]
[Tue Dec  2 12:03:13 2025] >> SAMPLE[ 5625] lifetime[140 weeks], average[148.88]
[Tue Dec  2 12:03:14 2025] >> SAMPLE[ 5626] lifetime[162 weeks], average[148.89]
[Tue Dec  2 12:03:14 2025] >> SAMPLE[ 5627] lifetime[145 weeks], average[148.89]
[Tue Dec  2 12:03:15 2025] >> SAMPLE[ 5628] lifetime[167 weeks], average[148.89]
[Tue Dec  2 12:03:16 2025] >> SAMPLE[ 5629] lifetime[160 weeks], average[148.89]
[Tue Dec  2 12:03:17 2025] >> SAMPLE[ 5630] lifetime[180 weeks], average[148.90]
[Tue Dec  2 12:03:18 2025] >> SAMPLE[ 5631] lifetime[171 weeks], average[148.90]
[Tue Dec  2 12:03:18 2025] >> SAMPLE[ 5632] lifetime[162 weeks], average[148.90]
[Tue Dec  2 12:03:19 2025] >> SAMPLE[ 5633] lifetime[164 weeks], average[148.91]
[Tue Dec  2 12:03:20 2025] >> SAMPLE[ 5634] lifetime[ 97 weeks], average[148.90]
[Tue Dec  2 12:03:20 2025] >> SAMPLE[ 5635] lifetime[135 weeks], average[148.89]
[Tue Dec  2 12:03:21 2025] >> SAMPLE[ 5636] lifetime[150 weeks], average[148.89]
[Tue Dec  2 12:03:22 2025] >> SAMPLE[ 5637] lifetime[207 weeks], average[148.90]
[Tue Dec  2 12:03:22 2025] >> SAMPLE[ 5638] lifetime[146 weeks], average[148.90]
[Tue Dec  2 12:03:23 2025] >> SAMPLE[ 5639] lifetime[110 weeks], average[148.90]
[Tue Dec  2 12:03:23 2025] >> SAMPLE[ 5640] lifetime[120 weeks], average[148.89]
[Tue Dec  2 12:03:24 2025] >> SAMPLE[ 5641] lifetime[106 weeks], average[148.88]
[Tue Dec  2 12:03:25 2025] >> SAMPLE[ 5642] lifetime[162 weeks], average[148.89]
[Tue Dec  2 12:03:25 2025] >> SAMPLE[ 5643] lifetime[163 weeks], average[148.89]
[Tue Dec  2 12:03:26 2025] >> SAMPLE[ 5644] lifetime[174 weeks], average[148.89]
[Tue Dec  2 12:03:27 2025] >> SAMPLE[ 5645] lifetime[141 weeks], average[148.89]
[Tue Dec  2 12:03:28 2025] >> SAMPLE[ 5646] lifetime[194 weeks], average[148.90]
[Tue Dec  2 12:03:28 2025] >> SAMPLE[ 5647] lifetime[154 weeks], average[148.90]
[Tue Dec  2 12:03:29 2025] >> SAMPLE[ 5648] lifetime[157 weeks], average[148.90]
[Tue Dec  2 12:03:30 2025] >> SAMPLE[ 5649] lifetime[143 weeks], average[148.90]
[Tue Dec  2 12:03:31 2025] >> SAMPLE[ 5650] lifetime[196 weeks], average[148.91]
[Tue Dec  2 12:03:31 2025] >> SAMPLE[ 5651] lifetime[154 weeks], average[148.91]
[Tue Dec  2 12:03:32 2025] >> SAMPLE[ 5652] lifetime[193 weeks], average[148.92]
[Tue Dec  2 12:03:33 2025] >> SAMPLE[ 5653] lifetime[178 weeks], average[148.92]
[Tue Dec  2 12:03:34 2025] >> SAMPLE[ 5654] lifetime[156 weeks], average[148.92]
[Tue Dec  2 12:03:35 2025] >> SAMPLE[ 5655] lifetime[155 weeks], average[148.93]
[Tue Dec  2 12:03:35 2025] >> SAMPLE[ 5656] lifetime[183 weeks], average[148.93]
[Tue Dec  2 12:03:36 2025] >> SAMPLE[ 5657] lifetime[178 weeks], average[148.94]
[Tue Dec  2 12:03:37 2025] >> SAMPLE[ 5658] lifetime[174 weeks], average[148.94]
[Tue Dec  2 12:03:38 2025] >> SAMPLE[ 5659] lifetime[142 weeks], average[148.94]
[Tue Dec  2 12:03:38 2025] >> SAMPLE[ 5660] lifetime[112 weeks], average[148.93]
[Tue Dec  2 12:03:39 2025] >> SAMPLE[ 5661] lifetime[175 weeks], average[148.94]
[Tue Dec  2 12:03:40 2025] >> SAMPLE[ 5662] lifetime[156 weeks], average[148.94]
[Tue Dec  2 12:03:41 2025] >> SAMPLE[ 5663] lifetime[175 weeks], average[148.94]
[Tue Dec  2 12:03:41 2025] >> SAMPLE[ 5664] lifetime[150 weeks], average[148.94]
[Tue Dec  2 12:03:42 2025] >> SAMPLE[ 5665] lifetime[168 weeks], average[148.95]
[Tue Dec  2 12:03:43 2025] >> SAMPLE[ 5666] lifetime[155 weeks], average[148.95]
[Tue Dec  2 12:03:43 2025] >> SAMPLE[ 5667] lifetime[132 weeks], average[148.95]
[Tue Dec  2 12:03:44 2025] >> SAMPLE[ 5668] lifetime[141 weeks], average[148.94]
[Tue Dec  2 12:03:45 2025] >> SAMPLE[ 5669] lifetime[134 weeks], average[148.94]
[Tue Dec  2 12:03:45 2025] >> SAMPLE[ 5670] lifetime[130 weeks], average[148.94]
[Tue Dec  2 12:03:46 2025] >> SAMPLE[ 5671] lifetime[130 weeks], average[148.93]
[Tue Dec  2 12:03:47 2025] >> SAMPLE[ 5672] lifetime[188 weeks], average[148.94]
[Tue Dec  2 12:03:47 2025] >> SAMPLE[ 5673] lifetime[115 weeks], average[148.94]
[Tue Dec  2 12:03:48 2025] >> SAMPLE[ 5674] lifetime[128 weeks], average[148.93]
[Tue Dec  2 12:03:48 2025] >> SAMPLE[ 5675] lifetime[173 weeks], average[148.94]
[Tue Dec  2 12:03:49 2025] >> SAMPLE[ 5676] lifetime[200 weeks], average[148.95]
[Tue Dec  2 12:03:50 2025] >> SAMPLE[ 5677] lifetime[ 81 weeks], average[148.93]
[Tue Dec  2 12:03:50 2025] >> SAMPLE[ 5678] lifetime[142 weeks], average[148.93]
[Tue Dec  2 12:03:51 2025] >> SAMPLE[ 5679] lifetime[194 weeks], average[148.94]
[Tue Dec  2 12:03:52 2025] >> SAMPLE[ 5680] lifetime[210 weeks], average[148.95]
[Tue Dec  2 12:03:53 2025] >> SAMPLE[ 5681] lifetime[150 weeks], average[148.95]
[Tue Dec  2 12:03:54 2025] >> SAMPLE[ 5682] lifetime[158 weeks], average[148.95]
[Tue Dec  2 12:03:54 2025] >> SAMPLE[ 5683] lifetime[160 weeks], average[148.95]
[Tue Dec  2 12:03:55 2025] >> SAMPLE[ 5684] lifetime[140 weeks], average[148.95]
[Tue Dec  2 12:03:56 2025] >> SAMPLE[ 5685] lifetime[160 weeks], average[148.95]
[Tue Dec  2 12:03:56 2025] >> SAMPLE[ 5686] lifetime[138 weeks], average[148.95]
[Tue Dec  2 12:03:57 2025] >> SAMPLE[ 5687] lifetime[134 weeks], average[148.95]
[Tue Dec  2 12:03:58 2025] >> SAMPLE[ 5688] lifetime[159 weeks], average[148.95]
[Tue Dec  2 12:03:59 2025] >> SAMPLE[ 5689] lifetime[166 weeks], average[148.95]
[Tue Dec  2 12:03:59 2025] >> SAMPLE[ 5690] lifetime[194 weeks], average[148.96]
[Tue Dec  2 12:04:00 2025] >> SAMPLE[ 5691] lifetime[147 weeks], average[148.96]
[Tue Dec  2 12:04:01 2025] >> SAMPLE[ 5692] lifetime[138 weeks], average[148.96]
[Tue Dec  2 12:04:01 2025] >> SAMPLE[ 5693] lifetime[140 weeks], average[148.96]
[Tue Dec  2 12:04:02 2025] >> SAMPLE[ 5694] lifetime[129 weeks], average[148.96]
[Tue Dec  2 12:04:03 2025] >> SAMPLE[ 5695] lifetime[155 weeks], average[148.96]
[Tue Dec  2 12:04:03 2025] >> SAMPLE[ 5696] lifetime[140 weeks], average[148.95]
[Tue Dec  2 12:04:04 2025] >> SAMPLE[ 5697] lifetime[146 weeks], average[148.95]
[Tue Dec  2 12:04:05 2025] >> SAMPLE[ 5698] lifetime[143 weeks], average[148.95]
[Tue Dec  2 12:04:06 2025] >> SAMPLE[ 5699] lifetime[236 weeks], average[148.97]
[Tue Dec  2 12:04:08 2025] >> Generating new alpha
[Tue Dec  2 12:04:09 2025] >> SAMPLE[ 5700] lifetime[148 weeks], average[148.97]
[Tue Dec  2 12:04:10 2025] >> SAMPLE[ 5701] lifetime[172 weeks], average[148.97]
[Tue Dec  2 12:04:10 2025] >> SAMPLE[ 5702] lifetime[152 weeks], average[148.97]
[Tue Dec  2 12:04:11 2025] >> SAMPLE[ 5703] lifetime[108 weeks], average[148.97]
[Tue Dec  2 12:04:12 2025] >> SAMPLE[ 5704] lifetime[154 weeks], average[148.97]
[Tue Dec  2 12:04:13 2025] >> SAMPLE[ 5705] lifetime[196 weeks], average[148.97]
[Tue Dec  2 12:04:13 2025] >> SAMPLE[ 5706] lifetime[166 weeks], average[148.98]
[Tue Dec  2 12:04:14 2025] >> SAMPLE[ 5707] lifetime[147 weeks], average[148.98]
[Tue Dec  2 12:04:15 2025] >> SAMPLE[ 5708] lifetime[127 weeks], average[148.97]
[Tue Dec  2 12:04:15 2025] >> SAMPLE[ 5709] lifetime[120 weeks], average[148.97]
[Tue Dec  2 12:04:16 2025] >> SAMPLE[ 5710] lifetime[136 weeks], average[148.97]
[Tue Dec  2 12:04:16 2025] >> SAMPLE[ 5711] lifetime[156 weeks], average[148.97]
[Tue Dec  2 12:04:17 2025] >> SAMPLE[ 5712] lifetime[125 weeks], average[148.96]
[Tue Dec  2 12:04:18 2025] >> SAMPLE[ 5713] lifetime[173 weeks], average[148.97]
[Tue Dec  2 12:04:18 2025] >> SAMPLE[ 5714] lifetime[142 weeks], average[148.97]
[Tue Dec  2 12:04:19 2025] >> SAMPLE[ 5715] lifetime[183 weeks], average[148.97]
[Tue Dec  2 12:04:20 2025] >> SAMPLE[ 5716] lifetime[139 weeks], average[148.97]
[Tue Dec  2 12:04:21 2025] >> SAMPLE[ 5717] lifetime[145 weeks], average[148.97]
[Tue Dec  2 12:04:21 2025] >> SAMPLE[ 5718] lifetime[136 weeks], average[148.97]
[Tue Dec  2 12:04:22 2025] >> SAMPLE[ 5719] lifetime[139 weeks], average[148.97]
[Tue Dec  2 12:04:22 2025] >> SAMPLE[ 5720] lifetime[153 weeks], average[148.97]
[Tue Dec  2 12:04:23 2025] >> SAMPLE[ 5721] lifetime[148 weeks], average[148.97]
[Tue Dec  2 12:04:24 2025] >> SAMPLE[ 5722] lifetime[130 weeks], average[148.96]
[Tue Dec  2 12:04:24 2025] >> SAMPLE[ 5723] lifetime[139 weeks], average[148.96]
[Tue Dec  2 12:04:25 2025] >> SAMPLE[ 5724] lifetime[154 weeks], average[148.96]
[Tue Dec  2 12:04:26 2025] >> SAMPLE[ 5725] lifetime[174 weeks], average[148.97]
[Tue Dec  2 12:04:26 2025] >> SAMPLE[ 5726] lifetime[132 weeks], average[148.96]
[Tue Dec  2 12:04:27 2025] >> SAMPLE[ 5727] lifetime[ 81 weeks], average[148.95]
[Tue Dec  2 12:04:27 2025] >> SAMPLE[ 5728] lifetime[150 weeks], average[148.95]
[Tue Dec  2 12:04:28 2025] >> SAMPLE[ 5729] lifetime[178 weeks], average[148.96]
[Tue Dec  2 12:04:29 2025] >> SAMPLE[ 5730] lifetime[120 weeks], average[148.95]
[Tue Dec  2 12:04:29 2025] >> SAMPLE[ 5731] lifetime[120 weeks], average[148.95]
[Tue Dec  2 12:04:30 2025] >> SAMPLE[ 5732] lifetime[ 94 weeks], average[148.94]
[Tue Dec  2 12:04:30 2025] >> SAMPLE[ 5733] lifetime[112 weeks], average[148.93]
[Tue Dec  2 12:04:31 2025] >> SAMPLE[ 5734] lifetime[138 weeks], average[148.93]
[Tue Dec  2 12:04:31 2025] >> SAMPLE[ 5735] lifetime[137 weeks], average[148.93]
[Tue Dec  2 12:04:32 2025] >> SAMPLE[ 5736] lifetime[166 weeks], average[148.93]
[Tue Dec  2 12:04:33 2025] >> SAMPLE[ 5737] lifetime[173 weeks], average[148.93]
[Tue Dec  2 12:04:33 2025] >> SAMPLE[ 5738] lifetime[113 weeks], average[148.93]
[Tue Dec  2 12:04:34 2025] >> SAMPLE[ 5739] lifetime[183 weeks], average[148.93]
[Tue Dec  2 12:04:35 2025] >> SAMPLE[ 5740] lifetime[154 weeks], average[148.93]
[Tue Dec  2 12:04:36 2025] >> SAMPLE[ 5741] lifetime[127 weeks], average[148.93]
[Tue Dec  2 12:04:36 2025] >> SAMPLE[ 5742] lifetime[151 weeks], average[148.93]
[Tue Dec  2 12:04:37 2025] >> SAMPLE[ 5743] lifetime[165 weeks], average[148.93]
[Tue Dec  2 12:04:38 2025] >> SAMPLE[ 5744] lifetime[168 weeks], average[148.94]
[Tue Dec  2 12:04:39 2025] >> SAMPLE[ 5745] lifetime[181 weeks], average[148.94]
[Tue Dec  2 12:04:39 2025] >> SAMPLE[ 5746] lifetime[167 weeks], average[148.95]
[Tue Dec  2 12:04:40 2025] >> SAMPLE[ 5747] lifetime[132 weeks], average[148.94]
[Tue Dec  2 12:04:41 2025] >> SAMPLE[ 5748] lifetime[136 weeks], average[148.94]
[Tue Dec  2 12:04:41 2025] >> SAMPLE[ 5749] lifetime[177 weeks], average[148.95]
[Tue Dec  2 12:04:42 2025] >> SAMPLE[ 5750] lifetime[163 weeks], average[148.95]
[Tue Dec  2 12:04:43 2025] >> SAMPLE[ 5751] lifetime[151 weeks], average[148.95]
[Tue Dec  2 12:04:43 2025] >> SAMPLE[ 5752] lifetime[120 weeks], average[148.94]
[Tue Dec  2 12:04:44 2025] >> SAMPLE[ 5753] lifetime[128 weeks], average[148.94]
[Tue Dec  2 12:04:45 2025] >> SAMPLE[ 5754] lifetime[181 weeks], average[148.95]
[Tue Dec  2 12:04:46 2025] >> SAMPLE[ 5755] lifetime[170 weeks], average[148.95]
[Tue Dec  2 12:04:46 2025] >> SAMPLE[ 5756] lifetime[127 weeks], average[148.95]
[Tue Dec  2 12:04:47 2025] >> SAMPLE[ 5757] lifetime[145 weeks], average[148.94]
[Tue Dec  2 12:04:47 2025] >> SAMPLE[ 5758] lifetime[115 weeks], average[148.94]
[Tue Dec  2 12:04:48 2025] >> SAMPLE[ 5759] lifetime[183 weeks], average[148.94]
[Tue Dec  2 12:04:49 2025] >> SAMPLE[ 5760] lifetime[181 weeks], average[148.95]
[Tue Dec  2 12:04:50 2025] >> SAMPLE[ 5761] lifetime[124 weeks], average[148.95]
[Tue Dec  2 12:04:50 2025] >> SAMPLE[ 5762] lifetime[166 weeks], average[148.95]
[Tue Dec  2 12:04:51 2025] >> SAMPLE[ 5763] lifetime[155 weeks], average[148.95]
[Tue Dec  2 12:04:52 2025] >> SAMPLE[ 5764] lifetime[163 weeks], average[148.95]
[Tue Dec  2 12:04:52 2025] >> SAMPLE[ 5765] lifetime[118 weeks], average[148.95]
[Tue Dec  2 12:04:53 2025] >> SAMPLE[ 5766] lifetime[137 weeks], average[148.94]
[Tue Dec  2 12:04:54 2025] >> SAMPLE[ 5767] lifetime[167 weeks], average[148.95]
[Tue Dec  2 12:04:54 2025] >> SAMPLE[ 5768] lifetime[138 weeks], average[148.95]
[Tue Dec  2 12:04:55 2025] >> SAMPLE[ 5769] lifetime[131 weeks], average[148.94]
[Tue Dec  2 12:04:56 2025] >> SAMPLE[ 5770] lifetime[161 weeks], average[148.95]
[Tue Dec  2 12:04:56 2025] >> SAMPLE[ 5771] lifetime[170 weeks], average[148.95]
[Tue Dec  2 12:04:57 2025] >> SAMPLE[ 5772] lifetime[121 weeks], average[148.94]
[Tue Dec  2 12:04:58 2025] >> SAMPLE[ 5773] lifetime[130 weeks], average[148.94]
[Tue Dec  2 12:04:58 2025] >> SAMPLE[ 5774] lifetime[160 weeks], average[148.94]
[Tue Dec  2 12:04:59 2025] >> SAMPLE[ 5775] lifetime[142 weeks], average[148.94]
[Tue Dec  2 12:05:00 2025] >> SAMPLE[ 5776] lifetime[163 weeks], average[148.94]
[Tue Dec  2 12:05:00 2025] >> SAMPLE[ 5777] lifetime[117 weeks], average[148.94]
[Tue Dec  2 12:05:01 2025] >> SAMPLE[ 5778] lifetime[151 weeks], average[148.94]
[Tue Dec  2 12:05:01 2025] >> SAMPLE[ 5779] lifetime[122 weeks], average[148.93]
[Tue Dec  2 12:05:02 2025] >> SAMPLE[ 5780] lifetime[119 weeks], average[148.93]
[Tue Dec  2 12:05:03 2025] >> SAMPLE[ 5781] lifetime[141 weeks], average[148.93]
[Tue Dec  2 12:05:03 2025] >> SAMPLE[ 5782] lifetime[154 weeks], average[148.93]
[Tue Dec  2 12:05:04 2025] >> SAMPLE[ 5783] lifetime[159 weeks], average[148.93]
[Tue Dec  2 12:05:05 2025] >> SAMPLE[ 5784] lifetime[185 weeks], average[148.94]
[Tue Dec  2 12:05:05 2025] >> SAMPLE[ 5785] lifetime[138 weeks], average[148.93]
[Tue Dec  2 12:05:06 2025] >> SAMPLE[ 5786] lifetime[157 weeks], average[148.94]
[Tue Dec  2 12:05:07 2025] >> SAMPLE[ 5787] lifetime[139 weeks], average[148.93]
[Tue Dec  2 12:05:07 2025] >> SAMPLE[ 5788] lifetime[118 weeks], average[148.93]
[Tue Dec  2 12:05:08 2025] >> SAMPLE[ 5789] lifetime[111 weeks], average[148.92]
[Tue Dec  2 12:05:08 2025] >> SAMPLE[ 5790] lifetime[123 weeks], average[148.92]
[Tue Dec  2 12:05:09 2025] >> SAMPLE[ 5791] lifetime[125 weeks], average[148.91]
[Tue Dec  2 12:05:09 2025] >> SAMPLE[ 5792] lifetime[127 weeks], average[148.91]
[Tue Dec  2 12:05:10 2025] >> SAMPLE[ 5793] lifetime[191 weeks], average[148.92]
[Tue Dec  2 12:05:11 2025] >> SAMPLE[ 5794] lifetime[150 weeks], average[148.92]
[Tue Dec  2 12:05:12 2025] >> SAMPLE[ 5795] lifetime[151 weeks], average[148.92]
[Tue Dec  2 12:05:12 2025] >> SAMPLE[ 5796] lifetime[153 weeks], average[148.92]
[Tue Dec  2 12:05:13 2025] >> SAMPLE[ 5797] lifetime[153 weeks], average[148.92]
[Tue Dec  2 12:05:14 2025] >> SAMPLE[ 5798] lifetime[130 weeks], average[148.92]
[Tue Dec  2 12:05:14 2025] >> SAMPLE[ 5799] lifetime[149 weeks], average[148.92]
[Tue Dec  2 12:05:17 2025] >> Generating new alpha
[Tue Dec  2 12:05:18 2025] >> SAMPLE[ 5800] lifetime[132 weeks], average[148.91]
[Tue Dec  2 12:05:18 2025] >> SAMPLE[ 5801] lifetime[182 weeks], average[148.92]
[Tue Dec  2 12:05:19 2025] >> SAMPLE[ 5802] lifetime[129 weeks], average[148.92]
[Tue Dec  2 12:05:20 2025] >> SAMPLE[ 5803] lifetime[131 weeks], average[148.91]
[Tue Dec  2 12:05:20 2025] >> SAMPLE[ 5804] lifetime[157 weeks], average[148.91]
[Tue Dec  2 12:05:21 2025] >> SAMPLE[ 5805] lifetime[153 weeks], average[148.91]
[Tue Dec  2 12:05:22 2025] >> SAMPLE[ 5806] lifetime[207 weeks], average[148.92]
[Tue Dec  2 12:05:23 2025] >> SAMPLE[ 5807] lifetime[130 weeks], average[148.92]
[Tue Dec  2 12:05:23 2025] >> SAMPLE[ 5808] lifetime[165 weeks], average[148.92]
[Tue Dec  2 12:05:24 2025] >> SAMPLE[ 5809] lifetime[133 weeks], average[148.92]
[Tue Dec  2 12:05:25 2025] >> SAMPLE[ 5810] lifetime[147 weeks], average[148.92]
[Tue Dec  2 12:05:25 2025] >> SAMPLE[ 5811] lifetime[184 weeks], average[148.93]
[Tue Dec  2 12:05:26 2025] >> SAMPLE[ 5812] lifetime[135 weeks], average[148.92]
[Tue Dec  2 12:05:27 2025] >> SAMPLE[ 5813] lifetime[146 weeks], average[148.92]
[Tue Dec  2 12:05:28 2025] >> SAMPLE[ 5814] lifetime[215 weeks], average[148.93]
[Tue Dec  2 12:05:28 2025] >> SAMPLE[ 5815] lifetime[156 weeks], average[148.94]
[Tue Dec  2 12:05:29 2025] >> SAMPLE[ 5816] lifetime[141 weeks], average[148.93]
[Tue Dec  2 12:05:30 2025] >> SAMPLE[ 5817] lifetime[123 weeks], average[148.93]
[Tue Dec  2 12:05:30 2025] >> SAMPLE[ 5818] lifetime[126 weeks], average[148.93]
[Tue Dec  2 12:05:31 2025] >> SAMPLE[ 5819] lifetime[106 weeks], average[148.92]
[Tue Dec  2 12:05:31 2025] >> SAMPLE[ 5820] lifetime[191 weeks], average[148.93]
[Tue Dec  2 12:05:32 2025] >> SAMPLE[ 5821] lifetime[138 weeks], average[148.92]
[Tue Dec  2 12:05:33 2025] >> SAMPLE[ 5822] lifetime[155 weeks], average[148.93]
[Tue Dec  2 12:05:33 2025] >> SAMPLE[ 5823] lifetime[136 weeks], average[148.92]
[Tue Dec  2 12:05:34 2025] >> SAMPLE[ 5824] lifetime[147 weeks], average[148.92]
[Tue Dec  2 12:05:35 2025] >> SAMPLE[ 5825] lifetime[133 weeks], average[148.92]
[Tue Dec  2 12:05:35 2025] >> SAMPLE[ 5826] lifetime[122 weeks], average[148.92]
[Tue Dec  2 12:05:36 2025] >> SAMPLE[ 5827] lifetime[159 weeks], average[148.92]
[Tue Dec  2 12:05:37 2025] >> SAMPLE[ 5828] lifetime[186 weeks], average[148.92]
[Tue Dec  2 12:05:37 2025] >> SAMPLE[ 5829] lifetime[111 weeks], average[148.92]
[Tue Dec  2 12:05:38 2025] >> SAMPLE[ 5830] lifetime[159 weeks], average[148.92]
[Tue Dec  2 12:05:39 2025] >> SAMPLE[ 5831] lifetime[156 weeks], average[148.92]
[Tue Dec  2 12:05:39 2025] >> SAMPLE[ 5832] lifetime[164 weeks], average[148.92]
[Tue Dec  2 12:05:40 2025] >> SAMPLE[ 5833] lifetime[127 weeks], average[148.92]
[Tue Dec  2 12:05:41 2025] >> SAMPLE[ 5834] lifetime[133 weeks], average[148.92]
[Tue Dec  2 12:05:41 2025] >> SAMPLE[ 5835] lifetime[120 weeks], average[148.91]
[Tue Dec  2 12:05:42 2025] >> SAMPLE[ 5836] lifetime[111 weeks], average[148.90]
[Tue Dec  2 12:05:42 2025] >> SAMPLE[ 5837] lifetime[160 weeks], average[148.91]
[Tue Dec  2 12:05:43 2025] >> SAMPLE[ 5838] lifetime[146 weeks], average[148.91]
[Tue Dec  2 12:05:43 2025] >> SAMPLE[ 5839] lifetime[133 weeks], average[148.90]
[Tue Dec  2 12:05:44 2025] >> SAMPLE[ 5840] lifetime[115 weeks], average[148.90]
[Tue Dec  2 12:05:45 2025] >> SAMPLE[ 5841] lifetime[162 weeks], average[148.90]
[Tue Dec  2 12:05:45 2025] >> SAMPLE[ 5842] lifetime[166 weeks], average[148.90]
[Tue Dec  2 12:05:46 2025] >> SAMPLE[ 5843] lifetime[165 weeks], average[148.91]
[Tue Dec  2 12:05:47 2025] >> SAMPLE[ 5844] lifetime[141 weeks], average[148.90]
[Tue Dec  2 12:05:48 2025] >> SAMPLE[ 5845] lifetime[158 weeks], average[148.91]
[Tue Dec  2 12:05:48 2025] >> SAMPLE[ 5846] lifetime[155 weeks], average[148.91]
[Tue Dec  2 12:05:49 2025] >> SAMPLE[ 5847] lifetime[133 weeks], average[148.90]
[Tue Dec  2 12:05:50 2025] >> SAMPLE[ 5848] lifetime[174 weeks], average[148.91]
[Tue Dec  2 12:05:50 2025] >> SAMPLE[ 5849] lifetime[125 weeks], average[148.90]
[Tue Dec  2 12:05:51 2025] >> SAMPLE[ 5850] lifetime[143 weeks], average[148.90]
[Tue Dec  2 12:05:51 2025] >> SAMPLE[ 5851] lifetime[141 weeks], average[148.90]
[Tue Dec  2 12:05:52 2025] >> SAMPLE[ 5852] lifetime[149 weeks], average[148.90]
[Tue Dec  2 12:05:53 2025] >> SAMPLE[ 5853] lifetime[133 weeks], average[148.90]
[Tue Dec  2 12:05:54 2025] >> SAMPLE[ 5854] lifetime[202 weeks], average[148.91]
[Tue Dec  2 12:05:54 2025] >> SAMPLE[ 5855] lifetime[118 weeks], average[148.90]
[Tue Dec  2 12:05:55 2025] >> SAMPLE[ 5856] lifetime[126 weeks], average[148.90]
[Tue Dec  2 12:05:56 2025] >> SAMPLE[ 5857] lifetime[170 weeks], average[148.90]
[Tue Dec  2 12:05:56 2025] >> SAMPLE[ 5858] lifetime[141 weeks], average[148.90]
[Tue Dec  2 12:05:57 2025] >> SAMPLE[ 5859] lifetime[132 weeks], average[148.90]
[Tue Dec  2 12:05:57 2025] >> SAMPLE[ 5860] lifetime[138 weeks], average[148.90]
[Tue Dec  2 12:05:58 2025] >> SAMPLE[ 5861] lifetime[150 weeks], average[148.90]
[Tue Dec  2 12:05:59 2025] >> SAMPLE[ 5862] lifetime[172 weeks], average[148.90]
[Tue Dec  2 12:06:00 2025] >> SAMPLE[ 5863] lifetime[147 weeks], average[148.90]
[Tue Dec  2 12:06:00 2025] >> SAMPLE[ 5864] lifetime[141 weeks], average[148.90]
[Tue Dec  2 12:06:01 2025] >> SAMPLE[ 5865] lifetime[141 weeks], average[148.90]
[Tue Dec  2 12:06:02 2025] >> SAMPLE[ 5866] lifetime[184 weeks], average[148.90]
[Tue Dec  2 12:06:02 2025] >> SAMPLE[ 5867] lifetime[171 weeks], average[148.91]
[Tue Dec  2 12:06:03 2025] >> SAMPLE[ 5868] lifetime[150 weeks], average[148.91]
[Tue Dec  2 12:06:04 2025] >> SAMPLE[ 5869] lifetime[107 weeks], average[148.90]
[Tue Dec  2 12:06:04 2025] >> SAMPLE[ 5870] lifetime[129 weeks], average[148.90]
[Tue Dec  2 12:06:05 2025] >> SAMPLE[ 5871] lifetime[182 weeks], average[148.90]
[Tue Dec  2 12:06:06 2025] >> SAMPLE[ 5872] lifetime[176 weeks], average[148.91]
[Tue Dec  2 12:06:06 2025] >> SAMPLE[ 5873] lifetime[154 weeks], average[148.91]
[Tue Dec  2 12:06:07 2025] >> SAMPLE[ 5874] lifetime[178 weeks], average[148.91]
[Tue Dec  2 12:06:08 2025] >> SAMPLE[ 5875] lifetime[140 weeks], average[148.91]
[Tue Dec  2 12:06:09 2025] >> SAMPLE[ 5876] lifetime[146 weeks], average[148.91]
[Tue Dec  2 12:06:09 2025] >> SAMPLE[ 5877] lifetime[155 weeks], average[148.91]
[Tue Dec  2 12:06:10 2025] >> SAMPLE[ 5878] lifetime[193 weeks], average[148.92]
[Tue Dec  2 12:06:11 2025] >> SAMPLE[ 5879] lifetime[147 weeks], average[148.92]
[Tue Dec  2 12:06:12 2025] >> SAMPLE[ 5880] lifetime[175 weeks], average[148.92]
[Tue Dec  2 12:06:12 2025] >> SAMPLE[ 5881] lifetime[119 weeks], average[148.92]
[Tue Dec  2 12:06:13 2025] >> SAMPLE[ 5882] lifetime[148 weeks], average[148.92]
[Tue Dec  2 12:06:13 2025] >> SAMPLE[ 5883] lifetime[130 weeks], average[148.92]
[Tue Dec  2 12:06:14 2025] >> SAMPLE[ 5884] lifetime[144 weeks], average[148.91]
[Tue Dec  2 12:06:15 2025] >> SAMPLE[ 5885] lifetime[124 weeks], average[148.91]
[Tue Dec  2 12:06:15 2025] >> SAMPLE[ 5886] lifetime[122 weeks], average[148.91]
[Tue Dec  2 12:06:16 2025] >> SAMPLE[ 5887] lifetime[159 weeks], average[148.91]
[Tue Dec  2 12:06:16 2025] >> SAMPLE[ 5888] lifetime[151 weeks], average[148.91]
[Tue Dec  2 12:06:17 2025] >> SAMPLE[ 5889] lifetime[161 weeks], average[148.91]
[Tue Dec  2 12:06:18 2025] >> SAMPLE[ 5890] lifetime[150 weeks], average[148.91]
[Tue Dec  2 12:06:18 2025] >> SAMPLE[ 5891] lifetime[112 weeks], average[148.90]
[Tue Dec  2 12:06:19 2025] >> SAMPLE[ 5892] lifetime[156 weeks], average[148.90]
[Tue Dec  2 12:06:20 2025] >> SAMPLE[ 5893] lifetime[129 weeks], average[148.90]
[Tue Dec  2 12:06:20 2025] >> SAMPLE[ 5894] lifetime[152 weeks], average[148.90]
[Tue Dec  2 12:06:21 2025] >> SAMPLE[ 5895] lifetime[150 weeks], average[148.90]
[Tue Dec  2 12:06:22 2025] >> SAMPLE[ 5896] lifetime[116 weeks], average[148.90]
[Tue Dec  2 12:06:22 2025] >> SAMPLE[ 5897] lifetime[152 weeks], average[148.90]
[Tue Dec  2 12:06:23 2025] >> SAMPLE[ 5898] lifetime[144 weeks], average[148.90]
[Tue Dec  2 12:06:24 2025] >> SAMPLE[ 5899] lifetime[182 weeks], average[148.90]
[Tue Dec  2 12:06:26 2025] >> Generating new alpha
[Tue Dec  2 12:06:27 2025] >> SAMPLE[ 5900] lifetime[137 weeks], average[148.90]
[Tue Dec  2 12:06:27 2025] >> SAMPLE[ 5901] lifetime[117 weeks], average[148.89]
[Tue Dec  2 12:06:28 2025] >> SAMPLE[ 5902] lifetime[115 weeks], average[148.89]
[Tue Dec  2 12:06:29 2025] >> SAMPLE[ 5903] lifetime[142 weeks], average[148.89]
[Tue Dec  2 12:06:29 2025] >> SAMPLE[ 5904] lifetime[163 weeks], average[148.89]
[Tue Dec  2 12:06:30 2025] >> SAMPLE[ 5905] lifetime[111 weeks], average[148.88]
[Tue Dec  2 12:06:30 2025] >> SAMPLE[ 5906] lifetime[139 weeks], average[148.88]
[Tue Dec  2 12:06:31 2025] >> SAMPLE[ 5907] lifetime[165 weeks], average[148.88]
[Tue Dec  2 12:06:32 2025] >> SAMPLE[ 5908] lifetime[193 weeks], average[148.89]
[Tue Dec  2 12:06:33 2025] >> SAMPLE[ 5909] lifetime[152 weeks], average[148.89]
[Tue Dec  2 12:06:33 2025] >> SAMPLE[ 5910] lifetime[136 weeks], average[148.89]
[Tue Dec  2 12:06:34 2025] >> SAMPLE[ 5911] lifetime[130 weeks], average[148.89]
[Tue Dec  2 12:06:35 2025] >> SAMPLE[ 5912] lifetime[160 weeks], average[148.89]
[Tue Dec  2 12:06:35 2025] >> SAMPLE[ 5913] lifetime[ 92 weeks], average[148.88]
[Tue Dec  2 12:06:36 2025] >> SAMPLE[ 5914] lifetime[164 weeks], average[148.88]
[Tue Dec  2 12:06:36 2025] >> SAMPLE[ 5915] lifetime[124 weeks], average[148.88]
[Tue Dec  2 12:06:37 2025] >> SAMPLE[ 5916] lifetime[170 weeks], average[148.88]
[Tue Dec  2 12:06:38 2025] >> SAMPLE[ 5917] lifetime[152 weeks], average[148.88]
[Tue Dec  2 12:06:38 2025] >> SAMPLE[ 5918] lifetime[103 weeks], average[148.87]
[Tue Dec  2 12:06:39 2025] >> SAMPLE[ 5919] lifetime[129 weeks], average[148.87]
[Tue Dec  2 12:06:40 2025] >> SAMPLE[ 5920] lifetime[179 weeks], average[148.88]
[Tue Dec  2 12:06:40 2025] >> SAMPLE[ 5921] lifetime[142 weeks], average[148.87]
[Tue Dec  2 12:06:41 2025] >> SAMPLE[ 5922] lifetime[148 weeks], average[148.87]
[Tue Dec  2 12:06:42 2025] >> SAMPLE[ 5923] lifetime[146 weeks], average[148.87]
[Tue Dec  2 12:06:42 2025] >> SAMPLE[ 5924] lifetime[141 weeks], average[148.87]
[Tue Dec  2 12:06:43 2025] >> SAMPLE[ 5925] lifetime[135 weeks], average[148.87]
[Tue Dec  2 12:06:44 2025] >> SAMPLE[ 5926] lifetime[170 weeks], average[148.87]
[Tue Dec  2 12:06:44 2025] >> SAMPLE[ 5927] lifetime[140 weeks], average[148.87]
[Tue Dec  2 12:06:45 2025] >> SAMPLE[ 5928] lifetime[146 weeks], average[148.87]
[Tue Dec  2 12:06:46 2025] >> SAMPLE[ 5929] lifetime[165 weeks], average[148.87]
[Tue Dec  2 12:06:46 2025] >> SAMPLE[ 5930] lifetime[156 weeks], average[148.88]
[Tue Dec  2 12:06:47 2025] >> SAMPLE[ 5931] lifetime[163 weeks], average[148.88]
[Tue Dec  2 12:06:48 2025] >> SAMPLE[ 5932] lifetime[185 weeks], average[148.88]
[Tue Dec  2 12:06:49 2025] >> SAMPLE[ 5933] lifetime[147 weeks], average[148.88]
[Tue Dec  2 12:06:49 2025] >> SAMPLE[ 5934] lifetime[103 weeks], average[148.88]
[Tue Dec  2 12:06:50 2025] >> SAMPLE[ 5935] lifetime[105 weeks], average[148.87]
[Tue Dec  2 12:06:51 2025] >> SAMPLE[ 5936] lifetime[213 weeks], average[148.88]
[Tue Dec  2 12:06:51 2025] >> SAMPLE[ 5937] lifetime[107 weeks], average[148.87]
[Tue Dec  2 12:06:52 2025] >> SAMPLE[ 5938] lifetime[113 weeks], average[148.87]
[Tue Dec  2 12:06:52 2025] >> SAMPLE[ 5939] lifetime[155 weeks], average[148.87]
[Tue Dec  2 12:06:53 2025] >> SAMPLE[ 5940] lifetime[132 weeks], average[148.87]
[Tue Dec  2 12:06:54 2025] >> SAMPLE[ 5941] lifetime[158 weeks], average[148.87]
[Tue Dec  2 12:06:54 2025] >> SAMPLE[ 5942] lifetime[176 weeks], average[148.87]
[Tue Dec  2 12:06:55 2025] >> SAMPLE[ 5943] lifetime[195 weeks], average[148.88]
[Tue Dec  2 12:06:56 2025] >> SAMPLE[ 5944] lifetime[160 weeks], average[148.88]
[Tue Dec  2 12:06:57 2025] >> SAMPLE[ 5945] lifetime[146 weeks], average[148.88]
[Tue Dec  2 12:06:57 2025] >> SAMPLE[ 5946] lifetime[155 weeks], average[148.88]
[Tue Dec  2 12:06:58 2025] >> SAMPLE[ 5947] lifetime[123 weeks], average[148.88]
[Tue Dec  2 12:06:59 2025] >> SAMPLE[ 5948] lifetime[146 weeks], average[148.88]
[Tue Dec  2 12:06:59 2025] >> SAMPLE[ 5949] lifetime[160 weeks], average[148.88]
[Tue Dec  2 12:07:00 2025] >> SAMPLE[ 5950] lifetime[187 weeks], average[148.88]
[Tue Dec  2 12:07:01 2025] >> SAMPLE[ 5951] lifetime[158 weeks], average[148.89]
[Tue Dec  2 12:07:02 2025] >> SAMPLE[ 5952] lifetime[152 weeks], average[148.89]
[Tue Dec  2 12:07:02 2025] >> SAMPLE[ 5953] lifetime[163 weeks], average[148.89]
[Tue Dec  2 12:07:03 2025] >> SAMPLE[ 5954] lifetime[184 weeks], average[148.90]
[Tue Dec  2 12:07:04 2025] >> SAMPLE[ 5955] lifetime[106 weeks], average[148.89]
[Tue Dec  2 12:07:04 2025] >> SAMPLE[ 5956] lifetime[148 weeks], average[148.89]
[Tue Dec  2 12:07:05 2025] >> SAMPLE[ 5957] lifetime[139 weeks], average[148.89]
[Tue Dec  2 12:07:06 2025] >> SAMPLE[ 5958] lifetime[141 weeks], average[148.88]
[Tue Dec  2 12:07:06 2025] >> SAMPLE[ 5959] lifetime[153 weeks], average[148.89]
[Tue Dec  2 12:07:07 2025] >> SAMPLE[ 5960] lifetime[127 weeks], average[148.88]
[Tue Dec  2 12:07:08 2025] >> SAMPLE[ 5961] lifetime[139 weeks], average[148.88]
[Tue Dec  2 12:07:08 2025] >> SAMPLE[ 5962] lifetime[112 weeks], average[148.87]
[Tue Dec  2 12:07:08 2025] >> SAMPLE[ 5963] lifetime[119 weeks], average[148.87]
[Tue Dec  2 12:07:09 2025] >> SAMPLE[ 5964] lifetime[147 weeks], average[148.87]
[Tue Dec  2 12:07:10 2025] >> SAMPLE[ 5965] lifetime[167 weeks], average[148.87]
[Tue Dec  2 12:07:11 2025] >> SAMPLE[ 5966] lifetime[183 weeks], average[148.88]
[Tue Dec  2 12:07:11 2025] >> SAMPLE[ 5967] lifetime[125 weeks], average[148.87]
[Tue Dec  2 12:07:12 2025] >> SAMPLE[ 5968] lifetime[126 weeks], average[148.87]
[Tue Dec  2 12:07:13 2025] >> SAMPLE[ 5969] lifetime[148 weeks], average[148.87]
[Tue Dec  2 12:07:13 2025] >> SAMPLE[ 5970] lifetime[178 weeks], average[148.87]
[Tue Dec  2 12:07:14 2025] >> SAMPLE[ 5971] lifetime[165 weeks], average[148.88]
[Tue Dec  2 12:07:15 2025] >> SAMPLE[ 5972] lifetime[126 weeks], average[148.87]
[Tue Dec  2 12:07:15 2025] >> SAMPLE[ 5973] lifetime[106 weeks], average[148.87]
[Tue Dec  2 12:07:16 2025] >> SAMPLE[ 5974] lifetime[173 weeks], average[148.87]
[Tue Dec  2 12:07:16 2025] >> SAMPLE[ 5975] lifetime[128 weeks], average[148.87]
[Tue Dec  2 12:07:17 2025] >> SAMPLE[ 5976] lifetime[153 weeks], average[148.87]
[Tue Dec  2 12:07:18 2025] >> SAMPLE[ 5977] lifetime[148 weeks], average[148.87]
[Tue Dec  2 12:07:18 2025] >> SAMPLE[ 5978] lifetime[145 weeks], average[148.87]
[Tue Dec  2 12:07:19 2025] >> SAMPLE[ 5979] lifetime[163 weeks], average[148.87]
[Tue Dec  2 12:07:20 2025] >> SAMPLE[ 5980] lifetime[128 weeks], average[148.87]
[Tue Dec  2 12:07:20 2025] >> SAMPLE[ 5981] lifetime[143 weeks], average[148.86]
[Tue Dec  2 12:07:21 2025] >> SAMPLE[ 5982] lifetime[130 weeks], average[148.86]
[Tue Dec  2 12:07:22 2025] >> SAMPLE[ 5983] lifetime[185 weeks], average[148.87]
[Tue Dec  2 12:07:23 2025] >> SAMPLE[ 5984] lifetime[176 weeks], average[148.87]
[Tue Dec  2 12:07:23 2025] >> SAMPLE[ 5985] lifetime[141 weeks], average[148.87]
[Tue Dec  2 12:07:24 2025] >> SAMPLE[ 5986] lifetime[110 weeks], average[148.86]
[Tue Dec  2 12:07:24 2025] >> SAMPLE[ 5987] lifetime[123 weeks], average[148.86]
[Tue Dec  2 12:07:25 2025] >> SAMPLE[ 5988] lifetime[107 weeks], average[148.85]
[Tue Dec  2 12:07:26 2025] >> SAMPLE[ 5989] lifetime[156 weeks], average[148.85]
[Tue Dec  2 12:07:26 2025] >> SAMPLE[ 5990] lifetime[129 weeks], average[148.85]
[Tue Dec  2 12:07:27 2025] >> SAMPLE[ 5991] lifetime[120 weeks], average[148.85]
[Tue Dec  2 12:07:27 2025] >> SAMPLE[ 5992] lifetime[161 weeks], average[148.85]
[Tue Dec  2 12:07:28 2025] >> SAMPLE[ 5993] lifetime[146 weeks], average[148.85]
[Tue Dec  2 12:07:29 2025] >> SAMPLE[ 5994] lifetime[201 weeks], average[148.86]
[Tue Dec  2 12:07:29 2025] >> SAMPLE[ 5995] lifetime[109 weeks], average[148.85]
[Tue Dec  2 12:07:30 2025] >> SAMPLE[ 5996] lifetime[163 weeks], average[148.85]
[Tue Dec  2 12:07:31 2025] >> SAMPLE[ 5997] lifetime[121 weeks], average[148.85]
[Tue Dec  2 12:07:31 2025] >> SAMPLE[ 5998] lifetime[109 weeks], average[148.84]
[Tue Dec  2 12:07:32 2025] >> SAMPLE[ 5999] lifetime[195 weeks], average[148.85]
[Tue Dec  2 12:07:35 2025] >> Generating new alpha
[Tue Dec  2 12:07:35 2025] >> SAMPLE[ 6000] lifetime[126 weeks], average[148.84]
[Tue Dec  2 12:07:36 2025] >> SAMPLE[ 6001] lifetime[150 weeks], average[148.84]
[Tue Dec  2 12:07:37 2025] >> SAMPLE[ 6002] lifetime[171 weeks], average[148.85]
[Tue Dec  2 12:07:37 2025] >> SAMPLE[ 6003] lifetime[139 weeks], average[148.85]
[Tue Dec  2 12:07:38 2025] >> SAMPLE[ 6004] lifetime[109 weeks], average[148.84]
[Tue Dec  2 12:07:39 2025] >> SAMPLE[ 6005] lifetime[184 weeks], average[148.85]
[Tue Dec  2 12:07:39 2025] >> SAMPLE[ 6006] lifetime[145 weeks], average[148.85]
[Tue Dec  2 12:07:40 2025] >> SAMPLE[ 6007] lifetime[163 weeks], average[148.85]
[Tue Dec  2 12:07:41 2025] >> SAMPLE[ 6008] lifetime[150 weeks], average[148.85]
[Tue Dec  2 12:07:41 2025] >> SAMPLE[ 6009] lifetime[143 weeks], average[148.85]
[Tue Dec  2 12:07:42 2025] >> SAMPLE[ 6010] lifetime[140 weeks], average[148.85]
[Tue Dec  2 12:07:43 2025] >> SAMPLE[ 6011] lifetime[149 weeks], average[148.85]
[Tue Dec  2 12:07:43 2025] >> SAMPLE[ 6012] lifetime[132 weeks], average[148.84]
[Tue Dec  2 12:07:44 2025] >> SAMPLE[ 6013] lifetime[125 weeks], average[148.84]
[Tue Dec  2 12:07:44 2025] >> SAMPLE[ 6014] lifetime[145 weeks], average[148.84]
[Tue Dec  2 12:07:45 2025] >> SAMPLE[ 6015] lifetime[145 weeks], average[148.84]
[Tue Dec  2 12:07:46 2025] >> SAMPLE[ 6016] lifetime[145 weeks], average[148.84]
[Tue Dec  2 12:07:47 2025] >> SAMPLE[ 6017] lifetime[164 weeks], average[148.84]
[Tue Dec  2 12:07:47 2025] >> SAMPLE[ 6018] lifetime[152 weeks], average[148.84]
[Tue Dec  2 12:07:48 2025] >> SAMPLE[ 6019] lifetime[145 weeks], average[148.84]
[Tue Dec  2 12:07:48 2025] >> SAMPLE[ 6020] lifetime[131 weeks], average[148.84]
[Tue Dec  2 12:07:49 2025] >> SAMPLE[ 6021] lifetime[169 weeks], average[148.84]
[Tue Dec  2 12:07:50 2025] >> SAMPLE[ 6022] lifetime[138 weeks], average[148.84]
[Tue Dec  2 12:07:50 2025] >> SAMPLE[ 6023] lifetime[120 weeks], average[148.83]
[Tue Dec  2 12:07:51 2025] >> SAMPLE[ 6024] lifetime[144 weeks], average[148.83]
[Tue Dec  2 12:07:51 2025] >> SAMPLE[ 6025] lifetime[123 weeks], average[148.83]
[Tue Dec  2 12:07:52 2025] >> SAMPLE[ 6026] lifetime[144 weeks], average[148.83]
[Tue Dec  2 12:07:53 2025] >> SAMPLE[ 6027] lifetime[114 weeks], average[148.82]
[Tue Dec  2 12:07:53 2025] >> SAMPLE[ 6028] lifetime[147 weeks], average[148.82]
[Tue Dec  2 12:07:54 2025] >> SAMPLE[ 6029] lifetime[155 weeks], average[148.82]
[Tue Dec  2 12:07:55 2025] >> SAMPLE[ 6030] lifetime[145 weeks], average[148.82]
[Tue Dec  2 12:07:55 2025] >> SAMPLE[ 6031] lifetime[154 weeks], average[148.82]
[Tue Dec  2 12:07:56 2025] >> SAMPLE[ 6032] lifetime[146 weeks], average[148.82]
[Tue Dec  2 12:07:57 2025] >> SAMPLE[ 6033] lifetime[139 weeks], average[148.82]
[Tue Dec  2 12:07:57 2025] >> SAMPLE[ 6034] lifetime[152 weeks], average[148.82]
[Tue Dec  2 12:07:58 2025] >> SAMPLE[ 6035] lifetime[128 weeks], average[148.82]
[Tue Dec  2 12:07:59 2025] >> SAMPLE[ 6036] lifetime[161 weeks], average[148.82]
[Tue Dec  2 12:07:59 2025] >> SAMPLE[ 6037] lifetime[136 weeks], average[148.82]
[Tue Dec  2 12:08:00 2025] >> SAMPLE[ 6038] lifetime[117 weeks], average[148.81]
[Tue Dec  2 12:08:00 2025] >> SAMPLE[ 6039] lifetime[125 weeks], average[148.81]
[Tue Dec  2 12:08:01 2025] >> SAMPLE[ 6040] lifetime[143 weeks], average[148.81]
[Tue Dec  2 12:08:02 2025] >> SAMPLE[ 6041] lifetime[142 weeks], average[148.81]
[Tue Dec  2 12:08:02 2025] >> SAMPLE[ 6042] lifetime[139 weeks], average[148.80]
[Tue Dec  2 12:08:03 2025] >> SAMPLE[ 6043] lifetime[109 weeks], average[148.80]
[Tue Dec  2 12:08:03 2025] >> SAMPLE[ 6044] lifetime[163 weeks], average[148.80]
[Tue Dec  2 12:08:04 2025] >> SAMPLE[ 6045] lifetime[120 weeks], average[148.79]
[Tue Dec  2 12:08:05 2025] >> SAMPLE[ 6046] lifetime[190 weeks], average[148.80]
[Tue Dec  2 12:08:06 2025] >> SAMPLE[ 6047] lifetime[164 weeks], average[148.80]
[Tue Dec  2 12:08:06 2025] >> SAMPLE[ 6048] lifetime[190 weeks], average[148.81]
[Tue Dec  2 12:08:07 2025] >> SAMPLE[ 6049] lifetime[174 weeks], average[148.82]
[Tue Dec  2 12:08:08 2025] >> SAMPLE[ 6050] lifetime[172 weeks], average[148.82]
[Tue Dec  2 12:08:08 2025] >> SAMPLE[ 6051] lifetime[103 weeks], average[148.81]
[Tue Dec  2 12:08:09 2025] >> SAMPLE[ 6052] lifetime[150 weeks], average[148.81]
[Tue Dec  2 12:08:10 2025] >> SAMPLE[ 6053] lifetime[152 weeks], average[148.81]
[Tue Dec  2 12:08:10 2025] >> SAMPLE[ 6054] lifetime[143 weeks], average[148.81]
[Tue Dec  2 12:08:11 2025] >> SAMPLE[ 6055] lifetime[177 weeks], average[148.82]
[Tue Dec  2 12:08:12 2025] >> SAMPLE[ 6056] lifetime[173 weeks], average[148.82]
[Tue Dec  2 12:08:13 2025] >> SAMPLE[ 6057] lifetime[170 weeks], average[148.82]
[Tue Dec  2 12:08:13 2025] >> SAMPLE[ 6058] lifetime[128 weeks], average[148.82]
[Tue Dec  2 12:08:14 2025] >> SAMPLE[ 6059] lifetime[146 weeks], average[148.82]
[Tue Dec  2 12:08:15 2025] >> SAMPLE[ 6060] lifetime[130 weeks], average[148.82]
[Tue Dec  2 12:08:15 2025] >> SAMPLE[ 6061] lifetime[149 weeks], average[148.82]
[Tue Dec  2 12:08:16 2025] >> SAMPLE[ 6062] lifetime[164 weeks], average[148.82]
[Tue Dec  2 12:08:17 2025] >> SAMPLE[ 6063] lifetime[189 weeks], average[148.83]
[Tue Dec  2 12:08:18 2025] >> SAMPLE[ 6064] lifetime[135 weeks], average[148.82]
[Tue Dec  2 12:08:18 2025] >> SAMPLE[ 6065] lifetime[143 weeks], average[148.82]
[Tue Dec  2 12:08:19 2025] >> SAMPLE[ 6066] lifetime[113 weeks], average[148.82]
[Tue Dec  2 12:08:20 2025] >> SAMPLE[ 6067] lifetime[179 weeks], average[148.82]
[Tue Dec  2 12:08:20 2025] >> SAMPLE[ 6068] lifetime[174 weeks], average[148.83]
[Tue Dec  2 12:08:21 2025] >> SAMPLE[ 6069] lifetime[133 weeks], average[148.82]
[Tue Dec  2 12:08:22 2025] >> SAMPLE[ 6070] lifetime[172 weeks], average[148.83]
[Tue Dec  2 12:08:22 2025] >> SAMPLE[ 6071] lifetime[ 94 weeks], average[148.82]
[Tue Dec  2 12:08:23 2025] >> SAMPLE[ 6072] lifetime[131 weeks], average[148.81]
[Tue Dec  2 12:08:24 2025] >> SAMPLE[ 6073] lifetime[162 weeks], average[148.82]
[Tue Dec  2 12:08:24 2025] >> SAMPLE[ 6074] lifetime[166 weeks], average[148.82]
[Tue Dec  2 12:08:25 2025] >> SAMPLE[ 6075] lifetime[137 weeks], average[148.82]
[Tue Dec  2 12:08:26 2025] >> SAMPLE[ 6076] lifetime[146 weeks], average[148.82]
[Tue Dec  2 12:08:26 2025] >> SAMPLE[ 6077] lifetime[117 weeks], average[148.81]
[Tue Dec  2 12:08:27 2025] >> SAMPLE[ 6078] lifetime[145 weeks], average[148.81]
[Tue Dec  2 12:08:27 2025] >> SAMPLE[ 6079] lifetime[148 weeks], average[148.81]
[Tue Dec  2 12:08:28 2025] >> SAMPLE[ 6080] lifetime[131 weeks], average[148.81]
[Tue Dec  2 12:08:29 2025] >> SAMPLE[ 6081] lifetime[189 weeks], average[148.82]
[Tue Dec  2 12:08:30 2025] >> SAMPLE[ 6082] lifetime[194 weeks], average[148.82]
[Tue Dec  2 12:08:30 2025] >> SAMPLE[ 6083] lifetime[154 weeks], average[148.82]
[Tue Dec  2 12:08:31 2025] >> SAMPLE[ 6084] lifetime[123 weeks], average[148.82]
[Tue Dec  2 12:08:32 2025] >> SAMPLE[ 6085] lifetime[199 weeks], average[148.83]
[Tue Dec  2 12:08:33 2025] >> SAMPLE[ 6086] lifetime[136 weeks], average[148.83]
[Tue Dec  2 12:08:33 2025] >> SAMPLE[ 6087] lifetime[163 weeks], average[148.83]
[Tue Dec  2 12:08:34 2025] >> SAMPLE[ 6088] lifetime[164 weeks], average[148.83]
[Tue Dec  2 12:08:35 2025] >> SAMPLE[ 6089] lifetime[171 weeks], average[148.83]
[Tue Dec  2 12:08:36 2025] >> SAMPLE[ 6090] lifetime[196 weeks], average[148.84]
[Tue Dec  2 12:08:36 2025] >> SAMPLE[ 6091] lifetime[121 weeks], average[148.84]
[Tue Dec  2 12:08:37 2025] >> SAMPLE[ 6092] lifetime[192 weeks], average[148.84]
[Tue Dec  2 12:08:38 2025] >> SAMPLE[ 6093] lifetime[191 weeks], average[148.85]
[Tue Dec  2 12:08:39 2025] >> SAMPLE[ 6094] lifetime[142 weeks], average[148.85]
[Tue Dec  2 12:08:40 2025] >> SAMPLE[ 6095] lifetime[186 weeks], average[148.86]
[Tue Dec  2 12:08:40 2025] >> SAMPLE[ 6096] lifetime[156 weeks], average[148.86]
[Tue Dec  2 12:08:41 2025] >> SAMPLE[ 6097] lifetime[122 weeks], average[148.85]
[Tue Dec  2 12:08:42 2025] >> SAMPLE[ 6098] lifetime[204 weeks], average[148.86]
[Tue Dec  2 12:08:43 2025] >> SAMPLE[ 6099] lifetime[151 weeks], average[148.86]
[Tue Dec  2 12:08:45 2025] >> Generating new alpha
[Tue Dec  2 12:08:46 2025] >> SAMPLE[ 6100] lifetime[147 weeks], average[148.86]
[Tue Dec  2 12:08:47 2025] >> SAMPLE[ 6101] lifetime[153 weeks], average[148.86]
[Tue Dec  2 12:08:47 2025] >> SAMPLE[ 6102] lifetime[139 weeks], average[148.86]
[Tue Dec  2 12:08:48 2025] >> SAMPLE[ 6103] lifetime[122 weeks], average[148.86]
[Tue Dec  2 12:08:48 2025] >> SAMPLE[ 6104] lifetime[121 weeks], average[148.85]
[Tue Dec  2 12:08:49 2025] >> SAMPLE[ 6105] lifetime[194 weeks], average[148.86]
[Tue Dec  2 12:08:50 2025] >> SAMPLE[ 6106] lifetime[163 weeks], average[148.86]
[Tue Dec  2 12:08:51 2025] >> SAMPLE[ 6107] lifetime[128 weeks], average[148.86]
[Tue Dec  2 12:08:51 2025] >> SAMPLE[ 6108] lifetime[154 weeks], average[148.86]
[Tue Dec  2 12:08:52 2025] >> SAMPLE[ 6109] lifetime[111 weeks], average[148.85]
[Tue Dec  2 12:08:53 2025] >> SAMPLE[ 6110] lifetime[172 weeks], average[148.86]
[Tue Dec  2 12:08:53 2025] >> SAMPLE[ 6111] lifetime[151 weeks], average[148.86]
[Tue Dec  2 12:08:54 2025] >> SAMPLE[ 6112] lifetime[148 weeks], average[148.86]
[Tue Dec  2 12:08:54 2025] >> SAMPLE[ 6113] lifetime[129 weeks], average[148.85]
[Tue Dec  2 12:08:55 2025] >> SAMPLE[ 6114] lifetime[184 weeks], average[148.86]
[Tue Dec  2 12:08:56 2025] >> SAMPLE[ 6115] lifetime[105 weeks], average[148.85]
[Tue Dec  2 12:08:57 2025] >> SAMPLE[ 6116] lifetime[161 weeks], average[148.85]
[Tue Dec  2 12:08:57 2025] >> SAMPLE[ 6117] lifetime[136 weeks], average[148.85]
[Tue Dec  2 12:08:58 2025] >> SAMPLE[ 6118] lifetime[140 weeks], average[148.85]
[Tue Dec  2 12:08:58 2025] >> SAMPLE[ 6119] lifetime[141 weeks], average[148.85]
[Tue Dec  2 12:08:59 2025] >> SAMPLE[ 6120] lifetime[128 weeks], average[148.85]
[Tue Dec  2 12:09:00 2025] >> SAMPLE[ 6121] lifetime[138 weeks], average[148.84]
[Tue Dec  2 12:09:00 2025] >> SAMPLE[ 6122] lifetime[149 weeks], average[148.84]
[Tue Dec  2 12:09:01 2025] >> SAMPLE[ 6123] lifetime[167 weeks], average[148.85]
[Tue Dec  2 12:09:02 2025] >> SAMPLE[ 6124] lifetime[182 weeks], average[148.85]
[Tue Dec  2 12:09:02 2025] >> SAMPLE[ 6125] lifetime[125 weeks], average[148.85]
[Tue Dec  2 12:09:03 2025] >> SAMPLE[ 6126] lifetime[122 weeks], average[148.84]
[Tue Dec  2 12:09:03 2025] >> SAMPLE[ 6127] lifetime[119 weeks], average[148.84]
[Tue Dec  2 12:09:04 2025] >> SAMPLE[ 6128] lifetime[137 weeks], average[148.84]
[Tue Dec  2 12:09:05 2025] >> SAMPLE[ 6129] lifetime[148 weeks], average[148.84]
[Tue Dec  2 12:09:05 2025] >> SAMPLE[ 6130] lifetime[144 weeks], average[148.84]
[Tue Dec  2 12:09:06 2025] >> SAMPLE[ 6131] lifetime[120 weeks], average[148.83]
[Tue Dec  2 12:09:07 2025] >> SAMPLE[ 6132] lifetime[153 weeks], average[148.83]
[Tue Dec  2 12:09:07 2025] >> SAMPLE[ 6133] lifetime[162 weeks], average[148.83]
[Tue Dec  2 12:09:08 2025] >> SAMPLE[ 6134] lifetime[181 weeks], average[148.84]
[Tue Dec  2 12:09:09 2025] >> SAMPLE[ 6135] lifetime[179 weeks], average[148.84]
[Tue Dec  2 12:09:10 2025] >> SAMPLE[ 6136] lifetime[134 weeks], average[148.84]
[Tue Dec  2 12:09:11 2025] >> SAMPLE[ 6137] lifetime[182 weeks], average[148.85]
[Tue Dec  2 12:09:11 2025] >> SAMPLE[ 6138] lifetime[173 weeks], average[148.85]
[Tue Dec  2 12:09:12 2025] >> SAMPLE[ 6139] lifetime[130 weeks], average[148.85]
[Tue Dec  2 12:09:12 2025] >> SAMPLE[ 6140] lifetime[ 81 weeks], average[148.84]
[Tue Dec  2 12:09:13 2025] >> SAMPLE[ 6141] lifetime[151 weeks], average[148.84]
[Tue Dec  2 12:09:13 2025] >> SAMPLE[ 6142] lifetime[108 weeks], average[148.83]
[Tue Dec  2 12:09:14 2025] >> SAMPLE[ 6143] lifetime[176 weeks], average[148.84]
[Tue Dec  2 12:09:15 2025] >> SAMPLE[ 6144] lifetime[191 weeks], average[148.84]
[Tue Dec  2 12:09:16 2025] >> SAMPLE[ 6145] lifetime[171 weeks], average[148.85]
[Tue Dec  2 12:09:17 2025] >> SAMPLE[ 6146] lifetime[151 weeks], average[148.85]
[Tue Dec  2 12:09:18 2025] >> SAMPLE[ 6147] lifetime[189 weeks], average[148.85]
[Tue Dec  2 12:09:18 2025] >> SAMPLE[ 6148] lifetime[180 weeks], average[148.86]
[Tue Dec  2 12:09:19 2025] >> SAMPLE[ 6149] lifetime[140 weeks], average[148.86]
[Tue Dec  2 12:09:20 2025] >> SAMPLE[ 6150] lifetime[123 weeks], average[148.85]
[Tue Dec  2 12:09:20 2025] >> SAMPLE[ 6151] lifetime[155 weeks], average[148.85]
[Tue Dec  2 12:09:21 2025] >> SAMPLE[ 6152] lifetime[195 weeks], average[148.86]
[Tue Dec  2 12:09:22 2025] >> SAMPLE[ 6153] lifetime[152 weeks], average[148.86]
[Tue Dec  2 12:09:23 2025] >> SAMPLE[ 6154] lifetime[130 weeks], average[148.86]
[Tue Dec  2 12:09:23 2025] >> SAMPLE[ 6155] lifetime[150 weeks], average[148.86]
[Tue Dec  2 12:09:24 2025] >> SAMPLE[ 6156] lifetime[180 weeks], average[148.86]
[Tue Dec  2 12:09:25 2025] >> SAMPLE[ 6157] lifetime[151 weeks], average[148.86]
[Tue Dec  2 12:09:25 2025] >> SAMPLE[ 6158] lifetime[158 weeks], average[148.87]
[Tue Dec  2 12:09:26 2025] >> SAMPLE[ 6159] lifetime[137 weeks], average[148.86]
[Tue Dec  2 12:09:27 2025] >> SAMPLE[ 6160] lifetime[191 weeks], average[148.87]
[Tue Dec  2 12:09:28 2025] >> SAMPLE[ 6161] lifetime[134 weeks], average[148.87]
[Tue Dec  2 12:09:28 2025] >> SAMPLE[ 6162] lifetime[128 weeks], average[148.86]
[Tue Dec  2 12:09:29 2025] >> SAMPLE[ 6163] lifetime[145 weeks], average[148.86]
[Tue Dec  2 12:09:29 2025] >> SAMPLE[ 6164] lifetime[173 weeks], average[148.87]
[Tue Dec  2 12:09:30 2025] >> SAMPLE[ 6165] lifetime[188 weeks], average[148.87]
[Tue Dec  2 12:09:31 2025] >> SAMPLE[ 6166] lifetime[149 weeks], average[148.87]
[Tue Dec  2 12:09:32 2025] >> SAMPLE[ 6167] lifetime[123 weeks], average[148.87]
[Tue Dec  2 12:09:32 2025] >> SAMPLE[ 6168] lifetime[133 weeks], average[148.87]
[Tue Dec  2 12:09:33 2025] >> SAMPLE[ 6169] lifetime[176 weeks], average[148.87]
[Tue Dec  2 12:09:34 2025] >> SAMPLE[ 6170] lifetime[154 weeks], average[148.87]
[Tue Dec  2 12:09:34 2025] >> SAMPLE[ 6171] lifetime[116 weeks], average[148.87]
[Tue Dec  2 12:09:35 2025] >> SAMPLE[ 6172] lifetime[107 weeks], average[148.86]
[Tue Dec  2 12:09:35 2025] >> SAMPLE[ 6173] lifetime[173 weeks], average[148.86]
[Tue Dec  2 12:09:36 2025] >> SAMPLE[ 6174] lifetime[182 weeks], average[148.87]
[Tue Dec  2 12:09:37 2025] >> SAMPLE[ 6175] lifetime[ 92 weeks], average[148.86]
[Tue Dec  2 12:09:37 2025] >> SAMPLE[ 6176] lifetime[134 weeks], average[148.86]
[Tue Dec  2 12:09:38 2025] >> SAMPLE[ 6177] lifetime[119 weeks], average[148.85]
[Tue Dec  2 12:09:38 2025] >> SAMPLE[ 6178] lifetime[119 weeks], average[148.85]
[Tue Dec  2 12:09:39 2025] >> SAMPLE[ 6179] lifetime[180 weeks], average[148.85]
[Tue Dec  2 12:09:40 2025] >> SAMPLE[ 6180] lifetime[156 weeks], average[148.85]
[Tue Dec  2 12:09:40 2025] >> SAMPLE[ 6181] lifetime[144 weeks], average[148.85]
[Tue Dec  2 12:09:41 2025] >> SAMPLE[ 6182] lifetime[172 weeks], average[148.86]
[Tue Dec  2 12:09:42 2025] >> SAMPLE[ 6183] lifetime[147 weeks], average[148.86]
[Tue Dec  2 12:09:43 2025] >> SAMPLE[ 6184] lifetime[173 weeks], average[148.86]
[Tue Dec  2 12:09:43 2025] >> SAMPLE[ 6185] lifetime[172 weeks], average[148.87]
[Tue Dec  2 12:09:44 2025] >> SAMPLE[ 6186] lifetime[169 weeks], average[148.87]
[Tue Dec  2 12:09:45 2025] >> SAMPLE[ 6187] lifetime[186 weeks], average[148.87]
[Tue Dec  2 12:09:46 2025] >> SAMPLE[ 6188] lifetime[157 weeks], average[148.88]
[Tue Dec  2 12:09:46 2025] >> SAMPLE[ 6189] lifetime[116 weeks], average[148.87]
[Tue Dec  2 12:09:47 2025] >> SAMPLE[ 6190] lifetime[154 weeks], average[148.87]
[Tue Dec  2 12:09:47 2025] >> SAMPLE[ 6191] lifetime[111 weeks], average[148.86]
[Tue Dec  2 12:09:48 2025] >> SAMPLE[ 6192] lifetime[107 weeks], average[148.86]
[Tue Dec  2 12:09:48 2025] >> SAMPLE[ 6193] lifetime[120 weeks], average[148.85]
[Tue Dec  2 12:09:49 2025] >> SAMPLE[ 6194] lifetime[175 weeks], average[148.86]
[Tue Dec  2 12:09:49 2025] >> SAMPLE[ 6195] lifetime[ 75 weeks], average[148.85]
[Tue Dec  2 12:09:51 2025] >> SAMPLE[ 6196] lifetime[218 weeks], average[148.86]
[Tue Dec  2 12:09:51 2025] >> SAMPLE[ 6197] lifetime[162 weeks], average[148.86]
[Tue Dec  2 12:09:52 2025] >> SAMPLE[ 6198] lifetime[173 weeks], average[148.86]
[Tue Dec  2 12:09:53 2025] >> SAMPLE[ 6199] lifetime[140 weeks], average[148.86]
[Tue Dec  2 12:09:55 2025] >> Generating new alpha
[Tue Dec  2 12:09:56 2025] >> SAMPLE[ 6200] lifetime[164 weeks], average[148.86]
[Tue Dec  2 12:09:57 2025] >> SAMPLE[ 6201] lifetime[181 weeks], average[148.87]
[Tue Dec  2 12:09:57 2025] >> SAMPLE[ 6202] lifetime[126 weeks], average[148.87]
[Tue Dec  2 12:09:58 2025] >> SAMPLE[ 6203] lifetime[155 weeks], average[148.87]
[Tue Dec  2 12:09:59 2025] >> SAMPLE[ 6204] lifetime[143 weeks], average[148.87]
[Tue Dec  2 12:10:00 2025] >> SAMPLE[ 6205] lifetime[164 weeks], average[148.87]
[Tue Dec  2 12:10:00 2025] >> SAMPLE[ 6206] lifetime[106 weeks], average[148.86]
[Tue Dec  2 12:10:01 2025] >> SAMPLE[ 6207] lifetime[139 weeks], average[148.86]
[Tue Dec  2 12:10:01 2025] >> SAMPLE[ 6208] lifetime[153 weeks], average[148.86]
[Tue Dec  2 12:10:02 2025] >> SAMPLE[ 6209] lifetime[131 weeks], average[148.86]
[Tue Dec  2 12:10:02 2025] >> SAMPLE[ 6210] lifetime[128 weeks], average[148.85]
[Tue Dec  2 12:10:03 2025] >> SAMPLE[ 6211] lifetime[137 weeks], average[148.85]
[Tue Dec  2 12:10:04 2025] >> SAMPLE[ 6212] lifetime[133 weeks], average[148.85]
[Tue Dec  2 12:10:04 2025] >> SAMPLE[ 6213] lifetime[170 weeks], average[148.85]
[Tue Dec  2 12:10:05 2025] >> SAMPLE[ 6214] lifetime[130 weeks], average[148.85]
[Tue Dec  2 12:10:06 2025] >> SAMPLE[ 6215] lifetime[153 weeks], average[148.85]
[Tue Dec  2 12:10:06 2025] >> SAMPLE[ 6216] lifetime[102 weeks], average[148.84]
[Tue Dec  2 12:10:07 2025] >> SAMPLE[ 6217] lifetime[193 weeks], average[148.85]
[Tue Dec  2 12:10:08 2025] >> SAMPLE[ 6218] lifetime[178 weeks], average[148.85]
[Tue Dec  2 12:10:09 2025] >> SAMPLE[ 6219] lifetime[178 weeks], average[148.86]
[Tue Dec  2 12:10:09 2025] >> SAMPLE[ 6220] lifetime[132 weeks], average[148.86]
[Tue Dec  2 12:10:10 2025] >> SAMPLE[ 6221] lifetime[183 weeks], average[148.86]
[Tue Dec  2 12:10:11 2025] >> SAMPLE[ 6222] lifetime[167 weeks], average[148.87]
[Tue Dec  2 12:10:12 2025] >> SAMPLE[ 6223] lifetime[156 weeks], average[148.87]
[Tue Dec  2 12:10:12 2025] >> SAMPLE[ 6224] lifetime[101 weeks], average[148.86]
[Tue Dec  2 12:10:13 2025] >> SAMPLE[ 6225] lifetime[159 weeks], average[148.86]
[Tue Dec  2 12:10:13 2025] >> SAMPLE[ 6226] lifetime[117 weeks], average[148.86]
[Tue Dec  2 12:10:14 2025] >> SAMPLE[ 6227] lifetime[167 weeks], average[148.86]
[Tue Dec  2 12:10:15 2025] >> SAMPLE[ 6228] lifetime[153 weeks], average[148.86]
[Tue Dec  2 12:10:16 2025] >> SAMPLE[ 6229] lifetime[156 weeks], average[148.86]
[Tue Dec  2 12:10:16 2025] >> SAMPLE[ 6230] lifetime[138 weeks], average[148.86]
[Tue Dec  2 12:10:17 2025] >> SAMPLE[ 6231] lifetime[112 weeks], average[148.85]
[Tue Dec  2 12:10:18 2025] >> SAMPLE[ 6232] lifetime[168 weeks], average[148.86]
[Tue Dec  2 12:10:18 2025] >> SAMPLE[ 6233] lifetime[115 weeks], average[148.85]
[Tue Dec  2 12:10:19 2025] >> SAMPLE[ 6234] lifetime[140 weeks], average[148.85]
[Tue Dec  2 12:10:19 2025] >> SAMPLE[ 6235] lifetime[168 weeks], average[148.85]
[Tue Dec  2 12:10:20 2025] >> SAMPLE[ 6236] lifetime[158 weeks], average[148.85]
[Tue Dec  2 12:10:21 2025] >> SAMPLE[ 6237] lifetime[114 weeks], average[148.85]
[Tue Dec  2 12:10:21 2025] >> SAMPLE[ 6238] lifetime[136 weeks], average[148.85]
[Tue Dec  2 12:10:22 2025] >> SAMPLE[ 6239] lifetime[151 weeks], average[148.85]
[Tue Dec  2 12:10:23 2025] >> SAMPLE[ 6240] lifetime[104 weeks], average[148.84]
[Tue Dec  2 12:10:23 2025] >> SAMPLE[ 6241] lifetime[157 weeks], average[148.84]
[Tue Dec  2 12:10:24 2025] >> SAMPLE[ 6242] lifetime[142 weeks], average[148.84]
[Tue Dec  2 12:10:24 2025] >> SAMPLE[ 6243] lifetime[139 weeks], average[148.84]
[Tue Dec  2 12:10:25 2025] >> SAMPLE[ 6244] lifetime[130 weeks], average[148.83]
[Tue Dec  2 12:10:26 2025] >> SAMPLE[ 6245] lifetime[148 weeks], average[148.83]
[Tue Dec  2 12:10:26 2025] >> SAMPLE[ 6246] lifetime[150 weeks], average[148.83]
[Tue Dec  2 12:10:27 2025] >> SAMPLE[ 6247] lifetime[149 weeks], average[148.83]
[Tue Dec  2 12:10:28 2025] >> SAMPLE[ 6248] lifetime[116 weeks], average[148.83]
[Tue Dec  2 12:10:28 2025] >> SAMPLE[ 6249] lifetime[171 weeks], average[148.83]
[Tue Dec  2 12:10:29 2025] >> SAMPLE[ 6250] lifetime[185 weeks], average[148.84]
[Tue Dec  2 12:10:30 2025] >> SAMPLE[ 6251] lifetime[192 weeks], average[148.85]
[Tue Dec  2 12:10:31 2025] >> SAMPLE[ 6252] lifetime[121 weeks], average[148.84]
[Tue Dec  2 12:10:31 2025] >> SAMPLE[ 6253] lifetime[160 weeks], average[148.84]
[Tue Dec  2 12:10:32 2025] >> SAMPLE[ 6254] lifetime[154 weeks], average[148.84]
[Tue Dec  2 12:10:33 2025] >> SAMPLE[ 6255] lifetime[139 weeks], average[148.84]
[Tue Dec  2 12:10:33 2025] >> SAMPLE[ 6256] lifetime[144 weeks], average[148.84]
[Tue Dec  2 12:10:34 2025] >> SAMPLE[ 6257] lifetime[123 weeks], average[148.84]
[Tue Dec  2 12:10:35 2025] >> SAMPLE[ 6258] lifetime[166 weeks], average[148.84]
[Tue Dec  2 12:10:35 2025] >> SAMPLE[ 6259] lifetime[118 weeks], average[148.83]
[Tue Dec  2 12:10:36 2025] >> SAMPLE[ 6260] lifetime[116 weeks], average[148.83]
[Tue Dec  2 12:10:36 2025] >> SAMPLE[ 6261] lifetime[124 weeks], average[148.83]
[Tue Dec  2 12:10:37 2025] >> SAMPLE[ 6262] lifetime[178 weeks], average[148.83]
[Tue Dec  2 12:10:38 2025] >> SAMPLE[ 6263] lifetime[157 weeks], average[148.83]
[Tue Dec  2 12:10:38 2025] >> SAMPLE[ 6264] lifetime[119 weeks], average[148.83]
[Tue Dec  2 12:10:39 2025] >> SAMPLE[ 6265] lifetime[116 weeks], average[148.82]
[Tue Dec  2 12:10:40 2025] >> SAMPLE[ 6266] lifetime[160 weeks], average[148.82]
[Tue Dec  2 12:10:41 2025] >> SAMPLE[ 6267] lifetime[195 weeks], average[148.83]
[Tue Dec  2 12:10:42 2025] >> SAMPLE[ 6268] lifetime[156 weeks], average[148.83]
[Tue Dec  2 12:10:42 2025] >> SAMPLE[ 6269] lifetime[186 weeks], average[148.84]
[Tue Dec  2 12:10:43 2025] >> SAMPLE[ 6270] lifetime[147 weeks], average[148.84]
[Tue Dec  2 12:10:44 2025] >> SAMPLE[ 6271] lifetime[124 weeks], average[148.83]
[Tue Dec  2 12:10:44 2025] >> SAMPLE[ 6272] lifetime[132 weeks], average[148.83]
[Tue Dec  2 12:10:45 2025] >> SAMPLE[ 6273] lifetime[202 weeks], average[148.84]
[Tue Dec  2 12:10:46 2025] >> SAMPLE[ 6274] lifetime[151 weeks], average[148.84]
[Tue Dec  2 12:10:47 2025] >> SAMPLE[ 6275] lifetime[136 weeks], average[148.84]
[Tue Dec  2 12:10:47 2025] >> SAMPLE[ 6276] lifetime[131 weeks], average[148.83]
[Tue Dec  2 12:10:48 2025] >> SAMPLE[ 6277] lifetime[145 weeks], average[148.83]
[Tue Dec  2 12:10:49 2025] >> SAMPLE[ 6278] lifetime[144 weeks], average[148.83]
[Tue Dec  2 12:10:49 2025] >> SAMPLE[ 6279] lifetime[160 weeks], average[148.84]
[Tue Dec  2 12:10:50 2025] >> SAMPLE[ 6280] lifetime[168 weeks], average[148.84]
[Tue Dec  2 12:10:51 2025] >> SAMPLE[ 6281] lifetime[137 weeks], average[148.84]
[Tue Dec  2 12:10:51 2025] >> SAMPLE[ 6282] lifetime[165 weeks], average[148.84]
[Tue Dec  2 12:10:52 2025] >> SAMPLE[ 6283] lifetime[113 weeks], average[148.83]
[Tue Dec  2 12:10:53 2025] >> SAMPLE[ 6284] lifetime[169 weeks], average[148.84]
[Tue Dec  2 12:10:53 2025] >> SAMPLE[ 6285] lifetime[143 weeks], average[148.84]
[Tue Dec  2 12:10:54 2025] >> SAMPLE[ 6286] lifetime[134 weeks], average[148.83]
[Tue Dec  2 12:10:55 2025] >> SAMPLE[ 6287] lifetime[164 weeks], average[148.84]
[Tue Dec  2 12:10:56 2025] >> SAMPLE[ 6288] lifetime[148 weeks], average[148.84]
[Tue Dec  2 12:10:56 2025] >> SAMPLE[ 6289] lifetime[155 weeks], average[148.84]
[Tue Dec  2 12:10:57 2025] >> SAMPLE[ 6290] lifetime[163 weeks], average[148.84]
[Tue Dec  2 12:10:58 2025] >> SAMPLE[ 6291] lifetime[210 weeks], average[148.85]
[Tue Dec  2 12:10:59 2025] >> SAMPLE[ 6292] lifetime[188 weeks], average[148.85]
[Tue Dec  2 12:11:00 2025] >> SAMPLE[ 6293] lifetime[128 weeks], average[148.85]
[Tue Dec  2 12:11:00 2025] >> SAMPLE[ 6294] lifetime[132 weeks], average[148.85]
[Tue Dec  2 12:11:01 2025] >> SAMPLE[ 6295] lifetime[114 weeks], average[148.84]
[Tue Dec  2 12:11:01 2025] >> SAMPLE[ 6296] lifetime[142 weeks], average[148.84]
[Tue Dec  2 12:11:02 2025] >> SAMPLE[ 6297] lifetime[160 weeks], average[148.84]
[Tue Dec  2 12:11:03 2025] >> SAMPLE[ 6298] lifetime[160 weeks], average[148.85]
[Tue Dec  2 12:11:03 2025] >> SAMPLE[ 6299] lifetime[122 weeks], average[148.84]
[Tue Dec  2 12:11:06 2025] >> Generating new alpha
[Tue Dec  2 12:11:07 2025] >> SAMPLE[ 6300] lifetime[149 weeks], average[148.84]
[Tue Dec  2 12:11:08 2025] >> SAMPLE[ 6301] lifetime[193 weeks], average[148.85]
[Tue Dec  2 12:11:08 2025] >> SAMPLE[ 6302] lifetime[184 weeks], average[148.85]
[Tue Dec  2 12:11:09 2025] >> SAMPLE[ 6303] lifetime[202 weeks], average[148.86]
[Tue Dec  2 12:11:10 2025] >> SAMPLE[ 6304] lifetime[120 weeks], average[148.86]
[Tue Dec  2 12:11:11 2025] >> SAMPLE[ 6305] lifetime[138 weeks], average[148.86]
[Tue Dec  2 12:11:11 2025] >> SAMPLE[ 6306] lifetime[144 weeks], average[148.86]
[Tue Dec  2 12:11:12 2025] >> SAMPLE[ 6307] lifetime[147 weeks], average[148.85]
[Tue Dec  2 12:11:13 2025] >> SAMPLE[ 6308] lifetime[154 weeks], average[148.86]
[Tue Dec  2 12:11:13 2025] >> SAMPLE[ 6309] lifetime[110 weeks], average[148.85]
[Tue Dec  2 12:11:14 2025] >> SAMPLE[ 6310] lifetime[194 weeks], average[148.86]
[Tue Dec  2 12:11:15 2025] >> SAMPLE[ 6311] lifetime[134 weeks], average[148.85]
[Tue Dec  2 12:11:15 2025] >> SAMPLE[ 6312] lifetime[109 weeks], average[148.85]
[Tue Dec  2 12:11:16 2025] >> SAMPLE[ 6313] lifetime[179 weeks], average[148.85]
[Tue Dec  2 12:11:17 2025] >> SAMPLE[ 6314] lifetime[139 weeks], average[148.85]
[Tue Dec  2 12:11:17 2025] >> SAMPLE[ 6315] lifetime[167 weeks], average[148.85]
[Tue Dec  2 12:11:18 2025] >> SAMPLE[ 6316] lifetime[172 weeks], average[148.86]
[Tue Dec  2 12:11:19 2025] >> SAMPLE[ 6317] lifetime[181 weeks], average[148.86]
[Tue Dec  2 12:11:20 2025] >> SAMPLE[ 6318] lifetime[116 weeks], average[148.86]
[Tue Dec  2 12:11:21 2025] >> SAMPLE[ 6319] lifetime[200 weeks], average[148.87]
[Tue Dec  2 12:11:21 2025] >> SAMPLE[ 6320] lifetime[166 weeks], average[148.87]
[Tue Dec  2 12:11:22 2025] >> SAMPLE[ 6321] lifetime[169 weeks], average[148.87]
[Tue Dec  2 12:11:23 2025] >> SAMPLE[ 6322] lifetime[163 weeks], average[148.87]
[Tue Dec  2 12:11:24 2025] >> SAMPLE[ 6323] lifetime[165 weeks], average[148.88]
[Tue Dec  2 12:11:25 2025] >> SAMPLE[ 6324] lifetime[175 weeks], average[148.88]
[Tue Dec  2 12:11:25 2025] >> SAMPLE[ 6325] lifetime[113 weeks], average[148.87]
[Tue Dec  2 12:11:26 2025] >> SAMPLE[ 6326] lifetime[150 weeks], average[148.87]
[Tue Dec  2 12:11:27 2025] >> SAMPLE[ 6327] lifetime[192 weeks], average[148.88]
[Tue Dec  2 12:11:27 2025] >> SAMPLE[ 6328] lifetime[167 weeks], average[148.88]
[Tue Dec  2 12:11:28 2025] >> SAMPLE[ 6329] lifetime[136 weeks], average[148.88]
[Tue Dec  2 12:11:29 2025] >> SAMPLE[ 6330] lifetime[173 weeks], average[148.89]
[Tue Dec  2 12:11:30 2025] >> SAMPLE[ 6331] lifetime[154 weeks], average[148.89]
[Tue Dec  2 12:11:30 2025] >> SAMPLE[ 6332] lifetime[122 weeks], average[148.88]
[Tue Dec  2 12:11:31 2025] >> SAMPLE[ 6333] lifetime[151 weeks], average[148.88]
[Tue Dec  2 12:11:32 2025] >> SAMPLE[ 6334] lifetime[170 weeks], average[148.89]
[Tue Dec  2 12:11:32 2025] >> SAMPLE[ 6335] lifetime[174 weeks], average[148.89]
[Tue Dec  2 12:11:33 2025] >> SAMPLE[ 6336] lifetime[116 weeks], average[148.89]
[Tue Dec  2 12:11:33 2025] >> SAMPLE[ 6337] lifetime[124 weeks], average[148.88]
[Tue Dec  2 12:11:34 2025] >> SAMPLE[ 6338] lifetime[127 weeks], average[148.88]
[Tue Dec  2 12:11:35 2025] >> SAMPLE[ 6339] lifetime[155 weeks], average[148.88]
[Tue Dec  2 12:11:35 2025] >> SAMPLE[ 6340] lifetime[133 weeks], average[148.88]
[Tue Dec  2 12:11:36 2025] >> SAMPLE[ 6341] lifetime[191 weeks], average[148.88]
[Tue Dec  2 12:11:37 2025] >> SAMPLE[ 6342] lifetime[173 weeks], average[148.89]
[Tue Dec  2 12:11:37 2025] >> SAMPLE[ 6343] lifetime[ 92 weeks], average[148.88]
[Tue Dec  2 12:11:38 2025] >> SAMPLE[ 6344] lifetime[108 weeks], average[148.87]
[Tue Dec  2 12:11:39 2025] >> SAMPLE[ 6345] lifetime[179 weeks], average[148.88]
[Tue Dec  2 12:11:39 2025] >> SAMPLE[ 6346] lifetime[135 weeks], average[148.87]
[Tue Dec  2 12:11:40 2025] >> SAMPLE[ 6347] lifetime[141 weeks], average[148.87]
[Tue Dec  2 12:11:40 2025] >> SAMPLE[ 6348] lifetime[115 weeks], average[148.87]
[Tue Dec  2 12:11:41 2025] >> SAMPLE[ 6349] lifetime[189 weeks], average[148.87]
[Tue Dec  2 12:11:42 2025] >> SAMPLE[ 6350] lifetime[148 weeks], average[148.87]
[Tue Dec  2 12:11:43 2025] >> SAMPLE[ 6351] lifetime[152 weeks], average[148.87]
[Tue Dec  2 12:11:44 2025] >> SAMPLE[ 6352] lifetime[177 weeks], average[148.88]
[Tue Dec  2 12:11:44 2025] >> SAMPLE[ 6353] lifetime[169 weeks], average[148.88]
[Tue Dec  2 12:11:45 2025] >> SAMPLE[ 6354] lifetime[142 weeks], average[148.88]
[Tue Dec  2 12:11:46 2025] >> SAMPLE[ 6355] lifetime[122 weeks], average[148.88]
[Tue Dec  2 12:11:46 2025] >> SAMPLE[ 6356] lifetime[164 weeks], average[148.88]
[Tue Dec  2 12:11:47 2025] >> SAMPLE[ 6357] lifetime[145 weeks], average[148.88]
[Tue Dec  2 12:11:48 2025] >> SAMPLE[ 6358] lifetime[140 weeks], average[148.88]
[Tue Dec  2 12:11:48 2025] >> SAMPLE[ 6359] lifetime[103 weeks], average[148.87]
[Tue Dec  2 12:11:49 2025] >> SAMPLE[ 6360] lifetime[197 weeks], average[148.88]
[Tue Dec  2 12:11:50 2025] >> SAMPLE[ 6361] lifetime[128 weeks], average[148.87]
[Tue Dec  2 12:11:50 2025] >> SAMPLE[ 6362] lifetime[175 weeks], average[148.88]
[Tue Dec  2 12:11:51 2025] >> SAMPLE[ 6363] lifetime[153 weeks], average[148.88]
[Tue Dec  2 12:11:52 2025] >> SAMPLE[ 6364] lifetime[140 weeks], average[148.88]
[Tue Dec  2 12:11:52 2025] >> SAMPLE[ 6365] lifetime[156 weeks], average[148.88]
[Tue Dec  2 12:11:53 2025] >> SAMPLE[ 6366] lifetime[116 weeks], average[148.87]
[Tue Dec  2 12:11:54 2025] >> SAMPLE[ 6367] lifetime[191 weeks], average[148.88]
[Tue Dec  2 12:11:55 2025] >> SAMPLE[ 6368] lifetime[182 weeks], average[148.89]
[Tue Dec  2 12:11:55 2025] >> SAMPLE[ 6369] lifetime[167 weeks], average[148.89]
[Tue Dec  2 12:11:56 2025] >> SAMPLE[ 6370] lifetime[177 weeks], average[148.89]
[Tue Dec  2 12:11:57 2025] >> SAMPLE[ 6371] lifetime[134 weeks], average[148.89]
[Tue Dec  2 12:11:58 2025] >> SAMPLE[ 6372] lifetime[147 weeks], average[148.89]
[Tue Dec  2 12:11:58 2025] >> SAMPLE[ 6373] lifetime[173 weeks], average[148.89]
[Tue Dec  2 12:11:59 2025] >> SAMPLE[ 6374] lifetime[146 weeks], average[148.89]
[Tue Dec  2 12:12:00 2025] >> SAMPLE[ 6375] lifetime[167 weeks], average[148.90]
[Tue Dec  2 12:12:01 2025] >> SAMPLE[ 6376] lifetime[130 weeks], average[148.89]
[Tue Dec  2 12:12:01 2025] >> SAMPLE[ 6377] lifetime[107 weeks], average[148.89]
[Tue Dec  2 12:12:02 2025] >> SAMPLE[ 6378] lifetime[201 weeks], average[148.89]
[Tue Dec  2 12:12:02 2025] >> SAMPLE[ 6379] lifetime[ 90 weeks], average[148.89]
[Tue Dec  2 12:12:03 2025] >> SAMPLE[ 6380] lifetime[145 weeks], average[148.88]
[Tue Dec  2 12:12:04 2025] >> SAMPLE[ 6381] lifetime[127 weeks], average[148.88]
[Tue Dec  2 12:12:04 2025] >> SAMPLE[ 6382] lifetime[142 weeks], average[148.88]
[Tue Dec  2 12:12:05 2025] >> SAMPLE[ 6383] lifetime[149 weeks], average[148.88]
[Tue Dec  2 12:12:06 2025] >> SAMPLE[ 6384] lifetime[156 weeks], average[148.88]
[Tue Dec  2 12:12:06 2025] >> SAMPLE[ 6385] lifetime[162 weeks], average[148.88]
[Tue Dec  2 12:12:07 2025] >> SAMPLE[ 6386] lifetime[145 weeks], average[148.88]
[Tue Dec  2 12:12:08 2025] >> SAMPLE[ 6387] lifetime[125 weeks], average[148.88]
[Tue Dec  2 12:12:08 2025] >> SAMPLE[ 6388] lifetime[163 weeks], average[148.88]
[Tue Dec  2 12:12:09 2025] >> SAMPLE[ 6389] lifetime[152 weeks], average[148.88]
[Tue Dec  2 12:12:10 2025] >> SAMPLE[ 6390] lifetime[149 weeks], average[148.88]
[Tue Dec  2 12:12:10 2025] >> SAMPLE[ 6391] lifetime[115 weeks], average[148.88]
[Tue Dec  2 12:12:11 2025] >> SAMPLE[ 6392] lifetime[150 weeks], average[148.88]
[Tue Dec  2 12:12:11 2025] >> SAMPLE[ 6393] lifetime[147 weeks], average[148.88]
[Tue Dec  2 12:12:12 2025] >> SAMPLE[ 6394] lifetime[175 weeks], average[148.88]
[Tue Dec  2 12:12:13 2025] >> SAMPLE[ 6395] lifetime[156 weeks], average[148.88]
[Tue Dec  2 12:12:14 2025] >> SAMPLE[ 6396] lifetime[124 weeks], average[148.88]
[Tue Dec  2 12:12:14 2025] >> SAMPLE[ 6397] lifetime[127 weeks], average[148.87]
[Tue Dec  2 12:12:15 2025] >> SAMPLE[ 6398] lifetime[163 weeks], average[148.88]
[Tue Dec  2 12:12:16 2025] >> SAMPLE[ 6399] lifetime[153 weeks], average[148.88]
[Tue Dec  2 12:12:18 2025] >> Generating new alpha
[Tue Dec  2 12:12:19 2025] >> SAMPLE[ 6400] lifetime[163 weeks], average[148.88]
[Tue Dec  2 12:12:20 2025] >> SAMPLE[ 6401] lifetime[150 weeks], average[148.88]
[Tue Dec  2 12:12:21 2025] >> SAMPLE[ 6402] lifetime[192 weeks], average[148.89]
[Tue Dec  2 12:12:21 2025] >> SAMPLE[ 6403] lifetime[117 weeks], average[148.88]
[Tue Dec  2 12:12:22 2025] >> SAMPLE[ 6404] lifetime[118 weeks], average[148.88]
[Tue Dec  2 12:12:23 2025] >> SAMPLE[ 6405] lifetime[173 weeks], average[148.88]
[Tue Dec  2 12:12:23 2025] >> SAMPLE[ 6406] lifetime[126 weeks], average[148.88]
[Tue Dec  2 12:12:24 2025] >> SAMPLE[ 6407] lifetime[210 weeks], average[148.89]
[Tue Dec  2 12:12:25 2025] >> SAMPLE[ 6408] lifetime[118 weeks], average[148.88]
[Tue Dec  2 12:12:26 2025] >> SAMPLE[ 6409] lifetime[188 weeks], average[148.89]
[Tue Dec  2 12:12:26 2025] >> SAMPLE[ 6410] lifetime[144 weeks], average[148.89]
[Tue Dec  2 12:12:27 2025] >> SAMPLE[ 6411] lifetime[156 weeks], average[148.89]
[Tue Dec  2 12:12:27 2025] >> SAMPLE[ 6412] lifetime[130 weeks], average[148.88]
[Tue Dec  2 12:12:28 2025] >> SAMPLE[ 6413] lifetime[156 weeks], average[148.89]
[Tue Dec  2 12:12:29 2025] >> SAMPLE[ 6414] lifetime[105 weeks], average[148.88]
[Tue Dec  2 12:12:29 2025] >> SAMPLE[ 6415] lifetime[104 weeks], average[148.87]
[Tue Dec  2 12:12:30 2025] >> SAMPLE[ 6416] lifetime[135 weeks], average[148.87]
[Tue Dec  2 12:12:30 2025] >> SAMPLE[ 6417] lifetime[124 weeks], average[148.87]
[Tue Dec  2 12:12:31 2025] >> SAMPLE[ 6418] lifetime[135 weeks], average[148.86]
[Tue Dec  2 12:12:32 2025] >> SAMPLE[ 6419] lifetime[195 weeks], average[148.87]
[Tue Dec  2 12:12:33 2025] >> SAMPLE[ 6420] lifetime[169 weeks], average[148.87]
[Tue Dec  2 12:12:33 2025] >> SAMPLE[ 6421] lifetime[168 weeks], average[148.88]
[Tue Dec  2 12:12:34 2025] >> SAMPLE[ 6422] lifetime[143 weeks], average[148.88]
[Tue Dec  2 12:12:35 2025] >> SAMPLE[ 6423] lifetime[192 weeks], average[148.88]
[Tue Dec  2 12:12:36 2025] >> SAMPLE[ 6424] lifetime[145 weeks], average[148.88]
[Tue Dec  2 12:12:36 2025] >> SAMPLE[ 6425] lifetime[139 weeks], average[148.88]
[Tue Dec  2 12:12:37 2025] >> SAMPLE[ 6426] lifetime[150 weeks], average[148.88]
[Tue Dec  2 12:12:38 2025] >> SAMPLE[ 6427] lifetime[138 weeks], average[148.88]
[Tue Dec  2 12:12:38 2025] >> SAMPLE[ 6428] lifetime[147 weeks], average[148.88]
[Tue Dec  2 12:12:39 2025] >> SAMPLE[ 6429] lifetime[145 weeks], average[148.88]
[Tue Dec  2 12:12:40 2025] >> SAMPLE[ 6430] lifetime[141 weeks], average[148.88]
[Tue Dec  2 12:12:40 2025] >> SAMPLE[ 6431] lifetime[165 weeks], average[148.88]
[Tue Dec  2 12:12:41 2025] >> SAMPLE[ 6432] lifetime[137 weeks], average[148.88]
[Tue Dec  2 12:12:42 2025] >> SAMPLE[ 6433] lifetime[177 weeks], average[148.88]
[Tue Dec  2 12:12:43 2025] >> SAMPLE[ 6434] lifetime[166 weeks], average[148.88]
[Tue Dec  2 12:12:43 2025] >> SAMPLE[ 6435] lifetime[157 weeks], average[148.89]
[Tue Dec  2 12:12:44 2025] >> SAMPLE[ 6436] lifetime[164 weeks], average[148.89]
[Tue Dec  2 12:12:45 2025] >> SAMPLE[ 6437] lifetime[175 weeks], average[148.89]
[Tue Dec  2 12:12:46 2025] >> SAMPLE[ 6438] lifetime[137 weeks], average[148.89]
[Tue Dec  2 12:12:46 2025] >> SAMPLE[ 6439] lifetime[144 weeks], average[148.89]
[Tue Dec  2 12:12:47 2025] >> SAMPLE[ 6440] lifetime[185 weeks], average[148.90]
[Tue Dec  2 12:12:48 2025] >> SAMPLE[ 6441] lifetime[140 weeks], average[148.89]
[Tue Dec  2 12:12:48 2025] >> SAMPLE[ 6442] lifetime[118 weeks], average[148.89]
[Tue Dec  2 12:12:49 2025] >> SAMPLE[ 6443] lifetime[141 weeks], average[148.89]
[Tue Dec  2 12:12:50 2025] >> SAMPLE[ 6444] lifetime[177 weeks], average[148.89]
[Tue Dec  2 12:12:51 2025] >> SAMPLE[ 6445] lifetime[137 weeks], average[148.89]
[Tue Dec  2 12:12:51 2025] >> SAMPLE[ 6446] lifetime[126 weeks], average[148.89]
[Tue Dec  2 12:12:52 2025] >> SAMPLE[ 6447] lifetime[158 weeks], average[148.89]
[Tue Dec  2 12:12:53 2025] >> SAMPLE[ 6448] lifetime[157 weeks], average[148.89]
[Tue Dec  2 12:12:53 2025] >> SAMPLE[ 6449] lifetime[126 weeks], average[148.89]
[Tue Dec  2 12:12:54 2025] >> SAMPLE[ 6450] lifetime[165 weeks], average[148.89]
[Tue Dec  2 12:12:55 2025] >> SAMPLE[ 6451] lifetime[121 weeks], average[148.88]
[Tue Dec  2 12:12:55 2025] >> SAMPLE[ 6452] lifetime[ 98 weeks], average[148.88]
[Tue Dec  2 12:12:56 2025] >> SAMPLE[ 6453] lifetime[101 weeks], average[148.87]
[Tue Dec  2 12:12:56 2025] >> SAMPLE[ 6454] lifetime[163 weeks], average[148.87]
[Tue Dec  2 12:12:57 2025] >> SAMPLE[ 6455] lifetime[189 weeks], average[148.88]
[Tue Dec  2 12:12:58 2025] >> SAMPLE[ 6456] lifetime[143 weeks], average[148.88]
[Tue Dec  2 12:12:59 2025] >> SAMPLE[ 6457] lifetime[123 weeks], average[148.87]
[Tue Dec  2 12:12:59 2025] >> SAMPLE[ 6458] lifetime[127 weeks], average[148.87]
[Tue Dec  2 12:13:00 2025] >> SAMPLE[ 6459] lifetime[142 weeks], average[148.87]
[Tue Dec  2 12:13:01 2025] >> SAMPLE[ 6460] lifetime[161 weeks], average[148.87]
[Tue Dec  2 12:13:01 2025] >> SAMPLE[ 6461] lifetime[146 weeks], average[148.87]
[Tue Dec  2 12:13:02 2025] >> SAMPLE[ 6462] lifetime[140 weeks], average[148.87]
[Tue Dec  2 12:13:03 2025] >> SAMPLE[ 6463] lifetime[191 weeks], average[148.87]
[Tue Dec  2 12:13:04 2025] >> SAMPLE[ 6464] lifetime[148 weeks], average[148.87]
[Tue Dec  2 12:13:04 2025] >> SAMPLE[ 6465] lifetime[149 weeks], average[148.87]
[Tue Dec  2 12:13:05 2025] >> SAMPLE[ 6466] lifetime[156 weeks], average[148.88]
[Tue Dec  2 12:13:06 2025] >> SAMPLE[ 6467] lifetime[176 weeks], average[148.88]
[Tue Dec  2 12:13:07 2025] >> SAMPLE[ 6468] lifetime[164 weeks], average[148.88]
[Tue Dec  2 12:13:08 2025] >> SAMPLE[ 6469] lifetime[194 weeks], average[148.89]
[Tue Dec  2 12:13:09 2025] >> SAMPLE[ 6470] lifetime[161 weeks], average[148.89]
[Tue Dec  2 12:13:10 2025] >> SAMPLE[ 6471] lifetime[152 weeks], average[148.89]
[Tue Dec  2 12:13:10 2025] >> SAMPLE[ 6472] lifetime[113 weeks], average[148.89]
[Tue Dec  2 12:13:11 2025] >> SAMPLE[ 6473] lifetime[170 weeks], average[148.89]
[Tue Dec  2 12:13:12 2025] >> SAMPLE[ 6474] lifetime[167 weeks], average[148.89]
[Tue Dec  2 12:13:12 2025] >> SAMPLE[ 6475] lifetime[150 weeks], average[148.89]
[Tue Dec  2 12:13:13 2025] >> SAMPLE[ 6476] lifetime[153 weeks], average[148.89]
[Tue Dec  2 12:13:14 2025] >> SAMPLE[ 6477] lifetime[159 weeks], average[148.89]
[Tue Dec  2 12:13:14 2025] >> SAMPLE[ 6478] lifetime[101 weeks], average[148.89]
[Tue Dec  2 12:13:15 2025] >> SAMPLE[ 6479] lifetime[148 weeks], average[148.89]
[Tue Dec  2 12:13:15 2025] >> SAMPLE[ 6480] lifetime[ 96 weeks], average[148.88]
[Tue Dec  2 12:13:16 2025] >> SAMPLE[ 6481] lifetime[141 weeks], average[148.88]
[Tue Dec  2 12:13:17 2025] >> SAMPLE[ 6482] lifetime[183 weeks], average[148.88]
[Tue Dec  2 12:13:18 2025] >> SAMPLE[ 6483] lifetime[172 weeks], average[148.89]
[Tue Dec  2 12:13:19 2025] >> SAMPLE[ 6484] lifetime[168 weeks], average[148.89]
[Tue Dec  2 12:13:20 2025] >> SAMPLE[ 6485] lifetime[152 weeks], average[148.89]
[Tue Dec  2 12:13:21 2025] >> SAMPLE[ 6486] lifetime[157 weeks], average[148.89]
[Tue Dec  2 12:13:21 2025] >> SAMPLE[ 6487] lifetime[166 weeks], average[148.89]
[Tue Dec  2 12:13:22 2025] >> SAMPLE[ 6488] lifetime[147 weeks], average[148.89]
[Tue Dec  2 12:13:23 2025] >> SAMPLE[ 6489] lifetime[144 weeks], average[148.89]
[Tue Dec  2 12:13:24 2025] >> SAMPLE[ 6490] lifetime[195 weeks], average[148.90]
[Tue Dec  2 12:13:25 2025] >> SAMPLE[ 6491] lifetime[187 weeks], average[148.91]
[Tue Dec  2 12:13:25 2025] >> SAMPLE[ 6492] lifetime[126 weeks], average[148.90]
[Tue Dec  2 12:13:26 2025] >> SAMPLE[ 6493] lifetime[110 weeks], average[148.90]
[Tue Dec  2 12:13:27 2025] >> SAMPLE[ 6494] lifetime[161 weeks], average[148.90]
[Tue Dec  2 12:13:27 2025] >> SAMPLE[ 6495] lifetime[125 weeks], average[148.89]
[Tue Dec  2 12:13:28 2025] >> SAMPLE[ 6496] lifetime[196 weeks], average[148.90]
[Tue Dec  2 12:13:29 2025] >> SAMPLE[ 6497] lifetime[194 weeks], average[148.91]
[Tue Dec  2 12:13:30 2025] >> SAMPLE[ 6498] lifetime[129 weeks], average[148.91]
[Tue Dec  2 12:13:31 2025] >> SAMPLE[ 6499] lifetime[192 weeks], average[148.91]
[Tue Dec  2 12:13:33 2025] >> Generating new alpha
[Tue Dec  2 12:13:34 2025] >> SAMPLE[ 6500] lifetime[146 weeks], average[148.91]
[Tue Dec  2 12:13:35 2025] >> SAMPLE[ 6501] lifetime[160 weeks], average[148.91]
[Tue Dec  2 12:13:35 2025] >> SAMPLE[ 6502] lifetime[133 weeks], average[148.91]
[Tue Dec  2 12:13:36 2025] >> SAMPLE[ 6503] lifetime[147 weeks], average[148.91]
[Tue Dec  2 12:13:36 2025] >> SAMPLE[ 6504] lifetime[123 weeks], average[148.91]
[Tue Dec  2 12:13:37 2025] >> SAMPLE[ 6505] lifetime[161 weeks], average[148.91]
[Tue Dec  2 12:13:38 2025] >> SAMPLE[ 6506] lifetime[121 weeks], average[148.90]
[Tue Dec  2 12:13:38 2025] >> SAMPLE[ 6507] lifetime[145 weeks], average[148.90]
[Tue Dec  2 12:13:39 2025] >> SAMPLE[ 6508] lifetime[208 weeks], average[148.91]
[Tue Dec  2 12:13:40 2025] >> SAMPLE[ 6509] lifetime[186 weeks], average[148.92]
[Tue Dec  2 12:13:41 2025] >> SAMPLE[ 6510] lifetime[118 weeks], average[148.91]
[Tue Dec  2 12:13:42 2025] >> SAMPLE[ 6511] lifetime[145 weeks], average[148.91]
[Tue Dec  2 12:13:42 2025] >> SAMPLE[ 6512] lifetime[174 weeks], average[148.92]
[Tue Dec  2 12:13:43 2025] >> SAMPLE[ 6513] lifetime[128 weeks], average[148.91]
[Tue Dec  2 12:13:43 2025] >> SAMPLE[ 6514] lifetime[114 weeks], average[148.91]
[Tue Dec  2 12:13:44 2025] >> SAMPLE[ 6515] lifetime[ 89 weeks], average[148.90]
[Tue Dec  2 12:13:44 2025] >> SAMPLE[ 6516] lifetime[131 weeks], average[148.90]
[Tue Dec  2 12:13:45 2025] >> SAMPLE[ 6517] lifetime[177 weeks], average[148.90]
[Tue Dec  2 12:13:46 2025] >> SAMPLE[ 6518] lifetime[158 weeks], average[148.90]
[Tue Dec  2 12:13:47 2025] >> SAMPLE[ 6519] lifetime[157 weeks], average[148.90]
[Tue Dec  2 12:13:48 2025] >> SAMPLE[ 6520] lifetime[171 weeks], average[148.91]
[Tue Dec  2 12:13:48 2025] >> SAMPLE[ 6521] lifetime[162 weeks], average[148.91]
[Tue Dec  2 12:13:49 2025] >> SAMPLE[ 6522] lifetime[ 63 weeks], average[148.90]
[Tue Dec  2 12:13:49 2025] >> SAMPLE[ 6523] lifetime[163 weeks], average[148.90]
[Tue Dec  2 12:13:50 2025] >> SAMPLE[ 6524] lifetime[109 weeks], average[148.89]
[Tue Dec  2 12:13:50 2025] >> SAMPLE[ 6525] lifetime[145 weeks], average[148.89]
[Tue Dec  2 12:13:51 2025] >> SAMPLE[ 6526] lifetime[186 weeks], average[148.90]
[Tue Dec  2 12:13:52 2025] >> SAMPLE[ 6527] lifetime[124 weeks], average[148.89]
[Tue Dec  2 12:13:52 2025] >> SAMPLE[ 6528] lifetime[118 weeks], average[148.89]
[Tue Dec  2 12:13:53 2025] >> SAMPLE[ 6529] lifetime[124 weeks], average[148.88]
[Tue Dec  2 12:13:54 2025] >> SAMPLE[ 6530] lifetime[133 weeks], average[148.88]
[Tue Dec  2 12:13:54 2025] >> SAMPLE[ 6531] lifetime[168 weeks], average[148.88]
[Tue Dec  2 12:13:55 2025] >> SAMPLE[ 6532] lifetime[132 weeks], average[148.88]
[Tue Dec  2 12:13:56 2025] >> SAMPLE[ 6533] lifetime[147 weeks], average[148.88]
[Tue Dec  2 12:13:56 2025] >> SAMPLE[ 6534] lifetime[122 weeks], average[148.88]
[Tue Dec  2 12:13:57 2025] >> SAMPLE[ 6535] lifetime[177 weeks], average[148.88]
[Tue Dec  2 12:13:58 2025] >> SAMPLE[ 6536] lifetime[166 weeks], average[148.88]
[Tue Dec  2 12:13:58 2025] >> SAMPLE[ 6537] lifetime[141 weeks], average[148.88]
[Tue Dec  2 12:13:59 2025] >> SAMPLE[ 6538] lifetime[208 weeks], average[148.89]
[Tue Dec  2 12:14:00 2025] >> SAMPLE[ 6539] lifetime[175 weeks], average[148.90]
[Tue Dec  2 12:14:01 2025] >> SAMPLE[ 6540] lifetime[118 weeks], average[148.89]
[Tue Dec  2 12:14:01 2025] >> SAMPLE[ 6541] lifetime[164 weeks], average[148.89]
[Tue Dec  2 12:14:02 2025] >> SAMPLE[ 6542] lifetime[126 weeks], average[148.89]
[Tue Dec  2 12:14:03 2025] >> SAMPLE[ 6543] lifetime[127 weeks], average[148.89]
[Tue Dec  2 12:14:03 2025] >> SAMPLE[ 6544] lifetime[102 weeks], average[148.88]
[Tue Dec  2 12:14:04 2025] >> SAMPLE[ 6545] lifetime[140 weeks], average[148.88]
[Tue Dec  2 12:14:04 2025] >> SAMPLE[ 6546] lifetime[133 weeks], average[148.88]
[Tue Dec  2 12:14:05 2025] >> SAMPLE[ 6547] lifetime[126 weeks], average[148.87]
[Tue Dec  2 12:14:05 2025] >> SAMPLE[ 6548] lifetime[141 weeks], average[148.87]
[Tue Dec  2 12:14:06 2025] >> SAMPLE[ 6549] lifetime[155 weeks], average[148.87]
[Tue Dec  2 12:14:07 2025] >> SAMPLE[ 6550] lifetime[112 weeks], average[148.87]
[Tue Dec  2 12:14:07 2025] >> SAMPLE[ 6551] lifetime[126 weeks], average[148.86]
[Tue Dec  2 12:14:08 2025] >> SAMPLE[ 6552] lifetime[173 weeks], average[148.87]
[Tue Dec  2 12:14:09 2025] >> SAMPLE[ 6553] lifetime[163 weeks], average[148.87]
[Tue Dec  2 12:14:09 2025] >> SAMPLE[ 6554] lifetime[159 weeks], average[148.87]
[Tue Dec  2 12:14:10 2025] >> SAMPLE[ 6555] lifetime[134 weeks], average[148.87]
[Tue Dec  2 12:14:10 2025] >> SAMPLE[ 6556] lifetime[107 weeks], average[148.86]
[Tue Dec  2 12:14:11 2025] >> SAMPLE[ 6557] lifetime[187 weeks], average[148.87]
[Tue Dec  2 12:14:12 2025] >> SAMPLE[ 6558] lifetime[203 weeks], average[148.88]
[Tue Dec  2 12:14:13 2025] >> SAMPLE[ 6559] lifetime[125 weeks], average[148.87]
[Tue Dec  2 12:14:14 2025] >> SAMPLE[ 6560] lifetime[178 weeks], average[148.88]
[Tue Dec  2 12:14:14 2025] >> SAMPLE[ 6561] lifetime[138 weeks], average[148.88]
[Tue Dec  2 12:14:15 2025] >> SAMPLE[ 6562] lifetime[159 weeks], average[148.88]
[Tue Dec  2 12:14:16 2025] >> SAMPLE[ 6563] lifetime[126 weeks], average[148.87]
[Tue Dec  2 12:14:16 2025] >> SAMPLE[ 6564] lifetime[141 weeks], average[148.87]
[Tue Dec  2 12:14:17 2025] >> SAMPLE[ 6565] lifetime[137 weeks], average[148.87]
[Tue Dec  2 12:14:17 2025] >> SAMPLE[ 6566] lifetime[ 87 weeks], average[148.86]
[Tue Dec  2 12:14:18 2025] >> SAMPLE[ 6567] lifetime[106 weeks], average[148.85]
[Tue Dec  2 12:14:18 2025] >> SAMPLE[ 6568] lifetime[122 weeks], average[148.85]
[Tue Dec  2 12:14:19 2025] >> SAMPLE[ 6569] lifetime[147 weeks], average[148.85]
[Tue Dec  2 12:14:20 2025] >> SAMPLE[ 6570] lifetime[164 weeks], average[148.85]
[Tue Dec  2 12:14:21 2025] >> SAMPLE[ 6571] lifetime[158 weeks], average[148.85]
[Tue Dec  2 12:14:21 2025] >> SAMPLE[ 6572] lifetime[146 weeks], average[148.85]
[Tue Dec  2 12:14:22 2025] >> SAMPLE[ 6573] lifetime[141 weeks], average[148.85]
[Tue Dec  2 12:14:23 2025] >> SAMPLE[ 6574] lifetime[182 weeks], average[148.86]
[Tue Dec  2 12:14:24 2025] >> SAMPLE[ 6575] lifetime[140 weeks], average[148.86]
[Tue Dec  2 12:14:24 2025] >> SAMPLE[ 6576] lifetime[159 weeks], average[148.86]
[Tue Dec  2 12:14:25 2025] >> SAMPLE[ 6577] lifetime[150 weeks], average[148.86]
[Tue Dec  2 12:14:26 2025] >> SAMPLE[ 6578] lifetime[161 weeks], average[148.86]
[Tue Dec  2 12:14:27 2025] >> SAMPLE[ 6579] lifetime[171 weeks], average[148.86]
[Tue Dec  2 12:14:27 2025] >> SAMPLE[ 6580] lifetime[128 weeks], average[148.86]
[Tue Dec  2 12:14:28 2025] >> SAMPLE[ 6581] lifetime[165 weeks], average[148.86]
[Tue Dec  2 12:14:29 2025] >> SAMPLE[ 6582] lifetime[158 weeks], average[148.86]
[Tue Dec  2 12:14:30 2025] >> SAMPLE[ 6583] lifetime[148 weeks], average[148.86]
[Tue Dec  2 12:14:30 2025] >> SAMPLE[ 6584] lifetime[123 weeks], average[148.86]
[Tue Dec  2 12:14:31 2025] >> SAMPLE[ 6585] lifetime[173 weeks], average[148.86]
[Tue Dec  2 12:14:32 2025] >> SAMPLE[ 6586] lifetime[121 weeks], average[148.86]
[Tue Dec  2 12:14:32 2025] >> SAMPLE[ 6587] lifetime[ 89 weeks], average[148.85]
[Tue Dec  2 12:14:32 2025] >> SAMPLE[ 6588] lifetime[110 weeks], average[148.84]
[Tue Dec  2 12:14:33 2025] >> SAMPLE[ 6589] lifetime[153 weeks], average[148.84]
[Tue Dec  2 12:14:34 2025] >> SAMPLE[ 6590] lifetime[177 weeks], average[148.85]
[Tue Dec  2 12:14:34 2025] >> SAMPLE[ 6591] lifetime[118 weeks], average[148.84]
[Tue Dec  2 12:14:35 2025] >> SAMPLE[ 6592] lifetime[176 weeks], average[148.85]
[Tue Dec  2 12:14:36 2025] >> SAMPLE[ 6593] lifetime[161 weeks], average[148.85]
[Tue Dec  2 12:14:37 2025] >> SAMPLE[ 6594] lifetime[162 weeks], average[148.85]
[Tue Dec  2 12:14:37 2025] >> SAMPLE[ 6595] lifetime[113 weeks], average[148.85]
[Tue Dec  2 12:14:38 2025] >> SAMPLE[ 6596] lifetime[ 88 weeks], average[148.84]
[Tue Dec  2 12:14:38 2025] >> SAMPLE[ 6597] lifetime[125 weeks], average[148.83]
[Tue Dec  2 12:14:39 2025] >> SAMPLE[ 6598] lifetime[182 weeks], average[148.84]
[Tue Dec  2 12:14:40 2025] >> SAMPLE[ 6599] lifetime[165 weeks], average[148.84]
[Tue Dec  2 12:14:43 2025] >> Generating new alpha
[Tue Dec  2 12:14:43 2025] >> SAMPLE[ 6600] lifetime[156 weeks], average[148.84]
[Tue Dec  2 12:14:44 2025] >> SAMPLE[ 6601] lifetime[113 weeks], average[148.84]
[Tue Dec  2 12:14:44 2025] >> SAMPLE[ 6602] lifetime[147 weeks], average[148.84]
[Tue Dec  2 12:14:45 2025] >> SAMPLE[ 6603] lifetime[161 weeks], average[148.84]
[Tue Dec  2 12:14:46 2025] >> SAMPLE[ 6604] lifetime[144 weeks], average[148.84]
[Tue Dec  2 12:14:46 2025] >> SAMPLE[ 6605] lifetime[132 weeks], average[148.84]
[Tue Dec  2 12:14:47 2025] >> SAMPLE[ 6606] lifetime[128 weeks], average[148.83]
[Tue Dec  2 12:14:48 2025] >> SAMPLE[ 6607] lifetime[149 weeks], average[148.83]
[Tue Dec  2 12:14:48 2025] >> SAMPLE[ 6608] lifetime[160 weeks], average[148.83]
[Tue Dec  2 12:14:49 2025] >> SAMPLE[ 6609] lifetime[107 weeks], average[148.83]
[Tue Dec  2 12:14:49 2025] >> SAMPLE[ 6610] lifetime[133 weeks], average[148.82]
[Tue Dec  2 12:14:50 2025] >> SAMPLE[ 6611] lifetime[143 weeks], average[148.82]
[Tue Dec  2 12:14:51 2025] >> SAMPLE[ 6612] lifetime[130 weeks], average[148.82]
[Tue Dec  2 12:14:51 2025] >> SAMPLE[ 6613] lifetime[152 weeks], average[148.82]
[Tue Dec  2 12:14:52 2025] >> SAMPLE[ 6614] lifetime[ 93 weeks], average[148.81]
[Tue Dec  2 12:14:52 2025] >> SAMPLE[ 6615] lifetime[138 weeks], average[148.81]
[Tue Dec  2 12:14:53 2025] >> SAMPLE[ 6616] lifetime[120 weeks], average[148.81]
[Tue Dec  2 12:14:54 2025] >> SAMPLE[ 6617] lifetime[193 weeks], average[148.81]
[Tue Dec  2 12:14:54 2025] >> SAMPLE[ 6618] lifetime[122 weeks], average[148.81]
[Tue Dec  2 12:14:55 2025] >> SAMPLE[ 6619] lifetime[142 weeks], average[148.81]
[Tue Dec  2 12:14:56 2025] >> SAMPLE[ 6620] lifetime[184 weeks], average[148.81]
[Tue Dec  2 12:14:57 2025] >> SAMPLE[ 6621] lifetime[137 weeks], average[148.81]
[Tue Dec  2 12:14:57 2025] >> SAMPLE[ 6622] lifetime[150 weeks], average[148.81]
[Tue Dec  2 12:14:58 2025] >> SAMPLE[ 6623] lifetime[107 weeks], average[148.81]
[Tue Dec  2 12:14:58 2025] >> SAMPLE[ 6624] lifetime[112 weeks], average[148.80]
[Tue Dec  2 12:14:59 2025] >> SAMPLE[ 6625] lifetime[139 weeks], average[148.80]
[Tue Dec  2 12:15:00 2025] >> SAMPLE[ 6626] lifetime[167 weeks], average[148.80]
[Tue Dec  2 12:15:00 2025] >> SAMPLE[ 6627] lifetime[132 weeks], average[148.80]
[Tue Dec  2 12:15:01 2025] >> SAMPLE[ 6628] lifetime[149 weeks], average[148.80]
[Tue Dec  2 12:15:01 2025] >> SAMPLE[ 6629] lifetime[102 weeks], average[148.79]
[Tue Dec  2 12:15:02 2025] >> SAMPLE[ 6630] lifetime[139 weeks], average[148.79]
[Tue Dec  2 12:15:03 2025] >> SAMPLE[ 6631] lifetime[134 weeks], average[148.79]
[Tue Dec  2 12:15:03 2025] >> SAMPLE[ 6632] lifetime[165 weeks], average[148.79]
[Tue Dec  2 12:15:04 2025] >> SAMPLE[ 6633] lifetime[155 weeks], average[148.79]
[Tue Dec  2 12:15:05 2025] >> SAMPLE[ 6634] lifetime[135 weeks], average[148.79]
[Tue Dec  2 12:15:05 2025] >> SAMPLE[ 6635] lifetime[159 weeks], average[148.79]
[Tue Dec  2 12:15:06 2025] >> SAMPLE[ 6636] lifetime[150 weeks], average[148.79]
[Tue Dec  2 12:15:07 2025] >> SAMPLE[ 6637] lifetime[143 weeks], average[148.79]
[Tue Dec  2 12:15:07 2025] >> SAMPLE[ 6638] lifetime[141 weeks], average[148.79]
[Tue Dec  2 12:15:08 2025] >> SAMPLE[ 6639] lifetime[174 weeks], average[148.79]
[Tue Dec  2 12:15:09 2025] >> SAMPLE[ 6640] lifetime[174 weeks], average[148.80]
[Tue Dec  2 12:15:10 2025] >> SAMPLE[ 6641] lifetime[112 weeks], average[148.79]
[Tue Dec  2 12:15:10 2025] >> SAMPLE[ 6642] lifetime[149 weeks], average[148.79]
[Tue Dec  2 12:15:11 2025] >> SAMPLE[ 6643] lifetime[ 97 weeks], average[148.78]
[Tue Dec  2 12:15:11 2025] >> SAMPLE[ 6644] lifetime[110 weeks], average[148.78]
[Tue Dec  2 12:15:12 2025] >> SAMPLE[ 6645] lifetime[131 weeks], average[148.78]
[Tue Dec  2 12:15:13 2025] >> SAMPLE[ 6646] lifetime[194 weeks], average[148.78]
[Tue Dec  2 12:15:14 2025] >> SAMPLE[ 6647] lifetime[185 weeks], average[148.79]
[Tue Dec  2 12:15:14 2025] >> SAMPLE[ 6648] lifetime[158 weeks], average[148.79]
[Tue Dec  2 12:15:15 2025] >> SAMPLE[ 6649] lifetime[150 weeks], average[148.79]
[Tue Dec  2 12:15:16 2025] >> SAMPLE[ 6650] lifetime[139 weeks], average[148.79]
[Tue Dec  2 12:15:17 2025] >> SAMPLE[ 6651] lifetime[213 weeks], average[148.80]
[Tue Dec  2 12:15:17 2025] >> SAMPLE[ 6652] lifetime[150 weeks], average[148.80]
[Tue Dec  2 12:15:18 2025] >> SAMPLE[ 6653] lifetime[173 weeks], average[148.80]
[Tue Dec  2 12:15:19 2025] >> SAMPLE[ 6654] lifetime[174 weeks], average[148.81]
[Tue Dec  2 12:15:20 2025] >> SAMPLE[ 6655] lifetime[150 weeks], average[148.81]
[Tue Dec  2 12:15:20 2025] >> SAMPLE[ 6656] lifetime[142 weeks], average[148.80]
[Tue Dec  2 12:15:21 2025] >> SAMPLE[ 6657] lifetime[101 weeks], average[148.80]
[Tue Dec  2 12:15:22 2025] >> SAMPLE[ 6658] lifetime[200 weeks], average[148.80]
[Tue Dec  2 12:15:22 2025] >> SAMPLE[ 6659] lifetime[131 weeks], average[148.80]
[Tue Dec  2 12:15:23 2025] >> SAMPLE[ 6660] lifetime[158 weeks], average[148.80]
[Tue Dec  2 12:15:24 2025] >> SAMPLE[ 6661] lifetime[167 weeks], average[148.81]
[Tue Dec  2 12:15:24 2025] >> SAMPLE[ 6662] lifetime[114 weeks], average[148.80]
[Tue Dec  2 12:15:25 2025] >> SAMPLE[ 6663] lifetime[160 weeks], average[148.80]
[Tue Dec  2 12:15:26 2025] >> SAMPLE[ 6664] lifetime[ 92 weeks], average[148.79]
[Tue Dec  2 12:15:26 2025] >> SAMPLE[ 6665] lifetime[170 weeks], average[148.80]
[Tue Dec  2 12:15:27 2025] >> SAMPLE[ 6666] lifetime[157 weeks], average[148.80]
[Tue Dec  2 12:15:28 2025] >> SAMPLE[ 6667] lifetime[219 weeks], average[148.81]
[Tue Dec  2 12:15:29 2025] >> SAMPLE[ 6668] lifetime[183 weeks], average[148.81]
[Tue Dec  2 12:15:30 2025] >> SAMPLE[ 6669] lifetime[183 weeks], average[148.82]
[Tue Dec  2 12:15:31 2025] >> SAMPLE[ 6670] lifetime[130 weeks], average[148.82]
[Tue Dec  2 12:15:31 2025] >> SAMPLE[ 6671] lifetime[133 weeks], average[148.81]
[Tue Dec  2 12:15:32 2025] >> SAMPLE[ 6672] lifetime[171 weeks], average[148.82]
[Tue Dec  2 12:15:33 2025] >> SAMPLE[ 6673] lifetime[168 weeks], average[148.82]
[Tue Dec  2 12:15:34 2025] >> SAMPLE[ 6674] lifetime[174 weeks], average[148.82]
[Tue Dec  2 12:15:34 2025] >> SAMPLE[ 6675] lifetime[115 weeks], average[148.82]
[Tue Dec  2 12:15:35 2025] >> SAMPLE[ 6676] lifetime[144 weeks], average[148.82]
[Tue Dec  2 12:15:36 2025] >> SAMPLE[ 6677] lifetime[190 weeks], average[148.82]
[Tue Dec  2 12:15:36 2025] >> SAMPLE[ 6678] lifetime[145 weeks], average[148.82]
[Tue Dec  2 12:15:37 2025] >> SAMPLE[ 6679] lifetime[117 weeks], average[148.82]
[Tue Dec  2 12:15:38 2025] >> SAMPLE[ 6680] lifetime[169 weeks], average[148.82]
[Tue Dec  2 12:15:38 2025] >> SAMPLE[ 6681] lifetime[137 weeks], average[148.82]
[Tue Dec  2 12:15:39 2025] >> SAMPLE[ 6682] lifetime[157 weeks], average[148.82]
[Tue Dec  2 12:15:40 2025] >> SAMPLE[ 6683] lifetime[167 weeks], average[148.82]
[Tue Dec  2 12:15:41 2025] >> SAMPLE[ 6684] lifetime[178 weeks], average[148.83]
[Tue Dec  2 12:15:41 2025] >> SAMPLE[ 6685] lifetime[148 weeks], average[148.83]
[Tue Dec  2 12:15:42 2025] >> SAMPLE[ 6686] lifetime[154 weeks], average[148.83]
[Tue Dec  2 12:15:42 2025] >> SAMPLE[ 6687] lifetime[121 weeks], average[148.83]
[Tue Dec  2 12:15:43 2025] >> SAMPLE[ 6688] lifetime[152 weeks], average[148.83]
[Tue Dec  2 12:15:44 2025] >> SAMPLE[ 6689] lifetime[156 weeks], average[148.83]
[Tue Dec  2 12:15:45 2025] >> SAMPLE[ 6690] lifetime[184 weeks], average[148.83]
[Tue Dec  2 12:15:45 2025] >> SAMPLE[ 6691] lifetime[108 weeks], average[148.83]
[Tue Dec  2 12:15:46 2025] >> SAMPLE[ 6692] lifetime[142 weeks], average[148.82]
[Tue Dec  2 12:15:47 2025] >> SAMPLE[ 6693] lifetime[133 weeks], average[148.82]
[Tue Dec  2 12:15:47 2025] >> SAMPLE[ 6694] lifetime[150 weeks], average[148.82]
[Tue Dec  2 12:15:48 2025] >> SAMPLE[ 6695] lifetime[133 weeks], average[148.82]
[Tue Dec  2 12:15:49 2025] >> SAMPLE[ 6696] lifetime[128 weeks], average[148.82]
[Tue Dec  2 12:15:49 2025] >> SAMPLE[ 6697] lifetime[125 weeks], average[148.81]
[Tue Dec  2 12:15:50 2025] >> SAMPLE[ 6698] lifetime[142 weeks], average[148.81]
[Tue Dec  2 12:15:51 2025] >> SAMPLE[ 6699] lifetime[201 weeks], average[148.82]
[Tue Dec  2 12:15:54 2025] >> Generating new alpha
[Tue Dec  2 12:15:54 2025] >> SAMPLE[ 6700] lifetime[126 weeks], average[148.82]
[Tue Dec  2 12:15:55 2025] >> SAMPLE[ 6701] lifetime[141 weeks], average[148.82]
[Tue Dec  2 12:15:55 2025] >> SAMPLE[ 6702] lifetime[148 weeks], average[148.82]
[Tue Dec  2 12:15:56 2025] >> SAMPLE[ 6703] lifetime[166 weeks], average[148.82]
[Tue Dec  2 12:15:57 2025] >> SAMPLE[ 6704] lifetime[142 weeks], average[148.82]
[Tue Dec  2 12:15:58 2025] >> SAMPLE[ 6705] lifetime[180 weeks], average[148.82]
[Tue Dec  2 12:15:58 2025] >> SAMPLE[ 6706] lifetime[112 weeks], average[148.82]
[Tue Dec  2 12:15:59 2025] >> SAMPLE[ 6707] lifetime[112 weeks], average[148.81]
[Tue Dec  2 12:15:59 2025] >> SAMPLE[ 6708] lifetime[149 weeks], average[148.81]
[Tue Dec  2 12:16:00 2025] >> SAMPLE[ 6709] lifetime[114 weeks], average[148.81]
[Tue Dec  2 12:16:01 2025] >> SAMPLE[ 6710] lifetime[149 weeks], average[148.81]
[Tue Dec  2 12:16:01 2025] >> SAMPLE[ 6711] lifetime[129 weeks], average[148.80]
[Tue Dec  2 12:16:02 2025] >> SAMPLE[ 6712] lifetime[141 weeks], average[148.80]
[Tue Dec  2 12:16:02 2025] >> SAMPLE[ 6713] lifetime[165 weeks], average[148.80]
[Tue Dec  2 12:16:03 2025] >> SAMPLE[ 6714] lifetime[ 86 weeks], average[148.79]
[Tue Dec  2 12:16:04 2025] >> SAMPLE[ 6715] lifetime[183 weeks], average[148.80]
[Tue Dec  2 12:16:05 2025] >> SAMPLE[ 6716] lifetime[170 weeks], average[148.80]
[Tue Dec  2 12:16:05 2025] >> SAMPLE[ 6717] lifetime[119 weeks], average[148.80]
[Tue Dec  2 12:16:06 2025] >> SAMPLE[ 6718] lifetime[117 weeks], average[148.79]
[Tue Dec  2 12:16:06 2025] >> SAMPLE[ 6719] lifetime[187 weeks], average[148.80]
[Tue Dec  2 12:16:07 2025] >> SAMPLE[ 6720] lifetime[153 weeks], average[148.80]
[Tue Dec  2 12:16:08 2025] >> SAMPLE[ 6721] lifetime[159 weeks], average[148.80]
[Tue Dec  2 12:16:08 2025] >> SAMPLE[ 6722] lifetime[124 weeks], average[148.80]
[Tue Dec  2 12:16:09 2025] >> SAMPLE[ 6723] lifetime[132 weeks], average[148.80]
[Tue Dec  2 12:16:10 2025] >> SAMPLE[ 6724] lifetime[174 weeks], average[148.80]
[Tue Dec  2 12:16:11 2025] >> SAMPLE[ 6725] lifetime[172 weeks], average[148.80]
[Tue Dec  2 12:16:11 2025] >> SAMPLE[ 6726] lifetime[136 weeks], average[148.80]
[Tue Dec  2 12:16:12 2025] >> SAMPLE[ 6727] lifetime[164 weeks], average[148.80]
[Tue Dec  2 12:16:13 2025] >> SAMPLE[ 6728] lifetime[139 weeks], average[148.80]
[Tue Dec  2 12:16:14 2025] >> SAMPLE[ 6729] lifetime[184 weeks], average[148.81]
[Tue Dec  2 12:16:14 2025] >> SAMPLE[ 6730] lifetime[188 weeks], average[148.81]
[Tue Dec  2 12:16:15 2025] >> SAMPLE[ 6731] lifetime[155 weeks], average[148.81]
[Tue Dec  2 12:16:16 2025] >> SAMPLE[ 6732] lifetime[ 93 weeks], average[148.81]
[Tue Dec  2 12:16:16 2025] >> SAMPLE[ 6733] lifetime[110 weeks], average[148.80]
[Tue Dec  2 12:16:17 2025] >> SAMPLE[ 6734] lifetime[150 weeks], average[148.80]
[Tue Dec  2 12:16:17 2025] >> SAMPLE[ 6735] lifetime[131 weeks], average[148.80]
[Tue Dec  2 12:16:18 2025] >> SAMPLE[ 6736] lifetime[144 weeks], average[148.80]
[Tue Dec  2 12:16:19 2025] >> SAMPLE[ 6737] lifetime[179 weeks], average[148.80]
[Tue Dec  2 12:16:19 2025] >> SAMPLE[ 6738] lifetime[123 weeks], average[148.80]
[Tue Dec  2 12:16:20 2025] >> SAMPLE[ 6739] lifetime[174 weeks], average[148.80]
[Tue Dec  2 12:16:21 2025] >> SAMPLE[ 6740] lifetime[211 weeks], average[148.81]
[Tue Dec  2 12:16:22 2025] >> SAMPLE[ 6741] lifetime[121 weeks], average[148.81]
[Tue Dec  2 12:16:22 2025] >> SAMPLE[ 6742] lifetime[133 weeks], average[148.80]
[Tue Dec  2 12:16:23 2025] >> SAMPLE[ 6743] lifetime[142 weeks], average[148.80]
[Tue Dec  2 12:16:24 2025] >> SAMPLE[ 6744] lifetime[121 weeks], average[148.80]
[Tue Dec  2 12:16:24 2025] >> SAMPLE[ 6745] lifetime[126 weeks], average[148.79]
[Tue Dec  2 12:16:25 2025] >> SAMPLE[ 6746] lifetime[151 weeks], average[148.80]
[Tue Dec  2 12:16:26 2025] >> SAMPLE[ 6747] lifetime[151 weeks], average[148.80]
[Tue Dec  2 12:16:26 2025] >> SAMPLE[ 6748] lifetime[162 weeks], average[148.80]
[Tue Dec  2 12:16:27 2025] >> SAMPLE[ 6749] lifetime[135 weeks], average[148.80]
[Tue Dec  2 12:16:28 2025] >> SAMPLE[ 6750] lifetime[151 weeks], average[148.80]
[Tue Dec  2 12:16:28 2025] >> SAMPLE[ 6751] lifetime[118 weeks], average[148.79]
[Tue Dec  2 12:16:29 2025] >> SAMPLE[ 6752] lifetime[ 91 weeks], average[148.78]
[Tue Dec  2 12:16:29 2025] >> SAMPLE[ 6753] lifetime[171 weeks], average[148.79]
[Tue Dec  2 12:16:30 2025] >> SAMPLE[ 6754] lifetime[146 weeks], average[148.79]
[Tue Dec  2 12:16:31 2025] >> SAMPLE[ 6755] lifetime[165 weeks], average[148.79]
[Tue Dec  2 12:16:31 2025] >> SAMPLE[ 6756] lifetime[104 weeks], average[148.78]
[Tue Dec  2 12:16:32 2025] >> SAMPLE[ 6757] lifetime[140 weeks], average[148.78]
[Tue Dec  2 12:16:32 2025] >> SAMPLE[ 6758] lifetime[108 weeks], average[148.77]
[Tue Dec  2 12:16:33 2025] >> SAMPLE[ 6759] lifetime[130 weeks], average[148.77]
[Tue Dec  2 12:16:33 2025] >> SAMPLE[ 6760] lifetime[121 weeks], average[148.77]
[Tue Dec  2 12:16:34 2025] >> SAMPLE[ 6761] lifetime[151 weeks], average[148.77]
[Tue Dec  2 12:16:35 2025] >> SAMPLE[ 6762] lifetime[156 weeks], average[148.77]
[Tue Dec  2 12:16:35 2025] >> SAMPLE[ 6763] lifetime[124 weeks], average[148.76]
[Tue Dec  2 12:16:36 2025] >> SAMPLE[ 6764] lifetime[173 weeks], average[148.77]
[Tue Dec  2 12:16:37 2025] >> SAMPLE[ 6765] lifetime[147 weeks], average[148.77]
[Tue Dec  2 12:16:38 2025] >> SAMPLE[ 6766] lifetime[146 weeks], average[148.77]
[Tue Dec  2 12:16:39 2025] >> SAMPLE[ 6767] lifetime[177 weeks], average[148.77]
[Tue Dec  2 12:16:39 2025] >> SAMPLE[ 6768] lifetime[119 weeks], average[148.77]
[Tue Dec  2 12:16:40 2025] >> SAMPLE[ 6769] lifetime[127 weeks], average[148.76]
[Tue Dec  2 12:16:41 2025] >> SAMPLE[ 6770] lifetime[212 weeks], average[148.77]
[Tue Dec  2 12:16:41 2025] >> SAMPLE[ 6771] lifetime[127 weeks], average[148.77]
[Tue Dec  2 12:16:42 2025] >> SAMPLE[ 6772] lifetime[152 weeks], average[148.77]
[Tue Dec  2 12:16:43 2025] >> SAMPLE[ 6773] lifetime[137 weeks], average[148.77]
[Tue Dec  2 12:16:43 2025] >> SAMPLE[ 6774] lifetime[160 weeks], average[148.77]
[Tue Dec  2 12:16:44 2025] >> SAMPLE[ 6775] lifetime[192 weeks], average[148.78]
[Tue Dec  2 12:16:45 2025] >> SAMPLE[ 6776] lifetime[136 weeks], average[148.78]
[Tue Dec  2 12:16:46 2025] >> SAMPLE[ 6777] lifetime[159 weeks], average[148.78]
[Tue Dec  2 12:16:47 2025] >> SAMPLE[ 6778] lifetime[200 weeks], average[148.78]
[Tue Dec  2 12:16:48 2025] >> SAMPLE[ 6779] lifetime[183 weeks], average[148.79]
[Tue Dec  2 12:16:48 2025] >> SAMPLE[ 6780] lifetime[148 weeks], average[148.79]
[Tue Dec  2 12:16:49 2025] >> SAMPLE[ 6781] lifetime[110 weeks], average[148.78]
[Tue Dec  2 12:16:50 2025] >> SAMPLE[ 6782] lifetime[198 weeks], average[148.79]
[Tue Dec  2 12:16:51 2025] >> SAMPLE[ 6783] lifetime[157 weeks], average[148.79]
[Tue Dec  2 12:16:51 2025] >> SAMPLE[ 6784] lifetime[105 weeks], average[148.79]
[Tue Dec  2 12:16:52 2025] >> SAMPLE[ 6785] lifetime[112 weeks], average[148.78]
[Tue Dec  2 12:16:52 2025] >> SAMPLE[ 6786] lifetime[163 weeks], average[148.78]
[Tue Dec  2 12:16:53 2025] >> SAMPLE[ 6787] lifetime[152 weeks], average[148.78]
[Tue Dec  2 12:16:54 2025] >> SAMPLE[ 6788] lifetime[181 weeks], average[148.79]
[Tue Dec  2 12:16:55 2025] >> SAMPLE[ 6789] lifetime[165 weeks], average[148.79]
[Tue Dec  2 12:16:56 2025] >> SAMPLE[ 6790] lifetime[180 weeks], average[148.79]
[Tue Dec  2 12:16:56 2025] >> SAMPLE[ 6791] lifetime[154 weeks], average[148.80]
[Tue Dec  2 12:16:57 2025] >> SAMPLE[ 6792] lifetime[139 weeks], average[148.79]
[Tue Dec  2 12:16:58 2025] >> SAMPLE[ 6793] lifetime[141 weeks], average[148.79]
[Tue Dec  2 12:16:58 2025] >> SAMPLE[ 6794] lifetime[106 weeks], average[148.79]
[Tue Dec  2 12:16:59 2025] >> SAMPLE[ 6795] lifetime[132 weeks], average[148.78]
[Tue Dec  2 12:16:59 2025] >> SAMPLE[ 6796] lifetime[141 weeks], average[148.78]
[Tue Dec  2 12:17:00 2025] >> SAMPLE[ 6797] lifetime[151 weeks], average[148.78]
[Tue Dec  2 12:17:01 2025] >> SAMPLE[ 6798] lifetime[144 weeks], average[148.78]
[Tue Dec  2 12:17:01 2025] >> SAMPLE[ 6799] lifetime[118 weeks], average[148.78]
[Tue Dec  2 12:17:04 2025] >> Generating new alpha
[Tue Dec  2 12:17:05 2025] >> SAMPLE[ 6800] lifetime[155 weeks], average[148.78]
[Tue Dec  2 12:17:05 2025] >> SAMPLE[ 6801] lifetime[124 weeks], average[148.78]
[Tue Dec  2 12:17:07 2025] >> SAMPLE[ 6802] lifetime[217 weeks], average[148.79]
[Tue Dec  2 12:17:07 2025] >> SAMPLE[ 6803] lifetime[116 weeks], average[148.78]
[Tue Dec  2 12:17:08 2025] >> SAMPLE[ 6804] lifetime[157 weeks], average[148.78]
[Tue Dec  2 12:17:09 2025] >> SAMPLE[ 6805] lifetime[187 weeks], average[148.79]
[Tue Dec  2 12:17:10 2025] >> SAMPLE[ 6806] lifetime[166 weeks], average[148.79]
[Tue Dec  2 12:17:10 2025] >> SAMPLE[ 6807] lifetime[113 weeks], average[148.78]
[Tue Dec  2 12:17:10 2025] >> SAMPLE[ 6808] lifetime[ 74 weeks], average[148.77]
[Tue Dec  2 12:17:11 2025] >> SAMPLE[ 6809] lifetime[120 weeks], average[148.77]
[Tue Dec  2 12:17:12 2025] >> SAMPLE[ 6810] lifetime[158 weeks], average[148.77]
[Tue Dec  2 12:17:13 2025] >> SAMPLE[ 6811] lifetime[181 weeks], average[148.78]
[Tue Dec  2 12:17:13 2025] >> SAMPLE[ 6812] lifetime[144 weeks], average[148.77]
[Tue Dec  2 12:17:14 2025] >> SAMPLE[ 6813] lifetime[140 weeks], average[148.77]
[Tue Dec  2 12:17:14 2025] >> SAMPLE[ 6814] lifetime[124 weeks], average[148.77]
[Tue Dec  2 12:17:15 2025] >> SAMPLE[ 6815] lifetime[ 98 weeks], average[148.76]
[Tue Dec  2 12:17:15 2025] >> SAMPLE[ 6816] lifetime[136 weeks], average[148.76]
[Tue Dec  2 12:17:16 2025] >> SAMPLE[ 6817] lifetime[131 weeks], average[148.76]
[Tue Dec  2 12:17:17 2025] >> SAMPLE[ 6818] lifetime[121 weeks], average[148.75]
[Tue Dec  2 12:17:17 2025] >> SAMPLE[ 6819] lifetime[115 weeks], average[148.75]
[Tue Dec  2 12:17:18 2025] >> SAMPLE[ 6820] lifetime[155 weeks], average[148.75]
[Tue Dec  2 12:17:19 2025] >> SAMPLE[ 6821] lifetime[206 weeks], average[148.76]
[Tue Dec  2 12:17:20 2025] >> SAMPLE[ 6822] lifetime[149 weeks], average[148.76]
[Tue Dec  2 12:17:21 2025] >> SAMPLE[ 6823] lifetime[179 weeks], average[148.76]
[Tue Dec  2 12:17:21 2025] >> SAMPLE[ 6824] lifetime[136 weeks], average[148.76]
[Tue Dec  2 12:17:22 2025] >> SAMPLE[ 6825] lifetime[171 weeks], average[148.76]
[Tue Dec  2 12:17:23 2025] >> SAMPLE[ 6826] lifetime[168 weeks], average[148.77]
[Tue Dec  2 12:17:24 2025] >> SAMPLE[ 6827] lifetime[164 weeks], average[148.77]
[Tue Dec  2 12:17:24 2025] >> SAMPLE[ 6828] lifetime[119 weeks], average[148.76]
[Tue Dec  2 12:17:25 2025] >> SAMPLE[ 6829] lifetime[129 weeks], average[148.76]
[Tue Dec  2 12:17:25 2025] >> SAMPLE[ 6830] lifetime[164 weeks], average[148.76]
[Tue Dec  2 12:17:26 2025] >> SAMPLE[ 6831] lifetime[171 weeks], average[148.77]
[Tue Dec  2 12:17:27 2025] >> SAMPLE[ 6832] lifetime[150 weeks], average[148.77]
[Tue Dec  2 12:17:28 2025] >> SAMPLE[ 6833] lifetime[139 weeks], average[148.77]
[Tue Dec  2 12:17:29 2025] >> SAMPLE[ 6834] lifetime[174 weeks], average[148.77]
[Tue Dec  2 12:17:29 2025] >> SAMPLE[ 6835] lifetime[140 weeks], average[148.77]
[Tue Dec  2 12:17:30 2025] >> SAMPLE[ 6836] lifetime[132 weeks], average[148.77]
[Tue Dec  2 12:17:31 2025] >> SAMPLE[ 6837] lifetime[186 weeks], average[148.77]
[Tue Dec  2 12:17:31 2025] >> SAMPLE[ 6838] lifetime[127 weeks], average[148.77]
[Tue Dec  2 12:17:32 2025] >> SAMPLE[ 6839] lifetime[117 weeks], average[148.76]
[Tue Dec  2 12:17:33 2025] >> SAMPLE[ 6840] lifetime[164 weeks], average[148.77]
[Tue Dec  2 12:17:33 2025] >> SAMPLE[ 6841] lifetime[148 weeks], average[148.77]
[Tue Dec  2 12:17:34 2025] >> SAMPLE[ 6842] lifetime[128 weeks], average[148.76]
[Tue Dec  2 12:17:34 2025] >> SAMPLE[ 6843] lifetime[118 weeks], average[148.76]
[Tue Dec  2 12:17:35 2025] >> SAMPLE[ 6844] lifetime[166 weeks], average[148.76]
[Tue Dec  2 12:17:36 2025] >> SAMPLE[ 6845] lifetime[191 weeks], average[148.77]
[Tue Dec  2 12:17:37 2025] >> SAMPLE[ 6846] lifetime[126 weeks], average[148.76]
[Tue Dec  2 12:17:38 2025] >> SAMPLE[ 6847] lifetime[201 weeks], average[148.77]
[Tue Dec  2 12:17:38 2025] >> SAMPLE[ 6848] lifetime[181 weeks], average[148.78]
[Tue Dec  2 12:17:39 2025] >> SAMPLE[ 6849] lifetime[171 weeks], average[148.78]
[Tue Dec  2 12:17:40 2025] >> SAMPLE[ 6850] lifetime[117 weeks], average[148.77]
[Tue Dec  2 12:17:41 2025] >> SAMPLE[ 6851] lifetime[192 weeks], average[148.78]
[Tue Dec  2 12:17:42 2025] >> SAMPLE[ 6852] lifetime[204 weeks], average[148.79]
[Tue Dec  2 12:17:42 2025] >> SAMPLE[ 6853] lifetime[151 weeks], average[148.79]
[Tue Dec  2 12:17:43 2025] >> SAMPLE[ 6854] lifetime[184 weeks], average[148.79]
[Tue Dec  2 12:17:44 2025] >> SAMPLE[ 6855] lifetime[155 weeks], average[148.80]
[Tue Dec  2 12:17:45 2025] >> SAMPLE[ 6856] lifetime[119 weeks], average[148.79]
[Tue Dec  2 12:17:45 2025] >> SAMPLE[ 6857] lifetime[156 weeks], average[148.79]
[Tue Dec  2 12:17:46 2025] >> SAMPLE[ 6858] lifetime[172 weeks], average[148.80]
[Tue Dec  2 12:17:47 2025] >> SAMPLE[ 6859] lifetime[150 weeks], average[148.80]
[Tue Dec  2 12:17:48 2025] >> SAMPLE[ 6860] lifetime[177 weeks], average[148.80]
[Tue Dec  2 12:17:48 2025] >> SAMPLE[ 6861] lifetime[169 weeks], average[148.80]
[Tue Dec  2 12:17:49 2025] >> SAMPLE[ 6862] lifetime[193 weeks], average[148.81]
[Tue Dec  2 12:17:50 2025] >> SAMPLE[ 6863] lifetime[129 weeks], average[148.81]
[Tue Dec  2 12:17:51 2025] >> SAMPLE[ 6864] lifetime[169 weeks], average[148.81]
[Tue Dec  2 12:17:51 2025] >> SAMPLE[ 6865] lifetime[110 weeks], average[148.80]
[Tue Dec  2 12:17:52 2025] >> SAMPLE[ 6866] lifetime[167 weeks], average[148.81]
[Tue Dec  2 12:17:53 2025] >> SAMPLE[ 6867] lifetime[175 weeks], average[148.81]
[Tue Dec  2 12:17:54 2025] >> SAMPLE[ 6868] lifetime[184 weeks], average[148.81]
[Tue Dec  2 12:17:54 2025] >> SAMPLE[ 6869] lifetime[104 weeks], average[148.81]
[Tue Dec  2 12:17:55 2025] >> SAMPLE[ 6870] lifetime[153 weeks], average[148.81]
[Tue Dec  2 12:17:56 2025] >> SAMPLE[ 6871] lifetime[173 weeks], average[148.81]
[Tue Dec  2 12:17:56 2025] >> SAMPLE[ 6872] lifetime[148 weeks], average[148.81]
[Tue Dec  2 12:17:57 2025] >> SAMPLE[ 6873] lifetime[147 weeks], average[148.81]
[Tue Dec  2 12:17:58 2025] >> SAMPLE[ 6874] lifetime[121 weeks], average[148.81]
[Tue Dec  2 12:17:58 2025] >> SAMPLE[ 6875] lifetime[128 weeks], average[148.81]
[Tue Dec  2 12:17:59 2025] >> SAMPLE[ 6876] lifetime[139 weeks], average[148.80]
[Tue Dec  2 12:18:00 2025] >> SAMPLE[ 6877] lifetime[163 weeks], average[148.81]
[Tue Dec  2 12:18:00 2025] >> SAMPLE[ 6878] lifetime[168 weeks], average[148.81]
[Tue Dec  2 12:18:01 2025] >> SAMPLE[ 6879] lifetime[136 weeks], average[148.81]
[Tue Dec  2 12:18:02 2025] >> SAMPLE[ 6880] lifetime[151 weeks], average[148.81]
[Tue Dec  2 12:18:02 2025] >> SAMPLE[ 6881] lifetime[111 weeks], average[148.80]
[Tue Dec  2 12:18:03 2025] >> SAMPLE[ 6882] lifetime[153 weeks], average[148.80]
[Tue Dec  2 12:18:04 2025] >> SAMPLE[ 6883] lifetime[142 weeks], average[148.80]
[Tue Dec  2 12:18:04 2025] >> SAMPLE[ 6884] lifetime[139 weeks], average[148.80]
[Tue Dec  2 12:18:05 2025] >> SAMPLE[ 6885] lifetime[112 weeks], average[148.79]
[Tue Dec  2 12:18:06 2025] >> SAMPLE[ 6886] lifetime[174 weeks], average[148.80]
[Tue Dec  2 12:18:06 2025] >> SAMPLE[ 6887] lifetime[156 weeks], average[148.80]
[Tue Dec  2 12:18:07 2025] >> SAMPLE[ 6888] lifetime[117 weeks], average[148.79]
[Tue Dec  2 12:18:08 2025] >> SAMPLE[ 6889] lifetime[175 weeks], average[148.80]
[Tue Dec  2 12:18:08 2025] >> SAMPLE[ 6890] lifetime[143 weeks], average[148.80]
[Tue Dec  2 12:18:09 2025] >> SAMPLE[ 6891] lifetime[153 weeks], average[148.80]
[Tue Dec  2 12:18:10 2025] >> SAMPLE[ 6892] lifetime[155 weeks], average[148.80]
[Tue Dec  2 12:18:11 2025] >> SAMPLE[ 6893] lifetime[190 weeks], average[148.80]
[Tue Dec  2 12:18:12 2025] >> SAMPLE[ 6894] lifetime[182 weeks], average[148.81]
[Tue Dec  2 12:18:12 2025] >> SAMPLE[ 6895] lifetime[ 99 weeks], average[148.80]
[Tue Dec  2 12:18:13 2025] >> SAMPLE[ 6896] lifetime[161 weeks], average[148.80]
[Tue Dec  2 12:18:14 2025] >> SAMPLE[ 6897] lifetime[148 weeks], average[148.80]
[Tue Dec  2 12:18:14 2025] >> SAMPLE[ 6898] lifetime[146 weeks], average[148.80]
[Tue Dec  2 12:18:15 2025] >> SAMPLE[ 6899] lifetime[137 weeks], average[148.80]
[Tue Dec  2 12:18:18 2025] >> Generating new alpha
[Tue Dec  2 12:18:18 2025] >> SAMPLE[ 6900] lifetime[140 weeks], average[148.80]
[Tue Dec  2 12:18:19 2025] >> SAMPLE[ 6901] lifetime[139 weeks], average[148.80]
[Tue Dec  2 12:18:20 2025] >> SAMPLE[ 6902] lifetime[190 weeks], average[148.81]
[Tue Dec  2 12:18:20 2025] >> SAMPLE[ 6903] lifetime[135 weeks], average[148.80]
[Tue Dec  2 12:18:21 2025] >> SAMPLE[ 6904] lifetime[148 weeks], average[148.80]
[Tue Dec  2 12:18:22 2025] >> SAMPLE[ 6905] lifetime[141 weeks], average[148.80]
[Tue Dec  2 12:18:23 2025] >> SAMPLE[ 6906] lifetime[175 weeks], average[148.81]
[Tue Dec  2 12:18:24 2025] >> SAMPLE[ 6907] lifetime[189 weeks], average[148.81]
[Tue Dec  2 12:18:24 2025] >> SAMPLE[ 6908] lifetime[118 weeks], average[148.81]
[Tue Dec  2 12:18:25 2025] >> SAMPLE[ 6909] lifetime[133 weeks], average[148.80]
[Tue Dec  2 12:18:26 2025] >> SAMPLE[ 6910] lifetime[193 weeks], average[148.81]
[Tue Dec  2 12:18:27 2025] >> SAMPLE[ 6911] lifetime[159 weeks], average[148.81]
[Tue Dec  2 12:18:27 2025] >> SAMPLE[ 6912] lifetime[132 weeks], average[148.81]
[Tue Dec  2 12:18:28 2025] >> SAMPLE[ 6913] lifetime[142 weeks], average[148.81]
[Tue Dec  2 12:18:28 2025] >> SAMPLE[ 6914] lifetime[149 weeks], average[148.81]
[Tue Dec  2 12:18:29 2025] >> SAMPLE[ 6915] lifetime[158 weeks], average[148.81]
[Tue Dec  2 12:18:30 2025] >> SAMPLE[ 6916] lifetime[121 weeks], average[148.81]
[Tue Dec  2 12:18:31 2025] >> SAMPLE[ 6917] lifetime[166 weeks], average[148.81]
[Tue Dec  2 12:18:31 2025] >> SAMPLE[ 6918] lifetime[128 weeks], average[148.81]
[Tue Dec  2 12:18:32 2025] >> SAMPLE[ 6919] lifetime[149 weeks], average[148.81]
[Tue Dec  2 12:18:33 2025] >> SAMPLE[ 6920] lifetime[180 weeks], average[148.81]
[Tue Dec  2 12:18:34 2025] >> SAMPLE[ 6921] lifetime[128 weeks], average[148.81]
[Tue Dec  2 12:18:35 2025] >> SAMPLE[ 6922] lifetime[200 weeks], average[148.82]
[Tue Dec  2 12:18:35 2025] >> SAMPLE[ 6923] lifetime[137 weeks], average[148.81]
[Tue Dec  2 12:18:36 2025] >> SAMPLE[ 6924] lifetime[199 weeks], average[148.82]
[Tue Dec  2 12:18:37 2025] >> SAMPLE[ 6925] lifetime[153 weeks], average[148.82]
[Tue Dec  2 12:18:38 2025] >> SAMPLE[ 6926] lifetime[178 weeks], average[148.83]
[Tue Dec  2 12:18:38 2025] >> SAMPLE[ 6927] lifetime[131 weeks], average[148.82]
[Tue Dec  2 12:18:39 2025] >> SAMPLE[ 6928] lifetime[173 weeks], average[148.83]
[Tue Dec  2 12:18:40 2025] >> SAMPLE[ 6929] lifetime[132 weeks], average[148.82]
[Tue Dec  2 12:18:41 2025] >> SAMPLE[ 6930] lifetime[178 weeks], average[148.83]
[Tue Dec  2 12:18:41 2025] >> SAMPLE[ 6931] lifetime[122 weeks], average[148.82]
[Tue Dec  2 12:18:42 2025] >> SAMPLE[ 6932] lifetime[133 weeks], average[148.82]
[Tue Dec  2 12:18:43 2025] >> SAMPLE[ 6933] lifetime[184 weeks], average[148.83]
[Tue Dec  2 12:18:43 2025] >> SAMPLE[ 6934] lifetime[120 weeks], average[148.82]
[Tue Dec  2 12:18:44 2025] >> SAMPLE[ 6935] lifetime[159 weeks], average[148.82]
[Tue Dec  2 12:18:45 2025] >> SAMPLE[ 6936] lifetime[166 weeks], average[148.83]
[Tue Dec  2 12:18:46 2025] >> SAMPLE[ 6937] lifetime[173 weeks], average[148.83]
[Tue Dec  2 12:18:46 2025] >> SAMPLE[ 6938] lifetime[172 weeks], average[148.83]
[Tue Dec  2 12:18:47 2025] >> SAMPLE[ 6939] lifetime[174 weeks], average[148.84]
[Tue Dec  2 12:18:48 2025] >> SAMPLE[ 6940] lifetime[157 weeks], average[148.84]
[Tue Dec  2 12:18:48 2025] >> SAMPLE[ 6941] lifetime[ 94 weeks], average[148.83]
[Tue Dec  2 12:18:49 2025] >> SAMPLE[ 6942] lifetime[117 weeks], average[148.83]
[Tue Dec  2 12:18:49 2025] >> SAMPLE[ 6943] lifetime[127 weeks], average[148.82]
[Tue Dec  2 12:18:50 2025] >> SAMPLE[ 6944] lifetime[114 weeks], average[148.82]
[Tue Dec  2 12:18:51 2025] >> SAMPLE[ 6945] lifetime[145 weeks], average[148.82]
[Tue Dec  2 12:18:51 2025] >> SAMPLE[ 6946] lifetime[168 weeks], average[148.82]
[Tue Dec  2 12:18:52 2025] >> SAMPLE[ 6947] lifetime[122 weeks], average[148.82]
[Tue Dec  2 12:18:53 2025] >> SAMPLE[ 6948] lifetime[178 weeks], average[148.82]
[Tue Dec  2 12:18:53 2025] >> SAMPLE[ 6949] lifetime[ 94 weeks], average[148.81]
[Tue Dec  2 12:18:54 2025] >> SAMPLE[ 6950] lifetime[141 weeks], average[148.81]
[Tue Dec  2 12:18:54 2025] >> SAMPLE[ 6951] lifetime[128 weeks], average[148.81]
[Tue Dec  2 12:18:55 2025] >> SAMPLE[ 6952] lifetime[173 weeks], average[148.81]
[Tue Dec  2 12:18:56 2025] >> SAMPLE[ 6953] lifetime[182 weeks], average[148.82]
[Tue Dec  2 12:18:57 2025] >> SAMPLE[ 6954] lifetime[155 weeks], average[148.82]
[Tue Dec  2 12:18:58 2025] >> SAMPLE[ 6955] lifetime[144 weeks], average[148.82]
[Tue Dec  2 12:18:58 2025] >> SAMPLE[ 6956] lifetime[172 weeks], average[148.82]
[Tue Dec  2 12:18:59 2025] >> SAMPLE[ 6957] lifetime[170 weeks], average[148.82]
[Tue Dec  2 12:19:00 2025] >> SAMPLE[ 6958] lifetime[186 weeks], average[148.83]
[Tue Dec  2 12:19:01 2025] >> SAMPLE[ 6959] lifetime[138 weeks], average[148.83]
[Tue Dec  2 12:19:02 2025] >> SAMPLE[ 6960] lifetime[165 weeks], average[148.83]
[Tue Dec  2 12:19:02 2025] >> SAMPLE[ 6961] lifetime[127 weeks], average[148.83]
[Tue Dec  2 12:19:03 2025] >> SAMPLE[ 6962] lifetime[193 weeks], average[148.83]
[Tue Dec  2 12:19:04 2025] >> SAMPLE[ 6963] lifetime[140 weeks], average[148.83]
[Tue Dec  2 12:19:04 2025] >> SAMPLE[ 6964] lifetime[147 weeks], average[148.83]
[Tue Dec  2 12:19:05 2025] >> SAMPLE[ 6965] lifetime[164 weeks], average[148.83]
[Tue Dec  2 12:19:06 2025] >> SAMPLE[ 6966] lifetime[155 weeks], average[148.83]
[Tue Dec  2 12:19:06 2025] >> SAMPLE[ 6967] lifetime[128 weeks], average[148.83]
[Tue Dec  2 12:19:07 2025] >> SAMPLE[ 6968] lifetime[165 weeks], average[148.83]
[Tue Dec  2 12:19:08 2025] >> SAMPLE[ 6969] lifetime[140 weeks], average[148.83]
[Tue Dec  2 12:19:08 2025] >> SAMPLE[ 6970] lifetime[141 weeks], average[148.83]
[Tue Dec  2 12:19:09 2025] >> SAMPLE[ 6971] lifetime[136 weeks], average[148.83]
[Tue Dec  2 12:19:10 2025] >> SAMPLE[ 6972] lifetime[122 weeks], average[148.83]
[Tue Dec  2 12:19:10 2025] >> SAMPLE[ 6973] lifetime[148 weeks], average[148.83]
[Tue Dec  2 12:19:11 2025] >> SAMPLE[ 6974] lifetime[133 weeks], average[148.82]
[Tue Dec  2 12:19:12 2025] >> SAMPLE[ 6975] lifetime[171 weeks], average[148.83]
[Tue Dec  2 12:19:12 2025] >> SAMPLE[ 6976] lifetime[145 weeks], average[148.83]
[Tue Dec  2 12:19:13 2025] >> SAMPLE[ 6977] lifetime[186 weeks], average[148.83]
[Tue Dec  2 12:19:14 2025] >> SAMPLE[ 6978] lifetime[177 weeks], average[148.83]
[Tue Dec  2 12:19:15 2025] >> SAMPLE[ 6979] lifetime[130 weeks], average[148.83]
[Tue Dec  2 12:19:15 2025] >> SAMPLE[ 6980] lifetime[127 weeks], average[148.83]
[Tue Dec  2 12:19:16 2025] >> SAMPLE[ 6981] lifetime[154 weeks], average[148.83]
[Tue Dec  2 12:19:16 2025] >> SAMPLE[ 6982] lifetime[113 weeks], average[148.82]
[Tue Dec  2 12:19:17 2025] >> SAMPLE[ 6983] lifetime[185 weeks], average[148.83]
[Tue Dec  2 12:19:18 2025] >> SAMPLE[ 6984] lifetime[150 weeks], average[148.83]
[Tue Dec  2 12:19:19 2025] >> SAMPLE[ 6985] lifetime[201 weeks], average[148.84]
[Tue Dec  2 12:19:20 2025] >> SAMPLE[ 6986] lifetime[143 weeks], average[148.84]
[Tue Dec  2 12:19:20 2025] >> SAMPLE[ 6987] lifetime[153 weeks], average[148.84]
[Tue Dec  2 12:19:21 2025] >> SAMPLE[ 6988] lifetime[173 weeks], average[148.84]
[Tue Dec  2 12:19:22 2025] >> SAMPLE[ 6989] lifetime[201 weeks], average[148.85]
[Tue Dec  2 12:19:23 2025] >> SAMPLE[ 6990] lifetime[140 weeks], average[148.85]
[Tue Dec  2 12:19:23 2025] >> SAMPLE[ 6991] lifetime[128 weeks], average[148.84]
[Tue Dec  2 12:19:24 2025] >> SAMPLE[ 6992] lifetime[130 weeks], average[148.84]
[Tue Dec  2 12:19:25 2025] >> SAMPLE[ 6993] lifetime[181 weeks], average[148.85]
[Tue Dec  2 12:19:25 2025] >> SAMPLE[ 6994] lifetime[106 weeks], average[148.84]
[Tue Dec  2 12:19:26 2025] >> SAMPLE[ 6995] lifetime[105 weeks], average[148.83]
[Tue Dec  2 12:19:27 2025] >> SAMPLE[ 6996] lifetime[199 weeks], average[148.84]
[Tue Dec  2 12:19:27 2025] >> SAMPLE[ 6997] lifetime[107 weeks], average[148.83]
[Tue Dec  2 12:19:28 2025] >> SAMPLE[ 6998] lifetime[177 weeks], average[148.84]
[Tue Dec  2 12:19:29 2025] >> SAMPLE[ 6999] lifetime[199 weeks], average[148.85]
[Tue Dec  2 12:19:32 2025] >> Generating new alpha
[Tue Dec  2 12:19:32 2025] >> SAMPLE[ 7000] lifetime[102 weeks], average[148.84]
[Tue Dec  2 12:19:33 2025] >> SAMPLE[ 7001] lifetime[183 weeks], average[148.84]
[Tue Dec  2 12:19:34 2025] >> SAMPLE[ 7002] lifetime[178 weeks], average[148.85]
[Tue Dec  2 12:19:35 2025] >> SAMPLE[ 7003] lifetime[168 weeks], average[148.85]
[Tue Dec  2 12:19:35 2025] >> SAMPLE[ 7004] lifetime[132 weeks], average[148.85]
[Tue Dec  2 12:19:36 2025] >> SAMPLE[ 7005] lifetime[135 weeks], average[148.85]
[Tue Dec  2 12:19:37 2025] >> SAMPLE[ 7006] lifetime[209 weeks], average[148.86]
[Tue Dec  2 12:19:38 2025] >> SAMPLE[ 7007] lifetime[168 weeks], average[148.86]
[Tue Dec  2 12:19:38 2025] >> SAMPLE[ 7008] lifetime[133 weeks], average[148.86]
[Tue Dec  2 12:19:39 2025] >> SAMPLE[ 7009] lifetime[144 weeks], average[148.85]
[Tue Dec  2 12:19:40 2025] >> SAMPLE[ 7010] lifetime[192 weeks], average[148.86]
[Tue Dec  2 12:19:41 2025] >> SAMPLE[ 7011] lifetime[171 weeks], average[148.86]
[Tue Dec  2 12:19:42 2025] >> SAMPLE[ 7012] lifetime[138 weeks], average[148.86]
[Tue Dec  2 12:19:42 2025] >> SAMPLE[ 7013] lifetime[163 weeks], average[148.86]
[Tue Dec  2 12:19:43 2025] >> SAMPLE[ 7014] lifetime[113 weeks], average[148.86]
[Tue Dec  2 12:19:44 2025] >> SAMPLE[ 7015] lifetime[183 weeks], average[148.86]
[Tue Dec  2 12:19:44 2025] >> SAMPLE[ 7016] lifetime[163 weeks], average[148.87]
[Tue Dec  2 12:19:45 2025] >> SAMPLE[ 7017] lifetime[160 weeks], average[148.87]
[Tue Dec  2 12:19:46 2025] >> SAMPLE[ 7018] lifetime[141 weeks], average[148.87]
[Tue Dec  2 12:19:47 2025] >> SAMPLE[ 7019] lifetime[159 weeks], average[148.87]
[Tue Dec  2 12:19:47 2025] >> SAMPLE[ 7020] lifetime[159 weeks], average[148.87]
[Tue Dec  2 12:19:48 2025] >> SAMPLE[ 7021] lifetime[162 weeks], average[148.87]
[Tue Dec  2 12:19:49 2025] >> SAMPLE[ 7022] lifetime[144 weeks], average[148.87]
[Tue Dec  2 12:19:50 2025] >> SAMPLE[ 7023] lifetime[179 weeks], average[148.88]
[Tue Dec  2 12:19:50 2025] >> SAMPLE[ 7024] lifetime[179 weeks], average[148.88]
[Tue Dec  2 12:19:51 2025] >> SAMPLE[ 7025] lifetime[137 weeks], average[148.88]
[Tue Dec  2 12:19:52 2025] >> SAMPLE[ 7026] lifetime[192 weeks], average[148.88]
[Tue Dec  2 12:19:53 2025] >> SAMPLE[ 7027] lifetime[151 weeks], average[148.88]
[Tue Dec  2 12:19:54 2025] >> SAMPLE[ 7028] lifetime[194 weeks], average[148.89]
[Tue Dec  2 12:19:54 2025] >> SAMPLE[ 7029] lifetime[168 weeks], average[148.89]
[Tue Dec  2 12:19:55 2025] >> SAMPLE[ 7030] lifetime[109 weeks], average[148.89]
[Tue Dec  2 12:19:56 2025] >> SAMPLE[ 7031] lifetime[213 weeks], average[148.90]
[Tue Dec  2 12:19:57 2025] >> SAMPLE[ 7032] lifetime[139 weeks], average[148.90]
[Tue Dec  2 12:19:57 2025] >> SAMPLE[ 7033] lifetime[130 weeks], average[148.89]
[Tue Dec  2 12:19:58 2025] >> SAMPLE[ 7034] lifetime[155 weeks], average[148.89]
[Tue Dec  2 12:19:58 2025] >> SAMPLE[ 7035] lifetime[123 weeks], average[148.89]
[Tue Dec  2 12:19:59 2025] >> SAMPLE[ 7036] lifetime[101 weeks], average[148.88]
[Tue Dec  2 12:19:59 2025] >> SAMPLE[ 7037] lifetime[127 weeks], average[148.88]
[Tue Dec  2 12:20:00 2025] >> SAMPLE[ 7038] lifetime[ 93 weeks], average[148.87]
[Tue Dec  2 12:20:01 2025] >> SAMPLE[ 7039] lifetime[185 weeks], average[148.88]
[Tue Dec  2 12:20:01 2025] >> SAMPLE[ 7040] lifetime[110 weeks], average[148.87]
[Tue Dec  2 12:20:02 2025] >> SAMPLE[ 7041] lifetime[136 weeks], average[148.87]
[Tue Dec  2 12:20:02 2025] >> SAMPLE[ 7042] lifetime[124 weeks], average[148.87]
[Tue Dec  2 12:20:03 2025] >> SAMPLE[ 7043] lifetime[192 weeks], average[148.87]
[Tue Dec  2 12:20:04 2025] >> SAMPLE[ 7044] lifetime[141 weeks], average[148.87]
[Tue Dec  2 12:20:04 2025] >> SAMPLE[ 7045] lifetime[123 weeks], average[148.87]
[Tue Dec  2 12:20:05 2025] >> SAMPLE[ 7046] lifetime[167 weeks], average[148.87]
[Tue Dec  2 12:20:06 2025] >> SAMPLE[ 7047] lifetime[113 weeks], average[148.87]
[Tue Dec  2 12:20:06 2025] >> SAMPLE[ 7048] lifetime[ 98 weeks], average[148.86]
[Tue Dec  2 12:20:07 2025] >> SAMPLE[ 7049] lifetime[189 weeks], average[148.86]
[Tue Dec  2 12:20:08 2025] >> SAMPLE[ 7050] lifetime[152 weeks], average[148.86]
[Tue Dec  2 12:20:09 2025] >> SAMPLE[ 7051] lifetime[192 weeks], average[148.87]
[Tue Dec  2 12:20:10 2025] >> SAMPLE[ 7052] lifetime[179 weeks], average[148.87]
[Tue Dec  2 12:20:11 2025] >> SAMPLE[ 7053] lifetime[208 weeks], average[148.88]
[Tue Dec  2 12:20:11 2025] >> SAMPLE[ 7054] lifetime[163 weeks], average[148.88]
[Tue Dec  2 12:20:12 2025] >> SAMPLE[ 7055] lifetime[157 weeks], average[148.89]
[Tue Dec  2 12:20:13 2025] >> SAMPLE[ 7056] lifetime[163 weeks], average[148.89]
[Tue Dec  2 12:20:14 2025] >> SAMPLE[ 7057] lifetime[154 weeks], average[148.89]
[Tue Dec  2 12:20:14 2025] >> SAMPLE[ 7058] lifetime[167 weeks], average[148.89]
[Tue Dec  2 12:20:15 2025] >> SAMPLE[ 7059] lifetime[150 weeks], average[148.89]
[Tue Dec  2 12:20:16 2025] >> SAMPLE[ 7060] lifetime[150 weeks], average[148.89]
[Tue Dec  2 12:20:16 2025] >> SAMPLE[ 7061] lifetime[142 weeks], average[148.89]
[Tue Dec  2 12:20:17 2025] >> SAMPLE[ 7062] lifetime[162 weeks], average[148.89]
[Tue Dec  2 12:20:18 2025] >> SAMPLE[ 7063] lifetime[201 weeks], average[148.90]
[Tue Dec  2 12:20:19 2025] >> SAMPLE[ 7064] lifetime[153 weeks], average[148.90]
[Tue Dec  2 12:20:20 2025] >> SAMPLE[ 7065] lifetime[125 weeks], average[148.90]
[Tue Dec  2 12:20:20 2025] >> SAMPLE[ 7066] lifetime[103 weeks], average[148.89]
[Tue Dec  2 12:20:21 2025] >> SAMPLE[ 7067] lifetime[132 weeks], average[148.89]
[Tue Dec  2 12:20:21 2025] >> SAMPLE[ 7068] lifetime[125 weeks], average[148.88]
[Tue Dec  2 12:20:22 2025] >> SAMPLE[ 7069] lifetime[146 weeks], average[148.88]
[Tue Dec  2 12:20:23 2025] >> SAMPLE[ 7070] lifetime[215 weeks], average[148.89]
[Tue Dec  2 12:20:24 2025] >> SAMPLE[ 7071] lifetime[169 weeks], average[148.90]
[Tue Dec  2 12:20:24 2025] >> SAMPLE[ 7072] lifetime[155 weeks], average[148.90]
[Tue Dec  2 12:20:25 2025] >> SAMPLE[ 7073] lifetime[158 weeks], average[148.90]
[Tue Dec  2 12:20:26 2025] >> SAMPLE[ 7074] lifetime[154 weeks], average[148.90]
[Tue Dec  2 12:20:27 2025] >> SAMPLE[ 7075] lifetime[146 weeks], average[148.90]
[Tue Dec  2 12:20:27 2025] >> SAMPLE[ 7076] lifetime[192 weeks], average[148.91]
[Tue Dec  2 12:20:28 2025] >> SAMPLE[ 7077] lifetime[131 weeks], average[148.90]
[Tue Dec  2 12:20:29 2025] >> SAMPLE[ 7078] lifetime[102 weeks], average[148.90]
[Tue Dec  2 12:20:29 2025] >> SAMPLE[ 7079] lifetime[159 weeks], average[148.90]
[Tue Dec  2 12:20:30 2025] >> SAMPLE[ 7080] lifetime[141 weeks], average[148.90]
[Tue Dec  2 12:20:31 2025] >> SAMPLE[ 7081] lifetime[146 weeks], average[148.90]
[Tue Dec  2 12:20:31 2025] >> SAMPLE[ 7082] lifetime[ 97 weeks], average[148.89]
[Tue Dec  2 12:20:32 2025] >> SAMPLE[ 7083] lifetime[137 weeks], average[148.89]
[Tue Dec  2 12:20:32 2025] >> SAMPLE[ 7084] lifetime[144 weeks], average[148.89]
[Tue Dec  2 12:20:33 2025] >> SAMPLE[ 7085] lifetime[187 weeks], average[148.89]
[Tue Dec  2 12:20:34 2025] >> SAMPLE[ 7086] lifetime[216 weeks], average[148.90]
[Tue Dec  2 12:20:35 2025] >> SAMPLE[ 7087] lifetime[127 weeks], average[148.90]
[Tue Dec  2 12:20:35 2025] >> SAMPLE[ 7088] lifetime[ 90 weeks], average[148.89]
[Tue Dec  2 12:20:36 2025] >> SAMPLE[ 7089] lifetime[ 99 weeks], average[148.88]
[Tue Dec  2 12:20:36 2025] >> SAMPLE[ 7090] lifetime[125 weeks], average[148.88]
[Tue Dec  2 12:20:37 2025] >> SAMPLE[ 7091] lifetime[122 weeks], average[148.88]
[Tue Dec  2 12:20:37 2025] >> SAMPLE[ 7092] lifetime[110 weeks], average[148.87]
[Tue Dec  2 12:20:38 2025] >> SAMPLE[ 7093] lifetime[183 weeks], average[148.87]
[Tue Dec  2 12:20:39 2025] >> SAMPLE[ 7094] lifetime[157 weeks], average[148.88]
[Tue Dec  2 12:20:40 2025] >> SAMPLE[ 7095] lifetime[134 weeks], average[148.87]
[Tue Dec  2 12:20:41 2025] >> SAMPLE[ 7096] lifetime[199 weeks], average[148.88]
[Tue Dec  2 12:20:41 2025] >> SAMPLE[ 7097] lifetime[145 weeks], average[148.88]
[Tue Dec  2 12:20:42 2025] >> SAMPLE[ 7098] lifetime[160 weeks], average[148.88]
[Tue Dec  2 12:20:43 2025] >> SAMPLE[ 7099] lifetime[161 weeks], average[148.88]
[Tue Dec  2 12:20:45 2025] >> Generating new alpha
[Tue Dec  2 12:20:46 2025] >> SAMPLE[ 7100] lifetime[156 weeks], average[148.88]
[Tue Dec  2 12:20:47 2025] >> SAMPLE[ 7101] lifetime[102 weeks], average[148.88]
[Tue Dec  2 12:20:47 2025] >> SAMPLE[ 7102] lifetime[172 weeks], average[148.88]
[Tue Dec  2 12:20:48 2025] >> SAMPLE[ 7103] lifetime[113 weeks], average[148.88]
[Tue Dec  2 12:20:49 2025] >> SAMPLE[ 7104] lifetime[193 weeks], average[148.88]
[Tue Dec  2 12:20:49 2025] >> SAMPLE[ 7105] lifetime[119 weeks], average[148.88]
[Tue Dec  2 12:20:50 2025] >> SAMPLE[ 7106] lifetime[193 weeks], average[148.88]
[Tue Dec  2 12:20:51 2025] >> SAMPLE[ 7107] lifetime[181 weeks], average[148.89]
[Tue Dec  2 12:20:52 2025] >> SAMPLE[ 7108] lifetime[172 weeks], average[148.89]
[Tue Dec  2 12:20:53 2025] >> SAMPLE[ 7109] lifetime[184 weeks], average[148.90]
[Tue Dec  2 12:20:54 2025] >> SAMPLE[ 7110] lifetime[142 weeks], average[148.90]
[Tue Dec  2 12:20:54 2025] >> SAMPLE[ 7111] lifetime[169 weeks], average[148.90]
[Tue Dec  2 12:20:55 2025] >> SAMPLE[ 7112] lifetime[156 weeks], average[148.90]
[Tue Dec  2 12:20:56 2025] >> SAMPLE[ 7113] lifetime[118 weeks], average[148.90]
[Tue Dec  2 12:20:56 2025] >> SAMPLE[ 7114] lifetime[141 weeks], average[148.89]
[Tue Dec  2 12:20:57 2025] >> SAMPLE[ 7115] lifetime[166 weeks], average[148.90]
[Tue Dec  2 12:20:58 2025] >> SAMPLE[ 7116] lifetime[159 weeks], average[148.90]
[Tue Dec  2 12:20:59 2025] >> SAMPLE[ 7117] lifetime[154 weeks], average[148.90]
[Tue Dec  2 12:20:59 2025] >> SAMPLE[ 7118] lifetime[158 weeks], average[148.90]
[Tue Dec  2 12:21:00 2025] >> SAMPLE[ 7119] lifetime[ 75 weeks], average[148.89]
[Tue Dec  2 12:21:00 2025] >> SAMPLE[ 7120] lifetime[138 weeks], average[148.89]
[Tue Dec  2 12:21:01 2025] >> SAMPLE[ 7121] lifetime[167 weeks], average[148.89]
[Tue Dec  2 12:21:02 2025] >> SAMPLE[ 7122] lifetime[159 weeks], average[148.89]
[Tue Dec  2 12:21:03 2025] >> SAMPLE[ 7123] lifetime[156 weeks], average[148.89]
[Tue Dec  2 12:21:03 2025] >> SAMPLE[ 7124] lifetime[156 weeks], average[148.89]
[Tue Dec  2 12:21:04 2025] >> SAMPLE[ 7125] lifetime[136 weeks], average[148.89]
[Tue Dec  2 12:21:05 2025] >> SAMPLE[ 7126] lifetime[166 weeks], average[148.90]
[Tue Dec  2 12:21:06 2025] >> SAMPLE[ 7127] lifetime[197 weeks], average[148.90]
[Tue Dec  2 12:21:06 2025] >> SAMPLE[ 7128] lifetime[123 weeks], average[148.90]
[Tue Dec  2 12:21:07 2025] >> SAMPLE[ 7129] lifetime[112 weeks], average[148.89]
[Tue Dec  2 12:21:08 2025] >> SAMPLE[ 7130] lifetime[126 weeks], average[148.89]
[Tue Dec  2 12:21:08 2025] >> SAMPLE[ 7131] lifetime[161 weeks], average[148.89]
[Tue Dec  2 12:21:09 2025] >> SAMPLE[ 7132] lifetime[131 weeks], average[148.89]
[Tue Dec  2 12:21:10 2025] >> SAMPLE[ 7133] lifetime[150 weeks], average[148.89]
[Tue Dec  2 12:21:11 2025] >> SAMPLE[ 7134] lifetime[195 weeks], average[148.90]
[Tue Dec  2 12:21:11 2025] >> SAMPLE[ 7135] lifetime[135 weeks], average[148.89]
[Tue Dec  2 12:21:12 2025] >> SAMPLE[ 7136] lifetime[154 weeks], average[148.89]
[Tue Dec  2 12:21:12 2025] >> SAMPLE[ 7137] lifetime[123 weeks], average[148.89]
[Tue Dec  2 12:21:13 2025] >> SAMPLE[ 7138] lifetime[162 weeks], average[148.89]
[Tue Dec  2 12:21:14 2025] >> SAMPLE[ 7139] lifetime[114 weeks], average[148.89]
[Tue Dec  2 12:21:14 2025] >> SAMPLE[ 7140] lifetime[158 weeks], average[148.89]
[Tue Dec  2 12:21:15 2025] >> SAMPLE[ 7141] lifetime[129 weeks], average[148.89]
[Tue Dec  2 12:21:16 2025] >> SAMPLE[ 7142] lifetime[190 weeks], average[148.89]
[Tue Dec  2 12:21:17 2025] >> SAMPLE[ 7143] lifetime[188 weeks], average[148.90]
[Tue Dec  2 12:21:18 2025] >> SAMPLE[ 7144] lifetime[139 weeks], average[148.90]
[Tue Dec  2 12:21:18 2025] >> SAMPLE[ 7145] lifetime[179 weeks], average[148.90]
[Tue Dec  2 12:21:19 2025] >> SAMPLE[ 7146] lifetime[160 weeks], average[148.90]
[Tue Dec  2 12:21:20 2025] >> SAMPLE[ 7147] lifetime[118 weeks], average[148.90]
[Tue Dec  2 12:21:20 2025] >> SAMPLE[ 7148] lifetime[141 weeks], average[148.90]
[Tue Dec  2 12:21:21 2025] >> SAMPLE[ 7149] lifetime[134 weeks], average[148.89]
[Tue Dec  2 12:21:22 2025] >> SAMPLE[ 7150] lifetime[135 weeks], average[148.89]
[Tue Dec  2 12:21:22 2025] >> SAMPLE[ 7151] lifetime[126 weeks], average[148.89]
[Tue Dec  2 12:21:23 2025] >> SAMPLE[ 7152] lifetime[148 weeks], average[148.89]
[Tue Dec  2 12:21:24 2025] >> SAMPLE[ 7153] lifetime[154 weeks], average[148.89]
[Tue Dec  2 12:21:24 2025] >> SAMPLE[ 7154] lifetime[161 weeks], average[148.89]
[Tue Dec  2 12:21:25 2025] >> SAMPLE[ 7155] lifetime[136 weeks], average[148.89]
[Tue Dec  2 12:21:26 2025] >> SAMPLE[ 7156] lifetime[175 weeks], average[148.89]
[Tue Dec  2 12:21:27 2025] >> SAMPLE[ 7157] lifetime[152 weeks], average[148.89]
[Tue Dec  2 12:21:27 2025] >> SAMPLE[ 7158] lifetime[128 weeks], average[148.89]
[Tue Dec  2 12:21:28 2025] >> SAMPLE[ 7159] lifetime[212 weeks], average[148.90]
[Tue Dec  2 12:21:29 2025] >> SAMPLE[ 7160] lifetime[144 weeks], average[148.90]
[Tue Dec  2 12:21:29 2025] >> SAMPLE[ 7161] lifetime[ 86 weeks], average[148.89]
[Tue Dec  2 12:21:30 2025] >> SAMPLE[ 7162] lifetime[115 weeks], average[148.89]
[Tue Dec  2 12:21:30 2025] >> SAMPLE[ 7163] lifetime[129 weeks], average[148.88]
[Tue Dec  2 12:21:31 2025] >> SAMPLE[ 7164] lifetime[118 weeks], average[148.88]
[Tue Dec  2 12:21:31 2025] >> SAMPLE[ 7165] lifetime[135 weeks], average[148.88]
[Tue Dec  2 12:21:32 2025] >> SAMPLE[ 7166] lifetime[142 weeks], average[148.88]
[Tue Dec  2 12:21:33 2025] >> SAMPLE[ 7167] lifetime[159 weeks], average[148.88]
[Tue Dec  2 12:21:34 2025] >> SAMPLE[ 7168] lifetime[215 weeks], average[148.89]
[Tue Dec  2 12:21:34 2025] >> SAMPLE[ 7169] lifetime[ 90 weeks], average[148.88]
[Tue Dec  2 12:21:35 2025] >> SAMPLE[ 7170] lifetime[185 weeks], average[148.88]
[Tue Dec  2 12:21:36 2025] >> SAMPLE[ 7171] lifetime[109 weeks], average[148.88]
[Tue Dec  2 12:21:37 2025] >> SAMPLE[ 7172] lifetime[182 weeks], average[148.88]
[Tue Dec  2 12:21:37 2025] >> SAMPLE[ 7173] lifetime[118 weeks], average[148.88]
[Tue Dec  2 12:21:38 2025] >> SAMPLE[ 7174] lifetime[137 weeks], average[148.88]
[Tue Dec  2 12:21:38 2025] >> SAMPLE[ 7175] lifetime[148 weeks], average[148.88]
[Tue Dec  2 12:21:39 2025] >> SAMPLE[ 7176] lifetime[148 weeks], average[148.88]
[Tue Dec  2 12:21:40 2025] >> SAMPLE[ 7177] lifetime[172 weeks], average[148.88]
[Tue Dec  2 12:21:41 2025] >> SAMPLE[ 7178] lifetime[182 weeks], average[148.88]
[Tue Dec  2 12:21:41 2025] >> SAMPLE[ 7179] lifetime[135 weeks], average[148.88]
[Tue Dec  2 12:21:42 2025] >> SAMPLE[ 7180] lifetime[130 weeks], average[148.88]
[Tue Dec  2 12:21:43 2025] >> SAMPLE[ 7181] lifetime[125 weeks], average[148.88]
[Tue Dec  2 12:21:43 2025] >> SAMPLE[ 7182] lifetime[137 weeks], average[148.87]
[Tue Dec  2 12:21:44 2025] >> SAMPLE[ 7183] lifetime[126 weeks], average[148.87]
[Tue Dec  2 12:21:44 2025] >> SAMPLE[ 7184] lifetime[161 weeks], average[148.87]
[Tue Dec  2 12:21:45 2025] >> SAMPLE[ 7185] lifetime[138 weeks], average[148.87]
[Tue Dec  2 12:21:45 2025] >> SAMPLE[ 7186] lifetime[ 92 weeks], average[148.86]
[Tue Dec  2 12:21:46 2025] >> SAMPLE[ 7187] lifetime[159 weeks], average[148.86]
[Tue Dec  2 12:21:47 2025] >> SAMPLE[ 7188] lifetime[162 weeks], average[148.87]
[Tue Dec  2 12:21:48 2025] >> SAMPLE[ 7189] lifetime[159 weeks], average[148.87]
[Tue Dec  2 12:21:48 2025] >> SAMPLE[ 7190] lifetime[140 weeks], average[148.87]
[Tue Dec  2 12:21:49 2025] >> SAMPLE[ 7191] lifetime[137 weeks], average[148.86]
[Tue Dec  2 12:21:50 2025] >> SAMPLE[ 7192] lifetime[151 weeks], average[148.87]
[Tue Dec  2 12:21:50 2025] >> SAMPLE[ 7193] lifetime[132 weeks], average[148.86]
[Tue Dec  2 12:21:51 2025] >> SAMPLE[ 7194] lifetime[132 weeks], average[148.86]
[Tue Dec  2 12:21:52 2025] >> SAMPLE[ 7195] lifetime[191 weeks], average[148.87]
[Tue Dec  2 12:21:52 2025] >> SAMPLE[ 7196] lifetime[143 weeks], average[148.87]
[Tue Dec  2 12:21:53 2025] >> SAMPLE[ 7197] lifetime[137 weeks], average[148.86]
[Tue Dec  2 12:21:54 2025] >> SAMPLE[ 7198] lifetime[192 weeks], average[148.87]
[Tue Dec  2 12:21:55 2025] >> SAMPLE[ 7199] lifetime[153 weeks], average[148.87]
[Tue Dec  2 12:21:57 2025] >> Generating new alpha
[Tue Dec  2 12:21:58 2025] >> SAMPLE[ 7200] lifetime[158 weeks], average[148.87]
[Tue Dec  2 12:21:59 2025] >> SAMPLE[ 7201] lifetime[187 weeks], average[148.88]
[Tue Dec  2 12:21:59 2025] >> SAMPLE[ 7202] lifetime[134 weeks], average[148.87]
[Tue Dec  2 12:22:00 2025] >> SAMPLE[ 7203] lifetime[153 weeks], average[148.88]
[Tue Dec  2 12:22:01 2025] >> SAMPLE[ 7204] lifetime[155 weeks], average[148.88]
[Tue Dec  2 12:22:02 2025] >> SAMPLE[ 7205] lifetime[189 weeks], average[148.88]
[Tue Dec  2 12:22:03 2025] >> SAMPLE[ 7206] lifetime[166 weeks], average[148.88]
[Tue Dec  2 12:22:03 2025] >> SAMPLE[ 7207] lifetime[149 weeks], average[148.88]
[Tue Dec  2 12:22:04 2025] >> SAMPLE[ 7208] lifetime[ 97 weeks], average[148.88]
[Tue Dec  2 12:22:05 2025] >> SAMPLE[ 7209] lifetime[195 weeks], average[148.88]
[Tue Dec  2 12:22:06 2025] >> SAMPLE[ 7210] lifetime[172 weeks], average[148.89]
[Tue Dec  2 12:22:07 2025] >> SAMPLE[ 7211] lifetime[203 weeks], average[148.89]
[Tue Dec  2 12:22:07 2025] >> SAMPLE[ 7212] lifetime[190 weeks], average[148.90]
[Tue Dec  2 12:22:08 2025] >> SAMPLE[ 7213] lifetime[125 weeks], average[148.90]
[Tue Dec  2 12:22:09 2025] >> SAMPLE[ 7214] lifetime[144 weeks], average[148.90]
[Tue Dec  2 12:22:09 2025] >> SAMPLE[ 7215] lifetime[139 weeks], average[148.89]
[Tue Dec  2 12:22:10 2025] >> SAMPLE[ 7216] lifetime[139 weeks], average[148.89]
[Tue Dec  2 12:22:11 2025] >> SAMPLE[ 7217] lifetime[171 weeks], average[148.90]
[Tue Dec  2 12:22:11 2025] >> SAMPLE[ 7218] lifetime[130 weeks], average[148.89]
[Tue Dec  2 12:22:12 2025] >> SAMPLE[ 7219] lifetime[113 weeks], average[148.89]
[Tue Dec  2 12:22:13 2025] >> SAMPLE[ 7220] lifetime[167 weeks], average[148.89]
[Tue Dec  2 12:22:13 2025] >> SAMPLE[ 7221] lifetime[ 99 weeks], average[148.88]
[Tue Dec  2 12:22:14 2025] >> SAMPLE[ 7222] lifetime[108 weeks], average[148.88]
[Tue Dec  2 12:22:14 2025] >> SAMPLE[ 7223] lifetime[141 weeks], average[148.88]
[Tue Dec  2 12:22:15 2025] >> SAMPLE[ 7224] lifetime[129 weeks], average[148.87]
[Tue Dec  2 12:22:16 2025] >> SAMPLE[ 7225] lifetime[160 weeks], average[148.88]
[Tue Dec  2 12:22:16 2025] >> SAMPLE[ 7226] lifetime[123 weeks], average[148.87]
[Tue Dec  2 12:22:17 2025] >> SAMPLE[ 7227] lifetime[156 weeks], average[148.87]
[Tue Dec  2 12:22:18 2025] >> SAMPLE[ 7228] lifetime[154 weeks], average[148.87]
[Tue Dec  2 12:22:18 2025] >> SAMPLE[ 7229] lifetime[175 weeks], average[148.88]
[Tue Dec  2 12:22:19 2025] >> SAMPLE[ 7230] lifetime[189 weeks], average[148.88]
[Tue Dec  2 12:22:20 2025] >> SAMPLE[ 7231] lifetime[ 79 weeks], average[148.87]
[Tue Dec  2 12:22:20 2025] >> SAMPLE[ 7232] lifetime[158 weeks], average[148.88]
[Tue Dec  2 12:22:21 2025] >> SAMPLE[ 7233] lifetime[198 weeks], average[148.88]
[Tue Dec  2 12:22:22 2025] >> SAMPLE[ 7234] lifetime[136 weeks], average[148.88]
[Tue Dec  2 12:22:23 2025] >> SAMPLE[ 7235] lifetime[173 weeks], average[148.88]
[Tue Dec  2 12:22:23 2025] >> SAMPLE[ 7236] lifetime[102 weeks], average[148.88]
[Tue Dec  2 12:22:24 2025] >> SAMPLE[ 7237] lifetime[219 weeks], average[148.89]
[Tue Dec  2 12:22:25 2025] >> SAMPLE[ 7238] lifetime[191 weeks], average[148.89]
[Tue Dec  2 12:22:26 2025] >> SAMPLE[ 7239] lifetime[163 weeks], average[148.89]
[Tue Dec  2 12:22:27 2025] >> SAMPLE[ 7240] lifetime[168 weeks], average[148.90]
[Tue Dec  2 12:22:28 2025] >> SAMPLE[ 7241] lifetime[150 weeks], average[148.90]
[Tue Dec  2 12:22:28 2025] >> SAMPLE[ 7242] lifetime[170 weeks], average[148.90]
[Tue Dec  2 12:22:29 2025] >> SAMPLE[ 7243] lifetime[158 weeks], average[148.90]
[Tue Dec  2 12:22:30 2025] >> SAMPLE[ 7244] lifetime[113 weeks], average[148.90]
[Tue Dec  2 12:22:30 2025] >> SAMPLE[ 7245] lifetime[173 weeks], average[148.90]
[Tue Dec  2 12:22:31 2025] >> SAMPLE[ 7246] lifetime[ 92 weeks], average[148.89]
[Tue Dec  2 12:22:32 2025] >> SAMPLE[ 7247] lifetime[153 weeks], average[148.89]
[Tue Dec  2 12:22:32 2025] >> SAMPLE[ 7248] lifetime[165 weeks], average[148.89]
[Tue Dec  2 12:22:33 2025] >> SAMPLE[ 7249] lifetime[151 weeks], average[148.90]
[Tue Dec  2 12:22:34 2025] >> SAMPLE[ 7250] lifetime[173 weeks], average[148.90]
[Tue Dec  2 12:22:34 2025] >> SAMPLE[ 7251] lifetime[124 weeks], average[148.89]
[Tue Dec  2 12:22:35 2025] >> SAMPLE[ 7252] lifetime[158 weeks], average[148.90]
[Tue Dec  2 12:22:36 2025] >> SAMPLE[ 7253] lifetime[143 weeks], average[148.90]
[Tue Dec  2 12:22:37 2025] >> SAMPLE[ 7254] lifetime[186 weeks], average[148.90]
[Tue Dec  2 12:22:37 2025] >> SAMPLE[ 7255] lifetime[131 weeks], average[148.90]
[Tue Dec  2 12:22:38 2025] >> SAMPLE[ 7256] lifetime[166 weeks], average[148.90]
[Tue Dec  2 12:22:38 2025] >> SAMPLE[ 7257] lifetime[ 97 weeks], average[148.89]
[Tue Dec  2 12:22:39 2025] >> SAMPLE[ 7258] lifetime[140 weeks], average[148.89]
[Tue Dec  2 12:22:40 2025] >> SAMPLE[ 7259] lifetime[117 weeks], average[148.89]
[Tue Dec  2 12:22:40 2025] >> SAMPLE[ 7260] lifetime[134 weeks], average[148.89]
[Tue Dec  2 12:22:41 2025] >> SAMPLE[ 7261] lifetime[154 weeks], average[148.89]
[Tue Dec  2 12:22:42 2025] >> SAMPLE[ 7262] lifetime[167 weeks], average[148.89]
[Tue Dec  2 12:22:43 2025] >> SAMPLE[ 7263] lifetime[133 weeks], average[148.89]
[Tue Dec  2 12:22:44 2025] >> SAMPLE[ 7264] lifetime[195 weeks], average[148.89]
[Tue Dec  2 12:22:44 2025] >> SAMPLE[ 7265] lifetime[143 weeks], average[148.89]
[Tue Dec  2 12:22:45 2025] >> SAMPLE[ 7266] lifetime[174 weeks], average[148.90]
[Tue Dec  2 12:22:46 2025] >> SAMPLE[ 7267] lifetime[159 weeks], average[148.90]
[Tue Dec  2 12:22:47 2025] >> SAMPLE[ 7268] lifetime[129 weeks], average[148.89]
[Tue Dec  2 12:22:47 2025] >> SAMPLE[ 7269] lifetime[165 weeks], average[148.90]
[Tue Dec  2 12:22:48 2025] >> SAMPLE[ 7270] lifetime[206 weeks], average[148.90]
[Tue Dec  2 12:22:49 2025] >> SAMPLE[ 7271] lifetime[163 weeks], average[148.91]
[Tue Dec  2 12:22:50 2025] >> SAMPLE[ 7272] lifetime[167 weeks], average[148.91]
[Tue Dec  2 12:22:51 2025] >> SAMPLE[ 7273] lifetime[156 weeks], average[148.91]
[Tue Dec  2 12:22:51 2025] >> SAMPLE[ 7274] lifetime[106 weeks], average[148.90]
[Tue Dec  2 12:22:52 2025] >> SAMPLE[ 7275] lifetime[169 weeks], average[148.91]
[Tue Dec  2 12:22:53 2025] >> SAMPLE[ 7276] lifetime[148 weeks], average[148.91]
[Tue Dec  2 12:22:54 2025] >> SAMPLE[ 7277] lifetime[178 weeks], average[148.91]
[Tue Dec  2 12:22:54 2025] >> SAMPLE[ 7278] lifetime[151 weeks], average[148.91]
[Tue Dec  2 12:22:55 2025] >> SAMPLE[ 7279] lifetime[141 weeks], average[148.91]
[Tue Dec  2 12:22:56 2025] >> SAMPLE[ 7280] lifetime[147 weeks], average[148.91]
[Tue Dec  2 12:22:56 2025] >> SAMPLE[ 7281] lifetime[120 weeks], average[148.91]
[Tue Dec  2 12:22:57 2025] >> SAMPLE[ 7282] lifetime[133 weeks], average[148.90]
[Tue Dec  2 12:22:57 2025] >> SAMPLE[ 7283] lifetime[163 weeks], average[148.91]
[Tue Dec  2 12:22:58 2025] >> SAMPLE[ 7284] lifetime[190 weeks], average[148.91]
[Tue Dec  2 12:22:59 2025] >> SAMPLE[ 7285] lifetime[111 weeks], average[148.91]
[Tue Dec  2 12:23:00 2025] >> SAMPLE[ 7286] lifetime[154 weeks], average[148.91]
[Tue Dec  2 12:23:01 2025] >> SAMPLE[ 7287] lifetime[184 weeks], average[148.91]
[Tue Dec  2 12:23:01 2025] >> SAMPLE[ 7288] lifetime[135 weeks], average[148.91]
[Tue Dec  2 12:23:02 2025] >> SAMPLE[ 7289] lifetime[137 weeks], average[148.91]
[Tue Dec  2 12:23:02 2025] >> SAMPLE[ 7290] lifetime[152 weeks], average[148.91]
[Tue Dec  2 12:23:03 2025] >> SAMPLE[ 7291] lifetime[142 weeks], average[148.91]
[Tue Dec  2 12:23:04 2025] >> SAMPLE[ 7292] lifetime[107 weeks], average[148.90]
[Tue Dec  2 12:23:04 2025] >> SAMPLE[ 7293] lifetime[181 weeks], average[148.91]
[Tue Dec  2 12:23:05 2025] >> SAMPLE[ 7294] lifetime[138 weeks], average[148.90]
[Tue Dec  2 12:23:06 2025] >> SAMPLE[ 7295] lifetime[104 weeks], average[148.90]
[Tue Dec  2 12:23:07 2025] >> SAMPLE[ 7296] lifetime[190 weeks], average[148.90]
[Tue Dec  2 12:23:07 2025] >> SAMPLE[ 7297] lifetime[159 weeks], average[148.91]
[Tue Dec  2 12:23:08 2025] >> SAMPLE[ 7298] lifetime[129 weeks], average[148.90]
[Tue Dec  2 12:23:09 2025] >> SAMPLE[ 7299] lifetime[131 weeks], average[148.90]
[Tue Dec  2 12:23:11 2025] >> Generating new alpha
[Tue Dec  2 12:23:12 2025] >> SAMPLE[ 7300] lifetime[204 weeks], average[148.91]
[Tue Dec  2 12:23:13 2025] >> SAMPLE[ 7301] lifetime[153 weeks], average[148.91]
[Tue Dec  2 12:23:13 2025] >> SAMPLE[ 7302] lifetime[120 weeks], average[148.90]
[Tue Dec  2 12:23:14 2025] >> SAMPLE[ 7303] lifetime[137 weeks], average[148.90]
[Tue Dec  2 12:23:15 2025] >> SAMPLE[ 7304] lifetime[182 weeks], average[148.91]
[Tue Dec  2 12:23:15 2025] >> SAMPLE[ 7305] lifetime[127 weeks], average[148.90]
[Tue Dec  2 12:23:16 2025] >> SAMPLE[ 7306] lifetime[167 weeks], average[148.91]
[Tue Dec  2 12:23:17 2025] >> SAMPLE[ 7307] lifetime[128 weeks], average[148.90]
[Tue Dec  2 12:23:18 2025] >> SAMPLE[ 7308] lifetime[174 weeks], average[148.91]
[Tue Dec  2 12:23:18 2025] >> SAMPLE[ 7309] lifetime[131 weeks], average[148.90]
[Tue Dec  2 12:23:19 2025] >> SAMPLE[ 7310] lifetime[132 weeks], average[148.90]
[Tue Dec  2 12:23:20 2025] >> SAMPLE[ 7311] lifetime[199 weeks], average[148.91]
[Tue Dec  2 12:23:21 2025] >> SAMPLE[ 7312] lifetime[143 weeks], average[148.91]
[Tue Dec  2 12:23:21 2025] >> SAMPLE[ 7313] lifetime[135 weeks], average[148.91]
[Tue Dec  2 12:23:22 2025] >> SAMPLE[ 7314] lifetime[126 weeks], average[148.90]
[Tue Dec  2 12:23:23 2025] >> SAMPLE[ 7315] lifetime[181 weeks], average[148.91]
[Tue Dec  2 12:23:23 2025] >> SAMPLE[ 7316] lifetime[134 weeks], average[148.91]
[Tue Dec  2 12:23:24 2025] >> SAMPLE[ 7317] lifetime[149 weeks], average[148.91]
[Tue Dec  2 12:23:24 2025] >> SAMPLE[ 7318] lifetime[118 weeks], average[148.90]
[Tue Dec  2 12:23:25 2025] >> SAMPLE[ 7319] lifetime[157 weeks], average[148.90]
[Tue Dec  2 12:23:26 2025] >> SAMPLE[ 7320] lifetime[169 weeks], average[148.91]
[Tue Dec  2 12:23:27 2025] >> SAMPLE[ 7321] lifetime[124 weeks], average[148.90]
[Tue Dec  2 12:23:28 2025] >> SAMPLE[ 7322] lifetime[206 weeks], average[148.91]
[Tue Dec  2 12:23:29 2025] >> SAMPLE[ 7323] lifetime[184 weeks], average[148.91]
[Tue Dec  2 12:23:29 2025] >> SAMPLE[ 7324] lifetime[184 weeks], average[148.92]
[Tue Dec  2 12:23:30 2025] >> SAMPLE[ 7325] lifetime[139 weeks], average[148.92]
[Tue Dec  2 12:23:31 2025] >> SAMPLE[ 7326] lifetime[170 weeks], average[148.92]
[Tue Dec  2 12:23:32 2025] >> SAMPLE[ 7327] lifetime[129 weeks], average[148.92]
[Tue Dec  2 12:23:32 2025] >> SAMPLE[ 7328] lifetime[165 weeks], average[148.92]
[Tue Dec  2 12:23:33 2025] >> SAMPLE[ 7329] lifetime[171 weeks], average[148.92]
[Tue Dec  2 12:23:34 2025] >> SAMPLE[ 7330] lifetime[182 weeks], average[148.93]
[Tue Dec  2 12:23:35 2025] >> SAMPLE[ 7331] lifetime[121 weeks], average[148.92]
[Tue Dec  2 12:23:35 2025] >> SAMPLE[ 7332] lifetime[158 weeks], average[148.93]
[Tue Dec  2 12:23:36 2025] >> SAMPLE[ 7333] lifetime[129 weeks], average[148.92]
[Tue Dec  2 12:23:37 2025] >> SAMPLE[ 7334] lifetime[119 weeks], average[148.92]
[Tue Dec  2 12:23:38 2025] >> SAMPLE[ 7335] lifetime[197 weeks], average[148.92]
[Tue Dec  2 12:23:38 2025] >> SAMPLE[ 7336] lifetime[145 weeks], average[148.92]
[Tue Dec  2 12:23:39 2025] >> SAMPLE[ 7337] lifetime[171 weeks], average[148.93]
[Tue Dec  2 12:23:40 2025] >> SAMPLE[ 7338] lifetime[116 weeks], average[148.92]
[Tue Dec  2 12:23:40 2025] >> SAMPLE[ 7339] lifetime[141 weeks], average[148.92]
[Tue Dec  2 12:23:41 2025] >> SAMPLE[ 7340] lifetime[109 weeks], average[148.92]
[Tue Dec  2 12:23:42 2025] >> SAMPLE[ 7341] lifetime[168 weeks], average[148.92]
[Tue Dec  2 12:23:42 2025] >> SAMPLE[ 7342] lifetime[102 weeks], average[148.91]
[Tue Dec  2 12:23:43 2025] >> SAMPLE[ 7343] lifetime[153 weeks], average[148.91]
[Tue Dec  2 12:23:44 2025] >> SAMPLE[ 7344] lifetime[167 weeks], average[148.92]
[Tue Dec  2 12:23:44 2025] >> SAMPLE[ 7345] lifetime[136 weeks], average[148.91]
[Tue Dec  2 12:23:45 2025] >> SAMPLE[ 7346] lifetime[120 weeks], average[148.91]
[Tue Dec  2 12:23:45 2025] >> SAMPLE[ 7347] lifetime[147 weeks], average[148.91]
[Tue Dec  2 12:23:46 2025] >> SAMPLE[ 7348] lifetime[192 weeks], average[148.92]
[Tue Dec  2 12:23:47 2025] >> SAMPLE[ 7349] lifetime[190 weeks], average[148.92]
[Tue Dec  2 12:23:48 2025] >> SAMPLE[ 7350] lifetime[110 weeks], average[148.92]
[Tue Dec  2 12:23:49 2025] >> SAMPLE[ 7351] lifetime[182 weeks], average[148.92]
[Tue Dec  2 12:23:49 2025] >> SAMPLE[ 7352] lifetime[148 weeks], average[148.92]
[Tue Dec  2 12:23:50 2025] >> SAMPLE[ 7353] lifetime[191 weeks], average[148.93]
[Tue Dec  2 12:23:51 2025] >> SAMPLE[ 7354] lifetime[158 weeks], average[148.93]
[Tue Dec  2 12:23:52 2025] >> SAMPLE[ 7355] lifetime[159 weeks], average[148.93]
[Tue Dec  2 12:23:53 2025] >> SAMPLE[ 7356] lifetime[185 weeks], average[148.93]
[Tue Dec  2 12:23:53 2025] >> SAMPLE[ 7357] lifetime[126 weeks], average[148.93]
[Tue Dec  2 12:23:54 2025] >> SAMPLE[ 7358] lifetime[189 weeks], average[148.94]
[Tue Dec  2 12:23:55 2025] >> SAMPLE[ 7359] lifetime[122 weeks], average[148.93]
[Tue Dec  2 12:23:56 2025] >> SAMPLE[ 7360] lifetime[155 weeks], average[148.93]
[Tue Dec  2 12:23:56 2025] >> SAMPLE[ 7361] lifetime[162 weeks], average[148.93]
[Tue Dec  2 12:23:57 2025] >> SAMPLE[ 7362] lifetime[150 weeks], average[148.93]
[Tue Dec  2 12:23:58 2025] >> SAMPLE[ 7363] lifetime[168 weeks], average[148.94]
[Tue Dec  2 12:23:58 2025] >> SAMPLE[ 7364] lifetime[113 weeks], average[148.93]
[Tue Dec  2 12:23:59 2025] >> SAMPLE[ 7365] lifetime[118 weeks], average[148.93]
[Tue Dec  2 12:24:00 2025] >> SAMPLE[ 7366] lifetime[166 weeks], average[148.93]
[Tue Dec  2 12:24:00 2025] >> SAMPLE[ 7367] lifetime[164 weeks], average[148.93]
[Tue Dec  2 12:24:01 2025] >> SAMPLE[ 7368] lifetime[145 weeks], average[148.93]
[Tue Dec  2 12:24:02 2025] >> SAMPLE[ 7369] lifetime[137 weeks], average[148.93]
[Tue Dec  2 12:24:02 2025] >> SAMPLE[ 7370] lifetime[165 weeks], average[148.93]
[Tue Dec  2 12:24:03 2025] >> SAMPLE[ 7371] lifetime[149 weeks], average[148.93]
[Tue Dec  2 12:24:04 2025] >> SAMPLE[ 7372] lifetime[201 weeks], average[148.94]
[Tue Dec  2 12:24:05 2025] >> SAMPLE[ 7373] lifetime[130 weeks], average[148.94]
[Tue Dec  2 12:24:05 2025] >> SAMPLE[ 7374] lifetime[121 weeks], average[148.93]
[Tue Dec  2 12:24:06 2025] >> SAMPLE[ 7375] lifetime[136 weeks], average[148.93]
[Tue Dec  2 12:24:07 2025] >> SAMPLE[ 7376] lifetime[190 weeks], average[148.94]
[Tue Dec  2 12:24:08 2025] >> SAMPLE[ 7377] lifetime[180 weeks], average[148.94]
[Tue Dec  2 12:24:08 2025] >> SAMPLE[ 7378] lifetime[162 weeks], average[148.94]
[Tue Dec  2 12:24:09 2025] >> SAMPLE[ 7379] lifetime[111 weeks], average[148.94]
[Tue Dec  2 12:24:09 2025] >> SAMPLE[ 7380] lifetime[104 weeks], average[148.93]
[Tue Dec  2 12:24:10 2025] >> SAMPLE[ 7381] lifetime[155 weeks], average[148.93]
[Tue Dec  2 12:24:11 2025] >> SAMPLE[ 7382] lifetime[133 weeks], average[148.93]
[Tue Dec  2 12:24:12 2025] >> SAMPLE[ 7383] lifetime[213 weeks], average[148.94]
[Tue Dec  2 12:24:12 2025] >> SAMPLE[ 7384] lifetime[141 weeks], average[148.94]
[Tue Dec  2 12:24:13 2025] >> SAMPLE[ 7385] lifetime[137 weeks], average[148.94]
[Tue Dec  2 12:24:14 2025] >> SAMPLE[ 7386] lifetime[149 weeks], average[148.94]
[Tue Dec  2 12:24:14 2025] >> SAMPLE[ 7387] lifetime[151 weeks], average[148.94]
[Tue Dec  2 12:24:15 2025] >> SAMPLE[ 7388] lifetime[145 weeks], average[148.94]
[Tue Dec  2 12:24:16 2025] >> SAMPLE[ 7389] lifetime[167 weeks], average[148.94]
[Tue Dec  2 12:24:17 2025] >> SAMPLE[ 7390] lifetime[162 weeks], average[148.94]
[Tue Dec  2 12:24:17 2025] >> SAMPLE[ 7391] lifetime[159 weeks], average[148.94]
[Tue Dec  2 12:24:18 2025] >> SAMPLE[ 7392] lifetime[128 weeks], average[148.94]
[Tue Dec  2 12:24:18 2025] >> SAMPLE[ 7393] lifetime[141 weeks], average[148.94]
[Tue Dec  2 12:24:19 2025] >> SAMPLE[ 7394] lifetime[168 weeks], average[148.94]
[Tue Dec  2 12:24:20 2025] >> SAMPLE[ 7395] lifetime[166 weeks], average[148.94]
[Tue Dec  2 12:24:21 2025] >> SAMPLE[ 7396] lifetime[144 weeks], average[148.94]
[Tue Dec  2 12:24:21 2025] >> SAMPLE[ 7397] lifetime[152 weeks], average[148.94]
[Tue Dec  2 12:24:22 2025] >> SAMPLE[ 7398] lifetime[114 weeks], average[148.94]
[Tue Dec  2 12:24:23 2025] >> SAMPLE[ 7399] lifetime[135 weeks], average[148.94]
[Tue Dec  2 12:24:25 2025] >> Generating new alpha
[Tue Dec  2 12:24:26 2025] >> SAMPLE[ 7400] lifetime[161 weeks], average[148.94]
[Tue Dec  2 12:24:26 2025] >> SAMPLE[ 7401] lifetime[112 weeks], average[148.93]
[Tue Dec  2 12:24:27 2025] >> SAMPLE[ 7402] lifetime[150 weeks], average[148.93]
[Tue Dec  2 12:24:28 2025] >> SAMPLE[ 7403] lifetime[128 weeks], average[148.93]
[Tue Dec  2 12:24:28 2025] >> SAMPLE[ 7404] lifetime[144 weeks], average[148.93]
[Tue Dec  2 12:24:29 2025] >> SAMPLE[ 7405] lifetime[193 weeks], average[148.94]
[Tue Dec  2 12:24:30 2025] >> SAMPLE[ 7406] lifetime[180 weeks], average[148.94]
[Tue Dec  2 12:24:31 2025] >> SAMPLE[ 7407] lifetime[143 weeks], average[148.94]
[Tue Dec  2 12:24:32 2025] >> SAMPLE[ 7408] lifetime[186 weeks], average[148.94]
[Tue Dec  2 12:24:32 2025] >> SAMPLE[ 7409] lifetime[169 weeks], average[148.95]
[Tue Dec  2 12:24:33 2025] >> SAMPLE[ 7410] lifetime[183 weeks], average[148.95]
[Tue Dec  2 12:24:34 2025] >> SAMPLE[ 7411] lifetime[186 weeks], average[148.96]
[Tue Dec  2 12:24:35 2025] >> SAMPLE[ 7412] lifetime[121 weeks], average[148.95]
[Tue Dec  2 12:24:36 2025] >> SAMPLE[ 7413] lifetime[183 weeks], average[148.96]
[Tue Dec  2 12:24:36 2025] >> SAMPLE[ 7414] lifetime[138 weeks], average[148.96]
[Tue Dec  2 12:24:37 2025] >> SAMPLE[ 7415] lifetime[199 weeks], average[148.96]
[Tue Dec  2 12:24:38 2025] >> SAMPLE[ 7416] lifetime[129 weeks], average[148.96]
[Tue Dec  2 12:24:38 2025] >> SAMPLE[ 7417] lifetime[140 weeks], average[148.96]
[Tue Dec  2 12:24:39 2025] >> SAMPLE[ 7418] lifetime[117 weeks], average[148.95]
[Tue Dec  2 12:24:40 2025] >> SAMPLE[ 7419] lifetime[188 weeks], average[148.96]
[Tue Dec  2 12:24:41 2025] >> SAMPLE[ 7420] lifetime[199 weeks], average[148.97]
[Tue Dec  2 12:24:41 2025] >> SAMPLE[ 7421] lifetime[122 weeks], average[148.96]
[Tue Dec  2 12:24:42 2025] >> SAMPLE[ 7422] lifetime[135 weeks], average[148.96]
[Tue Dec  2 12:24:43 2025] >> SAMPLE[ 7423] lifetime[157 weeks], average[148.96]
[Tue Dec  2 12:24:44 2025] >> SAMPLE[ 7424] lifetime[171 weeks], average[148.96]
[Tue Dec  2 12:24:44 2025] >> SAMPLE[ 7425] lifetime[104 weeks], average[148.96]
[Tue Dec  2 12:24:45 2025] >> SAMPLE[ 7426] lifetime[111 weeks], average[148.95]
[Tue Dec  2 12:24:45 2025] >> SAMPLE[ 7427] lifetime[127 weeks], average[148.95]
[Tue Dec  2 12:24:46 2025] >> SAMPLE[ 7428] lifetime[136 weeks], average[148.95]
[Tue Dec  2 12:24:46 2025] >> SAMPLE[ 7429] lifetime[161 weeks], average[148.95]
[Tue Dec  2 12:24:47 2025] >> SAMPLE[ 7430] lifetime[150 weeks], average[148.95]
[Tue Dec  2 12:24:48 2025] >> SAMPLE[ 7431] lifetime[126 weeks], average[148.95]
[Tue Dec  2 12:24:48 2025] >> SAMPLE[ 7432] lifetime[149 weeks], average[148.95]
[Tue Dec  2 12:24:49 2025] >> SAMPLE[ 7433] lifetime[195 weeks], average[148.95]
[Tue Dec  2 12:24:50 2025] >> SAMPLE[ 7434] lifetime[107 weeks], average[148.95]
[Tue Dec  2 12:24:51 2025] >> SAMPLE[ 7435] lifetime[173 weeks], average[148.95]
[Tue Dec  2 12:24:51 2025] >> SAMPLE[ 7436] lifetime[157 weeks], average[148.95]
[Tue Dec  2 12:24:52 2025] >> SAMPLE[ 7437] lifetime[100 weeks], average[148.95]
[Tue Dec  2 12:24:52 2025] >> SAMPLE[ 7438] lifetime[105 weeks], average[148.94]
[Tue Dec  2 12:24:53 2025] >> SAMPLE[ 7439] lifetime[145 weeks], average[148.94]
[Tue Dec  2 12:24:54 2025] >> SAMPLE[ 7440] lifetime[201 weeks], average[148.95]
[Tue Dec  2 12:24:54 2025] >> SAMPLE[ 7441] lifetime[125 weeks], average[148.94]
[Tue Dec  2 12:24:55 2025] >> SAMPLE[ 7442] lifetime[133 weeks], average[148.94]
[Tue Dec  2 12:24:56 2025] >> SAMPLE[ 7443] lifetime[158 weeks], average[148.94]
[Tue Dec  2 12:24:56 2025] >> SAMPLE[ 7444] lifetime[117 weeks], average[148.94]
[Tue Dec  2 12:24:57 2025] >> SAMPLE[ 7445] lifetime[139 weeks], average[148.94]
[Tue Dec  2 12:24:58 2025] >> SAMPLE[ 7446] lifetime[168 weeks], average[148.94]
[Tue Dec  2 12:24:58 2025] >> SAMPLE[ 7447] lifetime[160 weeks], average[148.94]
[Tue Dec  2 12:24:59 2025] >> SAMPLE[ 7448] lifetime[138 weeks], average[148.94]
[Tue Dec  2 12:25:00 2025] >> SAMPLE[ 7449] lifetime[157 weeks], average[148.94]
[Tue Dec  2 12:25:00 2025] >> SAMPLE[ 7450] lifetime[115 weeks], average[148.94]
[Tue Dec  2 12:25:01 2025] >> SAMPLE[ 7451] lifetime[170 weeks], average[148.94]
[Tue Dec  2 12:25:02 2025] >> SAMPLE[ 7452] lifetime[112 weeks], average[148.93]
[Tue Dec  2 12:25:02 2025] >> SAMPLE[ 7453] lifetime[102 weeks], average[148.93]
[Tue Dec  2 12:25:03 2025] >> SAMPLE[ 7454] lifetime[134 weeks], average[148.93]
[Tue Dec  2 12:25:03 2025] >> SAMPLE[ 7455] lifetime[132 weeks], average[148.92]
[Tue Dec  2 12:25:04 2025] >> SAMPLE[ 7456] lifetime[ 95 weeks], average[148.92]
[Tue Dec  2 12:25:04 2025] >> SAMPLE[ 7457] lifetime[119 weeks], average[148.91]
[Tue Dec  2 12:25:05 2025] >> SAMPLE[ 7458] lifetime[130 weeks], average[148.91]
[Tue Dec  2 12:25:05 2025] >> SAMPLE[ 7459] lifetime[ 96 weeks], average[148.90]
[Tue Dec  2 12:25:06 2025] >> SAMPLE[ 7460] lifetime[168 weeks], average[148.90]
[Tue Dec  2 12:25:07 2025] >> SAMPLE[ 7461] lifetime[165 weeks], average[148.91]
[Tue Dec  2 12:25:08 2025] >> SAMPLE[ 7462] lifetime[179 weeks], average[148.91]
[Tue Dec  2 12:25:09 2025] >> SAMPLE[ 7463] lifetime[166 weeks], average[148.91]
[Tue Dec  2 12:25:09 2025] >> SAMPLE[ 7464] lifetime[118 weeks], average[148.91]
[Tue Dec  2 12:25:10 2025] >> SAMPLE[ 7465] lifetime[126 weeks], average[148.91]
[Tue Dec  2 12:25:10 2025] >> SAMPLE[ 7466] lifetime[112 weeks], average[148.90]
[Tue Dec  2 12:25:11 2025] >> SAMPLE[ 7467] lifetime[211 weeks], average[148.91]
[Tue Dec  2 12:25:12 2025] >> SAMPLE[ 7468] lifetime[134 weeks], average[148.91]
[Tue Dec  2 12:25:12 2025] >> SAMPLE[ 7469] lifetime[123 weeks], average[148.90]
[Tue Dec  2 12:25:13 2025] >> SAMPLE[ 7470] lifetime[154 weeks], average[148.90]
[Tue Dec  2 12:25:14 2025] >> SAMPLE[ 7471] lifetime[132 weeks], average[148.90]
[Tue Dec  2 12:25:14 2025] >> SAMPLE[ 7472] lifetime[184 weeks], average[148.91]
[Tue Dec  2 12:25:15 2025] >> SAMPLE[ 7473] lifetime[164 weeks], average[148.91]
[Tue Dec  2 12:25:16 2025] >> SAMPLE[ 7474] lifetime[166 weeks], average[148.91]
[Tue Dec  2 12:25:17 2025] >> SAMPLE[ 7475] lifetime[107 weeks], average[148.91]
[Tue Dec  2 12:25:17 2025] >> SAMPLE[ 7476] lifetime[160 weeks], average[148.91]
[Tue Dec  2 12:25:18 2025] >> SAMPLE[ 7477] lifetime[161 weeks], average[148.91]
[Tue Dec  2 12:25:19 2025] >> SAMPLE[ 7478] lifetime[133 weeks], average[148.91]
[Tue Dec  2 12:25:19 2025] >> SAMPLE[ 7479] lifetime[153 weeks], average[148.91]
[Tue Dec  2 12:25:20 2025] >> SAMPLE[ 7480] lifetime[105 weeks], average[148.90]
[Tue Dec  2 12:25:21 2025] >> SAMPLE[ 7481] lifetime[173 weeks], average[148.90]
[Tue Dec  2 12:25:22 2025] >> SAMPLE[ 7482] lifetime[183 weeks], average[148.91]
[Tue Dec  2 12:25:22 2025] >> SAMPLE[ 7483] lifetime[142 weeks], average[148.91]
[Tue Dec  2 12:25:23 2025] >> SAMPLE[ 7484] lifetime[151 weeks], average[148.91]
[Tue Dec  2 12:25:24 2025] >> SAMPLE[ 7485] lifetime[177 weeks], average[148.91]
[Tue Dec  2 12:25:25 2025] >> SAMPLE[ 7486] lifetime[128 weeks], average[148.91]
[Tue Dec  2 12:25:25 2025] >> SAMPLE[ 7487] lifetime[170 weeks], average[148.91]
[Tue Dec  2 12:25:26 2025] >> SAMPLE[ 7488] lifetime[184 weeks], average[148.92]
[Tue Dec  2 12:25:27 2025] >> SAMPLE[ 7489] lifetime[132 weeks], average[148.91]
[Tue Dec  2 12:25:28 2025] >> SAMPLE[ 7490] lifetime[149 weeks], average[148.91]
[Tue Dec  2 12:25:28 2025] >> SAMPLE[ 7491] lifetime[168 weeks], average[148.92]
[Tue Dec  2 12:25:29 2025] >> SAMPLE[ 7492] lifetime[ 82 weeks], average[148.91]
[Tue Dec  2 12:25:29 2025] >> SAMPLE[ 7493] lifetime[136 weeks], average[148.91]
[Tue Dec  2 12:25:30 2025] >> SAMPLE[ 7494] lifetime[142 weeks], average[148.91]
[Tue Dec  2 12:25:31 2025] >> SAMPLE[ 7495] lifetime[153 weeks], average[148.91]
[Tue Dec  2 12:25:31 2025] >> SAMPLE[ 7496] lifetime[139 weeks], average[148.90]
[Tue Dec  2 12:25:32 2025] >> SAMPLE[ 7497] lifetime[146 weeks], average[148.90]
[Tue Dec  2 12:25:33 2025] >> SAMPLE[ 7498] lifetime[200 weeks], average[148.91]
[Tue Dec  2 12:25:34 2025] >> SAMPLE[ 7499] lifetime[132 weeks], average[148.91]
[Tue Dec  2 12:25:36 2025] >> Generating new alpha
[Tue Dec  2 12:25:37 2025] >> SAMPLE[ 7500] lifetime[161 weeks], average[148.91]
[Tue Dec  2 12:25:38 2025] >> SAMPLE[ 7501] lifetime[190 weeks], average[148.92]
[Tue Dec  2 12:25:39 2025] >> SAMPLE[ 7502] lifetime[180 weeks], average[148.92]
[Tue Dec  2 12:25:39 2025] >> SAMPLE[ 7503] lifetime[135 weeks], average[148.92]
[Tue Dec  2 12:25:40 2025] >> SAMPLE[ 7504] lifetime[165 weeks], average[148.92]
[Tue Dec  2 12:25:41 2025] >> SAMPLE[ 7505] lifetime[132 weeks], average[148.92]
[Tue Dec  2 12:25:41 2025] >> SAMPLE[ 7506] lifetime[141 weeks], average[148.92]
[Tue Dec  2 12:25:42 2025] >> SAMPLE[ 7507] lifetime[157 weeks], average[148.92]
[Tue Dec  2 12:25:43 2025] >> SAMPLE[ 7508] lifetime[180 weeks], average[148.92]
[Tue Dec  2 12:25:44 2025] >> SAMPLE[ 7509] lifetime[137 weeks], average[148.92]
[Tue Dec  2 12:25:44 2025] >> SAMPLE[ 7510] lifetime[129 weeks], average[148.92]
[Tue Dec  2 12:25:45 2025] >> SAMPLE[ 7511] lifetime[123 weeks], average[148.91]
[Tue Dec  2 12:25:45 2025] >> SAMPLE[ 7512] lifetime[ 93 weeks], average[148.91]
[Tue Dec  2 12:25:46 2025] >> SAMPLE[ 7513] lifetime[155 weeks], average[148.91]
[Tue Dec  2 12:25:47 2025] >> SAMPLE[ 7514] lifetime[138 weeks], average[148.91]
[Tue Dec  2 12:25:47 2025] >> SAMPLE[ 7515] lifetime[166 weeks], average[148.91]
[Tue Dec  2 12:25:48 2025] >> SAMPLE[ 7516] lifetime[138 weeks], average[148.91]
[Tue Dec  2 12:25:49 2025] >> SAMPLE[ 7517] lifetime[183 weeks], average[148.91]
[Tue Dec  2 12:25:50 2025] >> SAMPLE[ 7518] lifetime[139 weeks], average[148.91]
[Tue Dec  2 12:25:50 2025] >> SAMPLE[ 7519] lifetime[160 weeks], average[148.91]
[Tue Dec  2 12:25:51 2025] >> SAMPLE[ 7520] lifetime[108 weeks], average[148.91]
[Tue Dec  2 12:25:52 2025] >> SAMPLE[ 7521] lifetime[166 weeks], average[148.91]
[Tue Dec  2 12:25:52 2025] >> SAMPLE[ 7522] lifetime[146 weeks], average[148.91]
[Tue Dec  2 12:25:53 2025] >> SAMPLE[ 7523] lifetime[137 weeks], average[148.91]
[Tue Dec  2 12:25:54 2025] >> SAMPLE[ 7524] lifetime[128 weeks], average[148.90]
[Tue Dec  2 12:25:54 2025] >> SAMPLE[ 7525] lifetime[128 weeks], average[148.90]
[Tue Dec  2 12:25:55 2025] >> SAMPLE[ 7526] lifetime[161 weeks], average[148.90]
[Tue Dec  2 12:25:56 2025] >> SAMPLE[ 7527] lifetime[201 weeks], average[148.91]
[Tue Dec  2 12:25:57 2025] >> SAMPLE[ 7528] lifetime[148 weeks], average[148.91]
[Tue Dec  2 12:25:57 2025] >> SAMPLE[ 7529] lifetime[174 weeks], average[148.91]
[Tue Dec  2 12:25:58 2025] >> SAMPLE[ 7530] lifetime[170 weeks], average[148.92]
[Tue Dec  2 12:25:59 2025] >> SAMPLE[ 7531] lifetime[145 weeks], average[148.92]
[Tue Dec  2 12:26:00 2025] >> SAMPLE[ 7532] lifetime[157 weeks], average[148.92]
[Tue Dec  2 12:26:01 2025] >> SAMPLE[ 7533] lifetime[184 weeks], average[148.92]
[Tue Dec  2 12:26:02 2025] >> SAMPLE[ 7534] lifetime[190 weeks], average[148.93]
[Tue Dec  2 12:26:02 2025] >> SAMPLE[ 7535] lifetime[158 weeks], average[148.93]
[Tue Dec  2 12:26:03 2025] >> SAMPLE[ 7536] lifetime[142 weeks], average[148.93]
[Tue Dec  2 12:26:04 2025] >> SAMPLE[ 7537] lifetime[174 weeks], average[148.93]
[Tue Dec  2 12:26:05 2025] >> SAMPLE[ 7538] lifetime[145 weeks], average[148.93]
[Tue Dec  2 12:26:05 2025] >> SAMPLE[ 7539] lifetime[110 weeks], average[148.92]
[Tue Dec  2 12:26:06 2025] >> SAMPLE[ 7540] lifetime[138 weeks], average[148.92]
[Tue Dec  2 12:26:07 2025] >> SAMPLE[ 7541] lifetime[178 weeks], average[148.93]
[Tue Dec  2 12:26:07 2025] >> SAMPLE[ 7542] lifetime[145 weeks], average[148.93]
[Tue Dec  2 12:26:08 2025] >> SAMPLE[ 7543] lifetime[181 weeks], average[148.93]
[Tue Dec  2 12:26:09 2025] >> SAMPLE[ 7544] lifetime[132 weeks], average[148.93]
[Tue Dec  2 12:26:10 2025] >> SAMPLE[ 7545] lifetime[145 weeks], average[148.93]
[Tue Dec  2 12:26:10 2025] >> SAMPLE[ 7546] lifetime[121 weeks], average[148.92]
[Tue Dec  2 12:26:11 2025] >> SAMPLE[ 7547] lifetime[146 weeks], average[148.92]
[Tue Dec  2 12:26:12 2025] >> SAMPLE[ 7548] lifetime[168 weeks], average[148.93]
[Tue Dec  2 12:26:12 2025] >> SAMPLE[ 7549] lifetime[145 weeks], average[148.93]
[Tue Dec  2 12:26:13 2025] >> SAMPLE[ 7550] lifetime[175 weeks], average[148.93]
[Tue Dec  2 12:26:14 2025] >> SAMPLE[ 7551] lifetime[176 weeks], average[148.93]
[Tue Dec  2 12:26:15 2025] >> SAMPLE[ 7552] lifetime[162 weeks], average[148.93]
[Tue Dec  2 12:26:16 2025] >> SAMPLE[ 7553] lifetime[174 weeks], average[148.94]
[Tue Dec  2 12:26:16 2025] >> SAMPLE[ 7554] lifetime[186 weeks], average[148.94]
[Tue Dec  2 12:26:17 2025] >> SAMPLE[ 7555] lifetime[157 weeks], average[148.94]
[Tue Dec  2 12:26:18 2025] >> SAMPLE[ 7556] lifetime[149 weeks], average[148.94]
[Tue Dec  2 12:26:18 2025] >> SAMPLE[ 7557] lifetime[112 weeks], average[148.94]
[Tue Dec  2 12:26:19 2025] >> SAMPLE[ 7558] lifetime[178 weeks], average[148.94]
[Tue Dec  2 12:26:20 2025] >> SAMPLE[ 7559] lifetime[184 weeks], average[148.95]
[Tue Dec  2 12:26:21 2025] >> SAMPLE[ 7560] lifetime[121 weeks], average[148.94]
[Tue Dec  2 12:26:21 2025] >> SAMPLE[ 7561] lifetime[138 weeks], average[148.94]
[Tue Dec  2 12:26:22 2025] >> SAMPLE[ 7562] lifetime[149 weeks], average[148.94]
[Tue Dec  2 12:26:23 2025] >> SAMPLE[ 7563] lifetime[133 weeks], average[148.94]
[Tue Dec  2 12:26:23 2025] >> SAMPLE[ 7564] lifetime[175 weeks], average[148.94]
[Tue Dec  2 12:26:24 2025] >> SAMPLE[ 7565] lifetime[162 weeks], average[148.95]
[Tue Dec  2 12:26:25 2025] >> SAMPLE[ 7566] lifetime[167 weeks], average[148.95]
[Tue Dec  2 12:26:25 2025] >> SAMPLE[ 7567] lifetime[ 92 weeks], average[148.94]
[Tue Dec  2 12:26:26 2025] >> SAMPLE[ 7568] lifetime[130 weeks], average[148.94]
[Tue Dec  2 12:26:27 2025] >> SAMPLE[ 7569] lifetime[154 weeks], average[148.94]
[Tue Dec  2 12:26:27 2025] >> SAMPLE[ 7570] lifetime[131 weeks], average[148.94]
[Tue Dec  2 12:26:28 2025] >> SAMPLE[ 7571] lifetime[129 weeks], average[148.93]
[Tue Dec  2 12:26:28 2025] >> SAMPLE[ 7572] lifetime[137 weeks], average[148.93]
[Tue Dec  2 12:26:29 2025] >> SAMPLE[ 7573] lifetime[103 weeks], average[148.93]
[Tue Dec  2 12:26:30 2025] >> SAMPLE[ 7574] lifetime[163 weeks], average[148.93]
[Tue Dec  2 12:26:30 2025] >> SAMPLE[ 7575] lifetime[ 97 weeks], average[148.92]
[Tue Dec  2 12:26:31 2025] >> SAMPLE[ 7576] lifetime[128 weeks], average[148.92]
[Tue Dec  2 12:26:32 2025] >> SAMPLE[ 7577] lifetime[180 weeks], average[148.92]
[Tue Dec  2 12:26:32 2025] >> SAMPLE[ 7578] lifetime[192 weeks], average[148.93]
[Tue Dec  2 12:26:33 2025] >> SAMPLE[ 7579] lifetime[136 weeks], average[148.93]
[Tue Dec  2 12:26:34 2025] >> SAMPLE[ 7580] lifetime[134 weeks], average[148.92]
[Tue Dec  2 12:26:35 2025] >> SAMPLE[ 7581] lifetime[195 weeks], average[148.93]
[Tue Dec  2 12:26:35 2025] >> SAMPLE[ 7582] lifetime[139 weeks], average[148.93]
[Tue Dec  2 12:26:36 2025] >> SAMPLE[ 7583] lifetime[118 weeks], average[148.92]
[Tue Dec  2 12:26:37 2025] >> SAMPLE[ 7584] lifetime[146 weeks], average[148.92]
[Tue Dec  2 12:26:37 2025] >> SAMPLE[ 7585] lifetime[191 weeks], average[148.93]
[Tue Dec  2 12:26:38 2025] >> SAMPLE[ 7586] lifetime[134 weeks], average[148.93]
[Tue Dec  2 12:26:39 2025] >> SAMPLE[ 7587] lifetime[182 weeks], average[148.93]
[Tue Dec  2 12:26:40 2025] >> SAMPLE[ 7588] lifetime[184 weeks], average[148.94]
[Tue Dec  2 12:26:41 2025] >> SAMPLE[ 7589] lifetime[160 weeks], average[148.94]
[Tue Dec  2 12:26:41 2025] >> SAMPLE[ 7590] lifetime[162 weeks], average[148.94]
[Tue Dec  2 12:26:42 2025] >> SAMPLE[ 7591] lifetime[131 weeks], average[148.94]
[Tue Dec  2 12:26:43 2025] >> SAMPLE[ 7592] lifetime[199 weeks], average[148.94]
[Tue Dec  2 12:26:44 2025] >> SAMPLE[ 7593] lifetime[148 weeks], average[148.94]
[Tue Dec  2 12:26:44 2025] >> SAMPLE[ 7594] lifetime[149 weeks], average[148.94]
[Tue Dec  2 12:26:45 2025] >> SAMPLE[ 7595] lifetime[107 weeks], average[148.94]
[Tue Dec  2 12:26:45 2025] >> SAMPLE[ 7596] lifetime[152 weeks], average[148.94]
[Tue Dec  2 12:26:46 2025] >> SAMPLE[ 7597] lifetime[192 weeks], average[148.94]
[Tue Dec  2 12:26:47 2025] >> SAMPLE[ 7598] lifetime[145 weeks], average[148.94]
[Tue Dec  2 12:26:48 2025] >> SAMPLE[ 7599] lifetime[121 weeks], average[148.94]
[Tue Dec  2 12:26:50 2025] >> Generating new alpha
[Tue Dec  2 12:26:51 2025] >> SAMPLE[ 7600] lifetime[155 weeks], average[148.94]
[Tue Dec  2 12:26:52 2025] >> SAMPLE[ 7601] lifetime[146 weeks], average[148.94]
[Tue Dec  2 12:26:52 2025] >> SAMPLE[ 7602] lifetime[112 weeks], average[148.94]
[Tue Dec  2 12:26:53 2025] >> SAMPLE[ 7603] lifetime[165 weeks], average[148.94]
[Tue Dec  2 12:26:54 2025] >> SAMPLE[ 7604] lifetime[149 weeks], average[148.94]
[Tue Dec  2 12:26:55 2025] >> SAMPLE[ 7605] lifetime[197 weeks], average[148.94]
[Tue Dec  2 12:26:55 2025] >> SAMPLE[ 7606] lifetime[160 weeks], average[148.95]
[Tue Dec  2 12:26:56 2025] >> SAMPLE[ 7607] lifetime[141 weeks], average[148.94]
[Tue Dec  2 12:26:57 2025] >> SAMPLE[ 7608] lifetime[151 weeks], average[148.95]
[Tue Dec  2 12:26:57 2025] >> SAMPLE[ 7609] lifetime[140 weeks], average[148.94]
[Tue Dec  2 12:26:58 2025] >> SAMPLE[ 7610] lifetime[132 weeks], average[148.94]
[Tue Dec  2 12:26:59 2025] >> SAMPLE[ 7611] lifetime[149 weeks], average[148.94]
[Tue Dec  2 12:26:59 2025] >> SAMPLE[ 7612] lifetime[119 weeks], average[148.94]
[Tue Dec  2 12:27:00 2025] >> SAMPLE[ 7613] lifetime[115 weeks], average[148.93]
[Tue Dec  2 12:27:01 2025] >> SAMPLE[ 7614] lifetime[172 weeks], average[148.94]
[Tue Dec  2 12:27:01 2025] >> SAMPLE[ 7615] lifetime[147 weeks], average[148.94]
[Tue Dec  2 12:27:02 2025] >> SAMPLE[ 7616] lifetime[121 weeks], average[148.93]
[Tue Dec  2 12:27:03 2025] >> SAMPLE[ 7617] lifetime[193 weeks], average[148.94]
[Tue Dec  2 12:27:03 2025] >> SAMPLE[ 7618] lifetime[143 weeks], average[148.94]
[Tue Dec  2 12:27:04 2025] >> SAMPLE[ 7619] lifetime[146 weeks], average[148.94]
[Tue Dec  2 12:27:05 2025] >> SAMPLE[ 7620] lifetime[167 weeks], average[148.94]
[Tue Dec  2 12:27:06 2025] >> SAMPLE[ 7621] lifetime[162 weeks], average[148.94]
[Tue Dec  2 12:27:07 2025] >> SAMPLE[ 7622] lifetime[173 weeks], average[148.94]
[Tue Dec  2 12:27:07 2025] >> SAMPLE[ 7623] lifetime[102 weeks], average[148.94]
[Tue Dec  2 12:27:08 2025] >> SAMPLE[ 7624] lifetime[157 weeks], average[148.94]
[Tue Dec  2 12:27:09 2025] >> SAMPLE[ 7625] lifetime[165 weeks], average[148.94]
[Tue Dec  2 12:27:09 2025] >> SAMPLE[ 7626] lifetime[113 weeks], average[148.94]
[Tue Dec  2 12:27:10 2025] >> SAMPLE[ 7627] lifetime[131 weeks], average[148.93]
[Tue Dec  2 12:27:11 2025] >> SAMPLE[ 7628] lifetime[163 weeks], average[148.94]
[Tue Dec  2 12:27:11 2025] >> SAMPLE[ 7629] lifetime[158 weeks], average[148.94]
[Tue Dec  2 12:27:12 2025] >> SAMPLE[ 7630] lifetime[176 weeks], average[148.94]
[Tue Dec  2 12:27:13 2025] >> SAMPLE[ 7631] lifetime[178 weeks], average[148.94]
[Tue Dec  2 12:27:14 2025] >> SAMPLE[ 7632] lifetime[131 weeks], average[148.94]
[Tue Dec  2 12:27:14 2025] >> SAMPLE[ 7633] lifetime[161 weeks], average[148.94]
[Tue Dec  2 12:27:15 2025] >> SAMPLE[ 7634] lifetime[141 weeks], average[148.94]
[Tue Dec  2 12:27:16 2025] >> SAMPLE[ 7635] lifetime[157 weeks], average[148.94]
[Tue Dec  2 12:27:16 2025] >> SAMPLE[ 7636] lifetime[143 weeks], average[148.94]
[Tue Dec  2 12:27:17 2025] >> SAMPLE[ 7637] lifetime[156 weeks], average[148.94]
[Tue Dec  2 12:27:18 2025] >> SAMPLE[ 7638] lifetime[173 weeks], average[148.95]
[Tue Dec  2 12:27:19 2025] >> SAMPLE[ 7639] lifetime[131 weeks], average[148.94]
[Tue Dec  2 12:27:20 2025] >> SAMPLE[ 7640] lifetime[186 weeks], average[148.95]
[Tue Dec  2 12:27:20 2025] >> SAMPLE[ 7641] lifetime[153 weeks], average[148.95]
[Tue Dec  2 12:27:21 2025] >> SAMPLE[ 7642] lifetime[155 weeks], average[148.95]
[Tue Dec  2 12:27:22 2025] >> SAMPLE[ 7643] lifetime[138 weeks], average[148.95]
[Tue Dec  2 12:27:22 2025] >> SAMPLE[ 7644] lifetime[130 weeks], average[148.95]
[Tue Dec  2 12:27:23 2025] >> SAMPLE[ 7645] lifetime[117 weeks], average[148.94]
[Tue Dec  2 12:27:23 2025] >> SAMPLE[ 7646] lifetime[114 weeks], average[148.94]
[Tue Dec  2 12:27:24 2025] >> SAMPLE[ 7647] lifetime[ 79 weeks], average[148.93]
[Tue Dec  2 12:27:24 2025] >> SAMPLE[ 7648] lifetime[167 weeks], average[148.93]
[Tue Dec  2 12:27:25 2025] >> SAMPLE[ 7649] lifetime[199 weeks], average[148.94]
[Tue Dec  2 12:27:26 2025] >> SAMPLE[ 7650] lifetime[143 weeks], average[148.94]
[Tue Dec  2 12:27:27 2025] >> SAMPLE[ 7651] lifetime[122 weeks], average[148.93]
[Tue Dec  2 12:27:27 2025] >> SAMPLE[ 7652] lifetime[174 weeks], average[148.94]
[Tue Dec  2 12:27:28 2025] >> SAMPLE[ 7653] lifetime[117 weeks], average[148.93]
[Tue Dec  2 12:27:29 2025] >> SAMPLE[ 7654] lifetime[165 weeks], average[148.94]
[Tue Dec  2 12:27:30 2025] >> SAMPLE[ 7655] lifetime[208 weeks], average[148.94]
[Tue Dec  2 12:27:30 2025] >> SAMPLE[ 7656] lifetime[148 weeks], average[148.94]
[Tue Dec  2 12:27:31 2025] >> SAMPLE[ 7657] lifetime[174 weeks], average[148.95]
[Tue Dec  2 12:27:32 2025] >> SAMPLE[ 7658] lifetime[160 weeks], average[148.95]
[Tue Dec  2 12:27:32 2025] >> SAMPLE[ 7659] lifetime[119 weeks], average[148.94]
[Tue Dec  2 12:27:33 2025] >> SAMPLE[ 7660] lifetime[132 weeks], average[148.94]
[Tue Dec  2 12:27:34 2025] >> SAMPLE[ 7661] lifetime[152 weeks], average[148.94]
[Tue Dec  2 12:27:34 2025] >> SAMPLE[ 7662] lifetime[118 weeks], average[148.94]
[Tue Dec  2 12:27:35 2025] >> SAMPLE[ 7663] lifetime[136 weeks], average[148.94]
[Tue Dec  2 12:27:36 2025] >> SAMPLE[ 7664] lifetime[173 weeks], average[148.94]
[Tue Dec  2 12:27:37 2025] >> SAMPLE[ 7665] lifetime[167 weeks], average[148.94]
[Tue Dec  2 12:27:37 2025] >> SAMPLE[ 7666] lifetime[128 weeks], average[148.94]
[Tue Dec  2 12:27:38 2025] >> SAMPLE[ 7667] lifetime[189 weeks], average[148.94]
[Tue Dec  2 12:27:39 2025] >> SAMPLE[ 7668] lifetime[125 weeks], average[148.94]
[Tue Dec  2 12:27:40 2025] >> SAMPLE[ 7669] lifetime[158 weeks], average[148.94]
[Tue Dec  2 12:27:40 2025] >> SAMPLE[ 7670] lifetime[159 weeks], average[148.94]
[Tue Dec  2 12:27:41 2025] >> SAMPLE[ 7671] lifetime[143 weeks], average[148.94]
[Tue Dec  2 12:27:42 2025] >> SAMPLE[ 7672] lifetime[153 weeks], average[148.94]
[Tue Dec  2 12:27:42 2025] >> SAMPLE[ 7673] lifetime[131 weeks], average[148.94]
[Tue Dec  2 12:27:43 2025] >> SAMPLE[ 7674] lifetime[167 weeks], average[148.94]
[Tue Dec  2 12:27:44 2025] >> SAMPLE[ 7675] lifetime[151 weeks], average[148.94]
[Tue Dec  2 12:27:44 2025] >> SAMPLE[ 7676] lifetime[133 weeks], average[148.94]
[Tue Dec  2 12:27:45 2025] >> SAMPLE[ 7677] lifetime[151 weeks], average[148.94]
[Tue Dec  2 12:27:46 2025] >> SAMPLE[ 7678] lifetime[138 weeks], average[148.94]
[Tue Dec  2 12:27:47 2025] >> SAMPLE[ 7679] lifetime[189 weeks], average[148.95]
[Tue Dec  2 12:27:47 2025] >> SAMPLE[ 7680] lifetime[119 weeks], average[148.94]
[Tue Dec  2 12:27:48 2025] >> SAMPLE[ 7681] lifetime[139 weeks], average[148.94]
[Tue Dec  2 12:27:49 2025] >> SAMPLE[ 7682] lifetime[141 weeks], average[148.94]
[Tue Dec  2 12:27:49 2025] >> SAMPLE[ 7683] lifetime[155 weeks], average[148.94]
[Tue Dec  2 12:27:50 2025] >> SAMPLE[ 7684] lifetime[190 weeks], average[148.95]
[Tue Dec  2 12:27:51 2025] >> SAMPLE[ 7685] lifetime[162 weeks], average[148.95]
[Tue Dec  2 12:27:51 2025] >> SAMPLE[ 7686] lifetime[126 weeks], average[148.94]
[Tue Dec  2 12:27:52 2025] >> SAMPLE[ 7687] lifetime[187 weeks], average[148.95]
[Tue Dec  2 12:27:53 2025] >> SAMPLE[ 7688] lifetime[185 weeks], average[148.95]
[Tue Dec  2 12:27:54 2025] >> SAMPLE[ 7689] lifetime[130 weeks], average[148.95]
[Tue Dec  2 12:27:55 2025] >> SAMPLE[ 7690] lifetime[163 weeks], average[148.95]
[Tue Dec  2 12:27:55 2025] >> SAMPLE[ 7691] lifetime[141 weeks], average[148.95]
[Tue Dec  2 12:27:56 2025] >> SAMPLE[ 7692] lifetime[141 weeks], average[148.95]
[Tue Dec  2 12:27:57 2025] >> SAMPLE[ 7693] lifetime[194 weeks], average[148.96]
[Tue Dec  2 12:27:58 2025] >> SAMPLE[ 7694] lifetime[197 weeks], average[148.96]
[Tue Dec  2 12:27:59 2025] >> SAMPLE[ 7695] lifetime[160 weeks], average[148.96]
[Tue Dec  2 12:27:59 2025] >> SAMPLE[ 7696] lifetime[115 weeks], average[148.96]
[Tue Dec  2 12:28:00 2025] >> SAMPLE[ 7697] lifetime[152 weeks], average[148.96]
[Tue Dec  2 12:28:01 2025] >> SAMPLE[ 7698] lifetime[194 weeks], average[148.97]
[Tue Dec  2 12:28:01 2025] >> SAMPLE[ 7699] lifetime[146 weeks], average[148.97]
[Tue Dec  2 12:28:04 2025] >> Generating new alpha
[Tue Dec  2 12:28:05 2025] >> SAMPLE[ 7700] lifetime[146 weeks], average[148.97]
[Tue Dec  2 12:28:06 2025] >> SAMPLE[ 7701] lifetime[165 weeks], average[148.97]
[Tue Dec  2 12:28:06 2025] >> SAMPLE[ 7702] lifetime[131 weeks], average[148.97]
[Tue Dec  2 12:28:07 2025] >> SAMPLE[ 7703] lifetime[193 weeks], average[148.97]
[Tue Dec  2 12:28:08 2025] >> SAMPLE[ 7704] lifetime[186 weeks], average[148.98]
[Tue Dec  2 12:28:09 2025] >> SAMPLE[ 7705] lifetime[114 weeks], average[148.97]
[Tue Dec  2 12:28:09 2025] >> SAMPLE[ 7706] lifetime[146 weeks], average[148.97]
[Tue Dec  2 12:28:10 2025] >> SAMPLE[ 7707] lifetime[154 weeks], average[148.97]
[Tue Dec  2 12:28:11 2025] >> SAMPLE[ 7708] lifetime[139 weeks], average[148.97]
[Tue Dec  2 12:28:11 2025] >> SAMPLE[ 7709] lifetime[144 weeks], average[148.97]
[Tue Dec  2 12:28:12 2025] >> SAMPLE[ 7710] lifetime[138 weeks], average[148.97]
[Tue Dec  2 12:28:13 2025] >> SAMPLE[ 7711] lifetime[117 weeks], average[148.96]
[Tue Dec  2 12:28:13 2025] >> SAMPLE[ 7712] lifetime[151 weeks], average[148.96]
[Tue Dec  2 12:28:14 2025] >> SAMPLE[ 7713] lifetime[161 weeks], average[148.97]
[Tue Dec  2 12:28:15 2025] >> SAMPLE[ 7714] lifetime[134 weeks], average[148.96]
[Tue Dec  2 12:28:15 2025] >> SAMPLE[ 7715] lifetime[152 weeks], average[148.96]
[Tue Dec  2 12:28:16 2025] >> SAMPLE[ 7716] lifetime[187 weeks], average[148.97]
[Tue Dec  2 12:28:17 2025] >> SAMPLE[ 7717] lifetime[144 weeks], average[148.97]
[Tue Dec  2 12:28:18 2025] >> SAMPLE[ 7718] lifetime[203 weeks], average[148.98]
[Tue Dec  2 12:28:18 2025] >> SAMPLE[ 7719] lifetime[125 weeks], average[148.97]
[Tue Dec  2 12:28:19 2025] >> SAMPLE[ 7720] lifetime[122 weeks], average[148.97]
[Tue Dec  2 12:28:20 2025] >> SAMPLE[ 7721] lifetime[157 weeks], average[148.97]
[Tue Dec  2 12:28:21 2025] >> SAMPLE[ 7722] lifetime[181 weeks], average[148.97]
[Tue Dec  2 12:28:21 2025] >> SAMPLE[ 7723] lifetime[133 weeks], average[148.97]
[Tue Dec  2 12:28:22 2025] >> SAMPLE[ 7724] lifetime[116 weeks], average[148.97]
[Tue Dec  2 12:28:22 2025] >> SAMPLE[ 7725] lifetime[166 weeks], average[148.97]
[Tue Dec  2 12:28:23 2025] >> SAMPLE[ 7726] lifetime[168 weeks], average[148.97]
[Tue Dec  2 12:28:24 2025] >> SAMPLE[ 7727] lifetime[172 weeks], average[148.98]
[Tue Dec  2 12:28:25 2025] >> SAMPLE[ 7728] lifetime[175 weeks], average[148.98]
[Tue Dec  2 12:28:26 2025] >> SAMPLE[ 7729] lifetime[170 weeks], average[148.98]
[Tue Dec  2 12:28:26 2025] >> SAMPLE[ 7730] lifetime[170 weeks], average[148.98]
[Tue Dec  2 12:28:27 2025] >> SAMPLE[ 7731] lifetime[135 weeks], average[148.98]
[Tue Dec  2 12:28:28 2025] >> SAMPLE[ 7732] lifetime[147 weeks], average[148.98]
[Tue Dec  2 12:28:28 2025] >> SAMPLE[ 7733] lifetime[114 weeks], average[148.98]
[Tue Dec  2 12:28:29 2025] >> SAMPLE[ 7734] lifetime[139 weeks], average[148.98]
[Tue Dec  2 12:28:30 2025] >> SAMPLE[ 7735] lifetime[154 weeks], average[148.98]
[Tue Dec  2 12:28:30 2025] >> SAMPLE[ 7736] lifetime[179 weeks], average[148.98]
[Tue Dec  2 12:28:31 2025] >> SAMPLE[ 7737] lifetime[ 96 weeks], average[148.97]
[Tue Dec  2 12:28:31 2025] >> SAMPLE[ 7738] lifetime[119 weeks], average[148.97]
[Tue Dec  2 12:28:32 2025] >> SAMPLE[ 7739] lifetime[153 weeks], average[148.97]
[Tue Dec  2 12:28:33 2025] >> SAMPLE[ 7740] lifetime[172 weeks], average[148.97]
[Tue Dec  2 12:28:34 2025] >> SAMPLE[ 7741] lifetime[137 weeks], average[148.97]
[Tue Dec  2 12:28:34 2025] >> SAMPLE[ 7742] lifetime[163 weeks], average[148.97]
[Tue Dec  2 12:28:35 2025] >> SAMPLE[ 7743] lifetime[129 weeks], average[148.97]
[Tue Dec  2 12:28:36 2025] >> SAMPLE[ 7744] lifetime[151 weeks], average[148.97]
[Tue Dec  2 12:28:37 2025] >> SAMPLE[ 7745] lifetime[215 weeks], average[148.98]
[Tue Dec  2 12:28:38 2025] >> SAMPLE[ 7746] lifetime[188 weeks], average[148.99]
[Tue Dec  2 12:28:38 2025] >> SAMPLE[ 7747] lifetime[158 weeks], average[148.99]
[Tue Dec  2 12:28:39 2025] >> SAMPLE[ 7748] lifetime[109 weeks], average[148.98]
[Tue Dec  2 12:28:40 2025] >> SAMPLE[ 7749] lifetime[211 weeks], average[148.99]
[Tue Dec  2 12:28:40 2025] >> SAMPLE[ 7750] lifetime[ 93 weeks], average[148.98]
[Tue Dec  2 12:28:41 2025] >> SAMPLE[ 7751] lifetime[143 weeks], average[148.98]
[Tue Dec  2 12:28:42 2025] >> SAMPLE[ 7752] lifetime[175 weeks], average[148.98]
[Tue Dec  2 12:28:42 2025] >> SAMPLE[ 7753] lifetime[153 weeks], average[148.99]
[Tue Dec  2 12:28:43 2025] >> SAMPLE[ 7754] lifetime[142 weeks], average[148.98]
[Tue Dec  2 12:28:44 2025] >> SAMPLE[ 7755] lifetime[140 weeks], average[148.98]
[Tue Dec  2 12:28:44 2025] >> SAMPLE[ 7756] lifetime[158 weeks], average[148.98]
[Tue Dec  2 12:28:45 2025] >> SAMPLE[ 7757] lifetime[133 weeks], average[148.98]
[Tue Dec  2 12:28:46 2025] >> SAMPLE[ 7758] lifetime[171 weeks], average[148.98]
[Tue Dec  2 12:28:47 2025] >> SAMPLE[ 7759] lifetime[156 weeks], average[148.99]
[Tue Dec  2 12:28:47 2025] >> SAMPLE[ 7760] lifetime[149 weeks], average[148.99]
[Tue Dec  2 12:28:48 2025] >> SAMPLE[ 7761] lifetime[140 weeks], average[148.98]
[Tue Dec  2 12:28:49 2025] >> SAMPLE[ 7762] lifetime[164 weeks], average[148.99]
[Tue Dec  2 12:28:50 2025] >> SAMPLE[ 7763] lifetime[192 weeks], average[148.99]
[Tue Dec  2 12:28:50 2025] >> SAMPLE[ 7764] lifetime[122 weeks], average[148.99]
[Tue Dec  2 12:28:51 2025] >> SAMPLE[ 7765] lifetime[149 weeks], average[148.99]
[Tue Dec  2 12:28:52 2025] >> SAMPLE[ 7766] lifetime[158 weeks], average[148.99]
[Tue Dec  2 12:28:52 2025] >> SAMPLE[ 7767] lifetime[112 weeks], average[148.99]
[Tue Dec  2 12:28:53 2025] >> SAMPLE[ 7768] lifetime[123 weeks], average[148.98]
[Tue Dec  2 12:28:53 2025] >> SAMPLE[ 7769] lifetime[148 weeks], average[148.98]
[Tue Dec  2 12:28:54 2025] >> SAMPLE[ 7770] lifetime[134 weeks], average[148.98]
[Tue Dec  2 12:28:54 2025] >> SAMPLE[ 7771] lifetime[ 91 weeks], average[148.97]
[Tue Dec  2 12:28:55 2025] >> SAMPLE[ 7772] lifetime[128 weeks], average[148.97]
[Tue Dec  2 12:28:55 2025] >> SAMPLE[ 7773] lifetime[137 weeks], average[148.97]
[Tue Dec  2 12:28:56 2025] >> SAMPLE[ 7774] lifetime[163 weeks], average[148.97]
[Tue Dec  2 12:28:57 2025] >> SAMPLE[ 7775] lifetime[153 weeks], average[148.97]
[Tue Dec  2 12:28:58 2025] >> SAMPLE[ 7776] lifetime[175 weeks], average[148.97]
[Tue Dec  2 12:28:58 2025] >> SAMPLE[ 7777] lifetime[122 weeks], average[148.97]
[Tue Dec  2 12:28:59 2025] >> SAMPLE[ 7778] lifetime[139 weeks], average[148.97]
[Tue Dec  2 12:29:00 2025] >> SAMPLE[ 7779] lifetime[144 weeks], average[148.97]
[Tue Dec  2 12:29:00 2025] >> SAMPLE[ 7780] lifetime[117 weeks], average[148.96]
[Tue Dec  2 12:29:01 2025] >> SAMPLE[ 7781] lifetime[107 weeks], average[148.96]
[Tue Dec  2 12:29:01 2025] >> SAMPLE[ 7782] lifetime[186 weeks], average[148.96]
[Tue Dec  2 12:29:02 2025] >> SAMPLE[ 7783] lifetime[141 weeks], average[148.96]
[Tue Dec  2 12:29:03 2025] >> SAMPLE[ 7784] lifetime[124 weeks], average[148.96]
[Tue Dec  2 12:29:03 2025] >> SAMPLE[ 7785] lifetime[159 weeks], average[148.96]
[Tue Dec  2 12:29:04 2025] >> SAMPLE[ 7786] lifetime[145 weeks], average[148.96]
[Tue Dec  2 12:29:05 2025] >> SAMPLE[ 7787] lifetime[116 weeks], average[148.96]
[Tue Dec  2 12:29:05 2025] >> SAMPLE[ 7788] lifetime[125 weeks], average[148.95]
[Tue Dec  2 12:29:06 2025] >> SAMPLE[ 7789] lifetime[139 weeks], average[148.95]
[Tue Dec  2 12:29:06 2025] >> SAMPLE[ 7790] lifetime[ 96 weeks], average[148.94]
[Tue Dec  2 12:29:07 2025] >> SAMPLE[ 7791] lifetime[157 weeks], average[148.95]
[Tue Dec  2 12:29:08 2025] >> SAMPLE[ 7792] lifetime[198 weeks], average[148.95]
[Tue Dec  2 12:29:09 2025] >> SAMPLE[ 7793] lifetime[168 weeks], average[148.95]
[Tue Dec  2 12:29:09 2025] >> SAMPLE[ 7794] lifetime[ 99 weeks], average[148.95]
[Tue Dec  2 12:29:10 2025] >> SAMPLE[ 7795] lifetime[139 weeks], average[148.95]
[Tue Dec  2 12:29:10 2025] >> SAMPLE[ 7796] lifetime[105 weeks], average[148.94]
[Tue Dec  2 12:29:11 2025] >> SAMPLE[ 7797] lifetime[138 weeks], average[148.94]
[Tue Dec  2 12:29:12 2025] >> SAMPLE[ 7798] lifetime[168 weeks], average[148.94]
[Tue Dec  2 12:29:12 2025] >> SAMPLE[ 7799] lifetime[131 weeks], average[148.94]
[Tue Dec  2 12:29:15 2025] >> Generating new alpha
[Tue Dec  2 12:29:16 2025] >> SAMPLE[ 7800] lifetime[146 weeks], average[148.94]
[Tue Dec  2 12:29:16 2025] >> SAMPLE[ 7801] lifetime[141 weeks], average[148.94]
[Tue Dec  2 12:29:17 2025] >> SAMPLE[ 7802] lifetime[172 weeks], average[148.94]
[Tue Dec  2 12:29:18 2025] >> SAMPLE[ 7803] lifetime[161 weeks], average[148.94]
[Tue Dec  2 12:29:19 2025] >> SAMPLE[ 7804] lifetime[141 weeks], average[148.94]
[Tue Dec  2 12:29:19 2025] >> SAMPLE[ 7805] lifetime[171 weeks], average[148.94]
[Tue Dec  2 12:29:20 2025] >> SAMPLE[ 7806] lifetime[175 weeks], average[148.95]
[Tue Dec  2 12:29:21 2025] >> SAMPLE[ 7807] lifetime[178 weeks], average[148.95]
[Tue Dec  2 12:29:22 2025] >> SAMPLE[ 7808] lifetime[167 weeks], average[148.95]
[Tue Dec  2 12:29:22 2025] >> SAMPLE[ 7809] lifetime[128 weeks], average[148.95]
[Tue Dec  2 12:29:23 2025] >> SAMPLE[ 7810] lifetime[ 87 weeks], average[148.94]
[Tue Dec  2 12:29:24 2025] >> SAMPLE[ 7811] lifetime[183 weeks], average[148.95]
[Tue Dec  2 12:29:25 2025] >> SAMPLE[ 7812] lifetime[160 weeks], average[148.95]
[Tue Dec  2 12:29:25 2025] >> SAMPLE[ 7813] lifetime[171 weeks], average[148.95]
[Tue Dec  2 12:29:26 2025] >> SAMPLE[ 7814] lifetime[147 weeks], average[148.95]
[Tue Dec  2 12:29:27 2025] >> SAMPLE[ 7815] lifetime[169 weeks], average[148.95]
[Tue Dec  2 12:29:27 2025] >> SAMPLE[ 7816] lifetime[142 weeks], average[148.95]
[Tue Dec  2 12:29:28 2025] >> SAMPLE[ 7817] lifetime[139 weeks], average[148.95]
[Tue Dec  2 12:29:29 2025] >> SAMPLE[ 7818] lifetime[138 weeks], average[148.95]
[Tue Dec  2 12:29:29 2025] >> SAMPLE[ 7819] lifetime[126 weeks], average[148.95]
[Tue Dec  2 12:29:30 2025] >> SAMPLE[ 7820] lifetime[144 weeks], average[148.95]
[Tue Dec  2 12:29:31 2025] >> SAMPLE[ 7821] lifetime[144 weeks], average[148.95]
[Tue Dec  2 12:29:31 2025] >> SAMPLE[ 7822] lifetime[133 weeks], average[148.94]
[Tue Dec  2 12:29:32 2025] >> SAMPLE[ 7823] lifetime[139 weeks], average[148.94]
[Tue Dec  2 12:29:32 2025] >> SAMPLE[ 7824] lifetime[115 weeks], average[148.94]
[Tue Dec  2 12:29:33 2025] >> SAMPLE[ 7825] lifetime[148 weeks], average[148.94]
[Tue Dec  2 12:29:34 2025] >> SAMPLE[ 7826] lifetime[123 weeks], average[148.94]
[Tue Dec  2 12:29:34 2025] >> SAMPLE[ 7827] lifetime[178 weeks], average[148.94]
[Tue Dec  2 12:29:35 2025] >> SAMPLE[ 7828] lifetime[138 weeks], average[148.94]
[Tue Dec  2 12:29:36 2025] >> SAMPLE[ 7829] lifetime[173 weeks], average[148.94]
[Tue Dec  2 12:29:37 2025] >> SAMPLE[ 7830] lifetime[164 weeks], average[148.94]
[Tue Dec  2 12:29:37 2025] >> SAMPLE[ 7831] lifetime[126 weeks], average[148.94]
[Tue Dec  2 12:29:38 2025] >> SAMPLE[ 7832] lifetime[138 weeks], average[148.94]
[Tue Dec  2 12:29:38 2025] >> SAMPLE[ 7833] lifetime[133 weeks], average[148.94]
[Tue Dec  2 12:29:39 2025] >> SAMPLE[ 7834] lifetime[167 weeks], average[148.94]
[Tue Dec  2 12:29:40 2025] >> SAMPLE[ 7835] lifetime[137 weeks], average[148.94]
[Tue Dec  2 12:29:41 2025] >> SAMPLE[ 7836] lifetime[153 weeks], average[148.94]
[Tue Dec  2 12:29:41 2025] >> SAMPLE[ 7837] lifetime[149 weeks], average[148.94]
[Tue Dec  2 12:29:42 2025] >> SAMPLE[ 7838] lifetime[192 weeks], average[148.94]
[Tue Dec  2 12:29:43 2025] >> SAMPLE[ 7839] lifetime[ 97 weeks], average[148.94]
[Tue Dec  2 12:29:43 2025] >> SAMPLE[ 7840] lifetime[196 weeks], average[148.94]
[Tue Dec  2 12:29:44 2025] >> SAMPLE[ 7841] lifetime[125 weeks], average[148.94]
[Tue Dec  2 12:29:45 2025] >> SAMPLE[ 7842] lifetime[190 weeks], average[148.94]
[Tue Dec  2 12:29:46 2025] >> SAMPLE[ 7843] lifetime[153 weeks], average[148.95]
[Tue Dec  2 12:29:46 2025] >> SAMPLE[ 7844] lifetime[175 weeks], average[148.95]
[Tue Dec  2 12:29:47 2025] >> SAMPLE[ 7845] lifetime[131 weeks], average[148.95]
[Tue Dec  2 12:29:48 2025] >> SAMPLE[ 7846] lifetime[170 weeks], average[148.95]
[Tue Dec  2 12:29:48 2025] >> SAMPLE[ 7847] lifetime[130 weeks], average[148.95]
[Tue Dec  2 12:29:49 2025] >> SAMPLE[ 7848] lifetime[207 weeks], average[148.95]
[Tue Dec  2 12:29:50 2025] >> SAMPLE[ 7849] lifetime[180 weeks], average[148.96]
[Tue Dec  2 12:29:51 2025] >> SAMPLE[ 7850] lifetime[123 weeks], average[148.95]
[Tue Dec  2 12:29:52 2025] >> SAMPLE[ 7851] lifetime[153 weeks], average[148.96]
[Tue Dec  2 12:29:52 2025] >> SAMPLE[ 7852] lifetime[136 weeks], average[148.95]
[Tue Dec  2 12:29:53 2025] >> SAMPLE[ 7853] lifetime[162 weeks], average[148.96]
[Tue Dec  2 12:29:53 2025] >> SAMPLE[ 7854] lifetime[109 weeks], average[148.95]
[Tue Dec  2 12:29:54 2025] >> SAMPLE[ 7855] lifetime[156 weeks], average[148.95]
[Tue Dec  2 12:29:55 2025] >> SAMPLE[ 7856] lifetime[136 weeks], average[148.95]
[Tue Dec  2 12:29:55 2025] >> SAMPLE[ 7857] lifetime[167 weeks], average[148.95]
[Tue Dec  2 12:29:56 2025] >> SAMPLE[ 7858] lifetime[155 weeks], average[148.95]
[Tue Dec  2 12:29:57 2025] >> SAMPLE[ 7859] lifetime[162 weeks], average[148.95]
[Tue Dec  2 12:29:58 2025] >> SAMPLE[ 7860] lifetime[165 weeks], average[148.96]
[Tue Dec  2 12:29:59 2025] >> SAMPLE[ 7861] lifetime[181 weeks], average[148.96]
[Tue Dec  2 12:29:59 2025] >> SAMPLE[ 7862] lifetime[ 99 weeks], average[148.95]
[Tue Dec  2 12:30:00 2025] >> SAMPLE[ 7863] lifetime[145 weeks], average[148.95]
[Tue Dec  2 12:30:00 2025] >> SAMPLE[ 7864] lifetime[165 weeks], average[148.96]
[Tue Dec  2 12:30:01 2025] >> SAMPLE[ 7865] lifetime[102 weeks], average[148.95]
[Tue Dec  2 12:30:02 2025] >> SAMPLE[ 7866] lifetime[154 weeks], average[148.95]
[Tue Dec  2 12:30:02 2025] >> SAMPLE[ 7867] lifetime[155 weeks], average[148.95]
[Tue Dec  2 12:30:03 2025] >> SAMPLE[ 7868] lifetime[195 weeks], average[148.96]
[Tue Dec  2 12:30:04 2025] >> SAMPLE[ 7869] lifetime[173 weeks], average[148.96]
[Tue Dec  2 12:30:05 2025] >> SAMPLE[ 7870] lifetime[140 weeks], average[148.96]
[Tue Dec  2 12:30:05 2025] >> SAMPLE[ 7871] lifetime[147 weeks], average[148.96]
[Tue Dec  2 12:30:06 2025] >> SAMPLE[ 7872] lifetime[127 weeks], average[148.96]
[Tue Dec  2 12:30:06 2025] >> SAMPLE[ 7873] lifetime[128 weeks], average[148.95]
[Tue Dec  2 12:30:07 2025] >> SAMPLE[ 7874] lifetime[146 weeks], average[148.95]
[Tue Dec  2 12:30:08 2025] >> SAMPLE[ 7875] lifetime[150 weeks], average[148.95]
[Tue Dec  2 12:30:08 2025] >> SAMPLE[ 7876] lifetime[126 weeks], average[148.95]
[Tue Dec  2 12:30:09 2025] >> SAMPLE[ 7877] lifetime[131 weeks], average[148.95]
[Tue Dec  2 12:30:10 2025] >> SAMPLE[ 7878] lifetime[164 weeks], average[148.95]
[Tue Dec  2 12:30:10 2025] >> SAMPLE[ 7879] lifetime[133 weeks], average[148.95]
[Tue Dec  2 12:30:11 2025] >> SAMPLE[ 7880] lifetime[116 weeks], average[148.94]
[Tue Dec  2 12:30:11 2025] >> SAMPLE[ 7881] lifetime[123 weeks], average[148.94]
[Tue Dec  2 12:30:12 2025] >> SAMPLE[ 7882] lifetime[129 weeks], average[148.94]
[Tue Dec  2 12:30:13 2025] >> SAMPLE[ 7883] lifetime[137 weeks], average[148.94]
[Tue Dec  2 12:30:13 2025] >> SAMPLE[ 7884] lifetime[172 weeks], average[148.94]
[Tue Dec  2 12:30:14 2025] >> SAMPLE[ 7885] lifetime[165 weeks], average[148.94]
[Tue Dec  2 12:30:15 2025] >> SAMPLE[ 7886] lifetime[184 weeks], average[148.95]
[Tue Dec  2 12:30:16 2025] >> SAMPLE[ 7887] lifetime[175 weeks], average[148.95]
[Tue Dec  2 12:30:17 2025] >> SAMPLE[ 7888] lifetime[138 weeks], average[148.95]
[Tue Dec  2 12:30:17 2025] >> SAMPLE[ 7889] lifetime[174 weeks], average[148.95]
[Tue Dec  2 12:30:18 2025] >> SAMPLE[ 7890] lifetime[170 weeks], average[148.95]
[Tue Dec  2 12:30:19 2025] >> SAMPLE[ 7891] lifetime[151 weeks], average[148.95]
[Tue Dec  2 12:30:20 2025] >> SAMPLE[ 7892] lifetime[140 weeks], average[148.95]
[Tue Dec  2 12:30:21 2025] >> SAMPLE[ 7893] lifetime[201 weeks], average[148.96]
[Tue Dec  2 12:30:22 2025] >> SAMPLE[ 7894] lifetime[167 weeks], average[148.96]
[Tue Dec  2 12:30:22 2025] >> SAMPLE[ 7895] lifetime[161 weeks], average[148.96]
[Tue Dec  2 12:30:23 2025] >> SAMPLE[ 7896] lifetime[155 weeks], average[148.96]
[Tue Dec  2 12:30:24 2025] >> SAMPLE[ 7897] lifetime[114 weeks], average[148.96]
[Tue Dec  2 12:30:24 2025] >> SAMPLE[ 7898] lifetime[148 weeks], average[148.96]
[Tue Dec  2 12:30:25 2025] >> SAMPLE[ 7899] lifetime[159 weeks], average[148.96]
[Tue Dec  2 12:30:28 2025] >> Generating new alpha
[Tue Dec  2 12:30:29 2025] >> SAMPLE[ 7900] lifetime[229 weeks], average[148.97]
[Tue Dec  2 12:30:30 2025] >> SAMPLE[ 7901] lifetime[179 weeks], average[148.97]
[Tue Dec  2 12:30:30 2025] >> SAMPLE[ 7902] lifetime[136 weeks], average[148.97]
[Tue Dec  2 12:30:31 2025] >> SAMPLE[ 7903] lifetime[139 weeks], average[148.97]
[Tue Dec  2 12:30:31 2025] >> SAMPLE[ 7904] lifetime[145 weeks], average[148.97]
[Tue Dec  2 12:30:32 2025] >> SAMPLE[ 7905] lifetime[114 weeks], average[148.97]
[Tue Dec  2 12:30:33 2025] >> SAMPLE[ 7906] lifetime[170 weeks], average[148.97]
[Tue Dec  2 12:30:33 2025] >> SAMPLE[ 7907] lifetime[104 weeks], average[148.96]
[Tue Dec  2 12:30:34 2025] >> SAMPLE[ 7908] lifetime[131 weeks], average[148.96]
[Tue Dec  2 12:30:34 2025] >> SAMPLE[ 7909] lifetime[118 weeks], average[148.96]
[Tue Dec  2 12:30:35 2025] >> SAMPLE[ 7910] lifetime[171 weeks], average[148.96]
[Tue Dec  2 12:30:36 2025] >> SAMPLE[ 7911] lifetime[193 weeks], average[148.97]
[Tue Dec  2 12:30:37 2025] >> SAMPLE[ 7912] lifetime[154 weeks], average[148.97]
[Tue Dec  2 12:30:37 2025] >> SAMPLE[ 7913] lifetime[113 weeks], average[148.96]
[Tue Dec  2 12:30:38 2025] >> SAMPLE[ 7914] lifetime[143 weeks], average[148.96]
[Tue Dec  2 12:30:39 2025] >> SAMPLE[ 7915] lifetime[160 weeks], average[148.96]
[Tue Dec  2 12:30:40 2025] >> SAMPLE[ 7916] lifetime[160 weeks], average[148.96]
[Tue Dec  2 12:30:40 2025] >> SAMPLE[ 7917] lifetime[125 weeks], average[148.96]
[Tue Dec  2 12:30:41 2025] >> SAMPLE[ 7918] lifetime[122 weeks], average[148.96]
[Tue Dec  2 12:30:42 2025] >> SAMPLE[ 7919] lifetime[138 weeks], average[148.96]
[Tue Dec  2 12:30:42 2025] >> SAMPLE[ 7920] lifetime[125 weeks], average[148.95]
[Tue Dec  2 12:30:43 2025] >> SAMPLE[ 7921] lifetime[134 weeks], average[148.95]
[Tue Dec  2 12:30:43 2025] >> SAMPLE[ 7922] lifetime[149 weeks], average[148.95]
[Tue Dec  2 12:30:44 2025] >> SAMPLE[ 7923] lifetime[150 weeks], average[148.95]
[Tue Dec  2 12:30:45 2025] >> SAMPLE[ 7924] lifetime[165 weeks], average[148.95]
[Tue Dec  2 12:30:46 2025] >> SAMPLE[ 7925] lifetime[143 weeks], average[148.95]
[Tue Dec  2 12:30:46 2025] >> SAMPLE[ 7926] lifetime[156 weeks], average[148.95]
[Tue Dec  2 12:30:47 2025] >> SAMPLE[ 7927] lifetime[177 weeks], average[148.96]
[Tue Dec  2 12:30:48 2025] >> SAMPLE[ 7928] lifetime[161 weeks], average[148.96]
[Tue Dec  2 12:30:49 2025] >> SAMPLE[ 7929] lifetime[142 weeks], average[148.96]
[Tue Dec  2 12:30:49 2025] >> SAMPLE[ 7930] lifetime[158 weeks], average[148.96]
[Tue Dec  2 12:30:50 2025] >> SAMPLE[ 7931] lifetime[155 weeks], average[148.96]
[Tue Dec  2 12:30:51 2025] >> SAMPLE[ 7932] lifetime[154 weeks], average[148.96]
[Tue Dec  2 12:30:52 2025] >> SAMPLE[ 7933] lifetime[165 weeks], average[148.96]
[Tue Dec  2 12:30:52 2025] >> SAMPLE[ 7934] lifetime[127 weeks], average[148.96]
[Tue Dec  2 12:30:53 2025] >> SAMPLE[ 7935] lifetime[123 weeks], average[148.96]
[Tue Dec  2 12:30:54 2025] >> SAMPLE[ 7936] lifetime[196 weeks], average[148.96]
[Tue Dec  2 12:30:54 2025] >> SAMPLE[ 7937] lifetime[154 weeks], average[148.96]
[Tue Dec  2 12:30:55 2025] >> SAMPLE[ 7938] lifetime[182 weeks], average[148.97]
[Tue Dec  2 12:30:56 2025] >> SAMPLE[ 7939] lifetime[157 weeks], average[148.97]
[Tue Dec  2 12:30:56 2025] >> SAMPLE[ 7940] lifetime[113 weeks], average[148.96]
[Tue Dec  2 12:30:57 2025] >> SAMPLE[ 7941] lifetime[141 weeks], average[148.96]
[Tue Dec  2 12:30:58 2025] >> SAMPLE[ 7942] lifetime[123 weeks], average[148.96]
[Tue Dec  2 12:30:58 2025] >> SAMPLE[ 7943] lifetime[127 weeks], average[148.96]
[Tue Dec  2 12:30:58 2025] >> SAMPLE[ 7944] lifetime[106 weeks], average[148.95]
[Tue Dec  2 12:30:59 2025] >> SAMPLE[ 7945] lifetime[172 weeks], average[148.95]
[Tue Dec  2 12:31:00 2025] >> SAMPLE[ 7946] lifetime[162 weeks], average[148.96]
[Tue Dec  2 12:31:01 2025] >> SAMPLE[ 7947] lifetime[144 weeks], average[148.95]
[Tue Dec  2 12:31:01 2025] >> SAMPLE[ 7948] lifetime[100 weeks], average[148.95]
[Tue Dec  2 12:31:02 2025] >> SAMPLE[ 7949] lifetime[164 weeks], average[148.95]
[Tue Dec  2 12:31:03 2025] >> SAMPLE[ 7950] lifetime[210 weeks], average[148.96]
[Tue Dec  2 12:31:04 2025] >> SAMPLE[ 7951] lifetime[173 weeks], average[148.96]
[Tue Dec  2 12:31:04 2025] >> SAMPLE[ 7952] lifetime[164 weeks], average[148.96]
[Tue Dec  2 12:31:05 2025] >> SAMPLE[ 7953] lifetime[169 weeks], average[148.97]
[Tue Dec  2 12:31:06 2025] >> SAMPLE[ 7954] lifetime[190 weeks], average[148.97]
[Tue Dec  2 12:31:07 2025] >> SAMPLE[ 7955] lifetime[185 weeks], average[148.97]
[Tue Dec  2 12:31:08 2025] >> SAMPLE[ 7956] lifetime[116 weeks], average[148.97]
[Tue Dec  2 12:31:08 2025] >> SAMPLE[ 7957] lifetime[179 weeks], average[148.97]
[Tue Dec  2 12:31:09 2025] >> SAMPLE[ 7958] lifetime[144 weeks], average[148.97]
[Tue Dec  2 12:31:10 2025] >> SAMPLE[ 7959] lifetime[169 weeks], average[148.98]
[Tue Dec  2 12:31:11 2025] >> SAMPLE[ 7960] lifetime[163 weeks], average[148.98]
[Tue Dec  2 12:31:11 2025] >> SAMPLE[ 7961] lifetime[127 weeks], average[148.98]
[Tue Dec  2 12:31:12 2025] >> SAMPLE[ 7962] lifetime[115 weeks], average[148.97]
[Tue Dec  2 12:31:13 2025] >> SAMPLE[ 7963] lifetime[182 weeks], average[148.98]
[Tue Dec  2 12:31:13 2025] >> SAMPLE[ 7964] lifetime[145 weeks], average[148.97]
[Tue Dec  2 12:31:14 2025] >> SAMPLE[ 7965] lifetime[125 weeks], average[148.97]
[Tue Dec  2 12:31:14 2025] >> SAMPLE[ 7966] lifetime[141 weeks], average[148.97]
[Tue Dec  2 12:31:15 2025] >> SAMPLE[ 7967] lifetime[106 weeks], average[148.97]
[Tue Dec  2 12:31:15 2025] >> SAMPLE[ 7968] lifetime[139 weeks], average[148.96]
[Tue Dec  2 12:31:16 2025] >> SAMPLE[ 7969] lifetime[139 weeks], average[148.96]
[Tue Dec  2 12:31:17 2025] >> SAMPLE[ 7970] lifetime[119 weeks], average[148.96]
[Tue Dec  2 12:31:17 2025] >> SAMPLE[ 7971] lifetime[135 weeks], average[148.96]
[Tue Dec  2 12:31:18 2025] >> SAMPLE[ 7972] lifetime[157 weeks], average[148.96]
[Tue Dec  2 12:31:19 2025] >> SAMPLE[ 7973] lifetime[164 weeks], average[148.96]
[Tue Dec  2 12:31:19 2025] >> SAMPLE[ 7974] lifetime[117 weeks], average[148.96]
[Tue Dec  2 12:31:20 2025] >> SAMPLE[ 7975] lifetime[153 weeks], average[148.96]
[Tue Dec  2 12:31:21 2025] >> SAMPLE[ 7976] lifetime[154 weeks], average[148.96]
[Tue Dec  2 12:31:21 2025] >> SAMPLE[ 7977] lifetime[130 weeks], average[148.96]
[Tue Dec  2 12:31:22 2025] >> SAMPLE[ 7978] lifetime[134 weeks], average[148.95]
[Tue Dec  2 12:31:23 2025] >> SAMPLE[ 7979] lifetime[173 weeks], average[148.96]
[Tue Dec  2 12:31:23 2025] >> SAMPLE[ 7980] lifetime[100 weeks], average[148.95]
[Tue Dec  2 12:31:24 2025] >> SAMPLE[ 7981] lifetime[152 weeks], average[148.95]
[Tue Dec  2 12:31:24 2025] >> SAMPLE[ 7982] lifetime[123 weeks], average[148.95]
[Tue Dec  2 12:31:25 2025] >> SAMPLE[ 7983] lifetime[155 weeks], average[148.95]
[Tue Dec  2 12:31:25 2025] >> SAMPLE[ 7984] lifetime[118 weeks], average[148.94]
[Tue Dec  2 12:31:26 2025] >> SAMPLE[ 7985] lifetime[177 weeks], average[148.95]
[Tue Dec  2 12:31:27 2025] >> SAMPLE[ 7986] lifetime[138 weeks], average[148.95]
[Tue Dec  2 12:31:27 2025] >> SAMPLE[ 7987] lifetime[127 weeks], average[148.94]
[Tue Dec  2 12:31:28 2025] >> SAMPLE[ 7988] lifetime[138 weeks], average[148.94]
[Tue Dec  2 12:31:29 2025] >> SAMPLE[ 7989] lifetime[154 weeks], average[148.94]
[Tue Dec  2 12:31:29 2025] >> SAMPLE[ 7990] lifetime[121 weeks], average[148.94]
[Tue Dec  2 12:31:30 2025] >> SAMPLE[ 7991] lifetime[162 weeks], average[148.94]
[Tue Dec  2 12:31:31 2025] >> SAMPLE[ 7992] lifetime[120 weeks], average[148.94]
[Tue Dec  2 12:31:31 2025] >> SAMPLE[ 7993] lifetime[177 weeks], average[148.94]
[Tue Dec  2 12:31:32 2025] >> SAMPLE[ 7994] lifetime[175 weeks], average[148.94]
[Tue Dec  2 12:31:33 2025] >> SAMPLE[ 7995] lifetime[124 weeks], average[148.94]
[Tue Dec  2 12:31:34 2025] >> SAMPLE[ 7996] lifetime[184 weeks], average[148.95]
[Tue Dec  2 12:31:34 2025] >> SAMPLE[ 7997] lifetime[115 weeks], average[148.94]
[Tue Dec  2 12:31:35 2025] >> SAMPLE[ 7998] lifetime[171 weeks], average[148.94]
[Tue Dec  2 12:31:36 2025] >> SAMPLE[ 7999] lifetime[174 weeks], average[148.95]
[Tue Dec  2 12:31:38 2025] >> Generating new alpha
[Tue Dec  2 12:31:39 2025] >> SAMPLE[ 8000] lifetime[ 96 weeks], average[148.94]
[Tue Dec  2 12:31:39 2025] >> SAMPLE[ 8001] lifetime[162 weeks], average[148.94]
[Tue Dec  2 12:31:40 2025] >> SAMPLE[ 8002] lifetime[143 weeks], average[148.94]
[Tue Dec  2 12:31:41 2025] >> SAMPLE[ 8003] lifetime[184 weeks], average[148.95]
[Tue Dec  2 12:31:42 2025] >> SAMPLE[ 8004] lifetime[166 weeks], average[148.95]
[Tue Dec  2 12:31:42 2025] >> SAMPLE[ 8005] lifetime[154 weeks], average[148.95]
[Tue Dec  2 12:31:43 2025] >> SAMPLE[ 8006] lifetime[150 weeks], average[148.95]
[Tue Dec  2 12:31:44 2025] >> SAMPLE[ 8007] lifetime[136 weeks], average[148.95]
[Tue Dec  2 12:31:45 2025] >> SAMPLE[ 8008] lifetime[162 weeks], average[148.95]
[Tue Dec  2 12:31:45 2025] >> SAMPLE[ 8009] lifetime[139 weeks], average[148.95]
[Tue Dec  2 12:31:46 2025] >> SAMPLE[ 8010] lifetime[139 weeks], average[148.95]
[Tue Dec  2 12:31:47 2025] >> SAMPLE[ 8011] lifetime[165 weeks], average[148.95]
[Tue Dec  2 12:31:47 2025] >> SAMPLE[ 8012] lifetime[182 weeks], average[148.95]
[Tue Dec  2 12:31:48 2025] >> SAMPLE[ 8013] lifetime[145 weeks], average[148.95]
[Tue Dec  2 12:31:49 2025] >> SAMPLE[ 8014] lifetime[163 weeks], average[148.95]
[Tue Dec  2 12:31:50 2025] >> SAMPLE[ 8015] lifetime[200 weeks], average[148.96]
[Tue Dec  2 12:31:50 2025] >> SAMPLE[ 8016] lifetime[125 weeks], average[148.96]
[Tue Dec  2 12:31:51 2025] >> SAMPLE[ 8017] lifetime[134 weeks], average[148.95]
[Tue Dec  2 12:31:51 2025] >> SAMPLE[ 8018] lifetime[ 94 weeks], average[148.95]
[Tue Dec  2 12:31:52 2025] >> SAMPLE[ 8019] lifetime[148 weeks], average[148.95]
[Tue Dec  2 12:31:52 2025] >> SAMPLE[ 8020] lifetime[ 97 weeks], average[148.94]
[Tue Dec  2 12:31:53 2025] >> SAMPLE[ 8021] lifetime[184 weeks], average[148.95]
[Tue Dec  2 12:31:54 2025] >> SAMPLE[ 8022] lifetime[134 weeks], average[148.94]
[Tue Dec  2 12:31:55 2025] >> SAMPLE[ 8023] lifetime[193 weeks], average[148.95]
[Tue Dec  2 12:31:56 2025] >> SAMPLE[ 8024] lifetime[176 weeks], average[148.95]
[Tue Dec  2 12:31:56 2025] >> SAMPLE[ 8025] lifetime[138 weeks], average[148.95]
[Tue Dec  2 12:31:57 2025] >> SAMPLE[ 8026] lifetime[141 weeks], average[148.95]
[Tue Dec  2 12:31:57 2025] >> SAMPLE[ 8027] lifetime[125 weeks], average[148.95]
[Tue Dec  2 12:31:58 2025] >> SAMPLE[ 8028] lifetime[156 weeks], average[148.95]
[Tue Dec  2 12:31:59 2025] >> SAMPLE[ 8029] lifetime[122 weeks], average[148.95]
[Tue Dec  2 12:31:59 2025] >> SAMPLE[ 8030] lifetime[161 weeks], average[148.95]
[Tue Dec  2 12:32:00 2025] >> SAMPLE[ 8031] lifetime[127 weeks], average[148.94]
[Tue Dec  2 12:32:01 2025] >> SAMPLE[ 8032] lifetime[155 weeks], average[148.94]
[Tue Dec  2 12:32:02 2025] >> SAMPLE[ 8033] lifetime[202 weeks], average[148.95]
[Tue Dec  2 12:32:02 2025] >> SAMPLE[ 8034] lifetime[119 weeks], average[148.95]
[Tue Dec  2 12:32:03 2025] >> SAMPLE[ 8035] lifetime[147 weeks], average[148.95]
[Tue Dec  2 12:32:04 2025] >> SAMPLE[ 8036] lifetime[197 weeks], average[148.95]
[Tue Dec  2 12:32:04 2025] >> SAMPLE[ 8037] lifetime[125 weeks], average[148.95]
[Tue Dec  2 12:32:05 2025] >> SAMPLE[ 8038] lifetime[127 weeks], average[148.95]
[Tue Dec  2 12:32:06 2025] >> SAMPLE[ 8039] lifetime[196 weeks], average[148.95]
[Tue Dec  2 12:32:06 2025] >> SAMPLE[ 8040] lifetime[131 weeks], average[148.95]
[Tue Dec  2 12:32:07 2025] >> SAMPLE[ 8041] lifetime[166 weeks], average[148.95]
[Tue Dec  2 12:32:08 2025] >> SAMPLE[ 8042] lifetime[ 95 weeks], average[148.95]
[Tue Dec  2 12:32:08 2025] >> SAMPLE[ 8043] lifetime[139 weeks], average[148.95]
[Tue Dec  2 12:32:09 2025] >> SAMPLE[ 8044] lifetime[165 weeks], average[148.95]
[Tue Dec  2 12:32:10 2025] >> SAMPLE[ 8045] lifetime[126 weeks], average[148.94]
[Tue Dec  2 12:32:10 2025] >> SAMPLE[ 8046] lifetime[131 weeks], average[148.94]
[Tue Dec  2 12:32:11 2025] >> SAMPLE[ 8047] lifetime[166 weeks], average[148.94]
[Tue Dec  2 12:32:12 2025] >> SAMPLE[ 8048] lifetime[156 weeks], average[148.95]
[Tue Dec  2 12:32:12 2025] >> SAMPLE[ 8049] lifetime[146 weeks], average[148.94]
[Tue Dec  2 12:32:13 2025] >> SAMPLE[ 8050] lifetime[136 weeks], average[148.94]
[Tue Dec  2 12:32:13 2025] >> SAMPLE[ 8051] lifetime[106 weeks], average[148.94]
[Tue Dec  2 12:32:14 2025] >> SAMPLE[ 8052] lifetime[141 weeks], average[148.94]
[Tue Dec  2 12:32:15 2025] >> SAMPLE[ 8053] lifetime[160 weeks], average[148.94]
[Tue Dec  2 12:32:16 2025] >> SAMPLE[ 8054] lifetime[165 weeks], average[148.94]
[Tue Dec  2 12:32:16 2025] >> SAMPLE[ 8055] lifetime[102 weeks], average[148.93]
[Tue Dec  2 12:32:17 2025] >> SAMPLE[ 8056] lifetime[134 weeks], average[148.93]
[Tue Dec  2 12:32:17 2025] >> SAMPLE[ 8057] lifetime[157 weeks], average[148.93]
[Tue Dec  2 12:32:18 2025] >> SAMPLE[ 8058] lifetime[103 weeks], average[148.93]
[Tue Dec  2 12:32:19 2025] >> SAMPLE[ 8059] lifetime[185 weeks], average[148.93]
[Tue Dec  2 12:32:19 2025] >> SAMPLE[ 8060] lifetime[135 weeks], average[148.93]
[Tue Dec  2 12:32:20 2025] >> SAMPLE[ 8061] lifetime[177 weeks], average[148.93]
[Tue Dec  2 12:32:21 2025] >> SAMPLE[ 8062] lifetime[112 weeks], average[148.93]
[Tue Dec  2 12:32:21 2025] >> SAMPLE[ 8063] lifetime[137 weeks], average[148.93]
[Tue Dec  2 12:32:22 2025] >> SAMPLE[ 8064] lifetime[171 weeks], average[148.93]
[Tue Dec  2 12:32:23 2025] >> SAMPLE[ 8065] lifetime[120 weeks], average[148.93]
[Tue Dec  2 12:32:23 2025] >> SAMPLE[ 8066] lifetime[110 weeks], average[148.92]
[Tue Dec  2 12:32:24 2025] >> SAMPLE[ 8067] lifetime[126 weeks], average[148.92]
[Tue Dec  2 12:32:24 2025] >> SAMPLE[ 8068] lifetime[145 weeks], average[148.92]
[Tue Dec  2 12:32:25 2025] >> SAMPLE[ 8069] lifetime[169 weeks], average[148.92]
[Tue Dec  2 12:32:26 2025] >> SAMPLE[ 8070] lifetime[143 weeks], average[148.92]
[Tue Dec  2 12:32:27 2025] >> SAMPLE[ 8071] lifetime[198 weeks], average[148.93]
[Tue Dec  2 12:32:27 2025] >> SAMPLE[ 8072] lifetime[148 weeks], average[148.93]
[Tue Dec  2 12:32:28 2025] >> SAMPLE[ 8073] lifetime[183 weeks], average[148.93]
[Tue Dec  2 12:32:29 2025] >> SAMPLE[ 8074] lifetime[123 weeks], average[148.93]
[Tue Dec  2 12:32:29 2025] >> SAMPLE[ 8075] lifetime[155 weeks], average[148.93]
[Tue Dec  2 12:32:30 2025] >> SAMPLE[ 8076] lifetime[135 weeks], average[148.93]
[Tue Dec  2 12:32:31 2025] >> SAMPLE[ 8077] lifetime[172 weeks], average[148.93]
[Tue Dec  2 12:32:31 2025] >> SAMPLE[ 8078] lifetime[151 weeks], average[148.93]
[Tue Dec  2 12:32:32 2025] >> SAMPLE[ 8079] lifetime[103 weeks], average[148.92]
[Tue Dec  2 12:32:33 2025] >> SAMPLE[ 8080] lifetime[147 weeks], average[148.92]
[Tue Dec  2 12:32:33 2025] >> SAMPLE[ 8081] lifetime[150 weeks], average[148.92]
[Tue Dec  2 12:32:34 2025] >> SAMPLE[ 8082] lifetime[126 weeks], average[148.92]
[Tue Dec  2 12:32:35 2025] >> SAMPLE[ 8083] lifetime[158 weeks], average[148.92]
[Tue Dec  2 12:32:35 2025] >> SAMPLE[ 8084] lifetime[154 weeks], average[148.92]
[Tue Dec  2 12:32:36 2025] >> SAMPLE[ 8085] lifetime[176 weeks], average[148.93]
[Tue Dec  2 12:32:37 2025] >> SAMPLE[ 8086] lifetime[158 weeks], average[148.93]
[Tue Dec  2 12:32:38 2025] >> SAMPLE[ 8087] lifetime[168 weeks], average[148.93]
[Tue Dec  2 12:32:38 2025] >> SAMPLE[ 8088] lifetime[142 weeks], average[148.93]
[Tue Dec  2 12:32:39 2025] >> SAMPLE[ 8089] lifetime[160 weeks], average[148.93]
[Tue Dec  2 12:32:40 2025] >> SAMPLE[ 8090] lifetime[181 weeks], average[148.93]
[Tue Dec  2 12:32:41 2025] >> SAMPLE[ 8091] lifetime[158 weeks], average[148.94]
[Tue Dec  2 12:32:41 2025] >> SAMPLE[ 8092] lifetime[123 weeks], average[148.93]
[Tue Dec  2 12:32:42 2025] >> SAMPLE[ 8093] lifetime[128 weeks], average[148.93]
[Tue Dec  2 12:32:42 2025] >> SAMPLE[ 8094] lifetime[125 weeks], average[148.93]
[Tue Dec  2 12:32:43 2025] >> SAMPLE[ 8095] lifetime[144 weeks], average[148.93]
[Tue Dec  2 12:32:44 2025] >> SAMPLE[ 8096] lifetime[169 weeks], average[148.93]
[Tue Dec  2 12:32:44 2025] >> SAMPLE[ 8097] lifetime[152 weeks], average[148.93]
[Tue Dec  2 12:32:45 2025] >> SAMPLE[ 8098] lifetime[178 weeks], average[148.93]
[Tue Dec  2 12:32:46 2025] >> SAMPLE[ 8099] lifetime[194 weeks], average[148.94]
[Tue Dec  2 12:32:49 2025] >> Generating new alpha
[Tue Dec  2 12:32:49 2025] >> SAMPLE[ 8100] lifetime[158 weeks], average[148.94]
[Tue Dec  2 12:32:50 2025] >> SAMPLE[ 8101] lifetime[140 weeks], average[148.94]
[Tue Dec  2 12:32:51 2025] >> SAMPLE[ 8102] lifetime[159 weeks], average[148.94]
[Tue Dec  2 12:32:52 2025] >> SAMPLE[ 8103] lifetime[159 weeks], average[148.94]
[Tue Dec  2 12:32:52 2025] >> SAMPLE[ 8104] lifetime[150 weeks], average[148.94]
[Tue Dec  2 12:32:53 2025] >> SAMPLE[ 8105] lifetime[160 weeks], average[148.94]
[Tue Dec  2 12:32:54 2025] >> SAMPLE[ 8106] lifetime[140 weeks], average[148.94]
[Tue Dec  2 12:32:54 2025] >> SAMPLE[ 8107] lifetime[143 weeks], average[148.94]
[Tue Dec  2 12:32:55 2025] >> SAMPLE[ 8108] lifetime[150 weeks], average[148.94]
[Tue Dec  2 12:32:56 2025] >> SAMPLE[ 8109] lifetime[184 weeks], average[148.94]
[Tue Dec  2 12:32:57 2025] >> SAMPLE[ 8110] lifetime[169 weeks], average[148.95]
[Tue Dec  2 12:32:57 2025] >> SAMPLE[ 8111] lifetime[160 weeks], average[148.95]
[Tue Dec  2 12:32:58 2025] >> SAMPLE[ 8112] lifetime[131 weeks], average[148.95]
[Tue Dec  2 12:32:59 2025] >> SAMPLE[ 8113] lifetime[169 weeks], average[148.95]
[Tue Dec  2 12:32:59 2025] >> SAMPLE[ 8114] lifetime[148 weeks], average[148.95]
[Tue Dec  2 12:33:00 2025] >> SAMPLE[ 8115] lifetime[151 weeks], average[148.95]
[Tue Dec  2 12:33:01 2025] >> SAMPLE[ 8116] lifetime[156 weeks], average[148.95]
[Tue Dec  2 12:33:01 2025] >> SAMPLE[ 8117] lifetime[141 weeks], average[148.95]
[Tue Dec  2 12:33:02 2025] >> SAMPLE[ 8118] lifetime[142 weeks], average[148.95]
[Tue Dec  2 12:33:03 2025] >> SAMPLE[ 8119] lifetime[194 weeks], average[148.95]
[Tue Dec  2 12:33:04 2025] >> SAMPLE[ 8120] lifetime[156 weeks], average[148.95]
[Tue Dec  2 12:33:04 2025] >> SAMPLE[ 8121] lifetime[115 weeks], average[148.95]
[Tue Dec  2 12:33:05 2025] >> SAMPLE[ 8122] lifetime[167 weeks], average[148.95]
[Tue Dec  2 12:33:06 2025] >> SAMPLE[ 8123] lifetime[145 weeks], average[148.95]
[Tue Dec  2 12:33:07 2025] >> SAMPLE[ 8124] lifetime[178 weeks], average[148.96]
[Tue Dec  2 12:33:07 2025] >> SAMPLE[ 8125] lifetime[141 weeks], average[148.95]
[Tue Dec  2 12:33:08 2025] >> SAMPLE[ 8126] lifetime[174 weeks], average[148.96]
[Tue Dec  2 12:33:09 2025] >> SAMPLE[ 8127] lifetime[183 weeks], average[148.96]
[Tue Dec  2 12:33:10 2025] >> SAMPLE[ 8128] lifetime[155 weeks], average[148.96]
[Tue Dec  2 12:33:10 2025] >> SAMPLE[ 8129] lifetime[142 weeks], average[148.96]
[Tue Dec  2 12:33:11 2025] >> SAMPLE[ 8130] lifetime[174 weeks], average[148.96]
[Tue Dec  2 12:33:12 2025] >> SAMPLE[ 8131] lifetime[164 weeks], average[148.97]
[Tue Dec  2 12:33:13 2025] >> SAMPLE[ 8132] lifetime[162 weeks], average[148.97]
[Tue Dec  2 12:33:13 2025] >> SAMPLE[ 8133] lifetime[119 weeks], average[148.96]
[Tue Dec  2 12:33:14 2025] >> SAMPLE[ 8134] lifetime[140 weeks], average[148.96]
[Tue Dec  2 12:33:14 2025] >> SAMPLE[ 8135] lifetime[142 weeks], average[148.96]
[Tue Dec  2 12:33:15 2025] >> SAMPLE[ 8136] lifetime[156 weeks], average[148.96]
[Tue Dec  2 12:33:16 2025] >> SAMPLE[ 8137] lifetime[179 weeks], average[148.97]
[Tue Dec  2 12:33:17 2025] >> SAMPLE[ 8138] lifetime[157 weeks], average[148.97]
[Tue Dec  2 12:33:17 2025] >> SAMPLE[ 8139] lifetime[148 weeks], average[148.97]
[Tue Dec  2 12:33:18 2025] >> SAMPLE[ 8140] lifetime[148 weeks], average[148.97]
[Tue Dec  2 12:33:19 2025] >> SAMPLE[ 8141] lifetime[114 weeks], average[148.96]
[Tue Dec  2 12:33:19 2025] >> SAMPLE[ 8142] lifetime[110 weeks], average[148.96]
[Tue Dec  2 12:33:20 2025] >> SAMPLE[ 8143] lifetime[144 weeks], average[148.96]
[Tue Dec  2 12:33:20 2025] >> SAMPLE[ 8144] lifetime[170 weeks], average[148.96]
[Tue Dec  2 12:33:21 2025] >> SAMPLE[ 8145] lifetime[187 weeks], average[148.97]
[Tue Dec  2 12:33:22 2025] >> SAMPLE[ 8146] lifetime[130 weeks], average[148.96]
[Tue Dec  2 12:33:23 2025] >> SAMPLE[ 8147] lifetime[186 weeks], average[148.97]
[Tue Dec  2 12:33:23 2025] >> SAMPLE[ 8148] lifetime[148 weeks], average[148.97]
[Tue Dec  2 12:33:24 2025] >> SAMPLE[ 8149] lifetime[144 weeks], average[148.97]
[Tue Dec  2 12:33:25 2025] >> SAMPLE[ 8150] lifetime[159 weeks], average[148.97]
[Tue Dec  2 12:33:25 2025] >> SAMPLE[ 8151] lifetime[ 88 weeks], average[148.96]
[Tue Dec  2 12:33:26 2025] >> SAMPLE[ 8152] lifetime[142 weeks], average[148.96]
[Tue Dec  2 12:33:26 2025] >> SAMPLE[ 8153] lifetime[133 weeks], average[148.96]
[Tue Dec  2 12:33:27 2025] >> SAMPLE[ 8154] lifetime[157 weeks], average[148.96]
[Tue Dec  2 12:33:28 2025] >> SAMPLE[ 8155] lifetime[135 weeks], average[148.96]
[Tue Dec  2 12:33:28 2025] >> SAMPLE[ 8156] lifetime[141 weeks], average[148.96]
[Tue Dec  2 12:33:29 2025] >> SAMPLE[ 8157] lifetime[149 weeks], average[148.96]
[Tue Dec  2 12:33:30 2025] >> SAMPLE[ 8158] lifetime[156 weeks], average[148.96]
[Tue Dec  2 12:33:30 2025] >> SAMPLE[ 8159] lifetime[104 weeks], average[148.95]
[Tue Dec  2 12:33:31 2025] >> SAMPLE[ 8160] lifetime[182 weeks], average[148.96]
[Tue Dec  2 12:33:32 2025] >> SAMPLE[ 8161] lifetime[141 weeks], average[148.95]
[Tue Dec  2 12:33:33 2025] >> SAMPLE[ 8162] lifetime[173 weeks], average[148.96]
[Tue Dec  2 12:33:33 2025] >> SAMPLE[ 8163] lifetime[125 weeks], average[148.95]
[Tue Dec  2 12:33:34 2025] >> SAMPLE[ 8164] lifetime[178 weeks], average[148.96]
[Tue Dec  2 12:33:35 2025] >> SAMPLE[ 8165] lifetime[173 weeks], average[148.96]
[Tue Dec  2 12:33:36 2025] >> SAMPLE[ 8166] lifetime[219 weeks], average[148.97]
[Tue Dec  2 12:33:37 2025] >> SAMPLE[ 8167] lifetime[163 weeks], average[148.97]
[Tue Dec  2 12:33:37 2025] >> SAMPLE[ 8168] lifetime[145 weeks], average[148.97]
[Tue Dec  2 12:33:38 2025] >> SAMPLE[ 8169] lifetime[ 94 weeks], average[148.96]
[Tue Dec  2 12:33:38 2025] >> SAMPLE[ 8170] lifetime[179 weeks], average[148.97]
[Tue Dec  2 12:33:39 2025] >> SAMPLE[ 8171] lifetime[146 weeks], average[148.97]
[Tue Dec  2 12:33:40 2025] >> SAMPLE[ 8172] lifetime[145 weeks], average[148.97]
[Tue Dec  2 12:33:41 2025] >> SAMPLE[ 8173] lifetime[155 weeks], average[148.97]
[Tue Dec  2 12:33:41 2025] >> SAMPLE[ 8174] lifetime[112 weeks], average[148.96]
[Tue Dec  2 12:33:42 2025] >> SAMPLE[ 8175] lifetime[139 weeks], average[148.96]
[Tue Dec  2 12:33:42 2025] >> SAMPLE[ 8176] lifetime[164 weeks], average[148.96]
[Tue Dec  2 12:33:43 2025] >> SAMPLE[ 8177] lifetime[139 weeks], average[148.96]
[Tue Dec  2 12:33:44 2025] >> SAMPLE[ 8178] lifetime[110 weeks], average[148.96]
[Tue Dec  2 12:33:44 2025] >> SAMPLE[ 8179] lifetime[143 weeks], average[148.96]
[Tue Dec  2 12:33:45 2025] >> SAMPLE[ 8180] lifetime[181 weeks], average[148.96]
[Tue Dec  2 12:33:46 2025] >> SAMPLE[ 8181] lifetime[167 weeks], average[148.96]
[Tue Dec  2 12:33:46 2025] >> SAMPLE[ 8182] lifetime[138 weeks], average[148.96]
[Tue Dec  2 12:33:47 2025] >> SAMPLE[ 8183] lifetime[190 weeks], average[148.97]
[Tue Dec  2 12:33:48 2025] >> SAMPLE[ 8184] lifetime[166 weeks], average[148.97]
[Tue Dec  2 12:33:49 2025] >> SAMPLE[ 8185] lifetime[161 weeks], average[148.97]
[Tue Dec  2 12:33:49 2025] >> SAMPLE[ 8186] lifetime[133 weeks], average[148.97]
[Tue Dec  2 12:33:50 2025] >> SAMPLE[ 8187] lifetime[186 weeks], average[148.97]
[Tue Dec  2 12:33:51 2025] >> SAMPLE[ 8188] lifetime[125 weeks], average[148.97]
[Tue Dec  2 12:33:52 2025] >> SAMPLE[ 8189] lifetime[193 weeks], average[148.98]
[Tue Dec  2 12:33:52 2025] >> SAMPLE[ 8190] lifetime[131 weeks], average[148.97]
[Tue Dec  2 12:33:53 2025] >> SAMPLE[ 8191] lifetime[126 weeks], average[148.97]
[Tue Dec  2 12:33:54 2025] >> SAMPLE[ 8192] lifetime[135 weeks], average[148.97]
[Tue Dec  2 12:33:54 2025] >> SAMPLE[ 8193] lifetime[171 weeks], average[148.97]
[Tue Dec  2 12:33:55 2025] >> SAMPLE[ 8194] lifetime[198 weeks], average[148.98]
[Tue Dec  2 12:33:56 2025] >> SAMPLE[ 8195] lifetime[120 weeks], average[148.97]
[Tue Dec  2 12:33:57 2025] >> SAMPLE[ 8196] lifetime[153 weeks], average[148.97]
[Tue Dec  2 12:33:57 2025] >> SAMPLE[ 8197] lifetime[167 weeks], average[148.98]
[Tue Dec  2 12:33:58 2025] >> SAMPLE[ 8198] lifetime[170 weeks], average[148.98]
[Tue Dec  2 12:33:59 2025] >> SAMPLE[ 8199] lifetime[125 weeks], average[148.98]
[Tue Dec  2 12:34:01 2025] >> Generating new alpha
[Tue Dec  2 12:34:02 2025] >> SAMPLE[ 8200] lifetime[143 weeks], average[148.98]
[Tue Dec  2 12:34:03 2025] >> SAMPLE[ 8201] lifetime[195 weeks], average[148.98]
[Tue Dec  2 12:34:04 2025] >> SAMPLE[ 8202] lifetime[132 weeks], average[148.98]
[Tue Dec  2 12:34:04 2025] >> SAMPLE[ 8203] lifetime[142 weeks], average[148.98]
[Tue Dec  2 12:34:05 2025] >> SAMPLE[ 8204] lifetime[106 weeks], average[148.97]
[Tue Dec  2 12:34:05 2025] >> SAMPLE[ 8205] lifetime[128 weeks], average[148.97]
[Tue Dec  2 12:34:06 2025] >> SAMPLE[ 8206] lifetime[130 weeks], average[148.97]
[Tue Dec  2 12:34:06 2025] >> SAMPLE[ 8207] lifetime[124 weeks], average[148.97]
[Tue Dec  2 12:34:07 2025] >> SAMPLE[ 8208] lifetime[120 weeks], average[148.96]
[Tue Dec  2 12:34:08 2025] >> SAMPLE[ 8209] lifetime[160 weeks], average[148.96]
[Tue Dec  2 12:34:08 2025] >> SAMPLE[ 8210] lifetime[149 weeks], average[148.96]
[Tue Dec  2 12:34:09 2025] >> SAMPLE[ 8211] lifetime[145 weeks], average[148.96]
[Tue Dec  2 12:34:10 2025] >> SAMPLE[ 8212] lifetime[169 weeks], average[148.96]
[Tue Dec  2 12:34:10 2025] >> SAMPLE[ 8213] lifetime[149 weeks], average[148.96]
[Tue Dec  2 12:34:11 2025] >> SAMPLE[ 8214] lifetime[156 weeks], average[148.97]
[Tue Dec  2 12:34:12 2025] >> SAMPLE[ 8215] lifetime[145 weeks], average[148.97]
[Tue Dec  2 12:34:12 2025] >> SAMPLE[ 8216] lifetime[164 weeks], average[148.97]
[Tue Dec  2 12:34:13 2025] >> SAMPLE[ 8217] lifetime[189 weeks], average[148.97]
[Tue Dec  2 12:34:14 2025] >> SAMPLE[ 8218] lifetime[159 weeks], average[148.97]
[Tue Dec  2 12:34:15 2025] >> SAMPLE[ 8219] lifetime[133 weeks], average[148.97]
[Tue Dec  2 12:34:16 2025] >> SAMPLE[ 8220] lifetime[198 weeks], average[148.98]
[Tue Dec  2 12:34:16 2025] >> SAMPLE[ 8221] lifetime[153 weeks], average[148.98]
[Tue Dec  2 12:34:17 2025] >> SAMPLE[ 8222] lifetime[174 weeks], average[148.98]
[Tue Dec  2 12:34:18 2025] >> SAMPLE[ 8223] lifetime[140 weeks], average[148.98]
[Tue Dec  2 12:34:18 2025] >> SAMPLE[ 8224] lifetime[143 weeks], average[148.98]
[Tue Dec  2 12:34:19 2025] >> SAMPLE[ 8225] lifetime[157 weeks], average[148.98]
[Tue Dec  2 12:34:20 2025] >> SAMPLE[ 8226] lifetime[121 weeks], average[148.98]
[Tue Dec  2 12:34:21 2025] >> SAMPLE[ 8227] lifetime[186 weeks], average[148.98]
[Tue Dec  2 12:34:22 2025] >> SAMPLE[ 8228] lifetime[193 weeks], average[148.99]
[Tue Dec  2 12:34:22 2025] >> SAMPLE[ 8229] lifetime[145 weeks], average[148.99]
[Tue Dec  2 12:34:23 2025] >> SAMPLE[ 8230] lifetime[155 weeks], average[148.99]
[Tue Dec  2 12:34:24 2025] >> SAMPLE[ 8231] lifetime[118 weeks], average[148.98]
[Tue Dec  2 12:34:24 2025] >> SAMPLE[ 8232] lifetime[137 weeks], average[148.98]
[Tue Dec  2 12:34:25 2025] >> SAMPLE[ 8233] lifetime[179 weeks], average[148.99]
[Tue Dec  2 12:34:26 2025] >> SAMPLE[ 8234] lifetime[172 weeks], average[148.99]
[Tue Dec  2 12:34:27 2025] >> SAMPLE[ 8235] lifetime[165 weeks], average[148.99]
[Tue Dec  2 12:34:27 2025] >> SAMPLE[ 8236] lifetime[138 weeks], average[148.99]
[Tue Dec  2 12:34:28 2025] >> SAMPLE[ 8237] lifetime[157 weeks], average[148.99]
[Tue Dec  2 12:34:29 2025] >> SAMPLE[ 8238] lifetime[145 weeks], average[148.99]
[Tue Dec  2 12:34:29 2025] >> SAMPLE[ 8239] lifetime[120 weeks], average[148.99]
[Tue Dec  2 12:34:30 2025] >> SAMPLE[ 8240] lifetime[121 weeks], average[148.98]
[Tue Dec  2 12:34:30 2025] >> SAMPLE[ 8241] lifetime[104 weeks], average[148.98]
[Tue Dec  2 12:34:31 2025] >> SAMPLE[ 8242] lifetime[142 weeks], average[148.98]
[Tue Dec  2 12:34:31 2025] >> SAMPLE[ 8243] lifetime[162 weeks], average[148.98]
[Tue Dec  2 12:34:32 2025] >> SAMPLE[ 8244] lifetime[148 weeks], average[148.98]
[Tue Dec  2 12:34:33 2025] >> SAMPLE[ 8245] lifetime[133 weeks], average[148.98]
[Tue Dec  2 12:34:33 2025] >> SAMPLE[ 8246] lifetime[134 weeks], average[148.97]
[Tue Dec  2 12:34:34 2025] >> SAMPLE[ 8247] lifetime[ 97 weeks], average[148.97]
[Tue Dec  2 12:34:35 2025] >> SAMPLE[ 8248] lifetime[192 weeks], average[148.97]
[Tue Dec  2 12:34:35 2025] >> SAMPLE[ 8249] lifetime[148 weeks], average[148.97]
[Tue Dec  2 12:34:36 2025] >> SAMPLE[ 8250] lifetime[151 weeks], average[148.97]
[Tue Dec  2 12:34:36 2025] >> SAMPLE[ 8251] lifetime[111 weeks], average[148.97]
[Tue Dec  2 12:34:37 2025] >> SAMPLE[ 8252] lifetime[158 weeks], average[148.97]
[Tue Dec  2 12:34:38 2025] >> SAMPLE[ 8253] lifetime[146 weeks], average[148.97]
[Tue Dec  2 12:34:38 2025] >> SAMPLE[ 8254] lifetime[106 weeks], average[148.96]
[Tue Dec  2 12:34:39 2025] >> SAMPLE[ 8255] lifetime[156 weeks], average[148.96]
[Tue Dec  2 12:34:40 2025] >> SAMPLE[ 8256] lifetime[179 weeks], average[148.97]
[Tue Dec  2 12:34:40 2025] >> SAMPLE[ 8257] lifetime[127 weeks], average[148.97]
[Tue Dec  2 12:34:41 2025] >> SAMPLE[ 8258] lifetime[175 weeks], average[148.97]
[Tue Dec  2 12:34:42 2025] >> SAMPLE[ 8259] lifetime[118 weeks], average[148.96]
[Tue Dec  2 12:34:42 2025] >> SAMPLE[ 8260] lifetime[148 weeks], average[148.96]
[Tue Dec  2 12:34:43 2025] >> SAMPLE[ 8261] lifetime[132 weeks], average[148.96]
[Tue Dec  2 12:34:44 2025] >> SAMPLE[ 8262] lifetime[164 weeks], average[148.96]
[Tue Dec  2 12:34:44 2025] >> SAMPLE[ 8263] lifetime[137 weeks], average[148.96]
[Tue Dec  2 12:34:45 2025] >> SAMPLE[ 8264] lifetime[136 weeks], average[148.96]
[Tue Dec  2 12:34:46 2025] >> SAMPLE[ 8265] lifetime[159 weeks], average[148.96]
[Tue Dec  2 12:34:46 2025] >> SAMPLE[ 8266] lifetime[141 weeks], average[148.96]
[Tue Dec  2 12:34:47 2025] >> SAMPLE[ 8267] lifetime[155 weeks], average[148.96]
[Tue Dec  2 12:34:48 2025] >> SAMPLE[ 8268] lifetime[118 weeks], average[148.96]
[Tue Dec  2 12:34:48 2025] >> SAMPLE[ 8269] lifetime[121 weeks], average[148.96]
[Tue Dec  2 12:34:49 2025] >> SAMPLE[ 8270] lifetime[147 weeks], average[148.95]
[Tue Dec  2 12:34:49 2025] >> SAMPLE[ 8271] lifetime[125 weeks], average[148.95]
[Tue Dec  2 12:34:50 2025] >> SAMPLE[ 8272] lifetime[122 weeks], average[148.95]
[Tue Dec  2 12:34:51 2025] >> SAMPLE[ 8273] lifetime[156 weeks], average[148.95]
[Tue Dec  2 12:34:51 2025] >> SAMPLE[ 8274] lifetime[149 weeks], average[148.95]
[Tue Dec  2 12:34:52 2025] >> SAMPLE[ 8275] lifetime[170 weeks], average[148.95]
[Tue Dec  2 12:34:53 2025] >> SAMPLE[ 8276] lifetime[139 weeks], average[148.95]
[Tue Dec  2 12:34:53 2025] >> SAMPLE[ 8277] lifetime[133 weeks], average[148.95]
[Tue Dec  2 12:34:54 2025] >> SAMPLE[ 8278] lifetime[121 weeks], average[148.95]
[Tue Dec  2 12:34:55 2025] >> SAMPLE[ 8279] lifetime[195 weeks], average[148.95]
[Tue Dec  2 12:34:55 2025] >> SAMPLE[ 8280] lifetime[ 84 weeks], average[148.94]
[Tue Dec  2 12:34:56 2025] >> SAMPLE[ 8281] lifetime[129 weeks], average[148.94]
[Tue Dec  2 12:34:56 2025] >> SAMPLE[ 8282] lifetime[139 weeks], average[148.94]
[Tue Dec  2 12:34:57 2025] >> SAMPLE[ 8283] lifetime[108 weeks], average[148.93]
[Tue Dec  2 12:34:57 2025] >> SAMPLE[ 8284] lifetime[136 weeks], average[148.93]
[Tue Dec  2 12:34:58 2025] >> SAMPLE[ 8285] lifetime[152 weeks], average[148.93]
[Tue Dec  2 12:34:59 2025] >> SAMPLE[ 8286] lifetime[139 weeks], average[148.93]
[Tue Dec  2 12:34:59 2025] >> SAMPLE[ 8287] lifetime[141 weeks], average[148.93]
[Tue Dec  2 12:35:00 2025] >> SAMPLE[ 8288] lifetime[119 weeks], average[148.93]
[Tue Dec  2 12:35:01 2025] >> SAMPLE[ 8289] lifetime[178 weeks], average[148.93]
[Tue Dec  2 12:35:01 2025] >> SAMPLE[ 8290] lifetime[152 weeks], average[148.93]
[Tue Dec  2 12:35:02 2025] >> SAMPLE[ 8291] lifetime[141 weeks], average[148.93]
[Tue Dec  2 12:35:03 2025] >> SAMPLE[ 8292] lifetime[159 weeks], average[148.93]
[Tue Dec  2 12:35:03 2025] >> SAMPLE[ 8293] lifetime[175 weeks], average[148.94]
[Tue Dec  2 12:35:04 2025] >> SAMPLE[ 8294] lifetime[144 weeks], average[148.93]
[Tue Dec  2 12:35:05 2025] >> SAMPLE[ 8295] lifetime[152 weeks], average[148.93]
[Tue Dec  2 12:35:06 2025] >> SAMPLE[ 8296] lifetime[158 weeks], average[148.94]
[Tue Dec  2 12:35:06 2025] >> SAMPLE[ 8297] lifetime[154 weeks], average[148.94]
[Tue Dec  2 12:35:07 2025] >> SAMPLE[ 8298] lifetime[162 weeks], average[148.94]
[Tue Dec  2 12:35:08 2025] >> SAMPLE[ 8299] lifetime[139 weeks], average[148.94]
[Tue Dec  2 12:35:10 2025] >> Generating new alpha
[Tue Dec  2 12:35:11 2025] >> SAMPLE[ 8300] lifetime[111 weeks], average[148.93]
[Tue Dec  2 12:35:12 2025] >> SAMPLE[ 8301] lifetime[176 weeks], average[148.94]
[Tue Dec  2 12:35:13 2025] >> SAMPLE[ 8302] lifetime[181 weeks], average[148.94]
[Tue Dec  2 12:35:13 2025] >> SAMPLE[ 8303] lifetime[102 weeks], average[148.93]
[Tue Dec  2 12:35:14 2025] >> SAMPLE[ 8304] lifetime[128 weeks], average[148.93]
[Tue Dec  2 12:35:14 2025] >> SAMPLE[ 8305] lifetime[101 weeks], average[148.93]
[Tue Dec  2 12:35:15 2025] >> SAMPLE[ 8306] lifetime[132 weeks], average[148.92]
[Tue Dec  2 12:35:15 2025] >> SAMPLE[ 8307] lifetime[118 weeks], average[148.92]
[Tue Dec  2 12:35:16 2025] >> SAMPLE[ 8308] lifetime[135 weeks], average[148.92]
[Tue Dec  2 12:35:16 2025] >> SAMPLE[ 8309] lifetime[138 weeks], average[148.92]
[Tue Dec  2 12:35:17 2025] >> SAMPLE[ 8310] lifetime[ 90 weeks], average[148.91]
[Tue Dec  2 12:35:17 2025] >> SAMPLE[ 8311] lifetime[153 weeks], average[148.91]
[Tue Dec  2 12:35:18 2025] >> SAMPLE[ 8312] lifetime[147 weeks], average[148.91]
[Tue Dec  2 12:35:19 2025] >> SAMPLE[ 8313] lifetime[133 weeks], average[148.91]
[Tue Dec  2 12:35:19 2025] >> SAMPLE[ 8314] lifetime[116 weeks], average[148.90]
[Tue Dec  2 12:35:20 2025] >> SAMPLE[ 8315] lifetime[148 weeks], average[148.90]
[Tue Dec  2 12:35:20 2025] >> SAMPLE[ 8316] lifetime[135 weeks], average[148.90]
[Tue Dec  2 12:35:21 2025] >> SAMPLE[ 8317] lifetime[156 weeks], average[148.90]
[Tue Dec  2 12:35:22 2025] >> SAMPLE[ 8318] lifetime[138 weeks], average[148.90]
[Tue Dec  2 12:35:22 2025] >> SAMPLE[ 8319] lifetime[169 weeks], average[148.90]
[Tue Dec  2 12:35:23 2025] >> SAMPLE[ 8320] lifetime[137 weeks], average[148.90]
[Tue Dec  2 12:35:24 2025] >> SAMPLE[ 8321] lifetime[137 weeks], average[148.90]
[Tue Dec  2 12:35:24 2025] >> SAMPLE[ 8322] lifetime[120 weeks], average[148.90]
[Tue Dec  2 12:35:25 2025] >> SAMPLE[ 8323] lifetime[142 weeks], average[148.90]
[Tue Dec  2 12:35:26 2025] >> SAMPLE[ 8324] lifetime[186 weeks], average[148.90]
[Tue Dec  2 12:35:27 2025] >> SAMPLE[ 8325] lifetime[161 weeks], average[148.90]
[Tue Dec  2 12:35:27 2025] >> SAMPLE[ 8326] lifetime[119 weeks], average[148.90]
[Tue Dec  2 12:35:28 2025] >> SAMPLE[ 8327] lifetime[180 weeks], average[148.90]
[Tue Dec  2 12:35:29 2025] >> SAMPLE[ 8328] lifetime[153 weeks], average[148.90]
[Tue Dec  2 12:35:29 2025] >> SAMPLE[ 8329] lifetime[117 weeks], average[148.90]
[Tue Dec  2 12:35:30 2025] >> SAMPLE[ 8330] lifetime[162 weeks], average[148.90]
[Tue Dec  2 12:35:31 2025] >> SAMPLE[ 8331] lifetime[167 weeks], average[148.90]
[Tue Dec  2 12:35:31 2025] >> SAMPLE[ 8332] lifetime[156 weeks], average[148.90]
[Tue Dec  2 12:35:32 2025] >> SAMPLE[ 8333] lifetime[157 weeks], average[148.91]
[Tue Dec  2 12:35:32 2025] >> SAMPLE[ 8334] lifetime[111 weeks], average[148.90]
[Tue Dec  2 12:35:33 2025] >> SAMPLE[ 8335] lifetime[123 weeks], average[148.90]
[Tue Dec  2 12:35:34 2025] >> SAMPLE[ 8336] lifetime[136 weeks], average[148.90]
[Tue Dec  2 12:35:34 2025] >> SAMPLE[ 8337] lifetime[168 weeks], average[148.90]
[Tue Dec  2 12:35:35 2025] >> SAMPLE[ 8338] lifetime[113 weeks], average[148.89]
[Tue Dec  2 12:35:36 2025] >> SAMPLE[ 8339] lifetime[139 weeks], average[148.89]
[Tue Dec  2 12:35:36 2025] >> SAMPLE[ 8340] lifetime[141 weeks], average[148.89]
[Tue Dec  2 12:35:37 2025] >> SAMPLE[ 8341] lifetime[134 weeks], average[148.89]
[Tue Dec  2 12:35:38 2025] >> SAMPLE[ 8342] lifetime[196 weeks], average[148.90]
[Tue Dec  2 12:35:38 2025] >> SAMPLE[ 8343] lifetime[131 weeks], average[148.89]
[Tue Dec  2 12:35:39 2025] >> SAMPLE[ 8344] lifetime[129 weeks], average[148.89]
[Tue Dec  2 12:35:39 2025] >> SAMPLE[ 8345] lifetime[136 weeks], average[148.89]
[Tue Dec  2 12:35:40 2025] >> SAMPLE[ 8346] lifetime[157 weeks], average[148.89]
[Tue Dec  2 12:35:41 2025] >> SAMPLE[ 8347] lifetime[207 weeks], average[148.90]
[Tue Dec  2 12:35:42 2025] >> SAMPLE[ 8348] lifetime[159 weeks], average[148.90]
[Tue Dec  2 12:35:42 2025] >> SAMPLE[ 8349] lifetime[123 weeks], average[148.90]
[Tue Dec  2 12:35:43 2025] >> SAMPLE[ 8350] lifetime[161 weeks], average[148.90]
[Tue Dec  2 12:35:44 2025] >> SAMPLE[ 8351] lifetime[101 weeks], average[148.89]
[Tue Dec  2 12:35:44 2025] >> SAMPLE[ 8352] lifetime[139 weeks], average[148.89]
[Tue Dec  2 12:35:45 2025] >> SAMPLE[ 8353] lifetime[140 weeks], average[148.89]
[Tue Dec  2 12:35:46 2025] >> SAMPLE[ 8354] lifetime[168 weeks], average[148.89]
[Tue Dec  2 12:35:46 2025] >> SAMPLE[ 8355] lifetime[139 weeks], average[148.89]
[Tue Dec  2 12:35:47 2025] >> SAMPLE[ 8356] lifetime[118 weeks], average[148.89]
[Tue Dec  2 12:35:48 2025] >> SAMPLE[ 8357] lifetime[168 weeks], average[148.89]
[Tue Dec  2 12:35:48 2025] >> SAMPLE[ 8358] lifetime[124 weeks], average[148.89]
[Tue Dec  2 12:35:49 2025] >> SAMPLE[ 8359] lifetime[156 weeks], average[148.89]
[Tue Dec  2 12:35:50 2025] >> SAMPLE[ 8360] lifetime[162 weeks], average[148.89]
[Tue Dec  2 12:35:50 2025] >> SAMPLE[ 8361] lifetime[182 weeks], average[148.89]
[Tue Dec  2 12:35:51 2025] >> SAMPLE[ 8362] lifetime[162 weeks], average[148.89]
[Tue Dec  2 12:35:52 2025] >> SAMPLE[ 8363] lifetime[146 weeks], average[148.89]
[Tue Dec  2 12:35:53 2025] >> SAMPLE[ 8364] lifetime[176 weeks], average[148.90]
[Tue Dec  2 12:35:53 2025] >> SAMPLE[ 8365] lifetime[160 weeks], average[148.90]
[Tue Dec  2 12:35:54 2025] >> SAMPLE[ 8366] lifetime[170 weeks], average[148.90]
[Tue Dec  2 12:35:55 2025] >> SAMPLE[ 8367] lifetime[124 weeks], average[148.90]
[Tue Dec  2 12:35:55 2025] >> SAMPLE[ 8368] lifetime[ 92 weeks], average[148.89]
[Tue Dec  2 12:35:56 2025] >> SAMPLE[ 8369] lifetime[112 weeks], average[148.89]
[Tue Dec  2 12:35:56 2025] >> SAMPLE[ 8370] lifetime[143 weeks], average[148.89]
[Tue Dec  2 12:35:57 2025] >> SAMPLE[ 8371] lifetime[152 weeks], average[148.89]
[Tue Dec  2 12:35:58 2025] >> SAMPLE[ 8372] lifetime[155 weeks], average[148.89]
[Tue Dec  2 12:35:58 2025] >> SAMPLE[ 8373] lifetime[122 weeks], average[148.88]
[Tue Dec  2 12:35:59 2025] >> SAMPLE[ 8374] lifetime[154 weeks], average[148.88]
[Tue Dec  2 12:35:59 2025] >> SAMPLE[ 8375] lifetime[140 weeks], average[148.88]
[Tue Dec  2 12:36:00 2025] >> SAMPLE[ 8376] lifetime[146 weeks], average[148.88]
[Tue Dec  2 12:36:01 2025] >> SAMPLE[ 8377] lifetime[153 weeks], average[148.88]
[Tue Dec  2 12:36:01 2025] >> SAMPLE[ 8378] lifetime[ 93 weeks], average[148.88]
[Tue Dec  2 12:36:02 2025] >> SAMPLE[ 8379] lifetime[134 weeks], average[148.88]
[Tue Dec  2 12:36:02 2025] >> SAMPLE[ 8380] lifetime[139 weeks], average[148.87]
[Tue Dec  2 12:36:03 2025] >> SAMPLE[ 8381] lifetime[123 weeks], average[148.87]
[Tue Dec  2 12:36:04 2025] >> SAMPLE[ 8382] lifetime[154 weeks], average[148.87]
[Tue Dec  2 12:36:04 2025] >> SAMPLE[ 8383] lifetime[118 weeks], average[148.87]
[Tue Dec  2 12:36:05 2025] >> SAMPLE[ 8384] lifetime[194 weeks], average[148.87]
[Tue Dec  2 12:36:06 2025] >> SAMPLE[ 8385] lifetime[120 weeks], average[148.87]
[Tue Dec  2 12:36:06 2025] >> SAMPLE[ 8386] lifetime[137 weeks], average[148.87]
[Tue Dec  2 12:36:07 2025] >> SAMPLE[ 8387] lifetime[151 weeks], average[148.87]
[Tue Dec  2 12:36:08 2025] >> SAMPLE[ 8388] lifetime[164 weeks], average[148.87]
[Tue Dec  2 12:36:08 2025] >> SAMPLE[ 8389] lifetime[144 weeks], average[148.87]
[Tue Dec  2 12:36:09 2025] >> SAMPLE[ 8390] lifetime[156 weeks], average[148.87]
[Tue Dec  2 12:36:10 2025] >> SAMPLE[ 8391] lifetime[172 weeks], average[148.87]
[Tue Dec  2 12:36:10 2025] >> SAMPLE[ 8392] lifetime[154 weeks], average[148.87]
[Tue Dec  2 12:36:11 2025] >> SAMPLE[ 8393] lifetime[155 weeks], average[148.87]
[Tue Dec  2 12:36:12 2025] >> SAMPLE[ 8394] lifetime[106 weeks], average[148.87]
[Tue Dec  2 12:36:12 2025] >> SAMPLE[ 8395] lifetime[157 weeks], average[148.87]
[Tue Dec  2 12:36:13 2025] >> SAMPLE[ 8396] lifetime[181 weeks], average[148.87]
[Tue Dec  2 12:36:14 2025] >> SAMPLE[ 8397] lifetime[162 weeks], average[148.88]
[Tue Dec  2 12:36:15 2025] >> SAMPLE[ 8398] lifetime[178 weeks], average[148.88]
[Tue Dec  2 12:36:16 2025] >> SAMPLE[ 8399] lifetime[174 weeks], average[148.88]
[Tue Dec  2 12:36:18 2025] >> Generating new alpha
[Tue Dec  2 12:36:19 2025] >> SAMPLE[ 8400] lifetime[135 weeks], average[148.88]
[Tue Dec  2 12:36:20 2025] >> SAMPLE[ 8401] lifetime[156 weeks], average[148.88]
[Tue Dec  2 12:36:20 2025] >> SAMPLE[ 8402] lifetime[102 weeks], average[148.88]
[Tue Dec  2 12:36:21 2025] >> SAMPLE[ 8403] lifetime[171 weeks], average[148.88]
[Tue Dec  2 12:36:22 2025] >> SAMPLE[ 8404] lifetime[151 weeks], average[148.88]
[Tue Dec  2 12:36:22 2025] >> SAMPLE[ 8405] lifetime[167 weeks], average[148.88]
[Tue Dec  2 12:36:23 2025] >> SAMPLE[ 8406] lifetime[181 weeks], average[148.88]
[Tue Dec  2 12:36:24 2025] >> SAMPLE[ 8407] lifetime[180 weeks], average[148.89]
[Tue Dec  2 12:36:25 2025] >> SAMPLE[ 8408] lifetime[154 weeks], average[148.89]
[Tue Dec  2 12:36:25 2025] >> SAMPLE[ 8409] lifetime[148 weeks], average[148.89]
[Tue Dec  2 12:36:26 2025] >> SAMPLE[ 8410] lifetime[162 weeks], average[148.89]
[Tue Dec  2 12:36:27 2025] >> SAMPLE[ 8411] lifetime[161 weeks], average[148.89]
[Tue Dec  2 12:36:28 2025] >> SAMPLE[ 8412] lifetime[136 weeks], average[148.89]
[Tue Dec  2 12:36:28 2025] >> SAMPLE[ 8413] lifetime[171 weeks], average[148.89]
[Tue Dec  2 12:36:29 2025] >> SAMPLE[ 8414] lifetime[190 weeks], average[148.90]
[Tue Dec  2 12:36:30 2025] >> SAMPLE[ 8415] lifetime[153 weeks], average[148.90]
[Tue Dec  2 12:36:31 2025] >> SAMPLE[ 8416] lifetime[177 weeks], average[148.90]
[Tue Dec  2 12:36:31 2025] >> SAMPLE[ 8417] lifetime[150 weeks], average[148.90]
[Tue Dec  2 12:36:32 2025] >> SAMPLE[ 8418] lifetime[144 weeks], average[148.90]
[Tue Dec  2 12:36:33 2025] >> SAMPLE[ 8419] lifetime[112 weeks], average[148.90]
[Tue Dec  2 12:36:33 2025] >> SAMPLE[ 8420] lifetime[163 weeks], average[148.90]
[Tue Dec  2 12:36:34 2025] >> SAMPLE[ 8421] lifetime[172 weeks], average[148.90]
[Tue Dec  2 12:36:35 2025] >> SAMPLE[ 8422] lifetime[183 weeks], average[148.91]
[Tue Dec  2 12:36:36 2025] >> SAMPLE[ 8423] lifetime[204 weeks], average[148.91]
[Tue Dec  2 12:36:37 2025] >> SAMPLE[ 8424] lifetime[154 weeks], average[148.91]
[Tue Dec  2 12:36:37 2025] >> SAMPLE[ 8425] lifetime[144 weeks], average[148.91]
[Tue Dec  2 12:36:38 2025] >> SAMPLE[ 8426] lifetime[ 96 weeks], average[148.91]
[Tue Dec  2 12:36:38 2025] >> SAMPLE[ 8427] lifetime[149 weeks], average[148.91]
[Tue Dec  2 12:36:39 2025] >> SAMPLE[ 8428] lifetime[128 weeks], average[148.90]
[Tue Dec  2 12:36:39 2025] >> SAMPLE[ 8429] lifetime[111 weeks], average[148.90]
[Tue Dec  2 12:36:40 2025] >> SAMPLE[ 8430] lifetime[145 weeks], average[148.90]
[Tue Dec  2 12:36:41 2025] >> SAMPLE[ 8431] lifetime[154 weeks], average[148.90]
[Tue Dec  2 12:36:42 2025] >> SAMPLE[ 8432] lifetime[164 weeks], average[148.90]
[Tue Dec  2 12:36:42 2025] >> SAMPLE[ 8433] lifetime[156 weeks], average[148.90]
[Tue Dec  2 12:36:43 2025] >> SAMPLE[ 8434] lifetime[135 weeks], average[148.90]
[Tue Dec  2 12:36:44 2025] >> SAMPLE[ 8435] lifetime[149 weeks], average[148.90]
[Tue Dec  2 12:36:44 2025] >> SAMPLE[ 8436] lifetime[153 weeks], average[148.90]
[Tue Dec  2 12:36:45 2025] >> SAMPLE[ 8437] lifetime[143 weeks], average[148.90]
[Tue Dec  2 12:36:46 2025] >> SAMPLE[ 8438] lifetime[175 weeks], average[148.90]
[Tue Dec  2 12:36:46 2025] >> SAMPLE[ 8439] lifetime[175 weeks], average[148.91]
[Tue Dec  2 12:36:47 2025] >> SAMPLE[ 8440] lifetime[171 weeks], average[148.91]
[Tue Dec  2 12:36:48 2025] >> SAMPLE[ 8441] lifetime[203 weeks], average[148.91]
[Tue Dec  2 12:36:49 2025] >> SAMPLE[ 8442] lifetime[167 weeks], average[148.92]
[Tue Dec  2 12:36:50 2025] >> SAMPLE[ 8443] lifetime[148 weeks], average[148.92]
[Tue Dec  2 12:36:50 2025] >> SAMPLE[ 8444] lifetime[116 weeks], average[148.91]
[Tue Dec  2 12:36:51 2025] >> SAMPLE[ 8445] lifetime[181 weeks], average[148.92]
[Tue Dec  2 12:36:52 2025] >> SAMPLE[ 8446] lifetime[159 weeks], average[148.92]
[Tue Dec  2 12:36:52 2025] >> SAMPLE[ 8447] lifetime[136 weeks], average[148.92]
[Tue Dec  2 12:36:53 2025] >> SAMPLE[ 8448] lifetime[183 weeks], average[148.92]
[Tue Dec  2 12:36:54 2025] >> SAMPLE[ 8449] lifetime[125 weeks], average[148.92]
[Tue Dec  2 12:36:55 2025] >> SAMPLE[ 8450] lifetime[192 weeks], average[148.92]
[Tue Dec  2 12:36:56 2025] >> SAMPLE[ 8451] lifetime[185 weeks], average[148.93]
[Tue Dec  2 12:36:56 2025] >> SAMPLE[ 8452] lifetime[160 weeks], average[148.93]
[Tue Dec  2 12:36:57 2025] >> SAMPLE[ 8453] lifetime[203 weeks], average[148.93]
[Tue Dec  2 12:36:58 2025] >> SAMPLE[ 8454] lifetime[121 weeks], average[148.93]
[Tue Dec  2 12:36:59 2025] >> SAMPLE[ 8455] lifetime[156 weeks], average[148.93]
[Tue Dec  2 12:36:59 2025] >> SAMPLE[ 8456] lifetime[178 weeks], average[148.94]
[Tue Dec  2 12:37:00 2025] >> SAMPLE[ 8457] lifetime[199 weeks], average[148.94]
[Tue Dec  2 12:37:01 2025] >> SAMPLE[ 8458] lifetime[132 weeks], average[148.94]
[Tue Dec  2 12:37:02 2025] >> SAMPLE[ 8459] lifetime[139 weeks], average[148.94]
[Tue Dec  2 12:37:02 2025] >> SAMPLE[ 8460] lifetime[152 weeks], average[148.94]
[Tue Dec  2 12:37:03 2025] >> SAMPLE[ 8461] lifetime[172 weeks], average[148.94]
[Tue Dec  2 12:37:04 2025] >> SAMPLE[ 8462] lifetime[127 weeks], average[148.94]
[Tue Dec  2 12:37:04 2025] >> SAMPLE[ 8463] lifetime[155 weeks], average[148.94]
[Tue Dec  2 12:37:05 2025] >> SAMPLE[ 8464] lifetime[145 weeks], average[148.94]
[Tue Dec  2 12:37:06 2025] >> SAMPLE[ 8465] lifetime[145 weeks], average[148.94]
[Tue Dec  2 12:37:06 2025] >> SAMPLE[ 8466] lifetime[144 weeks], average[148.94]
[Tue Dec  2 12:37:07 2025] >> SAMPLE[ 8467] lifetime[188 weeks], average[148.94]
[Tue Dec  2 12:37:08 2025] >> SAMPLE[ 8468] lifetime[185 weeks], average[148.95]
[Tue Dec  2 12:37:09 2025] >> SAMPLE[ 8469] lifetime[178 weeks], average[148.95]
[Tue Dec  2 12:37:10 2025] >> SAMPLE[ 8470] lifetime[172 weeks], average[148.95]
[Tue Dec  2 12:37:10 2025] >> SAMPLE[ 8471] lifetime[102 weeks], average[148.95]
[Tue Dec  2 12:37:11 2025] >> SAMPLE[ 8472] lifetime[182 weeks], average[148.95]
[Tue Dec  2 12:37:12 2025] >> SAMPLE[ 8473] lifetime[132 weeks], average[148.95]
[Tue Dec  2 12:37:12 2025] >> SAMPLE[ 8474] lifetime[129 weeks], average[148.95]
[Tue Dec  2 12:37:13 2025] >> SAMPLE[ 8475] lifetime[170 weeks], average[148.95]
[Tue Dec  2 12:37:14 2025] >> SAMPLE[ 8476] lifetime[168 weeks], average[148.95]
[Tue Dec  2 12:37:14 2025] >> SAMPLE[ 8477] lifetime[137 weeks], average[148.95]
[Tue Dec  2 12:37:15 2025] >> SAMPLE[ 8478] lifetime[125 weeks], average[148.95]
[Tue Dec  2 12:37:16 2025] >> SAMPLE[ 8479] lifetime[147 weeks], average[148.95]
[Tue Dec  2 12:37:16 2025] >> SAMPLE[ 8480] lifetime[163 weeks], average[148.95]
[Tue Dec  2 12:37:17 2025] >> SAMPLE[ 8481] lifetime[189 weeks], average[148.95]
[Tue Dec  2 12:37:18 2025] >> SAMPLE[ 8482] lifetime[146 weeks], average[148.95]
[Tue Dec  2 12:37:19 2025] >> SAMPLE[ 8483] lifetime[148 weeks], average[148.95]
[Tue Dec  2 12:37:19 2025] >> SAMPLE[ 8484] lifetime[143 weeks], average[148.95]
[Tue Dec  2 12:37:20 2025] >> SAMPLE[ 8485] lifetime[180 weeks], average[148.96]
[Tue Dec  2 12:37:21 2025] >> SAMPLE[ 8486] lifetime[151 weeks], average[148.96]
[Tue Dec  2 12:37:21 2025] >> SAMPLE[ 8487] lifetime[116 weeks], average[148.95]
[Tue Dec  2 12:37:22 2025] >> SAMPLE[ 8488] lifetime[177 weeks], average[148.96]
[Tue Dec  2 12:37:23 2025] >> SAMPLE[ 8489] lifetime[145 weeks], average[148.96]
[Tue Dec  2 12:37:23 2025] >> SAMPLE[ 8490] lifetime[143 weeks], average[148.95]
[Tue Dec  2 12:37:24 2025] >> SAMPLE[ 8491] lifetime[160 weeks], average[148.96]
[Tue Dec  2 12:37:25 2025] >> SAMPLE[ 8492] lifetime[162 weeks], average[148.96]
[Tue Dec  2 12:37:25 2025] >> SAMPLE[ 8493] lifetime[ 95 weeks], average[148.95]
[Tue Dec  2 12:37:26 2025] >> SAMPLE[ 8494] lifetime[119 weeks], average[148.95]
[Tue Dec  2 12:37:26 2025] >> SAMPLE[ 8495] lifetime[ 88 weeks], average[148.94]
[Tue Dec  2 12:37:27 2025] >> SAMPLE[ 8496] lifetime[148 weeks], average[148.94]
[Tue Dec  2 12:37:28 2025] >> SAMPLE[ 8497] lifetime[156 weeks], average[148.94]
[Tue Dec  2 12:37:28 2025] >> SAMPLE[ 8498] lifetime[163 weeks], average[148.94]
[Tue Dec  2 12:37:29 2025] >> SAMPLE[ 8499] lifetime[212 weeks], average[148.95]
[Tue Dec  2 12:37:32 2025] >> Generating new alpha
[Tue Dec  2 12:37:33 2025] >> SAMPLE[ 8500] lifetime[118 weeks], average[148.95]
[Tue Dec  2 12:37:33 2025] >> SAMPLE[ 8501] lifetime[150 weeks], average[148.95]
[Tue Dec  2 12:37:34 2025] >> SAMPLE[ 8502] lifetime[188 weeks], average[148.95]
[Tue Dec  2 12:37:35 2025] >> SAMPLE[ 8503] lifetime[141 weeks], average[148.95]
[Tue Dec  2 12:37:35 2025] >> SAMPLE[ 8504] lifetime[145 weeks], average[148.95]
[Tue Dec  2 12:37:36 2025] >> SAMPLE[ 8505] lifetime[148 weeks], average[148.95]
[Tue Dec  2 12:37:37 2025] >> SAMPLE[ 8506] lifetime[169 weeks], average[148.95]
[Tue Dec  2 12:37:38 2025] >> SAMPLE[ 8507] lifetime[165 weeks], average[148.95]
[Tue Dec  2 12:37:38 2025] >> SAMPLE[ 8508] lifetime[138 weeks], average[148.95]
[Tue Dec  2 12:37:39 2025] >> SAMPLE[ 8509] lifetime[189 weeks], average[148.96]
[Tue Dec  2 12:37:40 2025] >> SAMPLE[ 8510] lifetime[150 weeks], average[148.96]
[Tue Dec  2 12:37:41 2025] >> SAMPLE[ 8511] lifetime[208 weeks], average[148.96]
[Tue Dec  2 12:37:42 2025] >> SAMPLE[ 8512] lifetime[161 weeks], average[148.97]
[Tue Dec  2 12:37:43 2025] >> SAMPLE[ 8513] lifetime[205 weeks], average[148.97]
[Tue Dec  2 12:37:43 2025] >> SAMPLE[ 8514] lifetime[134 weeks], average[148.97]
[Tue Dec  2 12:37:44 2025] >> SAMPLE[ 8515] lifetime[129 weeks], average[148.97]
[Tue Dec  2 12:37:44 2025] >> SAMPLE[ 8516] lifetime[119 weeks], average[148.97]
[Tue Dec  2 12:37:45 2025] >> SAMPLE[ 8517] lifetime[152 weeks], average[148.97]
[Tue Dec  2 12:37:46 2025] >> SAMPLE[ 8518] lifetime[156 weeks], average[148.97]
[Tue Dec  2 12:37:46 2025] >> SAMPLE[ 8519] lifetime[136 weeks], average[148.96]
[Tue Dec  2 12:37:47 2025] >> SAMPLE[ 8520] lifetime[120 weeks], average[148.96]
[Tue Dec  2 12:37:47 2025] >> SAMPLE[ 8521] lifetime[125 weeks], average[148.96]
[Tue Dec  2 12:37:48 2025] >> SAMPLE[ 8522] lifetime[182 weeks], average[148.96]
[Tue Dec  2 12:37:49 2025] >> SAMPLE[ 8523] lifetime[152 weeks], average[148.96]
[Tue Dec  2 12:37:50 2025] >> SAMPLE[ 8524] lifetime[177 weeks], average[148.97]
[Tue Dec  2 12:37:50 2025] >> SAMPLE[ 8525] lifetime[123 weeks], average[148.96]
[Tue Dec  2 12:37:51 2025] >> SAMPLE[ 8526] lifetime[147 weeks], average[148.96]
[Tue Dec  2 12:37:52 2025] >> SAMPLE[ 8527] lifetime[163 weeks], average[148.96]
[Tue Dec  2 12:37:52 2025] >> SAMPLE[ 8528] lifetime[160 weeks], average[148.97]
[Tue Dec  2 12:37:53 2025] >> SAMPLE[ 8529] lifetime[184 weeks], average[148.97]
[Tue Dec  2 12:37:54 2025] >> SAMPLE[ 8530] lifetime[137 weeks], average[148.97]
[Tue Dec  2 12:37:54 2025] >> SAMPLE[ 8531] lifetime[114 weeks], average[148.96]
[Tue Dec  2 12:37:55 2025] >> SAMPLE[ 8532] lifetime[139 weeks], average[148.96]
[Tue Dec  2 12:37:56 2025] >> SAMPLE[ 8533] lifetime[140 weeks], average[148.96]
[Tue Dec  2 12:37:56 2025] >> SAMPLE[ 8534] lifetime[138 weeks], average[148.96]
[Tue Dec  2 12:37:57 2025] >> SAMPLE[ 8535] lifetime[121 weeks], average[148.96]
[Tue Dec  2 12:37:57 2025] >> SAMPLE[ 8536] lifetime[116 weeks], average[148.95]
[Tue Dec  2 12:37:58 2025] >> SAMPLE[ 8537] lifetime[165 weeks], average[148.96]
[Tue Dec  2 12:37:59 2025] >> SAMPLE[ 8538] lifetime[140 weeks], average[148.95]
[Tue Dec  2 12:37:59 2025] >> SAMPLE[ 8539] lifetime[132 weeks], average[148.95]
[Tue Dec  2 12:38:00 2025] >> SAMPLE[ 8540] lifetime[111 weeks], average[148.95]
[Tue Dec  2 12:38:00 2025] >> SAMPLE[ 8541] lifetime[124 weeks], average[148.95]
[Tue Dec  2 12:38:01 2025] >> SAMPLE[ 8542] lifetime[162 weeks], average[148.95]
[Tue Dec  2 12:38:02 2025] >> SAMPLE[ 8543] lifetime[205 weeks], average[148.95]
[Tue Dec  2 12:38:03 2025] >> SAMPLE[ 8544] lifetime[151 weeks], average[148.95]
[Tue Dec  2 12:38:03 2025] >> SAMPLE[ 8545] lifetime[163 weeks], average[148.96]
[Tue Dec  2 12:38:04 2025] >> SAMPLE[ 8546] lifetime[185 weeks], average[148.96]
[Tue Dec  2 12:38:05 2025] >> SAMPLE[ 8547] lifetime[158 weeks], average[148.96]
[Tue Dec  2 12:38:06 2025] >> SAMPLE[ 8548] lifetime[162 weeks], average[148.96]
[Tue Dec  2 12:38:07 2025] >> SAMPLE[ 8549] lifetime[221 weeks], average[148.97]
[Tue Dec  2 12:38:08 2025] >> SAMPLE[ 8550] lifetime[170 weeks], average[148.97]
[Tue Dec  2 12:38:08 2025] >> SAMPLE[ 8551] lifetime[126 weeks], average[148.97]
[Tue Dec  2 12:38:09 2025] >> SAMPLE[ 8552] lifetime[127 weeks], average[148.97]
[Tue Dec  2 12:38:10 2025] >> SAMPLE[ 8553] lifetime[162 weeks], average[148.97]
[Tue Dec  2 12:38:10 2025] >> SAMPLE[ 8554] lifetime[152 weeks], average[148.97]
[Tue Dec  2 12:38:11 2025] >> SAMPLE[ 8555] lifetime[130 weeks], average[148.97]
[Tue Dec  2 12:38:11 2025] >> SAMPLE[ 8556] lifetime[107 weeks], average[148.96]
[Tue Dec  2 12:38:12 2025] >> SAMPLE[ 8557] lifetime[119 weeks], average[148.96]
[Tue Dec  2 12:38:13 2025] >> SAMPLE[ 8558] lifetime[205 weeks], average[148.97]
[Tue Dec  2 12:38:13 2025] >> SAMPLE[ 8559] lifetime[152 weeks], average[148.97]
[Tue Dec  2 12:38:14 2025] >> SAMPLE[ 8560] lifetime[143 weeks], average[148.97]
[Tue Dec  2 12:38:15 2025] >> SAMPLE[ 8561] lifetime[188 weeks], average[148.97]
[Tue Dec  2 12:38:16 2025] >> SAMPLE[ 8562] lifetime[117 weeks], average[148.97]
[Tue Dec  2 12:38:16 2025] >> SAMPLE[ 8563] lifetime[131 weeks], average[148.96]
[Tue Dec  2 12:38:17 2025] >> SAMPLE[ 8564] lifetime[180 weeks], average[148.97]
[Tue Dec  2 12:38:17 2025] >> SAMPLE[ 8565] lifetime[104 weeks], average[148.96]
[Tue Dec  2 12:38:18 2025] >> SAMPLE[ 8566] lifetime[175 weeks], average[148.97]
[Tue Dec  2 12:38:19 2025] >> SAMPLE[ 8567] lifetime[172 weeks], average[148.97]
[Tue Dec  2 12:38:20 2025] >> SAMPLE[ 8568] lifetime[134 weeks], average[148.97]
[Tue Dec  2 12:38:20 2025] >> SAMPLE[ 8569] lifetime[165 weeks], average[148.97]
[Tue Dec  2 12:38:21 2025] >> SAMPLE[ 8570] lifetime[172 weeks], average[148.97]
[Tue Dec  2 12:38:22 2025] >> SAMPLE[ 8571] lifetime[144 weeks], average[148.97]
[Tue Dec  2 12:38:23 2025] >> SAMPLE[ 8572] lifetime[187 weeks], average[148.97]
[Tue Dec  2 12:38:24 2025] >> SAMPLE[ 8573] lifetime[157 weeks], average[148.98]
[Tue Dec  2 12:38:24 2025] >> SAMPLE[ 8574] lifetime[166 weeks], average[148.98]
[Tue Dec  2 12:38:25 2025] >> SAMPLE[ 8575] lifetime[138 weeks], average[148.98]
[Tue Dec  2 12:38:25 2025] >> SAMPLE[ 8576] lifetime[100 weeks], average[148.97]
[Tue Dec  2 12:38:26 2025] >> SAMPLE[ 8577] lifetime[128 weeks], average[148.97]
[Tue Dec  2 12:38:27 2025] >> SAMPLE[ 8578] lifetime[205 weeks], average[148.97]
[Tue Dec  2 12:38:27 2025] >> SAMPLE[ 8579] lifetime[131 weeks], average[148.97]
[Tue Dec  2 12:38:28 2025] >> SAMPLE[ 8580] lifetime[161 weeks], average[148.97]
[Tue Dec  2 12:38:29 2025] >> SAMPLE[ 8581] lifetime[111 weeks], average[148.97]
[Tue Dec  2 12:38:29 2025] >> SAMPLE[ 8582] lifetime[ 92 weeks], average[148.96]
[Tue Dec  2 12:38:30 2025] >> SAMPLE[ 8583] lifetime[192 weeks], average[148.97]
[Tue Dec  2 12:38:31 2025] >> SAMPLE[ 8584] lifetime[158 weeks], average[148.97]
[Tue Dec  2 12:38:31 2025] >> SAMPLE[ 8585] lifetime[143 weeks], average[148.97]
[Tue Dec  2 12:38:32 2025] >> SAMPLE[ 8586] lifetime[149 weeks], average[148.97]
[Tue Dec  2 12:38:33 2025] >> SAMPLE[ 8587] lifetime[153 weeks], average[148.97]
[Tue Dec  2 12:38:34 2025] >> SAMPLE[ 8588] lifetime[172 weeks], average[148.97]
[Tue Dec  2 12:38:34 2025] >> SAMPLE[ 8589] lifetime[143 weeks], average[148.97]
[Tue Dec  2 12:38:35 2025] >> SAMPLE[ 8590] lifetime[142 weeks], average[148.97]
[Tue Dec  2 12:38:36 2025] >> SAMPLE[ 8591] lifetime[129 weeks], average[148.97]
[Tue Dec  2 12:38:37 2025] >> SAMPLE[ 8592] lifetime[210 weeks], average[148.97]
[Tue Dec  2 12:38:37 2025] >> SAMPLE[ 8593] lifetime[167 weeks], average[148.98]
[Tue Dec  2 12:38:38 2025] >> SAMPLE[ 8594] lifetime[158 weeks], average[148.98]
[Tue Dec  2 12:38:39 2025] >> SAMPLE[ 8595] lifetime[194 weeks], average[148.98]
[Tue Dec  2 12:38:39 2025] >> SAMPLE[ 8596] lifetime[119 weeks], average[148.98]
[Tue Dec  2 12:38:40 2025] >> SAMPLE[ 8597] lifetime[172 weeks], average[148.98]
[Tue Dec  2 12:38:41 2025] >> SAMPLE[ 8598] lifetime[170 weeks], average[148.98]
[Tue Dec  2 12:38:42 2025] >> SAMPLE[ 8599] lifetime[149 weeks], average[148.98]
[Tue Dec  2 12:38:44 2025] >> Generating new alpha
[Tue Dec  2 12:38:45 2025] >> SAMPLE[ 8600] lifetime[147 weeks], average[148.98]
[Tue Dec  2 12:38:46 2025] >> SAMPLE[ 8601] lifetime[145 weeks], average[148.98]
[Tue Dec  2 12:38:46 2025] >> SAMPLE[ 8602] lifetime[147 weeks], average[148.98]
[Tue Dec  2 12:38:47 2025] >> SAMPLE[ 8603] lifetime[104 weeks], average[148.98]
[Tue Dec  2 12:38:48 2025] >> SAMPLE[ 8604] lifetime[175 weeks], average[148.98]
[Tue Dec  2 12:38:48 2025] >> SAMPLE[ 8605] lifetime[175 weeks], average[148.98]
[Tue Dec  2 12:38:49 2025] >> SAMPLE[ 8606] lifetime[132 weeks], average[148.98]
[Tue Dec  2 12:38:50 2025] >> SAMPLE[ 8607] lifetime[181 weeks], average[148.99]
[Tue Dec  2 12:38:50 2025] >> SAMPLE[ 8608] lifetime[109 weeks], average[148.98]
[Tue Dec  2 12:38:51 2025] >> SAMPLE[ 8609] lifetime[160 weeks], average[148.98]
[Tue Dec  2 12:38:52 2025] >> SAMPLE[ 8610] lifetime[167 weeks], average[148.99]
[Tue Dec  2 12:38:52 2025] >> SAMPLE[ 8611] lifetime[144 weeks], average[148.98]
[Tue Dec  2 12:38:53 2025] >> SAMPLE[ 8612] lifetime[130 weeks], average[148.98]
[Tue Dec  2 12:38:54 2025] >> SAMPLE[ 8613] lifetime[149 weeks], average[148.98]
[Tue Dec  2 12:38:54 2025] >> SAMPLE[ 8614] lifetime[125 weeks], average[148.98]
[Tue Dec  2 12:38:55 2025] >> SAMPLE[ 8615] lifetime[157 weeks], average[148.98]
[Tue Dec  2 12:38:56 2025] >> SAMPLE[ 8616] lifetime[134 weeks], average[148.98]
[Tue Dec  2 12:38:56 2025] >> SAMPLE[ 8617] lifetime[171 weeks], average[148.98]
[Tue Dec  2 12:38:57 2025] >> SAMPLE[ 8618] lifetime[144 weeks], average[148.98]
[Tue Dec  2 12:38:58 2025] >> SAMPLE[ 8619] lifetime[202 weeks], average[148.99]
[Tue Dec  2 12:38:59 2025] >> SAMPLE[ 8620] lifetime[192 weeks], average[148.99]
[Tue Dec  2 12:38:59 2025] >> SAMPLE[ 8621] lifetime[113 weeks], average[148.99]
[Tue Dec  2 12:39:00 2025] >> SAMPLE[ 8622] lifetime[157 weeks], average[148.99]
[Tue Dec  2 12:39:01 2025] >> SAMPLE[ 8623] lifetime[133 weeks], average[148.99]
[Tue Dec  2 12:39:01 2025] >> SAMPLE[ 8624] lifetime[165 weeks], average[148.99]
[Tue Dec  2 12:39:02 2025] >> SAMPLE[ 8625] lifetime[166 weeks], average[148.99]
[Tue Dec  2 12:39:03 2025] >> SAMPLE[ 8626] lifetime[128 weeks], average[148.99]
[Tue Dec  2 12:39:03 2025] >> SAMPLE[ 8627] lifetime[132 weeks], average[148.99]
[Tue Dec  2 12:39:04 2025] >> SAMPLE[ 8628] lifetime[149 weeks], average[148.99]
[Tue Dec  2 12:39:05 2025] >> SAMPLE[ 8629] lifetime[156 weeks], average[148.99]
[Tue Dec  2 12:39:05 2025] >> SAMPLE[ 8630] lifetime[115 weeks], average[148.98]
[Tue Dec  2 12:39:06 2025] >> SAMPLE[ 8631] lifetime[185 weeks], average[148.99]
[Tue Dec  2 12:39:07 2025] >> SAMPLE[ 8632] lifetime[140 weeks], average[148.99]
[Tue Dec  2 12:39:07 2025] >> SAMPLE[ 8633] lifetime[147 weeks], average[148.99]
[Tue Dec  2 12:39:08 2025] >> SAMPLE[ 8634] lifetime[155 weeks], average[148.99]
[Tue Dec  2 12:39:09 2025] >> SAMPLE[ 8635] lifetime[228 weeks], average[149.00]
[Tue Dec  2 12:39:10 2025] >> SAMPLE[ 8636] lifetime[123 weeks], average[148.99]
[Tue Dec  2 12:39:11 2025] >> SAMPLE[ 8637] lifetime[166 weeks], average[148.99]
[Tue Dec  2 12:39:11 2025] >> SAMPLE[ 8638] lifetime[137 weeks], average[148.99]
[Tue Dec  2 12:39:12 2025] >> SAMPLE[ 8639] lifetime[154 weeks], average[148.99]
[Tue Dec  2 12:39:13 2025] >> SAMPLE[ 8640] lifetime[157 weeks], average[148.99]
[Tue Dec  2 12:39:14 2025] >> SAMPLE[ 8641] lifetime[192 weeks], average[149.00]
[Tue Dec  2 12:39:14 2025] >> SAMPLE[ 8642] lifetime[146 weeks], average[149.00]
[Tue Dec  2 12:39:15 2025] >> SAMPLE[ 8643] lifetime[178 weeks], average[149.00]
[Tue Dec  2 12:39:16 2025] >> SAMPLE[ 8644] lifetime[203 weeks], average[149.01]
[Tue Dec  2 12:39:17 2025] >> SAMPLE[ 8645] lifetime[119 weeks], average[149.01]
[Tue Dec  2 12:39:17 2025] >> SAMPLE[ 8646] lifetime[140 weeks], average[149.00]
[Tue Dec  2 12:39:18 2025] >> SAMPLE[ 8647] lifetime[190 weeks], average[149.01]
[Tue Dec  2 12:39:19 2025] >> SAMPLE[ 8648] lifetime[142 weeks], average[149.01]
[Tue Dec  2 12:39:19 2025] >> SAMPLE[ 8649] lifetime[119 weeks], average[149.00]
[Tue Dec  2 12:39:20 2025] >> SAMPLE[ 8650] lifetime[139 weeks], average[149.00]
[Tue Dec  2 12:39:21 2025] >> SAMPLE[ 8651] lifetime[155 weeks], average[149.00]
[Tue Dec  2 12:39:21 2025] >> SAMPLE[ 8652] lifetime[154 weeks], average[149.01]
[Tue Dec  2 12:39:22 2025] >> SAMPLE[ 8653] lifetime[170 weeks], average[149.01]
[Tue Dec  2 12:39:23 2025] >> SAMPLE[ 8654] lifetime[169 weeks], average[149.01]
[Tue Dec  2 12:39:24 2025] >> SAMPLE[ 8655] lifetime[157 weeks], average[149.01]
[Tue Dec  2 12:39:24 2025] >> SAMPLE[ 8656] lifetime[126 weeks], average[149.01]
[Tue Dec  2 12:39:25 2025] >> SAMPLE[ 8657] lifetime[173 weeks], average[149.01]
[Tue Dec  2 12:39:25 2025] >> SAMPLE[ 8658] lifetime[130 weeks], average[149.01]
[Tue Dec  2 12:39:26 2025] >> SAMPLE[ 8659] lifetime[116 weeks], average[149.00]
[Tue Dec  2 12:39:27 2025] >> SAMPLE[ 8660] lifetime[170 weeks], average[149.01]
[Tue Dec  2 12:39:28 2025] >> SAMPLE[ 8661] lifetime[179 weeks], average[149.01]
[Tue Dec  2 12:39:28 2025] >> SAMPLE[ 8662] lifetime[144 weeks], average[149.01]
[Tue Dec  2 12:39:29 2025] >> SAMPLE[ 8663] lifetime[152 weeks], average[149.01]
[Tue Dec  2 12:39:29 2025] >> SAMPLE[ 8664] lifetime[116 weeks], average[149.01]
[Tue Dec  2 12:39:30 2025] >> SAMPLE[ 8665] lifetime[162 weeks], average[149.01]
[Tue Dec  2 12:39:31 2025] >> SAMPLE[ 8666] lifetime[158 weeks], average[149.01]
[Tue Dec  2 12:39:32 2025] >> SAMPLE[ 8667] lifetime[130 weeks], average[149.01]
[Tue Dec  2 12:39:32 2025] >> SAMPLE[ 8668] lifetime[128 weeks], average[149.00]
[Tue Dec  2 12:39:33 2025] >> SAMPLE[ 8669] lifetime[180 weeks], average[149.01]
[Tue Dec  2 12:39:34 2025] >> SAMPLE[ 8670] lifetime[177 weeks], average[149.01]
[Tue Dec  2 12:39:35 2025] >> SAMPLE[ 8671] lifetime[168 weeks], average[149.01]
[Tue Dec  2 12:39:35 2025] >> SAMPLE[ 8672] lifetime[106 weeks], average[149.01]
[Tue Dec  2 12:39:35 2025] >> SAMPLE[ 8673] lifetime[ 99 weeks], average[149.00]
[Tue Dec  2 12:39:37 2025] >> SAMPLE[ 8674] lifetime[214 weeks], average[149.01]
[Tue Dec  2 12:39:37 2025] >> SAMPLE[ 8675] lifetime[154 weeks], average[149.01]
[Tue Dec  2 12:39:38 2025] >> SAMPLE[ 8676] lifetime[128 weeks], average[149.01]
[Tue Dec  2 12:39:38 2025] >> SAMPLE[ 8677] lifetime[124 weeks], average[149.01]
[Tue Dec  2 12:39:39 2025] >> SAMPLE[ 8678] lifetime[ 99 weeks], average[149.00]
[Tue Dec  2 12:39:39 2025] >> SAMPLE[ 8679] lifetime[148 weeks], average[149.00]
[Tue Dec  2 12:39:40 2025] >> SAMPLE[ 8680] lifetime[151 weeks], average[149.00]
[Tue Dec  2 12:39:41 2025] >> SAMPLE[ 8681] lifetime[140 weeks], average[149.00]
[Tue Dec  2 12:39:41 2025] >> SAMPLE[ 8682] lifetime[128 weeks], average[149.00]
[Tue Dec  2 12:39:42 2025] >> SAMPLE[ 8683] lifetime[175 weeks], average[149.00]
[Tue Dec  2 12:39:43 2025] >> SAMPLE[ 8684] lifetime[154 weeks], average[149.00]
[Tue Dec  2 12:39:43 2025] >> SAMPLE[ 8685] lifetime[138 weeks], average[149.00]
[Tue Dec  2 12:39:44 2025] >> SAMPLE[ 8686] lifetime[138 weeks], average[149.00]
[Tue Dec  2 12:39:45 2025] >> SAMPLE[ 8687] lifetime[141 weeks], average[149.00]
[Tue Dec  2 12:39:45 2025] >> SAMPLE[ 8688] lifetime[162 weeks], average[149.00]
[Tue Dec  2 12:39:46 2025] >> SAMPLE[ 8689] lifetime[139 weeks], average[149.00]
[Tue Dec  2 12:39:47 2025] >> SAMPLE[ 8690] lifetime[121 weeks], average[148.99]
[Tue Dec  2 12:39:48 2025] >> SAMPLE[ 8691] lifetime[218 weeks], average[149.00]
[Tue Dec  2 12:39:48 2025] >> SAMPLE[ 8692] lifetime[121 weeks], average[149.00]
[Tue Dec  2 12:39:49 2025] >> SAMPLE[ 8693] lifetime[157 weeks], average[149.00]
[Tue Dec  2 12:39:50 2025] >> SAMPLE[ 8694] lifetime[150 weeks], average[149.00]
[Tue Dec  2 12:39:50 2025] >> SAMPLE[ 8695] lifetime[179 weeks], average[149.00]
[Tue Dec  2 12:39:51 2025] >> SAMPLE[ 8696] lifetime[131 weeks], average[149.00]
[Tue Dec  2 12:39:52 2025] >> SAMPLE[ 8697] lifetime[196 weeks], average[149.01]
[Tue Dec  2 12:39:53 2025] >> SAMPLE[ 8698] lifetime[155 weeks], average[149.01]
[Tue Dec  2 12:39:53 2025] >> SAMPLE[ 8699] lifetime[173 weeks], average[149.01]
[Tue Dec  2 12:39:56 2025] >> Generating new alpha
[Tue Dec  2 12:39:57 2025] >> SAMPLE[ 8700] lifetime[129 weeks], average[149.01]
[Tue Dec  2 12:39:58 2025] >> SAMPLE[ 8701] lifetime[179 weeks], average[149.01]
[Tue Dec  2 12:39:58 2025] >> SAMPLE[ 8702] lifetime[185 weeks], average[149.02]
[Tue Dec  2 12:39:59 2025] >> SAMPLE[ 8703] lifetime[165 weeks], average[149.02]
[Tue Dec  2 12:40:00 2025] >> SAMPLE[ 8704] lifetime[133 weeks], average[149.02]
[Tue Dec  2 12:40:01 2025] >> SAMPLE[ 8705] lifetime[172 weeks], average[149.02]
[Tue Dec  2 12:40:01 2025] >> SAMPLE[ 8706] lifetime[113 weeks], average[149.01]
[Tue Dec  2 12:40:02 2025] >> SAMPLE[ 8707] lifetime[172 weeks], average[149.02]
[Tue Dec  2 12:40:02 2025] >> SAMPLE[ 8708] lifetime[109 weeks], average[149.01]
[Tue Dec  2 12:40:03 2025] >> SAMPLE[ 8709] lifetime[138 weeks], average[149.01]
[Tue Dec  2 12:40:04 2025] >> SAMPLE[ 8710] lifetime[144 weeks], average[149.01]
[Tue Dec  2 12:40:04 2025] >> SAMPLE[ 8711] lifetime[115 weeks], average[149.01]
[Tue Dec  2 12:40:05 2025] >> SAMPLE[ 8712] lifetime[146 weeks], average[149.01]
[Tue Dec  2 12:40:05 2025] >> SAMPLE[ 8713] lifetime[122 weeks], average[149.00]
[Tue Dec  2 12:40:06 2025] >> SAMPLE[ 8714] lifetime[165 weeks], average[149.00]
[Tue Dec  2 12:40:07 2025] >> SAMPLE[ 8715] lifetime[169 weeks], average[149.01]
[Tue Dec  2 12:40:08 2025] >> SAMPLE[ 8716] lifetime[153 weeks], average[149.01]
[Tue Dec  2 12:40:08 2025] >> SAMPLE[ 8717] lifetime[179 weeks], average[149.01]
[Tue Dec  2 12:40:09 2025] >> SAMPLE[ 8718] lifetime[140 weeks], average[149.01]
[Tue Dec  2 12:40:10 2025] >> SAMPLE[ 8719] lifetime[191 weeks], average[149.01]
[Tue Dec  2 12:40:11 2025] >> SAMPLE[ 8720] lifetime[144 weeks], average[149.01]
[Tue Dec  2 12:40:11 2025] >> SAMPLE[ 8721] lifetime[146 weeks], average[149.01]
[Tue Dec  2 12:40:12 2025] >> SAMPLE[ 8722] lifetime[121 weeks], average[149.01]
[Tue Dec  2 12:40:12 2025] >> SAMPLE[ 8723] lifetime[126 weeks], average[149.01]
[Tue Dec  2 12:40:13 2025] >> SAMPLE[ 8724] lifetime[185 weeks], average[149.01]
[Tue Dec  2 12:40:14 2025] >> SAMPLE[ 8725] lifetime[119 weeks], average[149.01]
[Tue Dec  2 12:40:14 2025] >> SAMPLE[ 8726] lifetime[152 weeks], average[149.01]
[Tue Dec  2 12:40:15 2025] >> SAMPLE[ 8727] lifetime[149 weeks], average[149.01]
[Tue Dec  2 12:40:16 2025] >> SAMPLE[ 8728] lifetime[105 weeks], average[149.00]
[Tue Dec  2 12:40:16 2025] >> SAMPLE[ 8729] lifetime[119 weeks], average[149.00]
[Tue Dec  2 12:40:17 2025] >> SAMPLE[ 8730] lifetime[191 weeks], average[149.00]
[Tue Dec  2 12:40:18 2025] >> SAMPLE[ 8731] lifetime[176 weeks], average[149.01]
[Tue Dec  2 12:40:19 2025] >> SAMPLE[ 8732] lifetime[171 weeks], average[149.01]
[Tue Dec  2 12:40:19 2025] >> SAMPLE[ 8733] lifetime[119 weeks], average[149.01]
[Tue Dec  2 12:40:20 2025] >> SAMPLE[ 8734] lifetime[111 weeks], average[149.00]
[Tue Dec  2 12:40:20 2025] >> SAMPLE[ 8735] lifetime[165 weeks], average[149.00]
[Tue Dec  2 12:40:21 2025] >> SAMPLE[ 8736] lifetime[133 weeks], average[149.00]
[Tue Dec  2 12:40:22 2025] >> SAMPLE[ 8737] lifetime[142 weeks], average[149.00]
[Tue Dec  2 12:40:22 2025] >> SAMPLE[ 8738] lifetime[154 weeks], average[149.00]
[Tue Dec  2 12:40:23 2025] >> SAMPLE[ 8739] lifetime[137 weeks], average[149.00]
[Tue Dec  2 12:40:24 2025] >> SAMPLE[ 8740] lifetime[129 weeks], average[149.00]
[Tue Dec  2 12:40:24 2025] >> SAMPLE[ 8741] lifetime[159 weeks], average[149.00]
[Tue Dec  2 12:40:25 2025] >> SAMPLE[ 8742] lifetime[162 weeks], average[149.00]
[Tue Dec  2 12:40:26 2025] >> SAMPLE[ 8743] lifetime[168 weeks], average[149.00]
[Tue Dec  2 12:40:27 2025] >> SAMPLE[ 8744] lifetime[156 weeks], average[149.00]
[Tue Dec  2 12:40:27 2025] >> SAMPLE[ 8745] lifetime[132 weeks], average[149.00]
[Tue Dec  2 12:40:28 2025] >> SAMPLE[ 8746] lifetime[175 weeks], average[149.01]
[Tue Dec  2 12:40:29 2025] >> SAMPLE[ 8747] lifetime[173 weeks], average[149.01]
[Tue Dec  2 12:40:30 2025] >> SAMPLE[ 8748] lifetime[173 weeks], average[149.01]
[Tue Dec  2 12:40:30 2025] >> SAMPLE[ 8749] lifetime[153 weeks], average[149.01]
[Tue Dec  2 12:40:31 2025] >> SAMPLE[ 8750] lifetime[155 weeks], average[149.01]
[Tue Dec  2 12:40:32 2025] >> SAMPLE[ 8751] lifetime[112 weeks], average[149.01]
[Tue Dec  2 12:40:32 2025] >> SAMPLE[ 8752] lifetime[146 weeks], average[149.01]
[Tue Dec  2 12:40:33 2025] >> SAMPLE[ 8753] lifetime[162 weeks], average[149.01]
[Tue Dec  2 12:40:34 2025] >> SAMPLE[ 8754] lifetime[139 weeks], average[149.01]
[Tue Dec  2 12:40:35 2025] >> SAMPLE[ 8755] lifetime[212 weeks], average[149.01]
[Tue Dec  2 12:40:36 2025] >> SAMPLE[ 8756] lifetime[166 weeks], average[149.02]
[Tue Dec  2 12:40:36 2025] >> SAMPLE[ 8757] lifetime[185 weeks], average[149.02]
[Tue Dec  2 12:40:37 2025] >> SAMPLE[ 8758] lifetime[135 weeks], average[149.02]
[Tue Dec  2 12:40:38 2025] >> SAMPLE[ 8759] lifetime[143 weeks], average[149.02]
[Tue Dec  2 12:40:38 2025] >> SAMPLE[ 8760] lifetime[116 weeks], average[149.01]
[Tue Dec  2 12:40:39 2025] >> SAMPLE[ 8761] lifetime[120 weeks], average[149.01]
[Tue Dec  2 12:40:39 2025] >> SAMPLE[ 8762] lifetime[149 weeks], average[149.01]
[Tue Dec  2 12:40:40 2025] >> SAMPLE[ 8763] lifetime[164 weeks], average[149.01]
[Tue Dec  2 12:40:41 2025] >> SAMPLE[ 8764] lifetime[160 weeks], average[149.01]
[Tue Dec  2 12:40:41 2025] >> SAMPLE[ 8765] lifetime[121 weeks], average[149.01]
[Tue Dec  2 12:40:42 2025] >> SAMPLE[ 8766] lifetime[103 weeks], average[149.01]
[Tue Dec  2 12:40:42 2025] >> SAMPLE[ 8767] lifetime[124 weeks], average[149.00]
[Tue Dec  2 12:40:43 2025] >> SAMPLE[ 8768] lifetime[152 weeks], average[149.00]
[Tue Dec  2 12:40:44 2025] >> SAMPLE[ 8769] lifetime[121 weeks], average[149.00]
[Tue Dec  2 12:40:44 2025] >> SAMPLE[ 8770] lifetime[147 weeks], average[149.00]
[Tue Dec  2 12:40:45 2025] >> SAMPLE[ 8771] lifetime[162 weeks], average[149.00]
[Tue Dec  2 12:40:46 2025] >> SAMPLE[ 8772] lifetime[128 weeks], average[149.00]
[Tue Dec  2 12:40:46 2025] >> SAMPLE[ 8773] lifetime[111 weeks], average[148.99]
[Tue Dec  2 12:40:47 2025] >> SAMPLE[ 8774] lifetime[154 weeks], average[149.00]
[Tue Dec  2 12:40:48 2025] >> SAMPLE[ 8775] lifetime[175 weeks], average[149.00]
[Tue Dec  2 12:40:48 2025] >> SAMPLE[ 8776] lifetime[149 weeks], average[149.00]
[Tue Dec  2 12:40:49 2025] >> SAMPLE[ 8777] lifetime[209 weeks], average[149.01]
[Tue Dec  2 12:40:50 2025] >> SAMPLE[ 8778] lifetime[202 weeks], average[149.01]
[Tue Dec  2 12:40:51 2025] >> SAMPLE[ 8779] lifetime[183 weeks], average[149.02]
[Tue Dec  2 12:40:52 2025] >> SAMPLE[ 8780] lifetime[132 weeks], average[149.01]
[Tue Dec  2 12:40:52 2025] >> SAMPLE[ 8781] lifetime[160 weeks], average[149.01]
[Tue Dec  2 12:40:53 2025] >> SAMPLE[ 8782] lifetime[164 weeks], average[149.02]
[Tue Dec  2 12:40:54 2025] >> SAMPLE[ 8783] lifetime[160 weeks], average[149.02]
[Tue Dec  2 12:40:55 2025] >> SAMPLE[ 8784] lifetime[163 weeks], average[149.02]
[Tue Dec  2 12:40:55 2025] >> SAMPLE[ 8785] lifetime[ 89 weeks], average[149.01]
[Tue Dec  2 12:40:56 2025] >> SAMPLE[ 8786] lifetime[204 weeks], average[149.02]
[Tue Dec  2 12:40:57 2025] >> SAMPLE[ 8787] lifetime[154 weeks], average[149.02]
[Tue Dec  2 12:40:57 2025] >> SAMPLE[ 8788] lifetime[112 weeks], average[149.01]
[Tue Dec  2 12:40:58 2025] >> SAMPLE[ 8789] lifetime[192 weeks], average[149.02]
[Tue Dec  2 12:40:59 2025] >> SAMPLE[ 8790] lifetime[160 weeks], average[149.02]
[Tue Dec  2 12:41:00 2025] >> SAMPLE[ 8791] lifetime[159 weeks], average[149.02]
[Tue Dec  2 12:41:00 2025] >> SAMPLE[ 8792] lifetime[138 weeks], average[149.02]
[Tue Dec  2 12:41:01 2025] >> SAMPLE[ 8793] lifetime[152 weeks], average[149.02]
[Tue Dec  2 12:41:02 2025] >> SAMPLE[ 8794] lifetime[147 weeks], average[149.02]
[Tue Dec  2 12:41:02 2025] >> SAMPLE[ 8795] lifetime[131 weeks], average[149.02]
[Tue Dec  2 12:41:03 2025] >> SAMPLE[ 8796] lifetime[187 weeks], average[149.02]
[Tue Dec  2 12:41:04 2025] >> SAMPLE[ 8797] lifetime[184 weeks], average[149.03]
[Tue Dec  2 12:41:05 2025] >> SAMPLE[ 8798] lifetime[153 weeks], average[149.03]
[Tue Dec  2 12:41:05 2025] >> SAMPLE[ 8799] lifetime[140 weeks], average[149.03]
[Tue Dec  2 12:41:08 2025] >> Generating new alpha
[Tue Dec  2 12:41:09 2025] >> SAMPLE[ 8800] lifetime[154 weeks], average[149.03]
[Tue Dec  2 12:41:09 2025] >> SAMPLE[ 8801] lifetime[171 weeks], average[149.03]
[Tue Dec  2 12:41:10 2025] >> SAMPLE[ 8802] lifetime[118 weeks], average[149.03]
[Tue Dec  2 12:41:11 2025] >> SAMPLE[ 8803] lifetime[157 weeks], average[149.03]
[Tue Dec  2 12:41:11 2025] >> SAMPLE[ 8804] lifetime[117 weeks], average[149.02]
[Tue Dec  2 12:41:12 2025] >> SAMPLE[ 8805] lifetime[146 weeks], average[149.02]
[Tue Dec  2 12:41:13 2025] >> SAMPLE[ 8806] lifetime[152 weeks], average[149.02]
[Tue Dec  2 12:41:13 2025] >> SAMPLE[ 8807] lifetime[119 weeks], average[149.02]
[Tue Dec  2 12:41:14 2025] >> SAMPLE[ 8808] lifetime[133 weeks], average[149.02]
[Tue Dec  2 12:41:14 2025] >> SAMPLE[ 8809] lifetime[155 weeks], average[149.02]
[Tue Dec  2 12:41:15 2025] >> SAMPLE[ 8810] lifetime[152 weeks], average[149.02]
[Tue Dec  2 12:41:16 2025] >> SAMPLE[ 8811] lifetime[218 weeks], average[149.03]
[Tue Dec  2 12:41:17 2025] >> SAMPLE[ 8812] lifetime[113 weeks], average[149.02]
[Tue Dec  2 12:41:17 2025] >> SAMPLE[ 8813] lifetime[110 weeks], average[149.02]
[Tue Dec  2 12:41:18 2025] >> SAMPLE[ 8814] lifetime[104 weeks], average[149.01]
[Tue Dec  2 12:41:18 2025] >> SAMPLE[ 8815] lifetime[150 weeks], average[149.01]
[Tue Dec  2 12:41:19 2025] >> SAMPLE[ 8816] lifetime[168 weeks], average[149.02]
[Tue Dec  2 12:41:20 2025] >> SAMPLE[ 8817] lifetime[160 weeks], average[149.02]
[Tue Dec  2 12:41:21 2025] >> SAMPLE[ 8818] lifetime[182 weeks], average[149.02]
[Tue Dec  2 12:41:21 2025] >> SAMPLE[ 8819] lifetime[101 weeks], average[149.02]
[Tue Dec  2 12:41:22 2025] >> SAMPLE[ 8820] lifetime[171 weeks], average[149.02]
[Tue Dec  2 12:41:22 2025] >> SAMPLE[ 8821] lifetime[ 97 weeks], average[149.01]
[Tue Dec  2 12:41:23 2025] >> SAMPLE[ 8822] lifetime[180 weeks], average[149.02]
[Tue Dec  2 12:41:24 2025] >> SAMPLE[ 8823] lifetime[137 weeks], average[149.01]
[Tue Dec  2 12:41:24 2025] >> SAMPLE[ 8824] lifetime[141 weeks], average[149.01]
[Tue Dec  2 12:41:25 2025] >> SAMPLE[ 8825] lifetime[159 weeks], average[149.01]
[Tue Dec  2 12:41:26 2025] >> SAMPLE[ 8826] lifetime[175 weeks], average[149.02]
[Tue Dec  2 12:41:26 2025] >> SAMPLE[ 8827] lifetime[113 weeks], average[149.01]
[Tue Dec  2 12:41:27 2025] >> SAMPLE[ 8828] lifetime[154 weeks], average[149.01]
[Tue Dec  2 12:41:28 2025] >> SAMPLE[ 8829] lifetime[159 weeks], average[149.01]
[Tue Dec  2 12:41:29 2025] >> SAMPLE[ 8830] lifetime[171 weeks], average[149.02]
[Tue Dec  2 12:41:29 2025] >> SAMPLE[ 8831] lifetime[143 weeks], average[149.02]
[Tue Dec  2 12:41:30 2025] >> SAMPLE[ 8832] lifetime[129 weeks], average[149.01]
[Tue Dec  2 12:41:31 2025] >> SAMPLE[ 8833] lifetime[166 weeks], average[149.02]
[Tue Dec  2 12:41:31 2025] >> SAMPLE[ 8834] lifetime[172 weeks], average[149.02]
[Tue Dec  2 12:41:32 2025] >> SAMPLE[ 8835] lifetime[146 weeks], average[149.02]
[Tue Dec  2 12:41:33 2025] >> SAMPLE[ 8836] lifetime[130 weeks], average[149.02]
[Tue Dec  2 12:41:33 2025] >> SAMPLE[ 8837] lifetime[156 weeks], average[149.02]
[Tue Dec  2 12:41:34 2025] >> SAMPLE[ 8838] lifetime[166 weeks], average[149.02]
[Tue Dec  2 12:41:35 2025] >> SAMPLE[ 8839] lifetime[197 weeks], average[149.02]
[Tue Dec  2 12:41:36 2025] >> SAMPLE[ 8840] lifetime[126 weeks], average[149.02]
[Tue Dec  2 12:41:37 2025] >> SAMPLE[ 8841] lifetime[174 weeks], average[149.02]
[Tue Dec  2 12:41:37 2025] >> SAMPLE[ 8842] lifetime[173 weeks], average[149.03]
[Tue Dec  2 12:41:38 2025] >> SAMPLE[ 8843] lifetime[165 weeks], average[149.03]
[Tue Dec  2 12:41:39 2025] >> SAMPLE[ 8844] lifetime[180 weeks], average[149.03]
[Tue Dec  2 12:41:40 2025] >> SAMPLE[ 8845] lifetime[127 weeks], average[149.03]
[Tue Dec  2 12:41:40 2025] >> SAMPLE[ 8846] lifetime[131 weeks], average[149.03]
[Tue Dec  2 12:41:41 2025] >> SAMPLE[ 8847] lifetime[180 weeks], average[149.03]
[Tue Dec  2 12:41:42 2025] >> SAMPLE[ 8848] lifetime[189 weeks], average[149.04]
[Tue Dec  2 12:41:43 2025] >> SAMPLE[ 8849] lifetime[185 weeks], average[149.04]
[Tue Dec  2 12:41:43 2025] >> SAMPLE[ 8850] lifetime[121 weeks], average[149.04]
[Tue Dec  2 12:41:44 2025] >> SAMPLE[ 8851] lifetime[144 weeks], average[149.04]
[Tue Dec  2 12:41:45 2025] >> SAMPLE[ 8852] lifetime[157 weeks], average[149.04]
[Tue Dec  2 12:41:45 2025] >> SAMPLE[ 8853] lifetime[155 weeks], average[149.04]
[Tue Dec  2 12:41:46 2025] >> SAMPLE[ 8854] lifetime[128 weeks], average[149.04]
[Tue Dec  2 12:41:47 2025] >> SAMPLE[ 8855] lifetime[139 weeks], average[149.03]
[Tue Dec  2 12:41:47 2025] >> SAMPLE[ 8856] lifetime[139 weeks], average[149.03]
[Tue Dec  2 12:41:48 2025] >> SAMPLE[ 8857] lifetime[123 weeks], average[149.03]
[Tue Dec  2 12:41:48 2025] >> SAMPLE[ 8858] lifetime[124 weeks], average[149.03]
[Tue Dec  2 12:41:49 2025] >> SAMPLE[ 8859] lifetime[135 weeks], average[149.03]
[Tue Dec  2 12:41:50 2025] >> SAMPLE[ 8860] lifetime[155 weeks], average[149.03]
[Tue Dec  2 12:41:51 2025] >> SAMPLE[ 8861] lifetime[179 weeks], average[149.03]
[Tue Dec  2 12:41:51 2025] >> SAMPLE[ 8862] lifetime[103 weeks], average[149.03]
[Tue Dec  2 12:41:52 2025] >> SAMPLE[ 8863] lifetime[164 weeks], average[149.03]
[Tue Dec  2 12:41:52 2025] >> SAMPLE[ 8864] lifetime[154 weeks], average[149.03]
[Tue Dec  2 12:41:53 2025] >> SAMPLE[ 8865] lifetime[178 weeks], average[149.03]
[Tue Dec  2 12:41:54 2025] >> SAMPLE[ 8866] lifetime[161 weeks], average[149.03]
[Tue Dec  2 12:41:55 2025] >> SAMPLE[ 8867] lifetime[132 weeks], average[149.03]
[Tue Dec  2 12:41:55 2025] >> SAMPLE[ 8868] lifetime[124 weeks], average[149.03]
[Tue Dec  2 12:41:56 2025] >> SAMPLE[ 8869] lifetime[135 weeks], average[149.03]
[Tue Dec  2 12:41:57 2025] >> SAMPLE[ 8870] lifetime[188 weeks], average[149.03]
[Tue Dec  2 12:41:57 2025] >> SAMPLE[ 8871] lifetime[136 weeks], average[149.03]
[Tue Dec  2 12:41:58 2025] >> SAMPLE[ 8872] lifetime[108 weeks], average[149.02]
[Tue Dec  2 12:41:58 2025] >> SAMPLE[ 8873] lifetime[148 weeks], average[149.02]
[Tue Dec  2 12:41:59 2025] >> SAMPLE[ 8874] lifetime[128 weeks], average[149.02]
[Tue Dec  2 12:42:00 2025] >> SAMPLE[ 8875] lifetime[203 weeks], average[149.03]
[Tue Dec  2 12:42:01 2025] >> SAMPLE[ 8876] lifetime[188 weeks], average[149.03]
[Tue Dec  2 12:42:01 2025] >> SAMPLE[ 8877] lifetime[137 weeks], average[149.03]
[Tue Dec  2 12:42:02 2025] >> SAMPLE[ 8878] lifetime[168 weeks], average[149.03]
[Tue Dec  2 12:42:03 2025] >> SAMPLE[ 8879] lifetime[174 weeks], average[149.04]
[Tue Dec  2 12:42:04 2025] >> SAMPLE[ 8880] lifetime[151 weeks], average[149.04]
[Tue Dec  2 12:42:05 2025] >> SAMPLE[ 8881] lifetime[198 weeks], average[149.04]
[Tue Dec  2 12:42:06 2025] >> SAMPLE[ 8882] lifetime[180 weeks], average[149.04]
[Tue Dec  2 12:42:06 2025] >> SAMPLE[ 8883] lifetime[157 weeks], average[149.05]
[Tue Dec  2 12:42:07 2025] >> SAMPLE[ 8884] lifetime[114 weeks], average[149.04]
[Tue Dec  2 12:42:08 2025] >> SAMPLE[ 8885] lifetime[167 weeks], average[149.04]
[Tue Dec  2 12:42:08 2025] >> SAMPLE[ 8886] lifetime[141 weeks], average[149.04]
[Tue Dec  2 12:42:09 2025] >> SAMPLE[ 8887] lifetime[162 weeks], average[149.04]
[Tue Dec  2 12:42:10 2025] >> SAMPLE[ 8888] lifetime[160 weeks], average[149.05]
[Tue Dec  2 12:42:10 2025] >> SAMPLE[ 8889] lifetime[184 weeks], average[149.05]
[Tue Dec  2 12:42:11 2025] >> SAMPLE[ 8890] lifetime[163 weeks], average[149.05]
[Tue Dec  2 12:42:12 2025] >> SAMPLE[ 8891] lifetime[165 weeks], average[149.05]
[Tue Dec  2 12:42:13 2025] >> SAMPLE[ 8892] lifetime[149 weeks], average[149.05]
[Tue Dec  2 12:42:14 2025] >> SAMPLE[ 8893] lifetime[188 weeks], average[149.06]
[Tue Dec  2 12:42:14 2025] >> SAMPLE[ 8894] lifetime[167 weeks], average[149.06]
[Tue Dec  2 12:42:15 2025] >> SAMPLE[ 8895] lifetime[177 weeks], average[149.06]
[Tue Dec  2 12:42:16 2025] >> SAMPLE[ 8896] lifetime[178 weeks], average[149.07]
[Tue Dec  2 12:42:17 2025] >> SAMPLE[ 8897] lifetime[117 weeks], average[149.06]
[Tue Dec  2 12:42:18 2025] >> SAMPLE[ 8898] lifetime[234 weeks], average[149.07]
[Tue Dec  2 12:42:18 2025] >> SAMPLE[ 8899] lifetime[133 weeks], average[149.07]
[Tue Dec  2 12:42:21 2025] >> Generating new alpha
[Tue Dec  2 12:42:22 2025] >> SAMPLE[ 8900] lifetime[166 weeks], average[149.07]
[Tue Dec  2 12:42:22 2025] >> SAMPLE[ 8901] lifetime[ 95 weeks], average[149.07]
[Tue Dec  2 12:42:23 2025] >> SAMPLE[ 8902] lifetime[219 weeks], average[149.07]
[Tue Dec  2 12:42:24 2025] >> SAMPLE[ 8903] lifetime[160 weeks], average[149.07]
[Tue Dec  2 12:42:25 2025] >> SAMPLE[ 8904] lifetime[180 weeks], average[149.08]
[Tue Dec  2 12:42:26 2025] >> SAMPLE[ 8905] lifetime[179 weeks], average[149.08]
[Tue Dec  2 12:42:26 2025] >> SAMPLE[ 8906] lifetime[152 weeks], average[149.08]
[Tue Dec  2 12:42:27 2025] >> SAMPLE[ 8907] lifetime[156 weeks], average[149.08]
[Tue Dec  2 12:42:28 2025] >> SAMPLE[ 8908] lifetime[141 weeks], average[149.08]
[Tue Dec  2 12:42:28 2025] >> SAMPLE[ 8909] lifetime[138 weeks], average[149.08]
[Tue Dec  2 12:42:29 2025] >> SAMPLE[ 8910] lifetime[138 weeks], average[149.08]
[Tue Dec  2 12:42:30 2025] >> SAMPLE[ 8911] lifetime[129 weeks], average[149.08]
[Tue Dec  2 12:42:30 2025] >> SAMPLE[ 8912] lifetime[140 weeks], average[149.08]
[Tue Dec  2 12:42:31 2025] >> SAMPLE[ 8913] lifetime[131 weeks], average[149.07]
[Tue Dec  2 12:42:31 2025] >> SAMPLE[ 8914] lifetime[144 weeks], average[149.07]
[Tue Dec  2 12:42:32 2025] >> SAMPLE[ 8915] lifetime[127 weeks], average[149.07]
[Tue Dec  2 12:42:33 2025] >> SAMPLE[ 8916] lifetime[156 weeks], average[149.07]
[Tue Dec  2 12:42:34 2025] >> SAMPLE[ 8917] lifetime[152 weeks], average[149.07]
[Tue Dec  2 12:42:34 2025] >> SAMPLE[ 8918] lifetime[130 weeks], average[149.07]
[Tue Dec  2 12:42:35 2025] >> SAMPLE[ 8919] lifetime[133 weeks], average[149.07]
[Tue Dec  2 12:42:35 2025] >> SAMPLE[ 8920] lifetime[115 weeks], average[149.06]
[Tue Dec  2 12:42:36 2025] >> SAMPLE[ 8921] lifetime[158 weeks], average[149.07]
[Tue Dec  2 12:42:37 2025] >> SAMPLE[ 8922] lifetime[157 weeks], average[149.07]
[Tue Dec  2 12:42:37 2025] >> SAMPLE[ 8923] lifetime[126 weeks], average[149.06]
[Tue Dec  2 12:42:38 2025] >> SAMPLE[ 8924] lifetime[135 weeks], average[149.06]
[Tue Dec  2 12:42:39 2025] >> SAMPLE[ 8925] lifetime[163 weeks], average[149.06]
[Tue Dec  2 12:42:39 2025] >> SAMPLE[ 8926] lifetime[151 weeks], average[149.06]
[Tue Dec  2 12:42:40 2025] >> SAMPLE[ 8927] lifetime[123 weeks], average[149.06]
[Tue Dec  2 12:42:41 2025] >> SAMPLE[ 8928] lifetime[179 weeks], average[149.06]
[Tue Dec  2 12:42:42 2025] >> SAMPLE[ 8929] lifetime[180 weeks], average[149.07]
[Tue Dec  2 12:42:42 2025] >> SAMPLE[ 8930] lifetime[179 weeks], average[149.07]
[Tue Dec  2 12:42:43 2025] >> SAMPLE[ 8931] lifetime[119 weeks], average[149.07]
[Tue Dec  2 12:42:44 2025] >> SAMPLE[ 8932] lifetime[212 weeks], average[149.07]
[Tue Dec  2 12:42:45 2025] >> SAMPLE[ 8933] lifetime[193 weeks], average[149.08]
[Tue Dec  2 12:42:46 2025] >> SAMPLE[ 8934] lifetime[118 weeks], average[149.08]
[Tue Dec  2 12:42:46 2025] >> SAMPLE[ 8935] lifetime[138 weeks], average[149.07]
[Tue Dec  2 12:42:47 2025] >> SAMPLE[ 8936] lifetime[177 weeks], average[149.08]
[Tue Dec  2 12:42:48 2025] >> SAMPLE[ 8937] lifetime[177 weeks], average[149.08]
[Tue Dec  2 12:42:49 2025] >> SAMPLE[ 8938] lifetime[195 weeks], average[149.09]
[Tue Dec  2 12:42:49 2025] >> SAMPLE[ 8939] lifetime[138 weeks], average[149.08]
[Tue Dec  2 12:42:50 2025] >> SAMPLE[ 8940] lifetime[166 weeks], average[149.09]
[Tue Dec  2 12:42:51 2025] >> SAMPLE[ 8941] lifetime[145 weeks], average[149.09]
[Tue Dec  2 12:42:52 2025] >> SAMPLE[ 8942] lifetime[192 weeks], average[149.09]
[Tue Dec  2 12:42:52 2025] >> SAMPLE[ 8943] lifetime[125 weeks], average[149.09]
[Tue Dec  2 12:42:53 2025] >> SAMPLE[ 8944] lifetime[117 weeks], average[149.08]
[Tue Dec  2 12:42:53 2025] >> SAMPLE[ 8945] lifetime[148 weeks], average[149.08]
[Tue Dec  2 12:42:54 2025] >> SAMPLE[ 8946] lifetime[160 weeks], average[149.09]
[Tue Dec  2 12:42:55 2025] >> SAMPLE[ 8947] lifetime[107 weeks], average[149.08]
[Tue Dec  2 12:42:55 2025] >> SAMPLE[ 8948] lifetime[167 weeks], average[149.08]
[Tue Dec  2 12:42:56 2025] >> SAMPLE[ 8949] lifetime[162 weeks], average[149.08]
[Tue Dec  2 12:42:57 2025] >> SAMPLE[ 8950] lifetime[ 91 weeks], average[149.08]
[Tue Dec  2 12:42:57 2025] >> SAMPLE[ 8951] lifetime[ 79 weeks], average[149.07]
[Tue Dec  2 12:42:58 2025] >> SAMPLE[ 8952] lifetime[150 weeks], average[149.07]
[Tue Dec  2 12:42:58 2025] >> SAMPLE[ 8953] lifetime[125 weeks], average[149.07]
[Tue Dec  2 12:42:59 2025] >> SAMPLE[ 8954] lifetime[112 weeks], average[149.06]
[Tue Dec  2 12:42:59 2025] >> SAMPLE[ 8955] lifetime[176 weeks], average[149.07]
[Tue Dec  2 12:43:00 2025] >> SAMPLE[ 8956] lifetime[142 weeks], average[149.07]
[Tue Dec  2 12:43:01 2025] >> SAMPLE[ 8957] lifetime[133 weeks], average[149.06]
[Tue Dec  2 12:43:02 2025] >> SAMPLE[ 8958] lifetime[169 weeks], average[149.07]
[Tue Dec  2 12:43:02 2025] >> SAMPLE[ 8959] lifetime[ 95 weeks], average[149.06]
[Tue Dec  2 12:43:03 2025] >> SAMPLE[ 8960] lifetime[164 weeks], average[149.06]
[Tue Dec  2 12:43:03 2025] >> SAMPLE[ 8961] lifetime[125 weeks], average[149.06]
[Tue Dec  2 12:43:04 2025] >> SAMPLE[ 8962] lifetime[143 weeks], average[149.06]
[Tue Dec  2 12:43:05 2025] >> SAMPLE[ 8963] lifetime[141 weeks], average[149.06]
[Tue Dec  2 12:43:05 2025] >> SAMPLE[ 8964] lifetime[131 weeks], average[149.06]
[Tue Dec  2 12:43:06 2025] >> SAMPLE[ 8965] lifetime[140 weeks], average[149.05]
[Tue Dec  2 12:43:06 2025] >> SAMPLE[ 8966] lifetime[146 weeks], average[149.05]
[Tue Dec  2 12:43:07 2025] >> SAMPLE[ 8967] lifetime[148 weeks], average[149.05]
[Tue Dec  2 12:43:08 2025] >> SAMPLE[ 8968] lifetime[119 weeks], average[149.05]
[Tue Dec  2 12:43:08 2025] >> SAMPLE[ 8969] lifetime[127 weeks], average[149.05]
[Tue Dec  2 12:43:09 2025] >> SAMPLE[ 8970] lifetime[110 weeks], average[149.04]
[Tue Dec  2 12:43:09 2025] >> SAMPLE[ 8971] lifetime[136 weeks], average[149.04]
[Tue Dec  2 12:43:10 2025] >> SAMPLE[ 8972] lifetime[120 weeks], average[149.04]
[Tue Dec  2 12:43:10 2025] >> SAMPLE[ 8973] lifetime[159 weeks], average[149.04]
[Tue Dec  2 12:43:11 2025] >> SAMPLE[ 8974] lifetime[134 weeks], average[149.04]
[Tue Dec  2 12:43:12 2025] >> SAMPLE[ 8975] lifetime[139 weeks], average[149.04]
[Tue Dec  2 12:43:12 2025] >> SAMPLE[ 8976] lifetime[140 weeks], average[149.04]
[Tue Dec  2 12:43:13 2025] >> SAMPLE[ 8977] lifetime[143 weeks], average[149.04]
[Tue Dec  2 12:43:14 2025] >> SAMPLE[ 8978] lifetime[142 weeks], average[149.04]
[Tue Dec  2 12:43:14 2025] >> SAMPLE[ 8979] lifetime[149 weeks], average[149.04]
[Tue Dec  2 12:43:15 2025] >> SAMPLE[ 8980] lifetime[137 weeks], average[149.03]
[Tue Dec  2 12:43:16 2025] >> SAMPLE[ 8981] lifetime[154 weeks], average[149.03]
[Tue Dec  2 12:43:16 2025] >> SAMPLE[ 8982] lifetime[145 weeks], average[149.03]
[Tue Dec  2 12:43:17 2025] >> SAMPLE[ 8983] lifetime[109 weeks], average[149.03]
[Tue Dec  2 12:43:17 2025] >> SAMPLE[ 8984] lifetime[176 weeks], average[149.03]
[Tue Dec  2 12:43:18 2025] >> SAMPLE[ 8985] lifetime[116 weeks], average[149.03]
[Tue Dec  2 12:43:19 2025] >> SAMPLE[ 8986] lifetime[122 weeks], average[149.03]
[Tue Dec  2 12:43:19 2025] >> SAMPLE[ 8987] lifetime[142 weeks], average[149.03]
[Tue Dec  2 12:43:20 2025] >> SAMPLE[ 8988] lifetime[167 weeks], average[149.03]
[Tue Dec  2 12:43:20 2025] >> SAMPLE[ 8989] lifetime[115 weeks], average[149.02]
[Tue Dec  2 12:43:21 2025] >> SAMPLE[ 8990] lifetime[125 weeks], average[149.02]
[Tue Dec  2 12:43:22 2025] >> SAMPLE[ 8991] lifetime[168 weeks], average[149.02]
[Tue Dec  2 12:43:23 2025] >> SAMPLE[ 8992] lifetime[164 weeks], average[149.02]
[Tue Dec  2 12:43:23 2025] >> SAMPLE[ 8993] lifetime[171 weeks], average[149.03]
[Tue Dec  2 12:43:24 2025] >> SAMPLE[ 8994] lifetime[183 weeks], average[149.03]
[Tue Dec  2 12:43:25 2025] >> SAMPLE[ 8995] lifetime[170 weeks], average[149.03]
[Tue Dec  2 12:43:26 2025] >> SAMPLE[ 8996] lifetime[135 weeks], average[149.03]
[Tue Dec  2 12:43:26 2025] >> SAMPLE[ 8997] lifetime[139 weeks], average[149.03]
[Tue Dec  2 12:43:27 2025] >> SAMPLE[ 8998] lifetime[145 weeks], average[149.03]
[Tue Dec  2 12:43:28 2025] >> SAMPLE[ 8999] lifetime[139 weeks], average[149.03]
[Tue Dec  2 12:43:30 2025] >> Generating new alpha
[Tue Dec  2 12:43:31 2025] >> SAMPLE[ 9000] lifetime[126 weeks], average[149.03]
[Tue Dec  2 12:43:31 2025] >> SAMPLE[ 9001] lifetime[150 weeks], average[149.03]
[Tue Dec  2 12:43:32 2025] >> SAMPLE[ 9002] lifetime[147 weeks], average[149.03]
[Tue Dec  2 12:43:33 2025] >> SAMPLE[ 9003] lifetime[145 weeks], average[149.03]
[Tue Dec  2 12:43:33 2025] >> SAMPLE[ 9004] lifetime[133 weeks], average[149.02]
[Tue Dec  2 12:43:34 2025] >> SAMPLE[ 9005] lifetime[179 weeks], average[149.03]
[Tue Dec  2 12:43:35 2025] >> SAMPLE[ 9006] lifetime[138 weeks], average[149.03]
[Tue Dec  2 12:43:36 2025] >> SAMPLE[ 9007] lifetime[172 weeks], average[149.03]
[Tue Dec  2 12:43:36 2025] >> SAMPLE[ 9008] lifetime[119 weeks], average[149.03]
[Tue Dec  2 12:43:37 2025] >> SAMPLE[ 9009] lifetime[162 weeks], average[149.03]
[Tue Dec  2 12:43:38 2025] >> SAMPLE[ 9010] lifetime[178 weeks], average[149.03]
[Tue Dec  2 12:43:38 2025] >> SAMPLE[ 9011] lifetime[138 weeks], average[149.03]
[Tue Dec  2 12:43:39 2025] >> SAMPLE[ 9012] lifetime[155 weeks], average[149.03]
[Tue Dec  2 12:43:40 2025] >> SAMPLE[ 9013] lifetime[122 weeks], average[149.03]
[Tue Dec  2 12:43:40 2025] >> SAMPLE[ 9014] lifetime[146 weeks], average[149.03]
[Tue Dec  2 12:43:41 2025] >> SAMPLE[ 9015] lifetime[135 weeks], average[149.02]
[Tue Dec  2 12:43:42 2025] >> SAMPLE[ 9016] lifetime[181 weeks], average[149.03]
[Tue Dec  2 12:43:42 2025] >> SAMPLE[ 9017] lifetime[120 weeks], average[149.02]
[Tue Dec  2 12:43:43 2025] >> SAMPLE[ 9018] lifetime[163 weeks], average[149.03]
[Tue Dec  2 12:43:44 2025] >> SAMPLE[ 9019] lifetime[188 weeks], average[149.03]
[Tue Dec  2 12:43:45 2025] >> SAMPLE[ 9020] lifetime[125 weeks], average[149.03]
[Tue Dec  2 12:43:45 2025] >> SAMPLE[ 9021] lifetime[172 weeks], average[149.03]
[Tue Dec  2 12:43:46 2025] >> SAMPLE[ 9022] lifetime[171 weeks], average[149.03]
[Tue Dec  2 12:43:47 2025] >> SAMPLE[ 9023] lifetime[118 weeks], average[149.03]
[Tue Dec  2 12:43:47 2025] >> SAMPLE[ 9024] lifetime[126 weeks], average[149.03]
[Tue Dec  2 12:43:48 2025] >> SAMPLE[ 9025] lifetime[176 weeks], average[149.03]
[Tue Dec  2 12:43:49 2025] >> SAMPLE[ 9026] lifetime[170 weeks], average[149.03]
[Tue Dec  2 12:43:50 2025] >> SAMPLE[ 9027] lifetime[103 weeks], average[149.03]
[Tue Dec  2 12:43:50 2025] >> SAMPLE[ 9028] lifetime[126 weeks], average[149.02]
[Tue Dec  2 12:43:51 2025] >> SAMPLE[ 9029] lifetime[141 weeks], average[149.02]
[Tue Dec  2 12:43:52 2025] >> SAMPLE[ 9030] lifetime[147 weeks], average[149.02]
[Tue Dec  2 12:43:52 2025] >> SAMPLE[ 9031] lifetime[143 weeks], average[149.02]
[Tue Dec  2 12:43:53 2025] >> SAMPLE[ 9032] lifetime[161 weeks], average[149.02]
[Tue Dec  2 12:43:54 2025] >> SAMPLE[ 9033] lifetime[111 weeks], average[149.02]
[Tue Dec  2 12:43:55 2025] >> SAMPLE[ 9034] lifetime[204 weeks], average[149.03]
[Tue Dec  2 12:43:55 2025] >> SAMPLE[ 9035] lifetime[160 weeks], average[149.03]
[Tue Dec  2 12:43:56 2025] >> SAMPLE[ 9036] lifetime[130 weeks], average[149.03]
[Tue Dec  2 12:43:56 2025] >> SAMPLE[ 9037] lifetime[107 weeks], average[149.02]
[Tue Dec  2 12:43:57 2025] >> SAMPLE[ 9038] lifetime[168 weeks], average[149.02]
[Tue Dec  2 12:43:58 2025] >> SAMPLE[ 9039] lifetime[149 weeks], average[149.02]
[Tue Dec  2 12:43:59 2025] >> SAMPLE[ 9040] lifetime[178 weeks], average[149.03]
[Tue Dec  2 12:43:59 2025] >> SAMPLE[ 9041] lifetime[154 weeks], average[149.03]
[Tue Dec  2 12:44:00 2025] >> SAMPLE[ 9042] lifetime[131 weeks], average[149.02]
[Tue Dec  2 12:44:01 2025] >> SAMPLE[ 9043] lifetime[135 weeks], average[149.02]
[Tue Dec  2 12:44:01 2025] >> SAMPLE[ 9044] lifetime[153 weeks], average[149.02]
[Tue Dec  2 12:44:02 2025] >> SAMPLE[ 9045] lifetime[180 weeks], average[149.03]
[Tue Dec  2 12:44:03 2025] >> SAMPLE[ 9046] lifetime[147 weeks], average[149.03]
[Tue Dec  2 12:44:03 2025] >> SAMPLE[ 9047] lifetime[146 weeks], average[149.03]
[Tue Dec  2 12:44:04 2025] >> SAMPLE[ 9048] lifetime[150 weeks], average[149.03]
[Tue Dec  2 12:44:05 2025] >> SAMPLE[ 9049] lifetime[117 weeks], average[149.02]
[Tue Dec  2 12:44:05 2025] >> SAMPLE[ 9050] lifetime[167 weeks], average[149.02]
[Tue Dec  2 12:44:06 2025] >> SAMPLE[ 9051] lifetime[136 weeks], average[149.02]
[Tue Dec  2 12:44:07 2025] >> SAMPLE[ 9052] lifetime[162 weeks], average[149.02]
[Tue Dec  2 12:44:08 2025] >> SAMPLE[ 9053] lifetime[164 weeks], average[149.03]
[Tue Dec  2 12:44:08 2025] >> SAMPLE[ 9054] lifetime[111 weeks], average[149.02]
[Tue Dec  2 12:44:09 2025] >> SAMPLE[ 9055] lifetime[200 weeks], average[149.03]
[Tue Dec  2 12:44:10 2025] >> SAMPLE[ 9056] lifetime[175 weeks], average[149.03]
[Tue Dec  2 12:44:11 2025] >> SAMPLE[ 9057] lifetime[192 weeks], average[149.04]
[Tue Dec  2 12:44:11 2025] >> SAMPLE[ 9058] lifetime[166 weeks], average[149.04]
[Tue Dec  2 12:44:12 2025] >> SAMPLE[ 9059] lifetime[167 weeks], average[149.04]
[Tue Dec  2 12:44:13 2025] >> SAMPLE[ 9060] lifetime[125 weeks], average[149.04]
[Tue Dec  2 12:44:13 2025] >> SAMPLE[ 9061] lifetime[133 weeks], average[149.03]
[Tue Dec  2 12:44:14 2025] >> SAMPLE[ 9062] lifetime[106 weeks], average[149.03]
[Tue Dec  2 12:44:14 2025] >> SAMPLE[ 9063] lifetime[115 weeks], average[149.03]
[Tue Dec  2 12:44:15 2025] >> SAMPLE[ 9064] lifetime[139 weeks], average[149.03]
[Tue Dec  2 12:44:16 2025] >> SAMPLE[ 9065] lifetime[154 weeks], average[149.03]
[Tue Dec  2 12:44:16 2025] >> SAMPLE[ 9066] lifetime[181 weeks], average[149.03]
[Tue Dec  2 12:44:17 2025] >> SAMPLE[ 9067] lifetime[ 84 weeks], average[149.02]
[Tue Dec  2 12:44:18 2025] >> SAMPLE[ 9068] lifetime[180 weeks], average[149.03]
[Tue Dec  2 12:44:18 2025] >> SAMPLE[ 9069] lifetime[130 weeks], average[149.02]
[Tue Dec  2 12:44:19 2025] >> SAMPLE[ 9070] lifetime[ 99 weeks], average[149.02]
[Tue Dec  2 12:44:19 2025] >> SAMPLE[ 9071] lifetime[166 weeks], average[149.02]
[Tue Dec  2 12:44:20 2025] >> SAMPLE[ 9072] lifetime[184 weeks], average[149.02]
[Tue Dec  2 12:44:21 2025] >> SAMPLE[ 9073] lifetime[146 weeks], average[149.02]
[Tue Dec  2 12:44:22 2025] >> SAMPLE[ 9074] lifetime[147 weeks], average[149.02]
[Tue Dec  2 12:44:22 2025] >> SAMPLE[ 9075] lifetime[147 weeks], average[149.02]
[Tue Dec  2 12:44:23 2025] >> SAMPLE[ 9076] lifetime[131 weeks], average[149.02]
[Tue Dec  2 12:44:24 2025] >> SAMPLE[ 9077] lifetime[180 weeks], average[149.02]
[Tue Dec  2 12:44:25 2025] >> SAMPLE[ 9078] lifetime[195 weeks], average[149.03]
[Tue Dec  2 12:44:25 2025] >> SAMPLE[ 9079] lifetime[143 weeks], average[149.03]
[Tue Dec  2 12:44:26 2025] >> SAMPLE[ 9080] lifetime[127 weeks], average[149.03]
[Tue Dec  2 12:44:26 2025] >> SAMPLE[ 9081] lifetime[118 weeks], average[149.02]
[Tue Dec  2 12:44:28 2025] >> SAMPLE[ 9082] lifetime[231 weeks], average[149.03]
[Tue Dec  2 12:44:28 2025] >> SAMPLE[ 9083] lifetime[137 weeks], average[149.03]
[Tue Dec  2 12:44:29 2025] >> SAMPLE[ 9084] lifetime[113 weeks], average[149.03]
[Tue Dec  2 12:44:29 2025] >> SAMPLE[ 9085] lifetime[134 weeks], average[149.02]
[Tue Dec  2 12:44:30 2025] >> SAMPLE[ 9086] lifetime[119 weeks], average[149.02]
[Tue Dec  2 12:44:30 2025] >> SAMPLE[ 9087] lifetime[142 weeks], average[149.02]
[Tue Dec  2 12:44:31 2025] >> SAMPLE[ 9088] lifetime[139 weeks], average[149.02]
[Tue Dec  2 12:44:32 2025] >> SAMPLE[ 9089] lifetime[130 weeks], average[149.02]
[Tue Dec  2 12:44:32 2025] >> SAMPLE[ 9090] lifetime[144 weeks], average[149.02]
[Tue Dec  2 12:44:33 2025] >> SAMPLE[ 9091] lifetime[174 weeks], average[149.02]
[Tue Dec  2 12:44:34 2025] >> SAMPLE[ 9092] lifetime[167 weeks], average[149.02]
[Tue Dec  2 12:44:35 2025] >> SAMPLE[ 9093] lifetime[166 weeks], average[149.02]
[Tue Dec  2 12:44:35 2025] >> SAMPLE[ 9094] lifetime[139 weeks], average[149.02]
[Tue Dec  2 12:44:36 2025] >> SAMPLE[ 9095] lifetime[135 weeks], average[149.02]
[Tue Dec  2 12:44:36 2025] >> SAMPLE[ 9096] lifetime[117 weeks], average[149.02]
[Tue Dec  2 12:44:37 2025] >> SAMPLE[ 9097] lifetime[134 weeks], average[149.02]
[Tue Dec  2 12:44:38 2025] >> SAMPLE[ 9098] lifetime[139 weeks], average[149.01]
[Tue Dec  2 12:44:38 2025] >> SAMPLE[ 9099] lifetime[152 weeks], average[149.01]
[Tue Dec  2 12:44:41 2025] >> Generating new alpha
[Tue Dec  2 12:44:42 2025] >> SAMPLE[ 9100] lifetime[134 weeks], average[149.01]
[Tue Dec  2 12:44:42 2025] >> SAMPLE[ 9101] lifetime[139 weeks], average[149.01]
[Tue Dec  2 12:44:43 2025] >> SAMPLE[ 9102] lifetime[162 weeks], average[149.01]
[Tue Dec  2 12:44:43 2025] >> SAMPLE[ 9103] lifetime[124 weeks], average[149.01]
[Tue Dec  2 12:44:44 2025] >> SAMPLE[ 9104] lifetime[165 weeks], average[149.01]
[Tue Dec  2 12:44:45 2025] >> SAMPLE[ 9105] lifetime[157 weeks], average[149.01]
[Tue Dec  2 12:44:46 2025] >> SAMPLE[ 9106] lifetime[176 weeks], average[149.02]
[Tue Dec  2 12:44:46 2025] >> SAMPLE[ 9107] lifetime[120 weeks], average[149.01]
[Tue Dec  2 12:44:47 2025] >> SAMPLE[ 9108] lifetime[200 weeks], average[149.02]
[Tue Dec  2 12:44:48 2025] >> SAMPLE[ 9109] lifetime[164 weeks], average[149.02]
[Tue Dec  2 12:44:49 2025] >> SAMPLE[ 9110] lifetime[156 weeks], average[149.02]
[Tue Dec  2 12:44:50 2025] >> SAMPLE[ 9111] lifetime[187 weeks], average[149.03]
[Tue Dec  2 12:44:50 2025] >> SAMPLE[ 9112] lifetime[168 weeks], average[149.03]
[Tue Dec  2 12:44:51 2025] >> SAMPLE[ 9113] lifetime[168 weeks], average[149.03]
[Tue Dec  2 12:44:52 2025] >> SAMPLE[ 9114] lifetime[133 weeks], average[149.03]
[Tue Dec  2 12:44:52 2025] >> SAMPLE[ 9115] lifetime[137 weeks], average[149.03]
[Tue Dec  2 12:44:53 2025] >> SAMPLE[ 9116] lifetime[148 weeks], average[149.03]
[Tue Dec  2 12:44:54 2025] >> SAMPLE[ 9117] lifetime[154 weeks], average[149.03]
[Tue Dec  2 12:44:55 2025] >> SAMPLE[ 9118] lifetime[160 weeks], average[149.03]
[Tue Dec  2 12:44:55 2025] >> SAMPLE[ 9119] lifetime[125 weeks], average[149.03]
[Tue Dec  2 12:44:56 2025] >> SAMPLE[ 9120] lifetime[180 weeks], average[149.03]
[Tue Dec  2 12:44:57 2025] >> SAMPLE[ 9121] lifetime[147 weeks], average[149.03]
[Tue Dec  2 12:44:58 2025] >> SAMPLE[ 9122] lifetime[187 weeks], average[149.03]
[Tue Dec  2 12:44:59 2025] >> SAMPLE[ 9123] lifetime[182 weeks], average[149.04]
[Tue Dec  2 12:44:59 2025] >> SAMPLE[ 9124] lifetime[141 weeks], average[149.04]
[Tue Dec  2 12:45:00 2025] >> SAMPLE[ 9125] lifetime[144 weeks], average[149.04]
[Tue Dec  2 12:45:01 2025] >> SAMPLE[ 9126] lifetime[185 weeks], average[149.04]
[Tue Dec  2 12:45:01 2025] >> SAMPLE[ 9127] lifetime[150 weeks], average[149.04]
[Tue Dec  2 12:45:02 2025] >> SAMPLE[ 9128] lifetime[190 weeks], average[149.04]
[Tue Dec  2 12:45:03 2025] >> SAMPLE[ 9129] lifetime[181 weeks], average[149.05]
[Tue Dec  2 12:45:04 2025] >> SAMPLE[ 9130] lifetime[161 weeks], average[149.05]
[Tue Dec  2 12:45:05 2025] >> SAMPLE[ 9131] lifetime[145 weeks], average[149.05]
[Tue Dec  2 12:45:05 2025] >> SAMPLE[ 9132] lifetime[102 weeks], average[149.04]
[Tue Dec  2 12:45:06 2025] >> SAMPLE[ 9133] lifetime[116 weeks], average[149.04]
[Tue Dec  2 12:45:06 2025] >> SAMPLE[ 9134] lifetime[161 weeks], average[149.04]
[Tue Dec  2 12:45:07 2025] >> SAMPLE[ 9135] lifetime[158 weeks], average[149.04]
[Tue Dec  2 12:45:08 2025] >> SAMPLE[ 9136] lifetime[162 weeks], average[149.04]
[Tue Dec  2 12:45:08 2025] >> SAMPLE[ 9137] lifetime[150 weeks], average[149.04]
[Tue Dec  2 12:45:09 2025] >> SAMPLE[ 9138] lifetime[141 weeks], average[149.04]
[Tue Dec  2 12:45:10 2025] >> SAMPLE[ 9139] lifetime[126 weeks], average[149.04]
[Tue Dec  2 12:45:10 2025] >> SAMPLE[ 9140] lifetime[132 weeks], average[149.04]
[Tue Dec  2 12:45:11 2025] >> SAMPLE[ 9141] lifetime[152 weeks], average[149.04]
[Tue Dec  2 12:45:12 2025] >> SAMPLE[ 9142] lifetime[139 weeks], average[149.04]
[Tue Dec  2 12:45:12 2025] >> SAMPLE[ 9143] lifetime[145 weeks], average[149.04]
[Tue Dec  2 12:45:13 2025] >> SAMPLE[ 9144] lifetime[166 weeks], average[149.04]
[Tue Dec  2 12:45:14 2025] >> SAMPLE[ 9145] lifetime[145 weeks], average[149.04]
[Tue Dec  2 12:45:14 2025] >> SAMPLE[ 9146] lifetime[128 weeks], average[149.04]
[Tue Dec  2 12:45:15 2025] >> SAMPLE[ 9147] lifetime[157 weeks], average[149.04]
[Tue Dec  2 12:45:16 2025] >> SAMPLE[ 9148] lifetime[148 weeks], average[149.04]
[Tue Dec  2 12:45:16 2025] >> SAMPLE[ 9149] lifetime[148 weeks], average[149.04]
[Tue Dec  2 12:45:17 2025] >> SAMPLE[ 9150] lifetime[171 weeks], average[149.04]
[Tue Dec  2 12:45:18 2025] >> SAMPLE[ 9151] lifetime[157 weeks], average[149.04]
[Tue Dec  2 12:45:19 2025] >> SAMPLE[ 9152] lifetime[223 weeks], average[149.05]
[Tue Dec  2 12:45:20 2025] >> SAMPLE[ 9153] lifetime[153 weeks], average[149.05]
[Tue Dec  2 12:45:21 2025] >> SAMPLE[ 9154] lifetime[186 weeks], average[149.05]
[Tue Dec  2 12:45:21 2025] >> SAMPLE[ 9155] lifetime[ 97 weeks], average[149.05]
[Tue Dec  2 12:45:22 2025] >> SAMPLE[ 9156] lifetime[170 weeks], average[149.05]
[Tue Dec  2 12:45:22 2025] >> SAMPLE[ 9157] lifetime[147 weeks], average[149.05]
[Tue Dec  2 12:45:23 2025] >> SAMPLE[ 9158] lifetime[175 weeks], average[149.05]
[Tue Dec  2 12:45:24 2025] >> SAMPLE[ 9159] lifetime[155 weeks], average[149.05]
[Tue Dec  2 12:45:25 2025] >> SAMPLE[ 9160] lifetime[186 weeks], average[149.06]
[Tue Dec  2 12:45:25 2025] >> SAMPLE[ 9161] lifetime[115 weeks], average[149.05]
[Tue Dec  2 12:45:26 2025] >> SAMPLE[ 9162] lifetime[118 weeks], average[149.05]
[Tue Dec  2 12:45:27 2025] >> SAMPLE[ 9163] lifetime[199 weeks], average[149.05]
[Tue Dec  2 12:45:28 2025] >> SAMPLE[ 9164] lifetime[185 weeks], average[149.06]
[Tue Dec  2 12:45:28 2025] >> SAMPLE[ 9165] lifetime[142 weeks], average[149.06]
[Tue Dec  2 12:45:29 2025] >> SAMPLE[ 9166] lifetime[141 weeks], average[149.06]
[Tue Dec  2 12:45:30 2025] >> SAMPLE[ 9167] lifetime[122 weeks], average[149.05]
[Tue Dec  2 12:45:30 2025] >> SAMPLE[ 9168] lifetime[168 weeks], average[149.06]
[Tue Dec  2 12:45:31 2025] >> SAMPLE[ 9169] lifetime[118 weeks], average[149.05]
[Tue Dec  2 12:45:32 2025] >> SAMPLE[ 9170] lifetime[156 weeks], average[149.05]
[Tue Dec  2 12:45:32 2025] >> SAMPLE[ 9171] lifetime[149 weeks], average[149.05]
[Tue Dec  2 12:45:33 2025] >> SAMPLE[ 9172] lifetime[129 weeks], average[149.05]
[Tue Dec  2 12:45:33 2025] >> SAMPLE[ 9173] lifetime[139 weeks], average[149.05]
[Tue Dec  2 12:45:34 2025] >> SAMPLE[ 9174] lifetime[120 weeks], average[149.05]
[Tue Dec  2 12:45:34 2025] >> SAMPLE[ 9175] lifetime[117 weeks], average[149.04]
[Tue Dec  2 12:45:35 2025] >> SAMPLE[ 9176] lifetime[150 weeks], average[149.04]
[Tue Dec  2 12:45:36 2025] >> SAMPLE[ 9177] lifetime[188 weeks], average[149.05]
[Tue Dec  2 12:45:37 2025] >> SAMPLE[ 9178] lifetime[167 weeks], average[149.05]
[Tue Dec  2 12:45:37 2025] >> SAMPLE[ 9179] lifetime[148 weeks], average[149.05]
[Tue Dec  2 12:45:38 2025] >> SAMPLE[ 9180] lifetime[156 weeks], average[149.05]
[Tue Dec  2 12:45:39 2025] >> SAMPLE[ 9181] lifetime[141 weeks], average[149.05]
[Tue Dec  2 12:45:39 2025] >> SAMPLE[ 9182] lifetime[130 weeks], average[149.05]
[Tue Dec  2 12:45:40 2025] >> SAMPLE[ 9183] lifetime[129 weeks], average[149.04]
[Tue Dec  2 12:45:41 2025] >> SAMPLE[ 9184] lifetime[211 weeks], average[149.05]
[Tue Dec  2 12:45:42 2025] >> SAMPLE[ 9185] lifetime[143 weeks], average[149.05]
[Tue Dec  2 12:45:42 2025] >> SAMPLE[ 9186] lifetime[149 weeks], average[149.05]
[Tue Dec  2 12:45:43 2025] >> SAMPLE[ 9187] lifetime[155 weeks], average[149.05]
[Tue Dec  2 12:45:44 2025] >> SAMPLE[ 9188] lifetime[140 weeks], average[149.05]
[Tue Dec  2 12:45:44 2025] >> SAMPLE[ 9189] lifetime[144 weeks], average[149.05]
[Tue Dec  2 12:45:45 2025] >> SAMPLE[ 9190] lifetime[190 weeks], average[149.05]
[Tue Dec  2 12:45:46 2025] >> SAMPLE[ 9191] lifetime[169 weeks], average[149.06]
[Tue Dec  2 12:45:47 2025] >> SAMPLE[ 9192] lifetime[192 weeks], average[149.06]
[Tue Dec  2 12:45:48 2025] >> SAMPLE[ 9193] lifetime[138 weeks], average[149.06]
[Tue Dec  2 12:45:48 2025] >> SAMPLE[ 9194] lifetime[185 weeks], average[149.06]
[Tue Dec  2 12:45:49 2025] >> SAMPLE[ 9195] lifetime[116 weeks], average[149.06]
[Tue Dec  2 12:45:50 2025] >> SAMPLE[ 9196] lifetime[162 weeks], average[149.06]
[Tue Dec  2 12:45:51 2025] >> SAMPLE[ 9197] lifetime[187 weeks], average[149.07]
[Tue Dec  2 12:45:51 2025] >> SAMPLE[ 9198] lifetime[174 weeks], average[149.07]
[Tue Dec  2 12:45:52 2025] >> SAMPLE[ 9199] lifetime[145 weeks], average[149.07]
[Tue Dec  2 12:45:55 2025] >> Generating new alpha
[Tue Dec  2 12:45:55 2025] >> SAMPLE[ 9200] lifetime[114 weeks], average[149.06]
[Tue Dec  2 12:45:56 2025] >> SAMPLE[ 9201] lifetime[130 weeks], average[149.06]
[Tue Dec  2 12:45:56 2025] >> SAMPLE[ 9202] lifetime[137 weeks], average[149.06]
[Tue Dec  2 12:45:57 2025] >> SAMPLE[ 9203] lifetime[140 weeks], average[149.06]
[Tue Dec  2 12:45:58 2025] >> SAMPLE[ 9204] lifetime[124 weeks], average[149.06]
[Tue Dec  2 12:45:58 2025] >> SAMPLE[ 9205] lifetime[153 weeks], average[149.06]
[Tue Dec  2 12:45:59 2025] >> SAMPLE[ 9206] lifetime[139 weeks], average[149.06]
[Tue Dec  2 12:46:00 2025] >> SAMPLE[ 9207] lifetime[120 weeks], average[149.05]
[Tue Dec  2 12:46:00 2025] >> SAMPLE[ 9208] lifetime[178 weeks], average[149.06]
[Tue Dec  2 12:46:01 2025] >> SAMPLE[ 9209] lifetime[137 weeks], average[149.06]
[Tue Dec  2 12:46:02 2025] >> SAMPLE[ 9210] lifetime[147 weeks], average[149.06]
[Tue Dec  2 12:46:02 2025] >> SAMPLE[ 9211] lifetime[139 weeks], average[149.05]
[Tue Dec  2 12:46:03 2025] >> SAMPLE[ 9212] lifetime[112 weeks], average[149.05]
[Tue Dec  2 12:46:03 2025] >> SAMPLE[ 9213] lifetime[109 weeks], average[149.05]
[Tue Dec  2 12:46:04 2025] >> SAMPLE[ 9214] lifetime[103 weeks], average[149.04]
[Tue Dec  2 12:46:04 2025] >> SAMPLE[ 9215] lifetime[145 weeks], average[149.04]
[Tue Dec  2 12:46:05 2025] >> SAMPLE[ 9216] lifetime[132 weeks], average[149.04]
[Tue Dec  2 12:46:06 2025] >> SAMPLE[ 9217] lifetime[172 weeks], average[149.04]
[Tue Dec  2 12:46:06 2025] >> SAMPLE[ 9218] lifetime[157 weeks], average[149.04]
[Tue Dec  2 12:46:07 2025] >> SAMPLE[ 9219] lifetime[128 weeks], average[149.04]
[Tue Dec  2 12:46:08 2025] >> SAMPLE[ 9220] lifetime[119 weeks], average[149.04]
[Tue Dec  2 12:46:08 2025] >> SAMPLE[ 9221] lifetime[119 weeks], average[149.03]
[Tue Dec  2 12:46:09 2025] >> SAMPLE[ 9222] lifetime[143 weeks], average[149.03]
[Tue Dec  2 12:46:09 2025] >> SAMPLE[ 9223] lifetime[132 weeks], average[149.03]
[Tue Dec  2 12:46:10 2025] >> SAMPLE[ 9224] lifetime[190 weeks], average[149.04]
[Tue Dec  2 12:46:11 2025] >> SAMPLE[ 9225] lifetime[205 weeks], average[149.04]
[Tue Dec  2 12:46:12 2025] >> SAMPLE[ 9226] lifetime[154 weeks], average[149.04]
[Tue Dec  2 12:46:12 2025] >> SAMPLE[ 9227] lifetime[113 weeks], average[149.04]
[Tue Dec  2 12:46:13 2025] >> SAMPLE[ 9228] lifetime[165 weeks], average[149.04]
[Tue Dec  2 12:46:14 2025] >> SAMPLE[ 9229] lifetime[178 weeks], average[149.04]
[Tue Dec  2 12:46:15 2025] >> SAMPLE[ 9230] lifetime[116 weeks], average[149.04]
[Tue Dec  2 12:46:15 2025] >> SAMPLE[ 9231] lifetime[163 weeks], average[149.04]
[Tue Dec  2 12:46:16 2025] >> SAMPLE[ 9232] lifetime[174 weeks], average[149.04]
[Tue Dec  2 12:46:17 2025] >> SAMPLE[ 9233] lifetime[122 weeks], average[149.04]
[Tue Dec  2 12:46:18 2025] >> SAMPLE[ 9234] lifetime[185 weeks], average[149.04]
[Tue Dec  2 12:46:18 2025] >> SAMPLE[ 9235] lifetime[127 weeks], average[149.04]
[Tue Dec  2 12:46:19 2025] >> SAMPLE[ 9236] lifetime[170 weeks], average[149.04]
[Tue Dec  2 12:46:20 2025] >> SAMPLE[ 9237] lifetime[172 weeks], average[149.05]
[Tue Dec  2 12:46:21 2025] >> SAMPLE[ 9238] lifetime[165 weeks], average[149.05]
[Tue Dec  2 12:46:21 2025] >> SAMPLE[ 9239] lifetime[145 weeks], average[149.05]
[Tue Dec  2 12:46:22 2025] >> SAMPLE[ 9240] lifetime[153 weeks], average[149.05]
[Tue Dec  2 12:46:22 2025] >> SAMPLE[ 9241] lifetime[125 weeks], average[149.05]
[Tue Dec  2 12:46:23 2025] >> SAMPLE[ 9242] lifetime[178 weeks], average[149.05]
[Tue Dec  2 12:46:24 2025] >> SAMPLE[ 9243] lifetime[151 weeks], average[149.05]
[Tue Dec  2 12:46:25 2025] >> SAMPLE[ 9244] lifetime[165 weeks], average[149.05]
[Tue Dec  2 12:46:25 2025] >> SAMPLE[ 9245] lifetime[151 weeks], average[149.05]
[Tue Dec  2 12:46:26 2025] >> SAMPLE[ 9246] lifetime[102 weeks], average[149.05]
[Tue Dec  2 12:46:27 2025] >> SAMPLE[ 9247] lifetime[158 weeks], average[149.05]
[Tue Dec  2 12:46:27 2025] >> SAMPLE[ 9248] lifetime[168 weeks], average[149.05]
[Tue Dec  2 12:46:28 2025] >> SAMPLE[ 9249] lifetime[118 weeks], average[149.05]
[Tue Dec  2 12:46:29 2025] >> SAMPLE[ 9250] lifetime[187 weeks], average[149.05]
[Tue Dec  2 12:46:29 2025] >> SAMPLE[ 9251] lifetime[120 weeks], average[149.05]
[Tue Dec  2 12:46:30 2025] >> SAMPLE[ 9252] lifetime[146 weeks], average[149.05]
[Tue Dec  2 12:46:31 2025] >> SAMPLE[ 9253] lifetime[125 weeks], average[149.04]
[Tue Dec  2 12:46:31 2025] >> SAMPLE[ 9254] lifetime[148 weeks], average[149.04]
[Tue Dec  2 12:46:32 2025] >> SAMPLE[ 9255] lifetime[168 weeks], average[149.05]
[Tue Dec  2 12:46:32 2025] >> SAMPLE[ 9256] lifetime[105 weeks], average[149.04]
[Tue Dec  2 12:46:33 2025] >> SAMPLE[ 9257] lifetime[172 weeks], average[149.04]
[Tue Dec  2 12:46:34 2025] >> SAMPLE[ 9258] lifetime[167 weeks], average[149.05]
[Tue Dec  2 12:46:35 2025] >> SAMPLE[ 9259] lifetime[165 weeks], average[149.05]
[Tue Dec  2 12:46:35 2025] >> SAMPLE[ 9260] lifetime[144 weeks], average[149.05]
[Tue Dec  2 12:46:36 2025] >> SAMPLE[ 9261] lifetime[100 weeks], average[149.04]
[Tue Dec  2 12:46:37 2025] >> SAMPLE[ 9262] lifetime[156 weeks], average[149.04]
[Tue Dec  2 12:46:38 2025] >> SAMPLE[ 9263] lifetime[197 weeks], average[149.05]
[Tue Dec  2 12:46:38 2025] >> SAMPLE[ 9264] lifetime[173 weeks], average[149.05]
[Tue Dec  2 12:46:39 2025] >> SAMPLE[ 9265] lifetime[148 weeks], average[149.05]
[Tue Dec  2 12:46:40 2025] >> SAMPLE[ 9266] lifetime[168 weeks], average[149.05]
[Tue Dec  2 12:46:40 2025] >> SAMPLE[ 9267] lifetime[134 weeks], average[149.05]
[Tue Dec  2 12:46:41 2025] >> SAMPLE[ 9268] lifetime[165 weeks], average[149.05]
[Tue Dec  2 12:46:42 2025] >> SAMPLE[ 9269] lifetime[179 weeks], average[149.05]
[Tue Dec  2 12:46:42 2025] >> SAMPLE[ 9270] lifetime[110 weeks], average[149.05]
[Tue Dec  2 12:46:43 2025] >> SAMPLE[ 9271] lifetime[140 weeks], average[149.05]
[Tue Dec  2 12:46:44 2025] >> SAMPLE[ 9272] lifetime[109 weeks], average[149.05]
[Tue Dec  2 12:46:44 2025] >> SAMPLE[ 9273] lifetime[171 weeks], average[149.05]
[Tue Dec  2 12:46:45 2025] >> SAMPLE[ 9274] lifetime[163 weeks], average[149.05]
[Tue Dec  2 12:46:46 2025] >> SAMPLE[ 9275] lifetime[169 weeks], average[149.05]
[Tue Dec  2 12:46:46 2025] >> SAMPLE[ 9276] lifetime[131 weeks], average[149.05]
[Tue Dec  2 12:46:47 2025] >> SAMPLE[ 9277] lifetime[131 weeks], average[149.05]
[Tue Dec  2 12:46:48 2025] >> SAMPLE[ 9278] lifetime[133 weeks], average[149.05]
[Tue Dec  2 12:46:48 2025] >> SAMPLE[ 9279] lifetime[182 weeks], average[149.05]
[Tue Dec  2 12:46:49 2025] >> SAMPLE[ 9280] lifetime[118 weeks], average[149.05]
[Tue Dec  2 12:46:50 2025] >> SAMPLE[ 9281] lifetime[176 weeks], average[149.05]
[Tue Dec  2 12:46:51 2025] >> SAMPLE[ 9282] lifetime[156 weeks], average[149.05]
[Tue Dec  2 12:46:51 2025] >> SAMPLE[ 9283] lifetime[166 weeks], average[149.05]
[Tue Dec  2 12:46:52 2025] >> SAMPLE[ 9284] lifetime[142 weeks], average[149.05]
[Tue Dec  2 12:46:53 2025] >> SAMPLE[ 9285] lifetime[142 weeks], average[149.05]
[Tue Dec  2 12:46:54 2025] >> SAMPLE[ 9286] lifetime[183 weeks], average[149.05]
[Tue Dec  2 12:46:54 2025] >> SAMPLE[ 9287] lifetime[182 weeks], average[149.06]
[Tue Dec  2 12:46:55 2025] >> SAMPLE[ 9288] lifetime[180 weeks], average[149.06]
[Tue Dec  2 12:46:56 2025] >> SAMPLE[ 9289] lifetime[172 weeks], average[149.06]
[Tue Dec  2 12:46:57 2025] >> SAMPLE[ 9290] lifetime[119 weeks], average[149.06]
[Tue Dec  2 12:46:57 2025] >> SAMPLE[ 9291] lifetime[124 weeks], average[149.06]
[Tue Dec  2 12:46:58 2025] >> SAMPLE[ 9292] lifetime[150 weeks], average[149.06]
[Tue Dec  2 12:46:59 2025] >> SAMPLE[ 9293] lifetime[155 weeks], average[149.06]
[Tue Dec  2 12:47:00 2025] >> SAMPLE[ 9294] lifetime[179 weeks], average[149.06]
[Tue Dec  2 12:47:00 2025] >> SAMPLE[ 9295] lifetime[180 weeks], average[149.06]
[Tue Dec  2 12:47:01 2025] >> SAMPLE[ 9296] lifetime[188 weeks], average[149.07]
[Tue Dec  2 12:47:02 2025] >> SAMPLE[ 9297] lifetime[185 weeks], average[149.07]
[Tue Dec  2 12:47:03 2025] >> SAMPLE[ 9298] lifetime[166 weeks], average[149.07]
[Tue Dec  2 12:47:04 2025] >> SAMPLE[ 9299] lifetime[116 weeks], average[149.07]
[Tue Dec  2 12:47:06 2025] >> Generating new alpha
[Tue Dec  2 12:47:07 2025] >> SAMPLE[ 9300] lifetime[160 weeks], average[149.07]
[Tue Dec  2 12:47:08 2025] >> SAMPLE[ 9301] lifetime[105 weeks], average[149.07]
[Tue Dec  2 12:47:08 2025] >> SAMPLE[ 9302] lifetime[172 weeks], average[149.07]
[Tue Dec  2 12:47:09 2025] >> SAMPLE[ 9303] lifetime[149 weeks], average[149.07]
[Tue Dec  2 12:47:10 2025] >> SAMPLE[ 9304] lifetime[119 weeks], average[149.07]
[Tue Dec  2 12:47:10 2025] >> SAMPLE[ 9305] lifetime[177 weeks], average[149.07]
[Tue Dec  2 12:47:11 2025] >> SAMPLE[ 9306] lifetime[145 weeks], average[149.07]
[Tue Dec  2 12:47:12 2025] >> SAMPLE[ 9307] lifetime[153 weeks], average[149.07]
[Tue Dec  2 12:47:12 2025] >> SAMPLE[ 9308] lifetime[150 weeks], average[149.07]
[Tue Dec  2 12:47:13 2025] >> SAMPLE[ 9309] lifetime[150 weeks], average[149.07]
[Tue Dec  2 12:47:14 2025] >> SAMPLE[ 9310] lifetime[152 weeks], average[149.07]
[Tue Dec  2 12:47:14 2025] >> SAMPLE[ 9311] lifetime[132 weeks], average[149.07]
[Tue Dec  2 12:47:15 2025] >> SAMPLE[ 9312] lifetime[150 weeks], average[149.07]
[Tue Dec  2 12:47:16 2025] >> SAMPLE[ 9313] lifetime[134 weeks], average[149.07]
[Tue Dec  2 12:47:16 2025] >> SAMPLE[ 9314] lifetime[145 weeks], average[149.07]
[Tue Dec  2 12:47:17 2025] >> SAMPLE[ 9315] lifetime[138 weeks], average[149.06]
[Tue Dec  2 12:47:18 2025] >> SAMPLE[ 9316] lifetime[130 weeks], average[149.06]
[Tue Dec  2 12:47:18 2025] >> SAMPLE[ 9317] lifetime[100 weeks], average[149.06]
[Tue Dec  2 12:47:19 2025] >> SAMPLE[ 9318] lifetime[127 weeks], average[149.06]
[Tue Dec  2 12:47:20 2025] >> SAMPLE[ 9319] lifetime[211 weeks], average[149.06]
[Tue Dec  2 12:47:21 2025] >> SAMPLE[ 9320] lifetime[160 weeks], average[149.06]
[Tue Dec  2 12:47:21 2025] >> SAMPLE[ 9321] lifetime[174 weeks], average[149.07]
[Tue Dec  2 12:47:22 2025] >> SAMPLE[ 9322] lifetime[152 weeks], average[149.07]
[Tue Dec  2 12:47:23 2025] >> SAMPLE[ 9323] lifetime[140 weeks], average[149.06]
[Tue Dec  2 12:47:24 2025] >> SAMPLE[ 9324] lifetime[199 weeks], average[149.07]
[Tue Dec  2 12:47:25 2025] >> SAMPLE[ 9325] lifetime[174 weeks], average[149.07]
[Tue Dec  2 12:47:25 2025] >> SAMPLE[ 9326] lifetime[123 weeks], average[149.07]
[Tue Dec  2 12:47:26 2025] >> SAMPLE[ 9327] lifetime[126 weeks], average[149.07]
[Tue Dec  2 12:47:26 2025] >> SAMPLE[ 9328] lifetime[150 weeks], average[149.07]
[Tue Dec  2 12:47:27 2025] >> SAMPLE[ 9329] lifetime[121 weeks], average[149.06]
[Tue Dec  2 12:47:28 2025] >> SAMPLE[ 9330] lifetime[156 weeks], average[149.07]
[Tue Dec  2 12:47:28 2025] >> SAMPLE[ 9331] lifetime[143 weeks], average[149.06]
[Tue Dec  2 12:47:29 2025] >> SAMPLE[ 9332] lifetime[113 weeks], average[149.06]
[Tue Dec  2 12:47:30 2025] >> SAMPLE[ 9333] lifetime[152 weeks], average[149.06]
[Tue Dec  2 12:47:30 2025] >> SAMPLE[ 9334] lifetime[125 weeks], average[149.06]
[Tue Dec  2 12:47:31 2025] >> SAMPLE[ 9335] lifetime[127 weeks], average[149.06]
[Tue Dec  2 12:47:31 2025] >> SAMPLE[ 9336] lifetime[163 weeks], average[149.06]
[Tue Dec  2 12:47:32 2025] >> SAMPLE[ 9337] lifetime[113 weeks], average[149.05]
[Tue Dec  2 12:47:33 2025] >> SAMPLE[ 9338] lifetime[157 weeks], average[149.05]
[Tue Dec  2 12:47:33 2025] >> SAMPLE[ 9339] lifetime[150 weeks], average[149.05]
[Tue Dec  2 12:47:34 2025] >> SAMPLE[ 9340] lifetime[169 weeks], average[149.06]
[Tue Dec  2 12:47:35 2025] >> SAMPLE[ 9341] lifetime[161 weeks], average[149.06]
[Tue Dec  2 12:47:36 2025] >> SAMPLE[ 9342] lifetime[133 weeks], average[149.06]
[Tue Dec  2 12:47:36 2025] >> SAMPLE[ 9343] lifetime[134 weeks], average[149.06]
[Tue Dec  2 12:47:37 2025] >> SAMPLE[ 9344] lifetime[150 weeks], average[149.06]
[Tue Dec  2 12:47:38 2025] >> SAMPLE[ 9345] lifetime[146 weeks], average[149.05]
[Tue Dec  2 12:47:38 2025] >> SAMPLE[ 9346] lifetime[144 weeks], average[149.05]
[Tue Dec  2 12:47:39 2025] >> SAMPLE[ 9347] lifetime[147 weeks], average[149.05]
[Tue Dec  2 12:47:39 2025] >> SAMPLE[ 9348] lifetime[103 weeks], average[149.05]
[Tue Dec  2 12:47:40 2025] >> SAMPLE[ 9349] lifetime[129 weeks], average[149.05]
[Tue Dec  2 12:47:41 2025] >> SAMPLE[ 9350] lifetime[173 weeks], average[149.05]
[Tue Dec  2 12:47:41 2025] >> SAMPLE[ 9351] lifetime[102 weeks], average[149.04]
[Tue Dec  2 12:47:42 2025] >> SAMPLE[ 9352] lifetime[132 weeks], average[149.04]
[Tue Dec  2 12:47:43 2025] >> SAMPLE[ 9353] lifetime[182 weeks], average[149.05]
[Tue Dec  2 12:47:44 2025] >> SAMPLE[ 9354] lifetime[184 weeks], average[149.05]
[Tue Dec  2 12:47:45 2025] >> SAMPLE[ 9355] lifetime[173 weeks], average[149.05]
[Tue Dec  2 12:47:45 2025] >> SAMPLE[ 9356] lifetime[149 weeks], average[149.05]
[Tue Dec  2 12:47:46 2025] >> SAMPLE[ 9357] lifetime[100 weeks], average[149.05]
[Tue Dec  2 12:47:46 2025] >> SAMPLE[ 9358] lifetime[152 weeks], average[149.05]
[Tue Dec  2 12:47:47 2025] >> SAMPLE[ 9359] lifetime[141 weeks], average[149.05]
[Tue Dec  2 12:47:48 2025] >> SAMPLE[ 9360] lifetime[142 weeks], average[149.05]
[Tue Dec  2 12:47:48 2025] >> SAMPLE[ 9361] lifetime[137 weeks], average[149.04]
[Tue Dec  2 12:47:49 2025] >> SAMPLE[ 9362] lifetime[120 weeks], average[149.04]
[Tue Dec  2 12:47:50 2025] >> SAMPLE[ 9363] lifetime[138 weeks], average[149.04]
[Tue Dec  2 12:47:50 2025] >> SAMPLE[ 9364] lifetime[168 weeks], average[149.04]
[Tue Dec  2 12:47:51 2025] >> SAMPLE[ 9365] lifetime[113 weeks], average[149.04]
[Tue Dec  2 12:47:52 2025] >> SAMPLE[ 9366] lifetime[181 weeks], average[149.04]
[Tue Dec  2 12:47:53 2025] >> SAMPLE[ 9367] lifetime[175 weeks], average[149.04]
[Tue Dec  2 12:47:53 2025] >> SAMPLE[ 9368] lifetime[125 weeks], average[149.04]
[Tue Dec  2 12:47:54 2025] >> SAMPLE[ 9369] lifetime[133 weeks], average[149.04]
[Tue Dec  2 12:47:54 2025] >> SAMPLE[ 9370] lifetime[147 weeks], average[149.04]
[Tue Dec  2 12:47:55 2025] >> SAMPLE[ 9371] lifetime[162 weeks], average[149.04]
[Tue Dec  2 12:47:56 2025] >> SAMPLE[ 9372] lifetime[184 weeks], average[149.05]
[Tue Dec  2 12:47:57 2025] >> SAMPLE[ 9373] lifetime[200 weeks], average[149.05]
[Tue Dec  2 12:47:58 2025] >> SAMPLE[ 9374] lifetime[121 weeks], average[149.05]
[Tue Dec  2 12:47:58 2025] >> SAMPLE[ 9375] lifetime[139 weeks], average[149.05]
[Tue Dec  2 12:47:59 2025] >> SAMPLE[ 9376] lifetime[118 weeks], average[149.04]
[Tue Dec  2 12:47:59 2025] >> SAMPLE[ 9377] lifetime[137 weeks], average[149.04]
[Tue Dec  2 12:48:00 2025] >> SAMPLE[ 9378] lifetime[141 weeks], average[149.04]
[Tue Dec  2 12:48:01 2025] >> SAMPLE[ 9379] lifetime[152 weeks], average[149.04]
[Tue Dec  2 12:48:01 2025] >> SAMPLE[ 9380] lifetime[133 weeks], average[149.04]
[Tue Dec  2 12:48:02 2025] >> SAMPLE[ 9381] lifetime[121 weeks], average[149.04]
[Tue Dec  2 12:48:03 2025] >> SAMPLE[ 9382] lifetime[190 weeks], average[149.04]
[Tue Dec  2 12:48:04 2025] >> SAMPLE[ 9383] lifetime[170 weeks], average[149.04]
[Tue Dec  2 12:48:04 2025] >> SAMPLE[ 9384] lifetime[137 weeks], average[149.04]
[Tue Dec  2 12:48:05 2025] >> SAMPLE[ 9385] lifetime[102 weeks], average[149.04]
[Tue Dec  2 12:48:05 2025] >> SAMPLE[ 9386] lifetime[155 weeks], average[149.04]
[Tue Dec  2 12:48:06 2025] >> SAMPLE[ 9387] lifetime[151 weeks], average[149.04]
[Tue Dec  2 12:48:07 2025] >> SAMPLE[ 9388] lifetime[161 weeks], average[149.04]
[Tue Dec  2 12:48:07 2025] >> SAMPLE[ 9389] lifetime[112 weeks], average[149.04]
[Tue Dec  2 12:48:08 2025] >> SAMPLE[ 9390] lifetime[153 weeks], average[149.04]
[Tue Dec  2 12:48:09 2025] >> SAMPLE[ 9391] lifetime[164 weeks], average[149.04]
[Tue Dec  2 12:48:10 2025] >> SAMPLE[ 9392] lifetime[193 weeks], average[149.04]
[Tue Dec  2 12:48:11 2025] >> SAMPLE[ 9393] lifetime[165 weeks], average[149.04]
[Tue Dec  2 12:48:11 2025] >> SAMPLE[ 9394] lifetime[147 weeks], average[149.04]
[Tue Dec  2 12:48:12 2025] >> SAMPLE[ 9395] lifetime[150 weeks], average[149.04]
[Tue Dec  2 12:48:13 2025] >> SAMPLE[ 9396] lifetime[152 weeks], average[149.04]
[Tue Dec  2 12:48:14 2025] >> SAMPLE[ 9397] lifetime[163 weeks], average[149.05]
[Tue Dec  2 12:48:14 2025] >> SAMPLE[ 9398] lifetime[145 weeks], average[149.05]
[Tue Dec  2 12:48:15 2025] >> SAMPLE[ 9399] lifetime[169 weeks], average[149.05]
[Tue Dec  2 12:48:18 2025] >> Generating new alpha
[Tue Dec  2 12:48:18 2025] >> SAMPLE[ 9400] lifetime[116 weeks], average[149.04]
[Tue Dec  2 12:48:19 2025] >> SAMPLE[ 9401] lifetime[164 weeks], average[149.05]
[Tue Dec  2 12:48:20 2025] >> SAMPLE[ 9402] lifetime[161 weeks], average[149.05]
[Tue Dec  2 12:48:21 2025] >> SAMPLE[ 9403] lifetime[162 weeks], average[149.05]
[Tue Dec  2 12:48:21 2025] >> SAMPLE[ 9404] lifetime[150 weeks], average[149.05]
[Tue Dec  2 12:48:22 2025] >> SAMPLE[ 9405] lifetime[161 weeks], average[149.05]
[Tue Dec  2 12:48:23 2025] >> SAMPLE[ 9406] lifetime[200 weeks], average[149.05]
[Tue Dec  2 12:48:24 2025] >> SAMPLE[ 9407] lifetime[170 weeks], average[149.06]
[Tue Dec  2 12:48:24 2025] >> SAMPLE[ 9408] lifetime[117 weeks], average[149.05]
[Tue Dec  2 12:48:25 2025] >> SAMPLE[ 9409] lifetime[203 weeks], average[149.06]
[Tue Dec  2 12:48:26 2025] >> SAMPLE[ 9410] lifetime[125 weeks], average[149.06]
[Tue Dec  2 12:48:27 2025] >> SAMPLE[ 9411] lifetime[141 weeks], average[149.06]
[Tue Dec  2 12:48:27 2025] >> SAMPLE[ 9412] lifetime[165 weeks], average[149.06]
[Tue Dec  2 12:48:28 2025] >> SAMPLE[ 9413] lifetime[195 weeks], average[149.06]
[Tue Dec  2 12:48:29 2025] >> SAMPLE[ 9414] lifetime[179 weeks], average[149.07]
[Tue Dec  2 12:48:30 2025] >> SAMPLE[ 9415] lifetime[104 weeks], average[149.06]
[Tue Dec  2 12:48:30 2025] >> SAMPLE[ 9416] lifetime[172 weeks], average[149.06]
[Tue Dec  2 12:48:31 2025] >> SAMPLE[ 9417] lifetime[185 weeks], average[149.07]
[Tue Dec  2 12:48:32 2025] >> SAMPLE[ 9418] lifetime[130 weeks], average[149.06]
[Tue Dec  2 12:48:33 2025] >> SAMPLE[ 9419] lifetime[183 weeks], average[149.07]
[Tue Dec  2 12:48:33 2025] >> SAMPLE[ 9420] lifetime[126 weeks], average[149.07]
[Tue Dec  2 12:48:34 2025] >> SAMPLE[ 9421] lifetime[170 weeks], average[149.07]
[Tue Dec  2 12:48:35 2025] >> SAMPLE[ 9422] lifetime[182 weeks], average[149.07]
[Tue Dec  2 12:48:36 2025] >> SAMPLE[ 9423] lifetime[134 weeks], average[149.07]
[Tue Dec  2 12:48:36 2025] >> SAMPLE[ 9424] lifetime[ 86 weeks], average[149.06]
[Tue Dec  2 12:48:37 2025] >> SAMPLE[ 9425] lifetime[216 weeks], average[149.07]
[Tue Dec  2 12:48:38 2025] >> SAMPLE[ 9426] lifetime[141 weeks], average[149.07]
[Tue Dec  2 12:48:38 2025] >> SAMPLE[ 9427] lifetime[173 weeks], average[149.07]
[Tue Dec  2 12:48:39 2025] >> SAMPLE[ 9428] lifetime[137 weeks], average[149.07]
[Tue Dec  2 12:48:40 2025] >> SAMPLE[ 9429] lifetime[138 weeks], average[149.07]
[Tue Dec  2 12:48:40 2025] >> SAMPLE[ 9430] lifetime[140 weeks], average[149.07]
[Tue Dec  2 12:48:41 2025] >> SAMPLE[ 9431] lifetime[111 weeks], average[149.06]
[Tue Dec  2 12:48:42 2025] >> SAMPLE[ 9432] lifetime[153 weeks], average[149.07]
[Tue Dec  2 12:48:42 2025] >> SAMPLE[ 9433] lifetime[199 weeks], average[149.07]
[Tue Dec  2 12:48:43 2025] >> SAMPLE[ 9434] lifetime[174 weeks], average[149.07]
[Tue Dec  2 12:48:44 2025] >> SAMPLE[ 9435] lifetime[149 weeks], average[149.07]
[Tue Dec  2 12:48:45 2025] >> SAMPLE[ 9436] lifetime[147 weeks], average[149.07]
[Tue Dec  2 12:48:45 2025] >> SAMPLE[ 9437] lifetime[140 weeks], average[149.07]
[Tue Dec  2 12:48:46 2025] >> SAMPLE[ 9438] lifetime[140 weeks], average[149.07]
[Tue Dec  2 12:48:47 2025] >> SAMPLE[ 9439] lifetime[201 weeks], average[149.08]
[Tue Dec  2 12:48:48 2025] >> SAMPLE[ 9440] lifetime[164 weeks], average[149.08]
[Tue Dec  2 12:48:48 2025] >> SAMPLE[ 9441] lifetime[129 weeks], average[149.08]
[Tue Dec  2 12:48:49 2025] >> SAMPLE[ 9442] lifetime[119 weeks], average[149.07]
[Tue Dec  2 12:48:50 2025] >> SAMPLE[ 9443] lifetime[171 weeks], average[149.08]
[Tue Dec  2 12:48:50 2025] >> SAMPLE[ 9444] lifetime[179 weeks], average[149.08]
[Tue Dec  2 12:48:51 2025] >> SAMPLE[ 9445] lifetime[169 weeks], average[149.08]
[Tue Dec  2 12:48:52 2025] >> SAMPLE[ 9446] lifetime[167 weeks], average[149.08]
[Tue Dec  2 12:48:52 2025] >> SAMPLE[ 9447] lifetime[ 91 weeks], average[149.08]
[Tue Dec  2 12:48:53 2025] >> SAMPLE[ 9448] lifetime[134 weeks], average[149.07]
[Tue Dec  2 12:48:54 2025] >> SAMPLE[ 9449] lifetime[140 weeks], average[149.07]
[Tue Dec  2 12:48:54 2025] >> SAMPLE[ 9450] lifetime[153 weeks], average[149.07]
[Tue Dec  2 12:48:55 2025] >> SAMPLE[ 9451] lifetime[167 weeks], average[149.08]
[Tue Dec  2 12:48:56 2025] >> SAMPLE[ 9452] lifetime[155 weeks], average[149.08]
[Tue Dec  2 12:48:56 2025] >> SAMPLE[ 9453] lifetime[ 93 weeks], average[149.07]
[Tue Dec  2 12:48:57 2025] >> SAMPLE[ 9454] lifetime[135 weeks], average[149.07]
[Tue Dec  2 12:48:57 2025] >> SAMPLE[ 9455] lifetime[131 weeks], average[149.07]
[Tue Dec  2 12:48:58 2025] >> SAMPLE[ 9456] lifetime[132 weeks], average[149.07]
[Tue Dec  2 12:48:59 2025] >> SAMPLE[ 9457] lifetime[148 weeks], average[149.07]
[Tue Dec  2 12:48:59 2025] >> SAMPLE[ 9458] lifetime[150 weeks], average[149.07]
[Tue Dec  2 12:49:00 2025] >> SAMPLE[ 9459] lifetime[117 weeks], average[149.06]
[Tue Dec  2 12:49:00 2025] >> SAMPLE[ 9460] lifetime[108 weeks], average[149.06]
[Tue Dec  2 12:49:01 2025] >> SAMPLE[ 9461] lifetime[132 weeks], average[149.06]
[Tue Dec  2 12:49:01 2025] >> SAMPLE[ 9462] lifetime[120 weeks], average[149.05]
[Tue Dec  2 12:49:02 2025] >> SAMPLE[ 9463] lifetime[162 weeks], average[149.05]
[Tue Dec  2 12:49:03 2025] >> SAMPLE[ 9464] lifetime[163 weeks], average[149.06]
[Tue Dec  2 12:49:04 2025] >> SAMPLE[ 9465] lifetime[159 weeks], average[149.06]
[Tue Dec  2 12:49:04 2025] >> SAMPLE[ 9466] lifetime[163 weeks], average[149.06]
[Tue Dec  2 12:49:05 2025] >> SAMPLE[ 9467] lifetime[168 weeks], average[149.06]
[Tue Dec  2 12:49:06 2025] >> SAMPLE[ 9468] lifetime[157 weeks], average[149.06]
[Tue Dec  2 12:49:06 2025] >> SAMPLE[ 9469] lifetime[ 96 weeks], average[149.06]
[Tue Dec  2 12:49:07 2025] >> SAMPLE[ 9470] lifetime[100 weeks], average[149.05]
[Tue Dec  2 12:49:07 2025] >> SAMPLE[ 9471] lifetime[132 weeks], average[149.05]
[Tue Dec  2 12:49:08 2025] >> SAMPLE[ 9472] lifetime[121 weeks], average[149.05]
[Tue Dec  2 12:49:09 2025] >> SAMPLE[ 9473] lifetime[135 weeks], average[149.04]
[Tue Dec  2 12:49:09 2025] >> SAMPLE[ 9474] lifetime[147 weeks], average[149.04]
[Tue Dec  2 12:49:10 2025] >> SAMPLE[ 9475] lifetime[148 weeks], average[149.04]
[Tue Dec  2 12:49:11 2025] >> SAMPLE[ 9476] lifetime[162 weeks], average[149.05]
[Tue Dec  2 12:49:12 2025] >> SAMPLE[ 9477] lifetime[174 weeks], average[149.05]
[Tue Dec  2 12:49:12 2025] >> SAMPLE[ 9478] lifetime[131 weeks], average[149.05]
[Tue Dec  2 12:49:13 2025] >> SAMPLE[ 9479] lifetime[171 weeks], average[149.05]
[Tue Dec  2 12:49:14 2025] >> SAMPLE[ 9480] lifetime[149 weeks], average[149.05]
[Tue Dec  2 12:49:14 2025] >> SAMPLE[ 9481] lifetime[159 weeks], average[149.05]
[Tue Dec  2 12:49:15 2025] >> SAMPLE[ 9482] lifetime[169 weeks], average[149.05]
[Tue Dec  2 12:49:16 2025] >> SAMPLE[ 9483] lifetime[115 weeks], average[149.05]
[Tue Dec  2 12:49:16 2025] >> SAMPLE[ 9484] lifetime[ 90 weeks], average[149.04]
[Tue Dec  2 12:49:17 2025] >> SAMPLE[ 9485] lifetime[142 weeks], average[149.04]
[Tue Dec  2 12:49:17 2025] >> SAMPLE[ 9486] lifetime[155 weeks], average[149.04]
[Tue Dec  2 12:49:18 2025] >> SAMPLE[ 9487] lifetime[165 weeks], average[149.04]
[Tue Dec  2 12:49:19 2025] >> SAMPLE[ 9488] lifetime[140 weeks], average[149.04]
[Tue Dec  2 12:49:19 2025] >> SAMPLE[ 9489] lifetime[141 weeks], average[149.04]
[Tue Dec  2 12:49:20 2025] >> SAMPLE[ 9490] lifetime[150 weeks], average[149.04]
[Tue Dec  2 12:49:21 2025] >> SAMPLE[ 9491] lifetime[157 weeks], average[149.04]
[Tue Dec  2 12:49:22 2025] >> SAMPLE[ 9492] lifetime[155 weeks], average[149.04]
[Tue Dec  2 12:49:22 2025] >> SAMPLE[ 9493] lifetime[109 weeks], average[149.04]
[Tue Dec  2 12:49:23 2025] >> SAMPLE[ 9494] lifetime[186 weeks], average[149.04]
[Tue Dec  2 12:49:24 2025] >> SAMPLE[ 9495] lifetime[175 weeks], average[149.05]
[Tue Dec  2 12:49:24 2025] >> SAMPLE[ 9496] lifetime[130 weeks], average[149.04]
[Tue Dec  2 12:49:25 2025] >> SAMPLE[ 9497] lifetime[123 weeks], average[149.04]
[Tue Dec  2 12:49:26 2025] >> SAMPLE[ 9498] lifetime[140 weeks], average[149.04]
[Tue Dec  2 12:49:26 2025] >> SAMPLE[ 9499] lifetime[166 weeks], average[149.04]
[Tue Dec  2 12:49:29 2025] >> Generating new alpha
[Tue Dec  2 12:49:30 2025] >> SAMPLE[ 9500] lifetime[193 weeks], average[149.05]
[Tue Dec  2 12:49:31 2025] >> SAMPLE[ 9501] lifetime[183 weeks], average[149.05]
[Tue Dec  2 12:49:31 2025] >> SAMPLE[ 9502] lifetime[ 81 weeks], average[149.04]
[Tue Dec  2 12:49:32 2025] >> SAMPLE[ 9503] lifetime[130 weeks], average[149.04]
[Tue Dec  2 12:49:32 2025] >> SAMPLE[ 9504] lifetime[163 weeks], average[149.04]
[Tue Dec  2 12:49:33 2025] >> SAMPLE[ 9505] lifetime[164 weeks], average[149.04]
[Tue Dec  2 12:49:34 2025] >> SAMPLE[ 9506] lifetime[169 weeks], average[149.05]
[Tue Dec  2 12:49:35 2025] >> SAMPLE[ 9507] lifetime[192 weeks], average[149.05]
[Tue Dec  2 12:49:36 2025] >> SAMPLE[ 9508] lifetime[150 weeks], average[149.05]
[Tue Dec  2 12:49:36 2025] >> SAMPLE[ 9509] lifetime[100 weeks], average[149.04]
[Tue Dec  2 12:49:37 2025] >> SAMPLE[ 9510] lifetime[ 95 weeks], average[149.04]
[Tue Dec  2 12:49:37 2025] >> SAMPLE[ 9511] lifetime[154 weeks], average[149.04]
[Tue Dec  2 12:49:38 2025] >> SAMPLE[ 9512] lifetime[190 weeks], average[149.04]
[Tue Dec  2 12:49:39 2025] >> SAMPLE[ 9513] lifetime[147 weeks], average[149.04]
[Tue Dec  2 12:49:40 2025] >> SAMPLE[ 9514] lifetime[154 weeks], average[149.04]
[Tue Dec  2 12:49:40 2025] >> SAMPLE[ 9515] lifetime[169 weeks], average[149.05]
[Tue Dec  2 12:49:41 2025] >> SAMPLE[ 9516] lifetime[207 weeks], average[149.05]
[Tue Dec  2 12:49:42 2025] >> SAMPLE[ 9517] lifetime[160 weeks], average[149.05]
[Tue Dec  2 12:49:43 2025] >> SAMPLE[ 9518] lifetime[169 weeks], average[149.06]
[Tue Dec  2 12:49:43 2025] >> SAMPLE[ 9519] lifetime[133 weeks], average[149.05]
[Tue Dec  2 12:49:44 2025] >> SAMPLE[ 9520] lifetime[160 weeks], average[149.06]
[Tue Dec  2 12:49:45 2025] >> SAMPLE[ 9521] lifetime[157 weeks], average[149.06]
[Tue Dec  2 12:49:46 2025] >> SAMPLE[ 9522] lifetime[137 weeks], average[149.05]
[Tue Dec  2 12:49:46 2025] >> SAMPLE[ 9523] lifetime[182 weeks], average[149.06]
[Tue Dec  2 12:49:47 2025] >> SAMPLE[ 9524] lifetime[144 weeks], average[149.06]
[Tue Dec  2 12:49:48 2025] >> SAMPLE[ 9525] lifetime[157 weeks], average[149.06]
[Tue Dec  2 12:49:48 2025] >> SAMPLE[ 9526] lifetime[143 weeks], average[149.06]
[Tue Dec  2 12:49:49 2025] >> SAMPLE[ 9527] lifetime[141 weeks], average[149.06]
[Tue Dec  2 12:49:50 2025] >> SAMPLE[ 9528] lifetime[167 weeks], average[149.06]
[Tue Dec  2 12:49:51 2025] >> SAMPLE[ 9529] lifetime[188 weeks], average[149.06]
[Tue Dec  2 12:49:51 2025] >> SAMPLE[ 9530] lifetime[148 weeks], average[149.06]
[Tue Dec  2 12:49:52 2025] >> SAMPLE[ 9531] lifetime[124 weeks], average[149.06]
[Tue Dec  2 12:49:53 2025] >> SAMPLE[ 9532] lifetime[175 weeks], average[149.06]
[Tue Dec  2 12:49:54 2025] >> SAMPLE[ 9533] lifetime[176 weeks], average[149.07]
[Tue Dec  2 12:49:55 2025] >> SAMPLE[ 9534] lifetime[163 weeks], average[149.07]
[Tue Dec  2 12:49:55 2025] >> SAMPLE[ 9535] lifetime[ 97 weeks], average[149.06]
[Tue Dec  2 12:49:56 2025] >> SAMPLE[ 9536] lifetime[195 weeks], average[149.07]
[Tue Dec  2 12:49:56 2025] >> SAMPLE[ 9537] lifetime[133 weeks], average[149.07]
[Tue Dec  2 12:49:57 2025] >> SAMPLE[ 9538] lifetime[147 weeks], average[149.06]
[Tue Dec  2 12:49:58 2025] >> SAMPLE[ 9539] lifetime[152 weeks], average[149.07]
[Tue Dec  2 12:49:58 2025] >> SAMPLE[ 9540] lifetime[140 weeks], average[149.06]
[Tue Dec  2 12:49:59 2025] >> SAMPLE[ 9541] lifetime[168 weeks], average[149.07]
[Tue Dec  2 12:50:00 2025] >> SAMPLE[ 9542] lifetime[132 weeks], average[149.06]
[Tue Dec  2 12:50:01 2025] >> SAMPLE[ 9543] lifetime[171 weeks], average[149.07]
[Tue Dec  2 12:50:01 2025] >> SAMPLE[ 9544] lifetime[125 weeks], average[149.06]
[Tue Dec  2 12:50:02 2025] >> SAMPLE[ 9545] lifetime[125 weeks], average[149.06]
[Tue Dec  2 12:50:02 2025] >> SAMPLE[ 9546] lifetime[111 weeks], average[149.06]
[Tue Dec  2 12:50:03 2025] >> SAMPLE[ 9547] lifetime[163 weeks], average[149.06]
[Tue Dec  2 12:50:04 2025] >> SAMPLE[ 9548] lifetime[107 weeks], average[149.05]
[Tue Dec  2 12:50:04 2025] >> SAMPLE[ 9549] lifetime[145 weeks], average[149.05]
[Tue Dec  2 12:50:05 2025] >> SAMPLE[ 9550] lifetime[171 weeks], average[149.06]
[Tue Dec  2 12:50:06 2025] >> SAMPLE[ 9551] lifetime[173 weeks], average[149.06]
[Tue Dec  2 12:50:07 2025] >> SAMPLE[ 9552] lifetime[151 weeks], average[149.06]
[Tue Dec  2 12:50:07 2025] >> SAMPLE[ 9553] lifetime[185 weeks], average[149.06]
[Tue Dec  2 12:50:08 2025] >> SAMPLE[ 9554] lifetime[143 weeks], average[149.06]
[Tue Dec  2 12:50:09 2025] >> SAMPLE[ 9555] lifetime[146 weeks], average[149.06]
[Tue Dec  2 12:50:10 2025] >> SAMPLE[ 9556] lifetime[146 weeks], average[149.06]
[Tue Dec  2 12:50:10 2025] >> SAMPLE[ 9557] lifetime[161 weeks], average[149.06]
[Tue Dec  2 12:50:11 2025] >> SAMPLE[ 9558] lifetime[171 weeks], average[149.07]
[Tue Dec  2 12:50:12 2025] >> SAMPLE[ 9559] lifetime[138 weeks], average[149.06]
[Tue Dec  2 12:50:12 2025] >> SAMPLE[ 9560] lifetime[137 weeks], average[149.06]
[Tue Dec  2 12:50:13 2025] >> SAMPLE[ 9561] lifetime[141 weeks], average[149.06]
[Tue Dec  2 12:50:14 2025] >> SAMPLE[ 9562] lifetime[154 weeks], average[149.06]
[Tue Dec  2 12:50:15 2025] >> SAMPLE[ 9563] lifetime[178 weeks], average[149.07]
[Tue Dec  2 12:50:15 2025] >> SAMPLE[ 9564] lifetime[171 weeks], average[149.07]
[Tue Dec  2 12:50:16 2025] >> SAMPLE[ 9565] lifetime[140 weeks], average[149.07]
[Tue Dec  2 12:50:17 2025] >> SAMPLE[ 9566] lifetime[155 weeks], average[149.07]
[Tue Dec  2 12:50:18 2025] >> SAMPLE[ 9567] lifetime[188 weeks], average[149.07]
[Tue Dec  2 12:50:18 2025] >> SAMPLE[ 9568] lifetime[108 weeks], average[149.07]
[Tue Dec  2 12:50:19 2025] >> SAMPLE[ 9569] lifetime[141 weeks], average[149.07]
[Tue Dec  2 12:50:19 2025] >> SAMPLE[ 9570] lifetime[143 weeks], average[149.07]
[Tue Dec  2 12:50:20 2025] >> SAMPLE[ 9571] lifetime[174 weeks], average[149.07]
[Tue Dec  2 12:50:21 2025] >> SAMPLE[ 9572] lifetime[171 weeks], average[149.07]
[Tue Dec  2 12:50:22 2025] >> SAMPLE[ 9573] lifetime[161 weeks], average[149.07]
[Tue Dec  2 12:50:22 2025] >> SAMPLE[ 9574] lifetime[148 weeks], average[149.07]
[Tue Dec  2 12:50:23 2025] >> SAMPLE[ 9575] lifetime[192 weeks], average[149.08]
[Tue Dec  2 12:50:24 2025] >> SAMPLE[ 9576] lifetime[149 weeks], average[149.08]
[Tue Dec  2 12:50:25 2025] >> SAMPLE[ 9577] lifetime[156 weeks], average[149.08]
[Tue Dec  2 12:50:26 2025] >> SAMPLE[ 9578] lifetime[175 weeks], average[149.08]
[Tue Dec  2 12:50:27 2025] >> SAMPLE[ 9579] lifetime[188 weeks], average[149.08]
[Tue Dec  2 12:50:27 2025] >> SAMPLE[ 9580] lifetime[146 weeks], average[149.08]
[Tue Dec  2 12:50:28 2025] >> SAMPLE[ 9581] lifetime[107 weeks], average[149.08]
[Tue Dec  2 12:50:29 2025] >> SAMPLE[ 9582] lifetime[167 weeks], average[149.08]
[Tue Dec  2 12:50:29 2025] >> SAMPLE[ 9583] lifetime[188 weeks], average[149.09]
[Tue Dec  2 12:50:30 2025] >> SAMPLE[ 9584] lifetime[122 weeks], average[149.08]
[Tue Dec  2 12:50:31 2025] >> SAMPLE[ 9585] lifetime[152 weeks], average[149.08]
[Tue Dec  2 12:50:31 2025] >> SAMPLE[ 9586] lifetime[131 weeks], average[149.08]
[Tue Dec  2 12:50:32 2025] >> SAMPLE[ 9587] lifetime[211 weeks], average[149.09]
[Tue Dec  2 12:50:33 2025] >> SAMPLE[ 9588] lifetime[135 weeks], average[149.09]
[Tue Dec  2 12:50:34 2025] >> SAMPLE[ 9589] lifetime[130 weeks], average[149.08]
[Tue Dec  2 12:50:34 2025] >> SAMPLE[ 9590] lifetime[148 weeks], average[149.08]
[Tue Dec  2 12:50:35 2025] >> SAMPLE[ 9591] lifetime[128 weeks], average[149.08]
[Tue Dec  2 12:50:35 2025] >> SAMPLE[ 9592] lifetime[145 weeks], average[149.08]
[Tue Dec  2 12:50:36 2025] >> SAMPLE[ 9593] lifetime[162 weeks], average[149.08]
[Tue Dec  2 12:50:37 2025] >> SAMPLE[ 9594] lifetime[103 weeks], average[149.08]
[Tue Dec  2 12:50:38 2025] >> SAMPLE[ 9595] lifetime[199 weeks], average[149.08]
[Tue Dec  2 12:50:38 2025] >> SAMPLE[ 9596] lifetime[114 weeks], average[149.08]
[Tue Dec  2 12:50:39 2025] >> SAMPLE[ 9597] lifetime[147 weeks], average[149.08]
[Tue Dec  2 12:50:40 2025] >> SAMPLE[ 9598] lifetime[213 weeks], average[149.09]
[Tue Dec  2 12:50:40 2025] >> SAMPLE[ 9599] lifetime[110 weeks], average[149.08]
[Tue Dec  2 12:50:43 2025] >> Generating new alpha
[Tue Dec  2 12:50:44 2025] >> SAMPLE[ 9600] lifetime[143 weeks], average[149.08]
[Tue Dec  2 12:50:45 2025] >> SAMPLE[ 9601] lifetime[150 weeks], average[149.08]
[Tue Dec  2 12:50:46 2025] >> SAMPLE[ 9602] lifetime[233 weeks], average[149.09]
[Tue Dec  2 12:50:46 2025] >> SAMPLE[ 9603] lifetime[153 weeks], average[149.09]
[Tue Dec  2 12:50:47 2025] >> SAMPLE[ 9604] lifetime[153 weeks], average[149.09]
[Tue Dec  2 12:50:48 2025] >> SAMPLE[ 9605] lifetime[148 weeks], average[149.09]
[Tue Dec  2 12:50:48 2025] >> SAMPLE[ 9606] lifetime[ 88 weeks], average[149.08]
[Tue Dec  2 12:50:49 2025] >> SAMPLE[ 9607] lifetime[136 weeks], average[149.08]
[Tue Dec  2 12:50:49 2025] >> SAMPLE[ 9608] lifetime[122 weeks], average[149.08]
[Tue Dec  2 12:50:50 2025] >> SAMPLE[ 9609] lifetime[161 weeks], average[149.08]
[Tue Dec  2 12:50:51 2025] >> SAMPLE[ 9610] lifetime[111 weeks], average[149.08]
[Tue Dec  2 12:50:51 2025] >> SAMPLE[ 9611] lifetime[131 weeks], average[149.08]
[Tue Dec  2 12:50:52 2025] >> SAMPLE[ 9612] lifetime[129 weeks], average[149.07]
[Tue Dec  2 12:50:52 2025] >> SAMPLE[ 9613] lifetime[137 weeks], average[149.07]
[Tue Dec  2 12:50:53 2025] >> SAMPLE[ 9614] lifetime[132 weeks], average[149.07]
[Tue Dec  2 12:50:54 2025] >> SAMPLE[ 9615] lifetime[135 weeks], average[149.07]
[Tue Dec  2 12:50:54 2025] >> SAMPLE[ 9616] lifetime[171 weeks], average[149.07]
[Tue Dec  2 12:50:55 2025] >> SAMPLE[ 9617] lifetime[147 weeks], average[149.07]
[Tue Dec  2 12:50:56 2025] >> SAMPLE[ 9618] lifetime[137 weeks], average[149.07]
[Tue Dec  2 12:50:56 2025] >> SAMPLE[ 9619] lifetime[123 weeks], average[149.07]
[Tue Dec  2 12:50:57 2025] >> SAMPLE[ 9620] lifetime[129 weeks], average[149.06]
[Tue Dec  2 12:50:58 2025] >> SAMPLE[ 9621] lifetime[143 weeks], average[149.06]
[Tue Dec  2 12:50:58 2025] >> SAMPLE[ 9622] lifetime[124 weeks], average[149.06]
[Tue Dec  2 12:50:59 2025] >> SAMPLE[ 9623] lifetime[161 weeks], average[149.06]
[Tue Dec  2 12:51:00 2025] >> SAMPLE[ 9624] lifetime[138 weeks], average[149.06]
[Tue Dec  2 12:51:00 2025] >> SAMPLE[ 9625] lifetime[144 weeks], average[149.06]
[Tue Dec  2 12:51:01 2025] >> SAMPLE[ 9626] lifetime[107 weeks], average[149.06]
[Tue Dec  2 12:51:01 2025] >> SAMPLE[ 9627] lifetime[131 weeks], average[149.05]
[Tue Dec  2 12:51:02 2025] >> SAMPLE[ 9628] lifetime[173 weeks], average[149.06]
[Tue Dec  2 12:51:03 2025] >> SAMPLE[ 9629] lifetime[133 weeks], average[149.06]
[Tue Dec  2 12:51:04 2025] >> SAMPLE[ 9630] lifetime[132 weeks], average[149.05]
[Tue Dec  2 12:51:04 2025] >> SAMPLE[ 9631] lifetime[163 weeks], average[149.06]
[Tue Dec  2 12:51:05 2025] >> SAMPLE[ 9632] lifetime[180 weeks], average[149.06]
[Tue Dec  2 12:51:06 2025] >> SAMPLE[ 9633] lifetime[193 weeks], average[149.06]
[Tue Dec  2 12:51:07 2025] >> SAMPLE[ 9634] lifetime[142 weeks], average[149.06]
[Tue Dec  2 12:51:07 2025] >> SAMPLE[ 9635] lifetime[135 weeks], average[149.06]
[Tue Dec  2 12:51:08 2025] >> SAMPLE[ 9636] lifetime[170 weeks], average[149.06]
[Tue Dec  2 12:51:09 2025] >> SAMPLE[ 9637] lifetime[176 weeks], average[149.07]
[Tue Dec  2 12:51:10 2025] >> SAMPLE[ 9638] lifetime[102 weeks], average[149.06]
[Tue Dec  2 12:51:11 2025] >> SAMPLE[ 9639] lifetime[193 weeks], average[149.07]
[Tue Dec  2 12:51:11 2025] >> SAMPLE[ 9640] lifetime[185 weeks], average[149.07]
[Tue Dec  2 12:51:12 2025] >> SAMPLE[ 9641] lifetime[120 weeks], average[149.07]
[Tue Dec  2 12:51:13 2025] >> SAMPLE[ 9642] lifetime[146 weeks], average[149.07]
[Tue Dec  2 12:51:13 2025] >> SAMPLE[ 9643] lifetime[139 weeks], average[149.06]
[Tue Dec  2 12:51:14 2025] >> SAMPLE[ 9644] lifetime[113 weeks], average[149.06]
[Tue Dec  2 12:51:14 2025] >> SAMPLE[ 9645] lifetime[119 weeks], average[149.06]
[Tue Dec  2 12:51:15 2025] >> SAMPLE[ 9646] lifetime[122 weeks], average[149.06]
[Tue Dec  2 12:51:16 2025] >> SAMPLE[ 9647] lifetime[136 weeks], average[149.05]
[Tue Dec  2 12:51:16 2025] >> SAMPLE[ 9648] lifetime[158 weeks], average[149.05]
[Tue Dec  2 12:51:17 2025] >> SAMPLE[ 9649] lifetime[162 weeks], average[149.06]
[Tue Dec  2 12:51:18 2025] >> SAMPLE[ 9650] lifetime[164 weeks], average[149.06]
[Tue Dec  2 12:51:18 2025] >> SAMPLE[ 9651] lifetime[142 weeks], average[149.06]
[Tue Dec  2 12:51:19 2025] >> SAMPLE[ 9652] lifetime[184 weeks], average[149.06]
[Tue Dec  2 12:51:20 2025] >> SAMPLE[ 9653] lifetime[154 weeks], average[149.06]
[Tue Dec  2 12:51:21 2025] >> SAMPLE[ 9654] lifetime[162 weeks], average[149.06]
[Tue Dec  2 12:51:21 2025] >> SAMPLE[ 9655] lifetime[134 weeks], average[149.06]
[Tue Dec  2 12:51:22 2025] >> SAMPLE[ 9656] lifetime[165 weeks], average[149.06]
[Tue Dec  2 12:51:23 2025] >> SAMPLE[ 9657] lifetime[119 weeks], average[149.06]
[Tue Dec  2 12:51:23 2025] >> SAMPLE[ 9658] lifetime[183 weeks], average[149.06]
[Tue Dec  2 12:51:24 2025] >> SAMPLE[ 9659] lifetime[118 weeks], average[149.06]
[Tue Dec  2 12:51:25 2025] >> SAMPLE[ 9660] lifetime[125 weeks], average[149.06]
[Tue Dec  2 12:51:25 2025] >> SAMPLE[ 9661] lifetime[155 weeks], average[149.06]
[Tue Dec  2 12:51:26 2025] >> SAMPLE[ 9662] lifetime[158 weeks], average[149.06]
[Tue Dec  2 12:51:27 2025] >> SAMPLE[ 9663] lifetime[174 weeks], average[149.06]
[Tue Dec  2 12:51:27 2025] >> SAMPLE[ 9664] lifetime[136 weeks], average[149.06]
[Tue Dec  2 12:51:28 2025] >> SAMPLE[ 9665] lifetime[153 weeks], average[149.06]
[Tue Dec  2 12:51:29 2025] >> SAMPLE[ 9666] lifetime[100 weeks], average[149.06]
[Tue Dec  2 12:51:29 2025] >> SAMPLE[ 9667] lifetime[127 weeks], average[149.05]
[Tue Dec  2 12:51:30 2025] >> SAMPLE[ 9668] lifetime[171 weeks], average[149.06]
[Tue Dec  2 12:51:31 2025] >> SAMPLE[ 9669] lifetime[169 weeks], average[149.06]
[Tue Dec  2 12:51:31 2025] >> SAMPLE[ 9670] lifetime[162 weeks], average[149.06]
[Tue Dec  2 12:51:32 2025] >> SAMPLE[ 9671] lifetime[162 weeks], average[149.06]
[Tue Dec  2 12:51:33 2025] >> SAMPLE[ 9672] lifetime[142 weeks], average[149.06]
[Tue Dec  2 12:51:33 2025] >> SAMPLE[ 9673] lifetime[133 weeks], average[149.06]
[Tue Dec  2 12:51:34 2025] >> SAMPLE[ 9674] lifetime[135 weeks], average[149.06]
[Tue Dec  2 12:51:35 2025] >> SAMPLE[ 9675] lifetime[183 weeks], average[149.06]
[Tue Dec  2 12:51:36 2025] >> SAMPLE[ 9676] lifetime[133 weeks], average[149.06]
[Tue Dec  2 12:51:36 2025] >> SAMPLE[ 9677] lifetime[148 weeks], average[149.06]
[Tue Dec  2 12:51:37 2025] >> SAMPLE[ 9678] lifetime[151 weeks], average[149.06]
[Tue Dec  2 12:51:38 2025] >> SAMPLE[ 9679] lifetime[164 weeks], average[149.06]
[Tue Dec  2 12:51:38 2025] >> SAMPLE[ 9680] lifetime[125 weeks], average[149.06]
[Tue Dec  2 12:51:39 2025] >> SAMPLE[ 9681] lifetime[161 weeks], average[149.06]
[Tue Dec  2 12:51:40 2025] >> SAMPLE[ 9682] lifetime[130 weeks], average[149.06]
[Tue Dec  2 12:51:40 2025] >> SAMPLE[ 9683] lifetime[111 weeks], average[149.05]
[Tue Dec  2 12:51:41 2025] >> SAMPLE[ 9684] lifetime[177 weeks], average[149.06]
[Tue Dec  2 12:51:42 2025] >> SAMPLE[ 9685] lifetime[161 weeks], average[149.06]
[Tue Dec  2 12:51:43 2025] >> SAMPLE[ 9686] lifetime[146 weeks], average[149.06]
[Tue Dec  2 12:51:43 2025] >> SAMPLE[ 9687] lifetime[144 weeks], average[149.06]
[Tue Dec  2 12:51:44 2025] >> SAMPLE[ 9688] lifetime[143 weeks], average[149.06]
[Tue Dec  2 12:51:45 2025] >> SAMPLE[ 9689] lifetime[151 weeks], average[149.06]
[Tue Dec  2 12:51:45 2025] >> SAMPLE[ 9690] lifetime[110 weeks], average[149.05]
[Tue Dec  2 12:51:46 2025] >> SAMPLE[ 9691] lifetime[150 weeks], average[149.05]
[Tue Dec  2 12:51:47 2025] >> SAMPLE[ 9692] lifetime[138 weeks], average[149.05]
[Tue Dec  2 12:51:47 2025] >> SAMPLE[ 9693] lifetime[114 weeks], average[149.05]
[Tue Dec  2 12:51:48 2025] >> SAMPLE[ 9694] lifetime[161 weeks], average[149.05]
[Tue Dec  2 12:51:48 2025] >> SAMPLE[ 9695] lifetime[124 weeks], average[149.05]
[Tue Dec  2 12:51:49 2025] >> SAMPLE[ 9696] lifetime[123 weeks], average[149.04]
[Tue Dec  2 12:51:50 2025] >> SAMPLE[ 9697] lifetime[189 weeks], average[149.05]
[Tue Dec  2 12:51:51 2025] >> SAMPLE[ 9698] lifetime[165 weeks], average[149.05]
[Tue Dec  2 12:51:51 2025] >> SAMPLE[ 9699] lifetime[161 weeks], average[149.05]
[Tue Dec  2 12:51:54 2025] >> Generating new alpha
[Tue Dec  2 12:51:55 2025] >> SAMPLE[ 9700] lifetime[133 weeks], average[149.05]
[Tue Dec  2 12:51:55 2025] >> SAMPLE[ 9701] lifetime[152 weeks], average[149.05]
[Tue Dec  2 12:51:56 2025] >> SAMPLE[ 9702] lifetime[154 weeks], average[149.05]
[Tue Dec  2 12:51:57 2025] >> SAMPLE[ 9703] lifetime[128 weeks], average[149.05]
[Tue Dec  2 12:51:57 2025] >> SAMPLE[ 9704] lifetime[144 weeks], average[149.05]
[Tue Dec  2 12:51:58 2025] >> SAMPLE[ 9705] lifetime[121 weeks], average[149.04]
[Tue Dec  2 12:51:59 2025] >> SAMPLE[ 9706] lifetime[200 weeks], average[149.05]
[Tue Dec  2 12:52:00 2025] >> SAMPLE[ 9707] lifetime[143 weeks], average[149.05]
[Tue Dec  2 12:52:00 2025] >> SAMPLE[ 9708] lifetime[158 weeks], average[149.05]
[Tue Dec  2 12:52:01 2025] >> SAMPLE[ 9709] lifetime[175 weeks], average[149.05]
[Tue Dec  2 12:52:02 2025] >> SAMPLE[ 9710] lifetime[135 weeks], average[149.05]
[Tue Dec  2 12:52:02 2025] >> SAMPLE[ 9711] lifetime[120 weeks], average[149.05]
[Tue Dec  2 12:52:03 2025] >> SAMPLE[ 9712] lifetime[117 weeks], average[149.04]
[Tue Dec  2 12:52:03 2025] >> SAMPLE[ 9713] lifetime[131 weeks], average[149.04]
[Tue Dec  2 12:52:04 2025] >> SAMPLE[ 9714] lifetime[163 weeks], average[149.04]
[Tue Dec  2 12:52:05 2025] >> SAMPLE[ 9715] lifetime[177 weeks], average[149.05]
[Tue Dec  2 12:52:06 2025] >> SAMPLE[ 9716] lifetime[180 weeks], average[149.05]
[Tue Dec  2 12:52:07 2025] >> SAMPLE[ 9717] lifetime[177 weeks], average[149.05]
[Tue Dec  2 12:52:07 2025] >> SAMPLE[ 9718] lifetime[153 weeks], average[149.05]
[Tue Dec  2 12:52:08 2025] >> SAMPLE[ 9719] lifetime[119 weeks], average[149.05]
[Tue Dec  2 12:52:09 2025] >> SAMPLE[ 9720] lifetime[165 weeks], average[149.05]
[Tue Dec  2 12:52:10 2025] >> SAMPLE[ 9721] lifetime[149 weeks], average[149.05]
[Tue Dec  2 12:52:10 2025] >> SAMPLE[ 9722] lifetime[152 weeks], average[149.05]
[Tue Dec  2 12:52:11 2025] >> SAMPLE[ 9723] lifetime[188 weeks], average[149.06]
[Tue Dec  2 12:52:12 2025] >> SAMPLE[ 9724] lifetime[147 weeks], average[149.06]
[Tue Dec  2 12:52:13 2025] >> SAMPLE[ 9725] lifetime[161 weeks], average[149.06]
[Tue Dec  2 12:52:13 2025] >> SAMPLE[ 9726] lifetime[146 weeks], average[149.06]
[Tue Dec  2 12:52:14 2025] >> SAMPLE[ 9727] lifetime[213 weeks], average[149.06]
[Tue Dec  2 12:52:15 2025] >> SAMPLE[ 9728] lifetime[137 weeks], average[149.06]
[Tue Dec  2 12:52:16 2025] >> SAMPLE[ 9729] lifetime[128 weeks], average[149.06]
[Tue Dec  2 12:52:16 2025] >> SAMPLE[ 9730] lifetime[155 weeks], average[149.06]
[Tue Dec  2 12:52:17 2025] >> SAMPLE[ 9731] lifetime[154 weeks], average[149.06]
[Tue Dec  2 12:52:18 2025] >> SAMPLE[ 9732] lifetime[122 weeks], average[149.06]
[Tue Dec  2 12:52:18 2025] >> SAMPLE[ 9733] lifetime[170 weeks], average[149.06]
[Tue Dec  2 12:52:19 2025] >> SAMPLE[ 9734] lifetime[192 weeks], average[149.06]
[Tue Dec  2 12:52:20 2025] >> SAMPLE[ 9735] lifetime[139 weeks], average[149.06]
[Tue Dec  2 12:52:20 2025] >> SAMPLE[ 9736] lifetime[ 94 weeks], average[149.06]
[Tue Dec  2 12:52:21 2025] >> SAMPLE[ 9737] lifetime[206 weeks], average[149.06]
[Tue Dec  2 12:52:22 2025] >> SAMPLE[ 9738] lifetime[131 weeks], average[149.06]
[Tue Dec  2 12:52:23 2025] >> SAMPLE[ 9739] lifetime[180 weeks], average[149.06]
[Tue Dec  2 12:52:23 2025] >> SAMPLE[ 9740] lifetime[129 weeks], average[149.06]
[Tue Dec  2 12:52:24 2025] >> SAMPLE[ 9741] lifetime[126 weeks], average[149.06]
[Tue Dec  2 12:52:25 2025] >> SAMPLE[ 9742] lifetime[128 weeks], average[149.06]
[Tue Dec  2 12:52:25 2025] >> SAMPLE[ 9743] lifetime[161 weeks], average[149.06]
[Tue Dec  2 12:52:26 2025] >> SAMPLE[ 9744] lifetime[177 weeks], average[149.06]
[Tue Dec  2 12:52:27 2025] >> SAMPLE[ 9745] lifetime[115 weeks], average[149.06]
[Tue Dec  2 12:52:28 2025] >> SAMPLE[ 9746] lifetime[181 weeks], average[149.06]
[Tue Dec  2 12:52:28 2025] >> SAMPLE[ 9747] lifetime[128 weeks], average[149.06]
[Tue Dec  2 12:52:29 2025] >> SAMPLE[ 9748] lifetime[132 weeks], average[149.06]
[Tue Dec  2 12:52:30 2025] >> SAMPLE[ 9749] lifetime[176 weeks], average[149.06]
[Tue Dec  2 12:52:30 2025] >> SAMPLE[ 9750] lifetime[156 weeks], average[149.06]
[Tue Dec  2 12:52:31 2025] >> SAMPLE[ 9751] lifetime[167 weeks], average[149.06]
[Tue Dec  2 12:52:32 2025] >> SAMPLE[ 9752] lifetime[115 weeks], average[149.06]
[Tue Dec  2 12:52:32 2025] >> SAMPLE[ 9753] lifetime[110 weeks], average[149.06]
[Tue Dec  2 12:52:33 2025] >> SAMPLE[ 9754] lifetime[131 weeks], average[149.05]
[Tue Dec  2 12:52:33 2025] >> SAMPLE[ 9755] lifetime[129 weeks], average[149.05]
[Tue Dec  2 12:52:34 2025] >> SAMPLE[ 9756] lifetime[138 weeks], average[149.05]
[Tue Dec  2 12:52:34 2025] >> SAMPLE[ 9757] lifetime[140 weeks], average[149.05]
[Tue Dec  2 12:52:35 2025] >> SAMPLE[ 9758] lifetime[140 weeks], average[149.05]
[Tue Dec  2 12:52:36 2025] >> SAMPLE[ 9759] lifetime[166 weeks], average[149.05]
[Tue Dec  2 12:52:37 2025] >> SAMPLE[ 9760] lifetime[164 weeks], average[149.05]
[Tue Dec  2 12:52:37 2025] >> SAMPLE[ 9761] lifetime[142 weeks], average[149.05]
[Tue Dec  2 12:52:38 2025] >> SAMPLE[ 9762] lifetime[139 weeks], average[149.05]
[Tue Dec  2 12:52:39 2025] >> SAMPLE[ 9763] lifetime[138 weeks], average[149.05]
[Tue Dec  2 12:52:39 2025] >> SAMPLE[ 9764] lifetime[149 weeks], average[149.05]
[Tue Dec  2 12:52:40 2025] >> SAMPLE[ 9765] lifetime[146 weeks], average[149.05]
[Tue Dec  2 12:52:40 2025] >> SAMPLE[ 9766] lifetime[125 weeks], average[149.05]
[Tue Dec  2 12:52:41 2025] >> SAMPLE[ 9767] lifetime[171 weeks], average[149.05]
[Tue Dec  2 12:52:42 2025] >> SAMPLE[ 9768] lifetime[140 weeks], average[149.05]
[Tue Dec  2 12:52:43 2025] >> SAMPLE[ 9769] lifetime[143 weeks], average[149.05]
[Tue Dec  2 12:52:43 2025] >> SAMPLE[ 9770] lifetime[140 weeks], average[149.05]
[Tue Dec  2 12:52:44 2025] >> SAMPLE[ 9771] lifetime[222 weeks], average[149.05]
[Tue Dec  2 12:52:45 2025] >> SAMPLE[ 9772] lifetime[118 weeks], average[149.05]
[Tue Dec  2 12:52:46 2025] >> SAMPLE[ 9773] lifetime[145 weeks], average[149.05]
[Tue Dec  2 12:52:46 2025] >> SAMPLE[ 9774] lifetime[172 weeks], average[149.05]
[Tue Dec  2 12:52:47 2025] >> SAMPLE[ 9775] lifetime[139 weeks], average[149.05]
[Tue Dec  2 12:52:48 2025] >> SAMPLE[ 9776] lifetime[190 weeks], average[149.06]
[Tue Dec  2 12:52:49 2025] >> SAMPLE[ 9777] lifetime[205 weeks], average[149.06]
[Tue Dec  2 12:52:50 2025] >> SAMPLE[ 9778] lifetime[199 weeks], average[149.07]
[Tue Dec  2 12:52:50 2025] >> SAMPLE[ 9779] lifetime[136 weeks], average[149.07]
[Tue Dec  2 12:52:51 2025] >> SAMPLE[ 9780] lifetime[163 weeks], average[149.07]
[Tue Dec  2 12:52:52 2025] >> SAMPLE[ 9781] lifetime[131 weeks], average[149.06]
[Tue Dec  2 12:52:53 2025] >> SAMPLE[ 9782] lifetime[188 weeks], average[149.07]
[Tue Dec  2 12:52:54 2025] >> SAMPLE[ 9783] lifetime[188 weeks], average[149.07]
[Tue Dec  2 12:52:54 2025] >> SAMPLE[ 9784] lifetime[152 weeks], average[149.07]
[Tue Dec  2 12:52:55 2025] >> SAMPLE[ 9785] lifetime[117 weeks], average[149.07]
[Tue Dec  2 12:52:55 2025] >> SAMPLE[ 9786] lifetime[131 weeks], average[149.07]
[Tue Dec  2 12:52:56 2025] >> SAMPLE[ 9787] lifetime[ 93 weeks], average[149.06]
[Tue Dec  2 12:52:57 2025] >> SAMPLE[ 9788] lifetime[189 weeks], average[149.07]
[Tue Dec  2 12:52:57 2025] >> SAMPLE[ 9789] lifetime[160 weeks], average[149.07]
[Tue Dec  2 12:52:58 2025] >> SAMPLE[ 9790] lifetime[177 weeks], average[149.07]
[Tue Dec  2 12:52:59 2025] >> SAMPLE[ 9791] lifetime[186 weeks], average[149.07]
[Tue Dec  2 12:53:00 2025] >> SAMPLE[ 9792] lifetime[125 weeks], average[149.07]
[Tue Dec  2 12:53:00 2025] >> SAMPLE[ 9793] lifetime[151 weeks], average[149.07]
[Tue Dec  2 12:53:01 2025] >> SAMPLE[ 9794] lifetime[118 weeks], average[149.07]
[Tue Dec  2 12:53:01 2025] >> SAMPLE[ 9795] lifetime[ 93 weeks], average[149.06]
[Tue Dec  2 12:53:02 2025] >> SAMPLE[ 9796] lifetime[179 weeks], average[149.07]
[Tue Dec  2 12:53:03 2025] >> SAMPLE[ 9797] lifetime[136 weeks], average[149.06]
[Tue Dec  2 12:53:04 2025] >> SAMPLE[ 9798] lifetime[168 weeks], average[149.07]
[Tue Dec  2 12:53:04 2025] >> SAMPLE[ 9799] lifetime[112 weeks], average[149.06]
[Tue Dec  2 12:53:07 2025] >> Generating new alpha
[Tue Dec  2 12:53:08 2025] >> SAMPLE[ 9800] lifetime[153 weeks], average[149.06]
[Tue Dec  2 12:53:08 2025] >> SAMPLE[ 9801] lifetime[121 weeks], average[149.06]
[Tue Dec  2 12:53:09 2025] >> SAMPLE[ 9802] lifetime[151 weeks], average[149.06]
[Tue Dec  2 12:53:09 2025] >> SAMPLE[ 9803] lifetime[136 weeks], average[149.06]
[Tue Dec  2 12:53:10 2025] >> SAMPLE[ 9804] lifetime[159 weeks], average[149.06]
[Tue Dec  2 12:53:11 2025] >> SAMPLE[ 9805] lifetime[151 weeks], average[149.06]
[Tue Dec  2 12:53:11 2025] >> SAMPLE[ 9806] lifetime[137 weeks], average[149.06]
[Tue Dec  2 12:53:12 2025] >> SAMPLE[ 9807] lifetime[157 weeks], average[149.06]
[Tue Dec  2 12:53:13 2025] >> SAMPLE[ 9808] lifetime[132 weeks], average[149.06]
[Tue Dec  2 12:53:14 2025] >> SAMPLE[ 9809] lifetime[160 weeks], average[149.06]
[Tue Dec  2 12:53:14 2025] >> SAMPLE[ 9810] lifetime[158 weeks], average[149.06]
[Tue Dec  2 12:53:15 2025] >> SAMPLE[ 9811] lifetime[135 weeks], average[149.06]
[Tue Dec  2 12:53:15 2025] >> SAMPLE[ 9812] lifetime[104 weeks], average[149.05]
[Tue Dec  2 12:53:16 2025] >> SAMPLE[ 9813] lifetime[119 weeks], average[149.05]
[Tue Dec  2 12:53:17 2025] >> SAMPLE[ 9814] lifetime[191 weeks], average[149.06]
[Tue Dec  2 12:53:18 2025] >> SAMPLE[ 9815] lifetime[165 weeks], average[149.06]
[Tue Dec  2 12:53:18 2025] >> SAMPLE[ 9816] lifetime[ 90 weeks], average[149.05]
[Tue Dec  2 12:53:18 2025] >> SAMPLE[ 9817] lifetime[134 weeks], average[149.05]
[Tue Dec  2 12:53:19 2025] >> SAMPLE[ 9818] lifetime[137 weeks], average[149.05]
[Tue Dec  2 12:53:20 2025] >> SAMPLE[ 9819] lifetime[202 weeks], average[149.05]
[Tue Dec  2 12:53:21 2025] >> SAMPLE[ 9820] lifetime[124 weeks], average[149.05]
[Tue Dec  2 12:53:21 2025] >> SAMPLE[ 9821] lifetime[142 weeks], average[149.05]
[Tue Dec  2 12:53:22 2025] >> SAMPLE[ 9822] lifetime[111 weeks], average[149.05]
[Tue Dec  2 12:53:22 2025] >> SAMPLE[ 9823] lifetime[135 weeks], average[149.04]
[Tue Dec  2 12:53:23 2025] >> SAMPLE[ 9824] lifetime[156 weeks], average[149.05]
[Tue Dec  2 12:53:24 2025] >> SAMPLE[ 9825] lifetime[170 weeks], average[149.05]
[Tue Dec  2 12:53:25 2025] >> SAMPLE[ 9826] lifetime[158 weeks], average[149.05]
[Tue Dec  2 12:53:25 2025] >> SAMPLE[ 9827] lifetime[124 weeks], average[149.05]
[Tue Dec  2 12:53:26 2025] >> SAMPLE[ 9828] lifetime[148 weeks], average[149.05]
[Tue Dec  2 12:53:26 2025] >> SAMPLE[ 9829] lifetime[ 78 weeks], average[149.04]
[Tue Dec  2 12:53:27 2025] >> SAMPLE[ 9830] lifetime[173 weeks], average[149.04]
[Tue Dec  2 12:53:27 2025] >> SAMPLE[ 9831] lifetime[110 weeks], average[149.04]
[Tue Dec  2 12:53:28 2025] >> SAMPLE[ 9832] lifetime[162 weeks], average[149.04]
[Tue Dec  2 12:53:29 2025] >> SAMPLE[ 9833] lifetime[139 weeks], average[149.04]
[Tue Dec  2 12:53:29 2025] >> SAMPLE[ 9834] lifetime[154 weeks], average[149.04]
[Tue Dec  2 12:53:30 2025] >> SAMPLE[ 9835] lifetime[147 weeks], average[149.04]
[Tue Dec  2 12:53:31 2025] >> SAMPLE[ 9836] lifetime[125 weeks], average[149.04]
[Tue Dec  2 12:53:31 2025] >> SAMPLE[ 9837] lifetime[125 weeks], average[149.03]
[Tue Dec  2 12:53:32 2025] >> SAMPLE[ 9838] lifetime[129 weeks], average[149.03]
[Tue Dec  2 12:53:32 2025] >> SAMPLE[ 9839] lifetime[157 weeks], average[149.03]
[Tue Dec  2 12:53:33 2025] >> SAMPLE[ 9840] lifetime[133 weeks], average[149.03]
[Tue Dec  2 12:53:33 2025] >> SAMPLE[ 9841] lifetime[109 weeks], average[149.03]
[Tue Dec  2 12:53:34 2025] >> SAMPLE[ 9842] lifetime[179 weeks], average[149.03]
[Tue Dec  2 12:53:35 2025] >> SAMPLE[ 9843] lifetime[194 weeks], average[149.03]
[Tue Dec  2 12:53:36 2025] >> SAMPLE[ 9844] lifetime[173 weeks], average[149.04]
[Tue Dec  2 12:53:37 2025] >> SAMPLE[ 9845] lifetime[136 weeks], average[149.03]
[Tue Dec  2 12:53:37 2025] >> SAMPLE[ 9846] lifetime[139 weeks], average[149.03]
[Tue Dec  2 12:53:38 2025] >> SAMPLE[ 9847] lifetime[174 weeks], average[149.04]
[Tue Dec  2 12:53:39 2025] >> SAMPLE[ 9848] lifetime[149 weeks], average[149.04]
[Tue Dec  2 12:53:39 2025] >> SAMPLE[ 9849] lifetime[152 weeks], average[149.04]
[Tue Dec  2 12:53:40 2025] >> SAMPLE[ 9850] lifetime[186 weeks], average[149.04]
[Tue Dec  2 12:53:41 2025] >> SAMPLE[ 9851] lifetime[158 weeks], average[149.04]
[Tue Dec  2 12:53:42 2025] >> SAMPLE[ 9852] lifetime[143 weeks], average[149.04]
[Tue Dec  2 12:53:42 2025] >> SAMPLE[ 9853] lifetime[113 weeks], average[149.04]
[Tue Dec  2 12:53:43 2025] >> SAMPLE[ 9854] lifetime[116 weeks], average[149.03]
[Tue Dec  2 12:53:43 2025] >> SAMPLE[ 9855] lifetime[137 weeks], average[149.03]
[Tue Dec  2 12:53:44 2025] >> SAMPLE[ 9856] lifetime[112 weeks], average[149.03]
[Tue Dec  2 12:53:44 2025] >> SAMPLE[ 9857] lifetime[158 weeks], average[149.03]
[Tue Dec  2 12:53:45 2025] >> SAMPLE[ 9858] lifetime[161 weeks], average[149.03]
[Tue Dec  2 12:53:46 2025] >> SAMPLE[ 9859] lifetime[ 90 weeks], average[149.02]
[Tue Dec  2 12:53:46 2025] >> SAMPLE[ 9860] lifetime[128 weeks], average[149.02]
[Tue Dec  2 12:53:47 2025] >> SAMPLE[ 9861] lifetime[147 weeks], average[149.02]
[Tue Dec  2 12:53:47 2025] >> SAMPLE[ 9862] lifetime[132 weeks], average[149.02]
[Tue Dec  2 12:53:48 2025] >> SAMPLE[ 9863] lifetime[115 weeks], average[149.02]
[Tue Dec  2 12:53:49 2025] >> SAMPLE[ 9864] lifetime[167 weeks], average[149.02]
[Tue Dec  2 12:53:49 2025] >> SAMPLE[ 9865] lifetime[136 weeks], average[149.02]
[Tue Dec  2 12:53:50 2025] >> SAMPLE[ 9866] lifetime[153 weeks], average[149.02]
[Tue Dec  2 12:53:51 2025] >> SAMPLE[ 9867] lifetime[159 weeks], average[149.02]
[Tue Dec  2 12:53:51 2025] >> SAMPLE[ 9868] lifetime[105 weeks], average[149.01]
[Tue Dec  2 12:53:52 2025] >> SAMPLE[ 9869] lifetime[140 weeks], average[149.01]
[Tue Dec  2 12:53:52 2025] >> SAMPLE[ 9870] lifetime[148 weeks], average[149.01]
[Tue Dec  2 12:53:53 2025] >> SAMPLE[ 9871] lifetime[141 weeks], average[149.01]
[Tue Dec  2 12:53:54 2025] >> SAMPLE[ 9872] lifetime[165 weeks], average[149.01]
[Tue Dec  2 12:53:54 2025] >> SAMPLE[ 9873] lifetime[144 weeks], average[149.01]
[Tue Dec  2 12:53:55 2025] >> SAMPLE[ 9874] lifetime[194 weeks], average[149.02]
[Tue Dec  2 12:53:56 2025] >> SAMPLE[ 9875] lifetime[155 weeks], average[149.02]
[Tue Dec  2 12:53:57 2025] >> SAMPLE[ 9876] lifetime[154 weeks], average[149.02]
[Tue Dec  2 12:53:57 2025] >> SAMPLE[ 9877] lifetime[120 weeks], average[149.02]
[Tue Dec  2 12:53:58 2025] >> SAMPLE[ 9878] lifetime[144 weeks], average[149.02]
[Tue Dec  2 12:53:59 2025] >> SAMPLE[ 9879] lifetime[150 weeks], average[149.02]
[Tue Dec  2 12:53:59 2025] >> SAMPLE[ 9880] lifetime[134 weeks], average[149.01]
[Tue Dec  2 12:54:00 2025] >> SAMPLE[ 9881] lifetime[199 weeks], average[149.02]
[Tue Dec  2 12:54:01 2025] >> SAMPLE[ 9882] lifetime[173 weeks], average[149.02]
[Tue Dec  2 12:54:02 2025] >> SAMPLE[ 9883] lifetime[146 weeks], average[149.02]
[Tue Dec  2 12:54:03 2025] >> SAMPLE[ 9884] lifetime[181 weeks], average[149.03]
[Tue Dec  2 12:54:03 2025] >> SAMPLE[ 9885] lifetime[158 weeks], average[149.03]
[Tue Dec  2 12:54:04 2025] >> SAMPLE[ 9886] lifetime[213 weeks], average[149.03]
[Tue Dec  2 12:54:05 2025] >> SAMPLE[ 9887] lifetime[194 weeks], average[149.04]
[Tue Dec  2 12:54:06 2025] >> SAMPLE[ 9888] lifetime[145 weeks], average[149.04]
[Tue Dec  2 12:54:07 2025] >> SAMPLE[ 9889] lifetime[128 weeks], average[149.03]
[Tue Dec  2 12:54:07 2025] >> SAMPLE[ 9890] lifetime[161 weeks], average[149.04]
[Tue Dec  2 12:54:08 2025] >> SAMPLE[ 9891] lifetime[110 weeks], average[149.03]
[Tue Dec  2 12:54:08 2025] >> SAMPLE[ 9892] lifetime[116 weeks], average[149.03]
[Tue Dec  2 12:54:09 2025] >> SAMPLE[ 9893] lifetime[201 weeks], average[149.03]
[Tue Dec  2 12:54:10 2025] >> SAMPLE[ 9894] lifetime[127 weeks], average[149.03]
[Tue Dec  2 12:54:10 2025] >> SAMPLE[ 9895] lifetime[108 weeks], average[149.03]
[Tue Dec  2 12:54:11 2025] >> SAMPLE[ 9896] lifetime[175 weeks], average[149.03]
[Tue Dec  2 12:54:12 2025] >> SAMPLE[ 9897] lifetime[130 weeks], average[149.03]
[Tue Dec  2 12:54:12 2025] >> SAMPLE[ 9898] lifetime[140 weeks], average[149.03]
[Tue Dec  2 12:54:13 2025] >> SAMPLE[ 9899] lifetime[170 weeks], average[149.03]
[Tue Dec  2 12:54:16 2025] >> Generating new alpha
[Tue Dec  2 12:54:16 2025] >> SAMPLE[ 9900] lifetime[158 weeks], average[149.03]
[Tue Dec  2 12:54:17 2025] >> SAMPLE[ 9901] lifetime[144 weeks], average[149.03]
[Tue Dec  2 12:54:18 2025] >> SAMPLE[ 9902] lifetime[127 weeks], average[149.03]
[Tue Dec  2 12:54:18 2025] >> SAMPLE[ 9903] lifetime[134 weeks], average[149.03]
[Tue Dec  2 12:54:19 2025] >> SAMPLE[ 9904] lifetime[147 weeks], average[149.03]
[Tue Dec  2 12:54:20 2025] >> SAMPLE[ 9905] lifetime[145 weeks], average[149.03]
[Tue Dec  2 12:54:20 2025] >> SAMPLE[ 9906] lifetime[162 weeks], average[149.03]
[Tue Dec  2 12:54:21 2025] >> SAMPLE[ 9907] lifetime[141 weeks], average[149.03]
[Tue Dec  2 12:54:22 2025] >> SAMPLE[ 9908] lifetime[192 weeks], average[149.03]
[Tue Dec  2 12:54:23 2025] >> SAMPLE[ 9909] lifetime[122 weeks], average[149.03]
[Tue Dec  2 12:54:23 2025] >> SAMPLE[ 9910] lifetime[142 weeks], average[149.03]
[Tue Dec  2 12:54:24 2025] >> SAMPLE[ 9911] lifetime[167 weeks], average[149.03]
[Tue Dec  2 12:54:25 2025] >> SAMPLE[ 9912] lifetime[161 weeks], average[149.03]
[Tue Dec  2 12:54:25 2025] >> SAMPLE[ 9913] lifetime[147 weeks], average[149.03]
[Tue Dec  2 12:54:26 2025] >> SAMPLE[ 9914] lifetime[172 weeks], average[149.03]
[Tue Dec  2 12:54:27 2025] >> SAMPLE[ 9915] lifetime[134 weeks], average[149.03]
[Tue Dec  2 12:54:27 2025] >> SAMPLE[ 9916] lifetime[140 weeks], average[149.03]
[Tue Dec  2 12:54:28 2025] >> SAMPLE[ 9917] lifetime[134 weeks], average[149.03]
[Tue Dec  2 12:54:29 2025] >> SAMPLE[ 9918] lifetime[146 weeks], average[149.03]
[Tue Dec  2 12:54:29 2025] >> SAMPLE[ 9919] lifetime[165 weeks], average[149.03]
[Tue Dec  2 12:54:30 2025] >> SAMPLE[ 9920] lifetime[176 weeks], average[149.03]
[Tue Dec  2 12:54:31 2025] >> SAMPLE[ 9921] lifetime[210 weeks], average[149.04]
[Tue Dec  2 12:54:32 2025] >> SAMPLE[ 9922] lifetime[148 weeks], average[149.04]
[Tue Dec  2 12:54:33 2025] >> SAMPLE[ 9923] lifetime[183 weeks], average[149.04]
[Tue Dec  2 12:54:33 2025] >> SAMPLE[ 9924] lifetime[144 weeks], average[149.04]
[Tue Dec  2 12:54:34 2025] >> SAMPLE[ 9925] lifetime[144 weeks], average[149.04]
[Tue Dec  2 12:54:35 2025] >> SAMPLE[ 9926] lifetime[173 weeks], average[149.04]
[Tue Dec  2 12:54:36 2025] >> SAMPLE[ 9927] lifetime[140 weeks], average[149.04]
[Tue Dec  2 12:54:36 2025] >> SAMPLE[ 9928] lifetime[157 weeks], average[149.04]
[Tue Dec  2 12:54:37 2025] >> SAMPLE[ 9929] lifetime[166 weeks], average[149.04]
[Tue Dec  2 12:54:38 2025] >> SAMPLE[ 9930] lifetime[119 weeks], average[149.04]
[Tue Dec  2 12:54:38 2025] >> SAMPLE[ 9931] lifetime[179 weeks], average[149.04]
[Tue Dec  2 12:54:39 2025] >> SAMPLE[ 9932] lifetime[123 weeks], average[149.04]
[Tue Dec  2 12:54:40 2025] >> SAMPLE[ 9933] lifetime[164 weeks], average[149.04]
[Tue Dec  2 12:54:40 2025] >> SAMPLE[ 9934] lifetime[151 weeks], average[149.04]
[Tue Dec  2 12:54:41 2025] >> SAMPLE[ 9935] lifetime[148 weeks], average[149.04]
[Tue Dec  2 12:54:42 2025] >> SAMPLE[ 9936] lifetime[234 weeks], average[149.05]
[Tue Dec  2 12:54:43 2025] >> SAMPLE[ 9937] lifetime[148 weeks], average[149.05]
[Tue Dec  2 12:54:44 2025] >> SAMPLE[ 9938] lifetime[143 weeks], average[149.05]
[Tue Dec  2 12:54:44 2025] >> SAMPLE[ 9939] lifetime[172 weeks], average[149.05]
[Tue Dec  2 12:54:45 2025] >> SAMPLE[ 9940] lifetime[104 weeks], average[149.05]
[Tue Dec  2 12:54:45 2025] >> SAMPLE[ 9941] lifetime[139 weeks], average[149.05]
[Tue Dec  2 12:54:46 2025] >> SAMPLE[ 9942] lifetime[103 weeks], average[149.04]
[Tue Dec  2 12:54:47 2025] >> SAMPLE[ 9943] lifetime[208 weeks], average[149.05]
[Tue Dec  2 12:54:48 2025] >> SAMPLE[ 9944] lifetime[152 weeks], average[149.05]
[Tue Dec  2 12:54:48 2025] >> SAMPLE[ 9945] lifetime[162 weeks], average[149.05]
[Tue Dec  2 12:54:49 2025] >> SAMPLE[ 9946] lifetime[142 weeks], average[149.05]
[Tue Dec  2 12:54:50 2025] >> SAMPLE[ 9947] lifetime[146 weeks], average[149.05]
[Tue Dec  2 12:54:50 2025] >> SAMPLE[ 9948] lifetime[148 weeks], average[149.05]
[Tue Dec  2 12:54:51 2025] >> SAMPLE[ 9949] lifetime[121 weeks], average[149.05]
[Tue Dec  2 12:54:52 2025] >> SAMPLE[ 9950] lifetime[194 weeks], average[149.05]
[Tue Dec  2 12:54:52 2025] >> SAMPLE[ 9951] lifetime[151 weeks], average[149.05]
[Tue Dec  2 12:54:53 2025] >> SAMPLE[ 9952] lifetime[121 weeks], average[149.05]
[Tue Dec  2 12:54:54 2025] >> SAMPLE[ 9953] lifetime[132 weeks], average[149.05]
[Tue Dec  2 12:54:54 2025] >> SAMPLE[ 9954] lifetime[126 weeks], average[149.04]
[Tue Dec  2 12:54:55 2025] >> SAMPLE[ 9955] lifetime[163 weeks], average[149.05]
[Tue Dec  2 12:54:56 2025] >> SAMPLE[ 9956] lifetime[192 weeks], average[149.05]
[Tue Dec  2 12:54:56 2025] >> SAMPLE[ 9957] lifetime[111 weeks], average[149.05]
[Tue Dec  2 12:54:57 2025] >> SAMPLE[ 9958] lifetime[173 weeks], average[149.05]
[Tue Dec  2 12:54:58 2025] >> SAMPLE[ 9959] lifetime[141 weeks], average[149.05]
[Tue Dec  2 12:54:58 2025] >> SAMPLE[ 9960] lifetime[165 weeks], average[149.05]
[Tue Dec  2 12:54:59 2025] >> SAMPLE[ 9961] lifetime[139 weeks], average[149.05]
[Tue Dec  2 12:55:00 2025] >> SAMPLE[ 9962] lifetime[120 weeks], average[149.05]
[Tue Dec  2 12:55:00 2025] >> SAMPLE[ 9963] lifetime[163 weeks], average[149.05]
[Tue Dec  2 12:55:01 2025] >> SAMPLE[ 9964] lifetime[ 96 weeks], average[149.04]
[Tue Dec  2 12:55:01 2025] >> SAMPLE[ 9965] lifetime[144 weeks], average[149.04]
[Tue Dec  2 12:55:02 2025] >> SAMPLE[ 9966] lifetime[223 weeks], average[149.05]
[Tue Dec  2 12:55:03 2025] >> SAMPLE[ 9967] lifetime[115 weeks], average[149.05]
[Tue Dec  2 12:55:04 2025] >> SAMPLE[ 9968] lifetime[144 weeks], average[149.05]
[Tue Dec  2 12:55:04 2025] >> SAMPLE[ 9969] lifetime[108 weeks], average[149.04]
[Tue Dec  2 12:55:05 2025] >> SAMPLE[ 9970] lifetime[161 weeks], average[149.04]
[Tue Dec  2 12:55:06 2025] >> SAMPLE[ 9971] lifetime[162 weeks], average[149.04]
[Tue Dec  2 12:55:06 2025] >> SAMPLE[ 9972] lifetime[168 weeks], average[149.05]
[Tue Dec  2 12:55:07 2025] >> SAMPLE[ 9973] lifetime[140 weeks], average[149.04]
[Tue Dec  2 12:55:08 2025] >> SAMPLE[ 9974] lifetime[163 weeks], average[149.05]
[Tue Dec  2 12:55:09 2025] >> SAMPLE[ 9975] lifetime[152 weeks], average[149.05]
[Tue Dec  2 12:55:09 2025] >> SAMPLE[ 9976] lifetime[182 weeks], average[149.05]
[Tue Dec  2 12:55:10 2025] >> SAMPLE[ 9977] lifetime[ 88 weeks], average[149.04]
[Tue Dec  2 12:55:11 2025] >> SAMPLE[ 9978] lifetime[187 weeks], average[149.05]
[Tue Dec  2 12:55:11 2025] >> SAMPLE[ 9979] lifetime[139 weeks], average[149.05]
[Tue Dec  2 12:55:12 2025] >> SAMPLE[ 9980] lifetime[147 weeks], average[149.05]
[Tue Dec  2 12:55:13 2025] >> SAMPLE[ 9981] lifetime[175 weeks], average[149.05]
[Tue Dec  2 12:55:13 2025] >> SAMPLE[ 9982] lifetime[124 weeks], average[149.05]
[Tue Dec  2 12:55:14 2025] >> SAMPLE[ 9983] lifetime[118 weeks], average[149.04]
[Tue Dec  2 12:55:15 2025] >> SAMPLE[ 9984] lifetime[193 weeks], average[149.05]
[Tue Dec  2 12:55:15 2025] >> SAMPLE[ 9985] lifetime[141 weeks], average[149.05]
[Tue Dec  2 12:55:16 2025] >> SAMPLE[ 9986] lifetime[190 weeks], average[149.05]
[Tue Dec  2 12:55:17 2025] >> SAMPLE[ 9987] lifetime[134 weeks], average[149.05]
[Tue Dec  2 12:55:18 2025] >> SAMPLE[ 9988] lifetime[174 weeks], average[149.05]
[Tue Dec  2 12:55:19 2025] >> SAMPLE[ 9989] lifetime[168 weeks], average[149.05]
[Tue Dec  2 12:55:19 2025] >> SAMPLE[ 9990] lifetime[117 weeks], average[149.05]
[Tue Dec  2 12:55:20 2025] >> SAMPLE[ 9991] lifetime[192 weeks], average[149.05]
[Tue Dec  2 12:55:21 2025] >> SAMPLE[ 9992] lifetime[150 weeks], average[149.05]
[Tue Dec  2 12:55:22 2025] >> SAMPLE[ 9993] lifetime[146 weeks], average[149.05]
[Tue Dec  2 12:55:22 2025] >> SAMPLE[ 9994] lifetime[138 weeks], average[149.05]
[Tue Dec  2 12:55:23 2025] >> SAMPLE[ 9995] lifetime[191 weeks], average[149.06]
[Tue Dec  2 12:55:24 2025] >> SAMPLE[ 9996] lifetime[163 weeks], average[149.06]
[Tue Dec  2 12:55:24 2025] >> SAMPLE[ 9997] lifetime[141 weeks], average[149.06]
[Tue Dec  2 12:55:25 2025] >> SAMPLE[ 9998] lifetime[158 weeks], average[149.06]
[Tue Dec  2 12:55:26 2025] >> SAMPLE[ 9999] lifetime[104 weeks], average[149.05]
[Tue Dec  2 12:55:26 2025] >> final result [10000] samples, bias 1.0: 	 149.0545 weeks
[Tue Dec  2 12:55:26 2025] >> 

